strategy,selection,hold,capital,stop_pct,take_pct,trades_closed,open_position,skipped_missing_or_price_mismatch,blocked_nontradable_entries,nontrading_holding_days,invalid_holding_days,total_return_pct,cagr_pct,daily_close_mdd_pct,win_rate_pct,ending_equity,period,rule,eligible_signals,eligible_tickers,period_start,period_end,control_return_pct,control_mdd_pct,control_trades,return_delta_vs_control_pp,mdd_delta_vs_control_pp
A_baseline,ticker_ascending,5,300000,0.07,0.15,108,False,0,0,0,0,-29.714546461355674,-10.51694218478919,-54.50320375231479,44.44444444444444,210856.36061593296,development_2023_2024,control_all_signals,1189,103,2023-01-01,2024-12-31,-29.714546461355674,-54.50320375231479,108,0.0,0.0
A_baseline,factor_rank,5,300000,0.07,0.15,124,False,0,0,2,0,-53.76946109077632,-21.583957768367977,-72.56667602033622,36.29032258064516,138691.61672767106,development_2023_2024,control_all_signals,1189,103,2023-01-01,2024-12-31,-53.76946109077632,-72.56667602033622,124,0.0,0.0
A_baseline,ticker_ascending,5,500000,0.07,0.15,108,False,0,0,0,0,-28.580875632670377,-10.064580939925749,-55.56655889879865,43.51851851851852,357095.6218366481,development_2023_2024,control_all_signals,1189,103,2023-01-01,2024-12-31,-28.580875632670377,-55.56655889879865,108,0.0,0.0
A_baseline,factor_rank,5,500000,0.07,0.15,125,False,0,0,2,0,-68.78255660680482,-30.7111776235379,-77.80916185042761,34.4,156087.2169659759,development_2023_2024,control_all_signals,1189,103,2023-01-01,2024-12-31,-68.78255660680482,-77.80916185042761,125,0.0,0.0
A_baseline,ticker_ascending,5,1000000,0.07,0.15,108,False,0,0,0,0,-30.425836063351497,-10.803320144881411,-55.98238460133318,43.51851851851852,695741.6393664851,development_2023_2024,control_all_signals,1189,103,2023-01-01,2024-12-31,-30.425836063351497,-55.98238460133318,108,0.0,0.0
A_baseline,factor_rank,5,1000000,0.07,0.15,125,False,0,0,2,0,-68.61621293408471,-30.59503593636964,-77.86588747758707,34.4,313837.8706591529,development_2023_2024,control_all_signals,1189,103,2023-01-01,2024-12-31,-68.61621293408471,-77.86588747758707,125,0.0,0.0
A_baseline,ticker_ascending,5,3000000,0.07,0.15,108,False,0,0,0,0,-30.85933444241975,-10.97883901936434,-56.712582749462825,43.51851851851852,2074219.9667274074,development_2023_2024,control_all_signals,1189,103,2023-01-01,2024-12-31,-30.85933444241975,-56.712582749462825,108,0.0,0.0
A_baseline,factor_rank,5,3000000,0.07,0.15,125,False,0,0,2,0,-61.587941380497504,-26.03127518672742,-73.0949178301887,36.0,1152361.758585075,development_2023_2024,control_all_signals,1189,103,2023-01-01,2024-12-31,-61.587941380497504,-73.0949178301887,125,0.0,0.0
A_baseline,ticker_ascending,5,10000000,0.07,0.15,108,False,0,0,0,0,-31.543261652315945,-11.25729281641803,-56.990991829755444,43.51851851851852,6845673.834768405,development_2023_2024,control_all_signals,1189,103,2023-01-01,2024-12-31,-31.543261652315945,-56.990991829755444,108,0.0,0.0
A_baseline,factor_rank,5,10000000,0.07,0.15,124,False,0,0,2,0,-47.07807245792486,-18.171255734189305,-71.01570898586475,37.903225806451616,5292192.754207514,development_2023_2024,control_all_signals,1189,103,2023-01-01,2024-12-31,-47.07807245792486,-71.01570898586475,124,0.0,0.0
A_baseline,ticker_ascending,10,300000,0.07,0.15,64,False,0,0,0,0,-71.00663276612005,-32.30641300632276,-72.77744007259489,29.6875,86980.10170163985,development_2023_2024,control_all_signals,1189,103,2023-01-01,2024-12-31,-71.00663276612005,-72.77744007259489,64,0.0,0.0
A_baseline,factor_rank,10,300000,0.07,0.15,88,False,0,0,1,0,-60.81089278012606,-25.562946662574305,-70.57558359240008,32.95454545454545,117567.32165962181,development_2023_2024,control_all_signals,1189,103,2023-01-01,2024-12-31,-60.81089278012606,-70.57558359240008,88,0.0,0.0
A_baseline,ticker_ascending,10,500000,0.07,0.15,68,False,0,0,0,0,-74.83487780666265,-35.260939288913086,-79.84944792824666,30.88235294117647,125825.61096668673,development_2023_2024,control_all_signals,1189,103,2023-01-01,2024-12-31,-74.83487780666265,-79.84944792824666,68,0.0,0.0
A_baseline,factor_rank,10,500000,0.07,0.15,88,False,0,0,1,0,-64.52191571908719,-27.860457919900995,-73.53832790733156,31.818181818181817,177390.42140456405,development_2023_2024,control_all_signals,1189,103,2023-01-01,2024-12-31,-64.52191571908719,-73.53832790733156,88,0.0,0.0
A_baseline,ticker_ascending,10,1000000,0.07,0.15,69,False,0,0,0,0,-78.87629759522265,-38.735846912561314,-83.42342964256626,28.985507246376812,211237.02404777348,development_2023_2024,control_all_signals,1189,103,2023-01-01,2024-12-31,-78.87629759522265,-83.42342964256626,69,0.0,0.0
A_baseline,factor_rank,10,1000000,0.07,0.15,88,False,0,0,1,0,-64.33106442898882,-27.738385716253823,-73.47377225905882,31.818181818181817,356689.35571011173,development_2023_2024,control_all_signals,1189,103,2023-01-01,2024-12-31,-64.33106442898882,-73.47377225905882,88,0.0,0.0
A_baseline,ticker_ascending,10,3000000,0.07,0.15,69,False,0,0,0,0,-80.09929707521735,-39.87657187514253,-84.40424105386424,28.985507246376812,597021.0877434798,development_2023_2024,control_all_signals,1189,103,2023-01-01,2024-12-31,-80.09929707521735,-84.40424105386424,69,0.0,0.0
A_baseline,factor_rank,10,3000000,0.07,0.15,88,False,0,0,1,0,-59.98699780352299,-25.073279158196517,-70.32181517820885,32.95454545454545,1200390.0658943101,development_2023_2024,control_all_signals,1189,103,2023-01-01,2024-12-31,-59.98699780352299,-70.32181517820885,88,0.0,0.0
A_baseline,ticker_ascending,10,10000000,0.07,0.15,70,False,0,0,0,0,-59.53588637775429,-24.808089303124493,-82.66588732688831,31.428571428571427,4046411.362224572,development_2023_2024,control_all_signals,1189,103,2023-01-01,2024-12-31,-59.53588637775429,-82.66588732688831,70,0.0,0.0
A_baseline,factor_rank,10,10000000,0.07,0.15,86,False,0,0,1,0,-47.22678687070116,-18.243790872053435,-64.01316078542618,34.883720930232556,5277321.312929884,development_2023_2024,control_all_signals,1189,103,2023-01-01,2024-12-31,-47.22678687070116,-64.01316078542618,86,0.0,0.0
A_baseline,ticker_ascending,15,300000,0.07,0.15,50,False,0,0,0,0,192.39106804296767,40.231322102861846,-43.54534258963331,44.0,877173.204128903,development_2023_2024,control_all_signals,1189,103,2023-01-01,2024-12-31,192.39106804296767,-43.54534258963331,50,0.0,0.0
A_baseline,factor_rank,15,300000,0.07,0.15,77,False,0,0,0,0,-18.281243596186027,-6.164133509701597,-61.343573230879485,36.36363636363637,245156.26921144192,development_2023_2024,control_all_signals,1189,103,2023-01-01,2024-12-31,-18.281243596186027,-61.343573230879485,77,0.0,0.0
A_baseline,ticker_ascending,15,500000,0.07,0.15,50,False,0,0,0,0,200.41281914380144,41.43253483737479,-43.29288611306327,44.0,1502064.0957190073,development_2023_2024,control_all_signals,1189,103,2023-01-01,2024-12-31,200.41281914380144,-43.29288611306327,50,0.0,0.0
A_baseline,factor_rank,15,500000,0.07,0.15,76,False,0,0,0,0,-3.0872595525690216,-0.9833938434370526,-54.545256537359734,38.15789473684211,484563.7022371549,development_2023_2024,control_all_signals,1189,103,2023-01-01,2024-12-31,-3.0872595525690216,-54.545256537359734,76,0.0,0.0
A_baseline,ticker_ascending,15,1000000,0.07,0.15,50,False,0,0,0,0,206.56538573890688,42.33904423185941,-43.57813987609879,44.0,3065653.8573890687,development_2023_2024,control_all_signals,1189,103,2023-01-01,2024-12-31,206.56538573890688,-43.57813987609879,50,0.0,0.0
A_baseline,factor_rank,15,1000000,0.07,0.15,74,False,0,0,0,0,15.71180259221796,4.706341499214339,-45.863888664413274,39.189189189189186,1157118.0259221797,development_2023_2024,control_all_signals,1189,103,2023-01-01,2024-12-31,15.71180259221796,-45.863888664413274,74,0.0,0.0
A_baseline,ticker_ascending,15,3000000,0.07,0.15,50,False,0,0,0,0,204.29125574347552,42.005441657856245,-43.795682301643645,44.0,9128737.672304265,development_2023_2024,control_all_signals,1189,103,2023-01-01,2024-12-31,204.29125574347552,-43.795682301643645,50,0.0,0.0
A_baseline,factor_rank,15,3000000,0.07,0.15,74,False,0,0,0,0,19.316089584205965,5.723396711347295,-45.71017961141336,39.189189189189186,3579482.687526179,development_2023_2024,control_all_signals,1189,103,2023-01-01,2024-12-31,19.316089584205965,-45.71017961141336,74,0.0,0.0
A_baseline,ticker_ascending,15,10000000,0.07,0.15,50,False,0,0,0,0,203.96396052108113,41.95728880817473,-43.83986950895397,44.0,30396396.052108116,development_2023_2024,control_all_signals,1189,103,2023-01-01,2024-12-31,203.96396052108113,-43.83986950895397,50,0.0,0.0
A_baseline,factor_rank,15,10000000,0.07,0.15,74,False,0,0,0,0,20.29264499866772,5.995330062542048,-45.78767554288863,39.189189189189186,12029264.499866772,development_2023_2024,control_all_signals,1189,103,2023-01-01,2024-12-31,20.29264499866772,-45.78767554288863,74,0.0,0.0
A_baseline,ticker_ascending,20,300000,0.07,0.15,49,False,0,0,0,0,-5.0322472947677,-1.6140013091763938,-35.807791598380604,44.89795918367347,284903.2581156969,development_2023_2024,control_all_signals,1189,103,2023-01-01,2024-12-31,-5.0322472947677,-35.807791598380604,49,0.0,0.0
A_baseline,factor_rank,20,300000,0.07,0.15,57,False,0,0,0,0,-41.21311524188588,-15.415556857043322,-62.180811733361985,35.08771929824561,176360.65427434238,development_2023_2024,control_all_signals,1189,103,2023-01-01,2024-12-31,-41.21311524188588,-62.180811733361985,57,0.0,0.0
A_baseline,ticker_ascending,20,500000,0.07,0.15,49,False,0,0,0,0,-6.095064325391508,-1.9623338679827573,-36.07482689988779,44.89795918367347,469524.67837304244,development_2023_2024,control_all_signals,1189,103,2023-01-01,2024-12-31,-6.095064325391508,-36.07482689988779,49,0.0,0.0
A_baseline,factor_rank,20,500000,0.07,0.15,59,False,0,0,0,0,20.9707524874047,6.183268883219228,-59.32617988851649,40.67796610169492,604853.7624370235,development_2023_2024,control_all_signals,1189,103,2023-01-01,2024-12-31,20.9707524874047,-59.32617988851649,59,0.0,0.0
A_baseline,ticker_ascending,20,1000000,0.07,0.15,49,False,0,0,0,0,-6.942810864507254,-2.2421190246977196,-36.09767180121977,44.89795918367347,930571.8913549274,development_2023_2024,control_all_signals,1189,103,2023-01-01,2024-12-31,-6.942810864507254,-36.09767180121977,49,0.0,0.0
A_baseline,factor_rank,20,1000000,0.07,0.15,59,False,0,0,0,0,16.647296089030373,4.972379914035185,-59.547710609276386,40.67796610169492,1166472.9608903038,development_2023_2024,control_all_signals,1189,103,2023-01-01,2024-12-31,16.647296089030373,-59.547710609276386,59,0.0,0.0
A_baseline,ticker_ascending,20,3000000,0.07,0.15,49,False,0,0,0,0,-8.12140859232936,-2.634011693121552,-36.80354654212194,44.89795918367347,2756357.742230119,development_2023_2024,control_all_signals,1189,103,2023-01-01,2024-12-31,-8.12140859232936,-36.80354654212194,49,0.0,0.0
A_baseline,factor_rank,20,3000000,0.07,0.15,59,False,0,0,0,0,11.790223621514183,3.574798199558038,-59.98241594813815,40.67796610169492,3353706.7086454253,development_2023_2024,control_all_signals,1189,103,2023-01-01,2024-12-31,11.790223621514183,-59.98241594813815,59,0.0,0.0
A_baseline,ticker_ascending,20,10000000,0.07,0.15,49,False,0,0,0,0,-8.084112102265916,-2.621557736726643,-37.00520633451902,44.89795918367347,9191588.789773408,development_2023_2024,control_all_signals,1189,103,2023-01-01,2024-12-31,-8.084112102265916,-37.00520633451902,49,0.0,0.0
A_baseline,factor_rank,20,10000000,0.07,0.15,59,False,0,0,0,0,11.177828109757094,3.395652874883348,-59.95477644665594,40.67796610169492,11117782.81097571,development_2023_2024,control_all_signals,1189,103,2023-01-01,2024-12-31,11.177828109757094,-59.95477644665594,59,0.0,0.0
A_baseline,ticker_ascending,5,300000,0.07,0.15,104,False,0,0,0,0,-50.75297463716715,-20.006277526718407,-60.61426664813872,36.53846153846153,147741.07608849855,development_2023_2024,trend_ma_rising,875,99,2023-01-01,2024-12-31,-29.714546461355674,-54.50320375231479,108,-21.038428175811475,-6.1110628958239275
A_baseline,factor_rank,5,300000,0.07,0.15,114,False,0,0,1,0,-16.270853572570452,-5.442676769862686,-54.09006754513903,40.35087719298245,251187.43928228863,development_2023_2024,trend_ma_rising,875,99,2023-01-01,2024-12-31,-53.76946109077632,-72.56667602033622,124,37.498607518205866,18.47660847519719
A_baseline,ticker_ascending,5,500000,0.07,0.15,104,False,0,0,0,0,-51.55349304863025,-20.418362604534266,-60.4743482814093,36.53846153846153,242232.53475684876,development_2023_2024,trend_ma_rising,875,99,2023-01-01,2024-12-31,-28.580875632670377,-55.56655889879865,108,-22.972617415959874,-4.907789382610652
A_baseline,factor_rank,5,500000,0.07,0.15,114,False,0,0,1,0,-19.279617090041658,-6.526937918798548,-54.37978728339081,40.35087719298245,403601.9145497917,development_2023_2024,trend_ma_rising,875,99,2023-01-01,2024-12-31,-68.78255660680482,-77.80916185042761,125,49.50293951676316,23.429374567036803
A_baseline,ticker_ascending,5,1000000,0.07,0.15,105,False,0,0,0,0,-42.47965357714715,-15.994140914596134,-60.69618044813643,37.142857142857146,575203.4642285286,development_2023_2024,trend_ma_rising,875,99,2023-01-01,2024-12-31,-30.425836063351497,-55.98238460133318,108,-12.05381751379565,-4.713795846803251
A_baseline,factor_rank,5,1000000,0.07,0.15,115,False,0,0,1,0,6.530104300180306,2.0135126649119206,-54.78916450286464,41.73913043478261,1065301.043001803,development_2023_2024,trend_ma_rising,875,99,2023-01-01,2024-12-31,-68.61621293408471,-77.86588747758707,125,75.14631723426503,23.07672297472243
A_baseline,ticker_ascending,5,3000000,0.07,0.15,105,False,0,0,0,0,-32.44493177467894,-11.627325315590209,-61.29856180240283,38.095238095238095,2026652.0467596317,development_2023_2024,trend_ma_rising,875,99,2023-01-01,2024-12-31,-30.85933444241975,-56.712582749462825,108,-1.5855973322591908,-4.585979052940004
A_baseline,factor_rank,5,3000000,0.07,0.15,115,False,0,0,1,0,9.020583609914645,2.759153536798098,-54.892697501412215,41.73913043478261,3270617.5082974397,development_2023_2024,trend_ma_rising,875,99,2023-01-01,2024-12-31,-61.587941380497504,-73.0949178301887,125,70.60852499041215,18.20222032877649
A_baseline,ticker_ascending,5,10000000,0.07,0.15,105,False,0,0,0,0,-29.689922958672177,-10.50706393755345,-61.28448609479713,38.095238095238095,7031007.704132782,development_2023_2024,trend_ma_rising,875,99,2023-01-01,2024-12-31,-31.543261652315945,-56.990991829755444,108,1.8533386936437672,-4.293494265041687
A_baseline,factor_rank,5,10000000,0.07,0.15,115,False,0,0,1,0,12.560168202494593,3.7990805038429,-54.95570900753006,41.73913043478261,11256016.820249459,development_2023_2024,trend_ma_rising,875,99,2023-01-01,2024-12-31,-47.07807245792486,-71.01570898586475,124,59.638240660419456,16.059999978334687
A_baseline,ticker_ascending,10,300000,0.07,0.15,61,False,0,0,0,0,-68.87442967073949,-30.775505469409104,-69.94112895499481,29.508196721311474,93376.71098778155,development_2023_2024,trend_ma_rising,875,99,2023-01-01,2024-12-31,-71.00663276612005,-72.77744007259489,64,2.132203095380561,2.8363111176000757
A_baseline,factor_rank,10,300000,0.07,0.15,76,False,0,0,1,0,-75.35781321301599,-35.68794912741119,-79.17306088014374,32.89473684210527,73926.56036095203,development_2023_2024,trend_ma_rising,875,99,2023-01-01,2024-12-31,-60.81089278012606,-70.57558359240008,88,-14.546920432889927,-8.597477287743658
A_baseline,ticker_ascending,10,500000,0.07,0.15,63,False,0,0,0,0,-67.57714517962754,-29.878934434032235,-68.76874979587512,30.158730158730158,162114.27410186228,development_2023_2024,trend_ma_rising,875,99,2023-01-01,2024-12-31,-74.83487780666265,-79.84944792824666,68,7.257732627035111,11.080698132371538
A_baseline,factor_rank,10,500000,0.07,0.15,76,False,0,0,1,0,-76.98570645104718,-37.05830551948165,-80.58873696013835,32.89473684210527,115071.46774476412,development_2023_2024,trend_ma_rising,875,99,2023-01-01,2024-12-31,-64.52191571908719,-73.53832790733156,88,-12.463790731959989,-7.050409052806785
A_baseline,ticker_ascending,10,1000000,0.07,0.15,63,False,0,0,0,0,-68.41847027540082,-30.4575185474095,-69.6752225191807,30.158730158730158,315815.2972459918,development_2023_2024,trend_ma_rising,875,99,2023-01-01,2024-12-31,-78.87629759522265,-83.42342964256626,69,10.457827319821831,13.748207123385555
A_baseline,factor_rank,10,1000000,0.07,0.15,76,False,0,0,1,0,-76.97437394580994,-37.048539889059306,-80.52857447353524,32.89473684210527,230256.2605419006,development_2023_2024,trend_ma_rising,875,99,2023-01-01,2024-12-31,-64.33106442898882,-73.47377225905882,88,-12.64330951682112,-7.054802214476425
A_baseline,ticker_ascending,10,3000000,0.07,0.15,63,False,0,0,0,0,-64.18038705746386,-27.64232514906556,-65.63832484162089,31.746031746031743,1074588.388276084,development_2023_2024,trend_ma_rising,875,99,2023-01-01,2024-12-31,-80.09929707521735,-84.40424105386424,69,15.91891001775349,18.765916212243354
A_baseline,factor_rank,10,3000000,0.07,0.15,76,False,0,0,1,0,-73.43981982815384,-34.1507547643134,-77.57867550475656,34.21052631578947,796805.4051553847,development_2023_2024,trend_ma_rising,875,99,2023-01-01,2024-12-31,-59.98699780352299,-70.32181517820885,88,-13.452822024630855,-7.256860326547709
A_baseline,ticker_ascending,10,10000000,0.07,0.15,63,False,0,0,0,0,-61.96824515925403,-26.262852533644022,-63.53577675143526,31.746031746031743,3803175.4840745963,development_2023_2024,trend_ma_rising,875,99,2023-01-01,2024-12-31,-59.53588637775429,-82.66588732688831,70,-2.432358781499744,19.130110575453052
A_baseline,factor_rank,10,10000000,0.07,0.15,76,False,0,0,1,0,-72.75188656125057,-33.617960659284826,-76.99377079584043,34.21052631578947,2724811.3438749425,development_2023_2024,trend_ma_rising,875,99,2023-01-01,2024-12-31,-47.22678687070116,-64.01316078542618,86,-25.52509969054941,-12.980610010414253
A_baseline,ticker_ascending,15,300000,0.07,0.15,52,False,0,0,0,0,-60.36626222608468,-25.297822057293008,-66.9787723591542,32.69230769230769,118901.21332174599,development_2023_2024,trend_ma_rising,875,99,2023-01-01,2024-12-31,192.39106804296767,-43.54534258963331,50,-252.75733026905235,-23.4334297695209
A_baseline,factor_rank,15,300000,0.07,0.15,69,False,0,0,0,0,-43.14671673088001,-16.3023847023107,-71.60358570159914,34.78260869565217,170559.84980735998,development_2023_2024,trend_ma_rising,875,99,2023-01-01,2024-12-31,-18.281243596186027,-61.343573230879485,77,-24.865473134693982,-10.260012470719658
A_baseline,ticker_ascending,15,500000,0.07,0.15,52,False,0,0,0,0,-60.29919809433799,-25.258010070336624,-67.33317061252428,32.69230769230769,198504.00952831007,development_2023_2024,trend_ma_rising,875,99,2023-01-01,2024-12-31,200.41281914380144,-43.29288611306327,50,-260.7120172381394,-24.040284499461016
A_baseline,factor_rank,15,500000,0.07,0.15,69,False,0,0,0,0,-44.667290017697105,-17.014403278405375,-73.27728888173371,34.78260869565217,276663.5499115145,development_2023_2024,trend_ma_rising,875,99,2023-01-01,2024-12-31,-3.0872595525690216,-54.545256537359734,76,-41.58003046512808,-18.732032344373977
A_baseline,ticker_ascending,15,1000000,0.07,0.15,52,False,0,0,0,0,-61.90924249825667,-26.226820582687992,-68.70190887813136,32.69230769230769,380907.5750174334,development_2023_2024,trend_ma_rising,875,99,2023-01-01,2024-12-31,206.56538573890688,-43.57813987609879,50,-268.47462823716353,-25.123769002032574
A_baseline,factor_rank,15,1000000,0.07,0.15,69,False,0,0,0,0,-46.123725080302016,-17.70906588903656,-73.55009206370173,34.78260869565217,538762.7491969799,development_2023_2024,trend_ma_rising,875,99,2023-01-01,2024-12-31,15.71180259221796,-45.863888664413274,74,-61.83552767251997,-27.686203399288452
A_baseline,ticker_ascending,15,3000000,0.07,0.15,52,False,0,0,0,0,-63.14046933511356,-26.986783761933065,-69.71593387529099,32.69230769230769,1105785.9199465932,development_2023_2024,trend_ma_rising,875,99,2023-01-01,2024-12-31,204.29125574347552,-43.795682301643645,50,-267.43172507858907,-25.92025157364734
A_baseline,factor_rank,15,3000000,0.07,0.15,70,False,0,0,0,0,-51.923275209949985,-20.610292070128857,-75.98574627666783,34.285714285714285,1442301.7437015006,development_2023_2024,trend_ma_rising,875,99,2023-01-01,2024-12-31,19.316089584205965,-45.71017961141336,74,-71.23936479415595,-30.275566665254466
A_baseline,ticker_ascending,15,10000000,0.07,0.15,52,False,0,0,0,0,-63.58696108551132,-27.26667024089461,-70.13303388229566,32.69230769230769,3641303.8914488675,development_2023_2024,trend_ma_rising,875,99,2023-01-01,2024-12-31,203.96396052108113,-43.83986950895397,50,-267.55092160659245,-26.293164373341696
A_baseline,factor_rank,15,10000000,0.07,0.15,70,False,0,0,0,0,-52.0797811051923,-20.69182847409633,-75.9870016465099,34.285714285714285,4792021.88948077,development_2023_2024,trend_ma_rising,875,99,2023-01-01,2024-12-31,20.29264499866772,-45.78767554288863,74,-72.37242610386002,-30.199326103621267
A_baseline,ticker_ascending,20,300000,0.07,0.15,43,False,0,0,0,0,-34.976902156916836,-12.68483092308279,-48.80571961895761,39.53488372093023,195069.2935292495,development_2023_2024,trend_ma_rising,875,99,2023-01-01,2024-12-31,-5.0322472947677,-35.807791598380604,49,-29.944654862149136,-12.997928020577007
A_baseline,factor_rank,20,300000,0.07,0.15,63,False,0,0,0,0,71.24086643270418,18.473056641930974,-51.58189393179655,39.682539682539684,513722.5992981125,development_2023_2024,trend_ma_rising,875,99,2023-01-01,2024-12-31,-41.21311524188588,-62.180811733361985,57,112.45398167459007,10.598917801565435
A_baseline,ticker_ascending,20,500000,0.07,0.15,43,False,0,0,0,0,-31.995287363807144,-11.442377685327754,-48.47067208287873,39.53488372093023,340023.56318096427,development_2023_2024,trend_ma_rising,875,99,2023-01-01,2024-12-31,-6.095064325391508,-36.07482689988779,49,-25.900223038415636,-12.39584518299094
A_baseline,factor_rank,20,500000,0.07,0.15,63,False,0,0,0,0,72.37198156967821,18.719119453031862,-52.356675323497136,39.682539682539684,861859.9078483911,development_2023_2024,trend_ma_rising,875,99,2023-01-01,2024-12-31,20.9707524874047,-59.32617988851649,59,51.40122908227352,6.969504565019356
A_baseline,ticker_ascending,20,1000000,0.07,0.15,43,False,0,0,0,0,-33.437639967862296,-12.038651576422232,-48.88357630427799,39.53488372093023,665623.600321377,development_2023_2024,trend_ma_rising,875,99,2023-01-01,2024-12-31,-6.942810864507254,-36.09767180121977,49,-26.49482910335504,-12.78590450305822
A_baseline,factor_rank,20,1000000,0.07,0.15,62,False,0,0,0,0,1.7442078297997599,0.5464225468455819,-56.03797021852943,37.096774193548384,1017442.0782979977,development_2023_2024,trend_ma_rising,875,99,2023-01-01,2024-12-31,16.647296089030373,-59.547710609276386,59,-14.903088259230614,3.5097403907469555
A_baseline,ticker_ascending,20,3000000,0.07,0.15,43,False,0,0,0,0,-34.0212137002878,-12.282418068599831,-48.98018149580228,39.53488372093023,1979363.588991366,development_2023_2024,trend_ma_rising,875,99,2023-01-01,2024-12-31,-8.12140859232936,-36.80354654212194,49,-25.899805107958443,-12.176634953680335
A_baseline,factor_rank,20,3000000,0.07,0.15,62,False,0,0,0,0,4.651791339887268,1.4432165233038363,-53.81632534228512,37.096774193548384,3139553.7401966183,development_2023_2024,trend_ma_rising,875,99,2023-01-01,2024-12-31,11.790223621514183,-59.98241594813815,59,-7.1384322816269155,6.166090605853029
A_baseline,ticker_ascending,20,10000000,0.07,0.15,43,False,0,0,0,0,-33.614766149241284,-12.112484295987613,-49.067765174390644,39.53488372093023,6638523.385075872,development_2023_2024,trend_ma_rising,875,99,2023-01-01,2024-12-31,-8.084112102265916,-37.00520633451902,49,-25.530654046975368,-12.06255883987162
A_baseline,factor_rank,20,10000000,0.07,0.15,62,False,0,0,0,0,4.221160135758351,1.3114814063573732,-53.69046244611124,37.096774193548384,10422116.013575835,development_2023_2024,trend_ma_rising,875,99,2023-01-01,2024-12-31,11.177828109757094,-59.95477644665594,59,-6.956667973998743,6.264314000544701
A_baseline,ticker_ascending,5,300000,0.07,0.15,94,False,0,0,0,0,-0.683513945223857,-0.21591030890615315,-51.33878936962657,39.361702127659576,297949.4581643284,development_2023_2024,pullback_trend,505,93,2023-01-01,2024-12-31,-29.714546461355674,-54.50320375231479,108,29.031032516131816,3.1644143826882214
A_baseline,factor_rank,5,300000,0.07,0.15,94,False,0,0,0,0,76.29470621233597,19.563997320162695,-52.49615684155662,46.808510638297875,528884.1186370079,development_2023_2024,pullback_trend,505,93,2023-01-01,2024-12-31,-53.76946109077632,-72.56667602033622,124,130.0641673031123,20.0705191787796
A_baseline,ticker_ascending,5,500000,0.07,0.15,94,False,0,0,0,0,10.872322029775795,3.306029801237953,-47.74211048654548,40.42553191489361,554361.610148879,development_2023_2024,pullback_trend,505,93,2023-01-01,2024-12-31,-28.580875632670377,-55.56655889879865,108,39.45319766244617,7.824448412253169
A_baseline,factor_rank,5,500000,0.07,0.15,95,False,0,0,0,0,97.97979307160311,24.016023246480135,-52.15288233549642,47.368421052631575,989898.9653580156,development_2023_2024,pullback_trend,505,93,2023-01-01,2024-12-31,-68.78255660680482,-77.80916185042761,125,166.76234967840793,25.656279514931192
A_baseline,ticker_ascending,5,1000000,0.07,0.15,95,False,0,0,0,0,15.876233623412329,4.75320931157579,-50.63689277773334,41.05263157894737,1158762.3362341232,development_2023_2024,pullback_trend,505,93,2023-01-01,2024-12-31,-30.425836063351497,-55.98238460133318,108,46.30206968676383,5.345491823599843
A_baseline,factor_rank,5,1000000,0.07,0.15,95,False,0,0,0,0,96.84988952953523,23.792534462819948,-53.298401525354876,47.368421052631575,1968498.8952953524,development_2023_2024,pullback_trend,505,93,2023-01-01,2024-12-31,-68.61621293408471,-77.86588747758707,125,165.46610246361996,24.56748595223219
A_baseline,ticker_ascending,5,3000000,0.07,0.15,95,False,0,0,0,0,20.715470838201956,6.112601960001696,-51.77404318914179,41.05263157894737,3621464.125146059,development_2023_2024,pullback_trend,505,93,2023-01-01,2024-12-31,-30.85933444241975,-56.712582749462825,108,51.5748052806217,4.938539560321033
A_baseline,factor_rank,5,3000000,0.07,0.15,95,False,0,0,0,0,93.17397011085478,23.059322442241935,-54.29435242771379,47.368421052631575,5795219.103325644,development_2023_2024,pullback_trend,505,93,2023-01-01,2024-12-31,-61.587941380497504,-73.0949178301887,125,154.7619114913523,18.800565402474916
A_baseline,ticker_ascending,5,10000000,0.07,0.15,95,False,0,0,0,0,20.472543972938407,6.045259981135054,-52.16801583848005,41.05263157894737,12047254.397293841,development_2023_2024,pullback_trend,505,93,2023-01-01,2024-12-31,-31.543261652315945,-56.990991829755444,108,52.01580562525435,4.822975991275392
A_baseline,factor_rank,5,10000000,0.07,0.15,95,False,0,0,0,0,93.07236554206612,23.03892084470187,-54.387782541877925,47.368421052631575,19307236.554206613,development_2023_2024,pullback_trend,505,93,2023-01-01,2024-12-31,-47.07807245792486,-71.01570898586475,124,140.15043799999097,16.627926443986823
A_baseline,ticker_ascending,10,300000,0.07,0.15,56,False,0,0,0,0,-3.054438744880239,-0.9728273020725653,-33.00184413721119,39.285714285714285,290836.6837653593,development_2023_2024,pullback_trend,505,93,2023-01-01,2024-12-31,-71.00663276612005,-72.77744007259489,64,67.9521940212398,39.7755959353837
A_baseline,factor_rank,10,300000,0.07,0.15,60,False,0,0,0,0,12.639087082201272,3.822009879725763,-25.181694186537563,43.333333333333336,337917.2612466038,development_2023_2024,pullback_trend,505,93,2023-01-01,2024-12-31,-60.81089278012606,-70.57558359240008,88,73.44997986232733,45.39388940586252
A_baseline,ticker_ascending,10,500000,0.07,0.15,56,False,0,0,0,0,-3.3945538283584598,-1.0824452293337616,-32.98072790720358,39.285714285714285,483027.2308582077,development_2023_2024,pullback_trend,505,93,2023-01-01,2024-12-31,-74.83487780666265,-79.84944792824666,68,71.44032397830419,46.86872002104308
A_baseline,factor_rank,10,500000,0.07,0.15,60,False,0,0,0,0,11.86582717150555,3.5968680148699805,-26.98516184087142,43.333333333333336,559329.1358575277,development_2023_2024,pullback_trend,505,93,2023-01-01,2024-12-31,-64.52191571908719,-73.53832790733156,88,76.38774289059273,46.55316606646014
A_baseline,ticker_ascending,10,1000000,0.07,0.15,56,False,0,0,0,0,-6.738311507188444,-2.1744680506337932,-35.2305772624768,39.285714285714285,932616.8849281155,development_2023_2024,pullback_trend,505,93,2023-01-01,2024-12-31,-78.87629759522265,-83.42342964256626,69,72.13798608803421,48.19285238008946
A_baseline,factor_rank,10,1000000,0.07,0.15,60,False,0,0,0,0,10.493076051751892,3.1945388373207706,-27.18850842908894,43.333333333333336,1104930.760517519,development_2023_2024,pullback_trend,505,93,2023-01-01,2024-12-31,-64.33106442898882,-73.47377225905882,88,74.82414048074071,46.28526382996988
A_baseline,ticker_ascending,10,3000000,0.07,0.15,56,False,0,0,0,0,-8.844157271499153,-2.8760368416835935,-36.78262216854754,39.285714285714285,2734675.2818550253,development_2023_2024,pullback_trend,505,93,2023-01-01,2024-12-31,-80.09929707521735,-84.40424105386424,69,71.2551398037182,47.6216188853167
A_baseline,factor_rank,10,3000000,0.07,0.15,60,False,0,0,0,0,9.521425849195309,2.9076916066413716,-27.586515118913425,43.333333333333336,3285642.775475859,development_2023_2024,pullback_trend,505,93,2023-01-01,2024-12-31,-59.98699780352299,-70.32181517820885,88,69.50842365271829,42.735300059295426
A_baseline,ticker_ascending,10,10000000,0.07,0.15,56,False,0,0,0,0,-9.411373426265879,-3.0669012270940432,-37.030649034429075,39.285714285714285,9058862.657373412,development_2023_2024,pullback_trend,505,93,2023-01-01,2024-12-31,-59.53588637775429,-82.66588732688831,70,50.12451295148841,45.635238292459235
A_baseline,factor_rank,10,10000000,0.07,0.15,60,False,0,0,0,0,9.175758710881388,2.80522471131619,-27.91764492312471,43.333333333333336,10917575.871088138,development_2023_2024,pullback_trend,505,93,2023-01-01,2024-12-31,-47.22678687070116,-64.01316078542618,86,56.40254558158255,36.09551586230147
A_baseline,ticker_ascending,15,300000,0.07,0.15,50,False,0,0,0,0,0.6128859777324358,0.19274236963680025,-48.51572555452185,44.0,301838.65793319733,development_2023_2024,pullback_trend,505,93,2023-01-01,2024-12-31,192.39106804296767,-43.54534258963331,50,-191.77818206523523,-4.970382964888543
A_baseline,factor_rank,15,300000,0.07,0.15,49,False,0,0,0,0,-3.062892864238742,-0.9755488412049429,-45.28944294105561,38.775510204081634,290811.3214072838,development_2023_2024,pullback_trend,505,93,2023-01-01,2024-12-31,-18.281243596186027,-61.343573230879485,77,15.218350731947284,16.054130289823874
A_baseline,ticker_ascending,15,500000,0.07,0.15,50,False,0,0,0,0,-16.68498249227032,-5.590314660077523,-57.23170318229387,42.0,416575.0875386484,development_2023_2024,pullback_trend,505,93,2023-01-01,2024-12-31,200.41281914380144,-43.29288611306327,50,-217.09780163607175,-13.938817069230602
A_baseline,factor_rank,15,500000,0.07,0.15,49,False,0,0,0,0,-3.81844963824417,-1.2194360104423985,-46.13852721600683,38.775510204081634,480907.75180877914,development_2023_2024,pullback_trend,505,93,2023-01-01,2024-12-31,-3.0872595525690216,-54.545256537359734,76,-0.7311900856751485,8.406729321352906
A_baseline,ticker_ascending,15,1000000,0.07,0.15,50,False,0,0,0,0,-17.133794925525116,-5.750885890723767,-57.46251951481778,42.0,828662.0507447489,development_2023_2024,pullback_trend,505,93,2023-01-01,2024-12-31,206.56538573890688,-43.57813987609879,50,-223.699180664432,-13.88437963871899
A_baseline,factor_rank,15,1000000,0.07,0.15,49,False,0,0,0,0,-4.946064775590953,-1.5858727037701525,-46.629236998329624,38.775510204081634,950539.3522440905,development_2023_2024,pullback_trend,505,93,2023-01-01,2024-12-31,15.71180259221796,-45.863888664413274,74,-20.65786736780891,-0.76534833391635
A_baseline,ticker_ascending,15,3000000,0.07,0.15,50,False,0,0,0,0,-20.20327060361675,-6.865336453751148,-58.45328938721639,42.0,2393901.8818914974,development_2023_2024,pullback_trend,505,93,2023-01-01,2024-12-31,204.29125574347552,-43.795682301643645,50,-224.49452634709226,-14.657607085572742
A_baseline,factor_rank,15,3000000,0.07,0.15,49,False,0,0,0,0,-6.011785183746232,-1.9349423732604065,-46.84626013610059,38.775510204081634,2819646.444487613,development_2023_2024,pullback_trend,505,93,2023-01-01,2024-12-31,19.316089584205965,-45.71017961141336,74,-25.327874767952196,-1.1360805246872303
A_baseline,ticker_ascending,15,10000000,0.07,0.15,50,False,0,0,0,0,-20.85642319636599,-7.10625424499407,-58.79806516733163,42.0,7914357.680363401,development_2023_2024,pullback_trend,505,93,2023-01-01,2024-12-31,203.96396052108113,-43.83986950895397,50,-224.82038371744713,-14.958195658377662
A_baseline,factor_rank,15,10000000,0.07,0.15,49,False,0,0,0,0,-5.928941809594224,-1.9077106942595456,-46.78784544694905,38.775510204081634,9407105.819040578,development_2023_2024,pullback_trend,505,93,2023-01-01,2024-12-31,20.29264499866772,-45.78767554288863,74,-26.221586808261943,-1.0001699040604208
A_baseline,ticker_ascending,20,300000,0.07,0.15,43,False,0,0,0,0,-31.05272210874146,-11.057382776640123,-60.56032664083855,34.883720930232556,206841.83367377563,development_2023_2024,pullback_trend,505,93,2023-01-01,2024-12-31,-5.0322472947677,-35.807791598380604,49,-26.02047481397376,-24.752535042457943
A_baseline,factor_rank,20,300000,0.07,0.15,43,False,0,0,0,0,-20.336313371041403,-6.914299950654279,-47.66869227122299,34.883720930232556,238991.0598868758,development_2023_2024,pullback_trend,505,93,2023-01-01,2024-12-31,-41.21311524188588,-62.180811733361985,57,20.876801870844478,14.512119462138998
A_baseline,ticker_ascending,20,500000,0.07,0.15,43,False,0,0,0,0,-29.094038329281624,-10.268731073925451,-59.94956112787162,34.883720930232556,354529.8083535919,development_2023_2024,pullback_trend,505,93,2023-01-01,2024-12-31,-6.095064325391508,-36.07482689988779,49,-22.998974003890115,-23.87473422798383
A_baseline,factor_rank,20,500000,0.07,0.15,43,False,0,0,0,0,-24.286850178277863,-8.39445512388215,-49.70669670849204,34.883720930232556,378565.7491086107,development_2023_2024,pullback_trend,505,93,2023-01-01,2024-12-31,20.9707524874047,-59.32617988851649,59,-45.25760266568256,9.619483180024453
A_baseline,ticker_ascending,20,1000000,0.07,0.15,43,False,0,0,0,0,-31.8554890363003,-11.385046590987812,-61.02395632393133,34.883720930232556,681445.109636997,development_2023_2024,pullback_trend,505,93,2023-01-01,2024-12-31,-6.942810864507254,-36.09767180121977,49,-24.912678171793043,-24.926284522711562
A_baseline,factor_rank,20,1000000,0.07,0.15,43,False,0,0,0,0,-29.325604105426393,-10.361185672300987,-52.828687552458696,34.883720930232556,706743.958945736,development_2023_2024,pullback_trend,505,93,2023-01-01,2024-12-31,16.647296089030373,-59.547710609276386,59,-45.97290019445677,6.71902305681769
A_baseline,ticker_ascending,20,3000000,0.07,0.15,43,False,0,0,0,0,-33.11045137265053,-11.902620385614826,-61.700635460905026,34.883720930232556,2006686.458820484,development_2023_2024,pullback_trend,505,93,2023-01-01,2024-12-31,-8.12140859232936,-36.80354654212194,49,-24.98904278032117,-24.897088918783083
A_baseline,factor_rank,20,3000000,0.07,0.15,43,False,0,0,0,0,-30.421485726989005,-10.80156254093021,-52.75687060287515,34.883720930232556,2087355.4281903298,development_2023_2024,pullback_trend,505,93,2023-01-01,2024-12-31,11.790223621514183,-59.98241594813815,59,-42.21170934850319,7.225545345262994
A_baseline,ticker_ascending,20,10000000,0.07,0.15,43,False,0,0,0,0,-33.47135978830123,-12.052696861574185,-61.87076814253884,34.883720930232556,6652864.021169878,development_2023_2024,pullback_trend,505,93,2023-01-01,2024-12-31,-8.084112102265916,-37.00520633451902,49,-25.387247686035312,-24.86556180801982
A_baseline,factor_rank,20,10000000,0.07,0.15,43,False,0,0,0,0,-31.41449170169516,-11.204720361885045,-53.30895495790509,34.883720930232556,6858550.829830484,development_2023_2024,pullback_trend,505,93,2023-01-01,2024-12-31,11.177828109757094,-59.95477644665594,59,-42.592319811452256,6.645821488750855
A_baseline,ticker_ascending,5,300000,0.07,0.15,99,False,0,0,1,0,-22.86472305851731,-7.855661317936202,-61.664177713874736,35.35353535353536,231405.83082444806,development_2023_2024,breakout_trend,370,82,2023-01-01,2024-12-31,-29.714546461355674,-54.50320375231479,108,6.849823402838364,-7.160973961559947
A_baseline,factor_rank,5,300000,0.07,0.15,103,False,0,0,1,0,-40.90584508371741,-15.276477878812166,-77.16412571144895,32.038834951456316,177282.46474884776,development_2023_2024,breakout_trend,370,82,2023-01-01,2024-12-31,-53.76946109077632,-72.56667602033622,124,12.863616007058909,-4.597449691112729
A_baseline,ticker_ascending,5,500000,0.07,0.15,99,False,0,0,1,0,-21.9694206331734,-7.519943947567331,-61.24980268314357,35.35353535353536,390152.896834133,development_2023_2024,breakout_trend,370,82,2023-01-01,2024-12-31,-28.580875632670377,-55.56655889879865,108,6.611454999496978,-5.683243784344924
A_baseline,factor_rank,5,500000,0.07,0.15,103,False,0,0,1,0,-40.879723437879754,-15.264677360711731,-77.15159222411285,32.038834951456316,295601.3828106012,development_2023_2024,breakout_trend,370,82,2023-01-01,2024-12-31,-68.78255660680482,-77.80916185042761,125,27.902833168925063,0.6575696263147677
A_baseline,ticker_ascending,5,1000000,0.07,0.15,99,False,0,0,1,0,-25.592776189365186,-8.895363553367929,-62.905805460468265,35.35353535353536,744072.2381063482,development_2023_2024,breakout_trend,370,82,2023-01-01,2024-12-31,-30.425836063351497,-55.98238460133318,108,4.833059873986311,-6.923420859135085
A_baseline,factor_rank,5,1000000,0.07,0.15,103,False,0,0,1,0,-42.51695604787591,-16.011313233253176,-77.79044967932208,32.038834951456316,574830.4395212409,development_2023_2024,breakout_trend,370,82,2023-01-01,2024-12-31,-68.61621293408471,-77.86588747758707,125,26.099256886208806,0.07543779826498564
A_baseline,ticker_ascending,5,3000000,0.07,0.15,97,False,0,0,0,0,-44.81087753247229,-17.082328419985405,-72.496610718097,35.051546391752574,1655673.674025831,development_2023_2024,breakout_trend,370,82,2023-01-01,2024-12-31,-30.85933444241975,-56.712582749462825,108,-13.951543090052539,-15.784027968634177
A_baseline,factor_rank,5,3000000,0.07,0.15,101,False,0,0,0,0,-48.03692410518985,-18.641411916311068,-79.96417116722003,33.663366336633665,1558892.2768443045,development_2023_2024,breakout_trend,370,82,2023-01-01,2024-12-31,-61.587941380497504,-73.0949178301887,125,13.551017275307657,-6.869253337031324
A_baseline,ticker_ascending,5,10000000,0.07,0.15,97,False,0,0,0,0,-43.15058615092576,-16.304179933239237,-71.69177439853786,35.051546391752574,5684941.3849074235,development_2023_2024,breakout_trend,370,82,2023-01-01,2024-12-31,-31.543261652315945,-56.990991829755444,108,-11.607324498609817,-14.700782568782415
A_baseline,factor_rank,5,10000000,0.07,0.15,101,False,0,0,0,0,-48.6590000921025,-18.949622464352988,-80.17564513597841,33.663366336633665,5134099.99078975,development_2023_2024,breakout_trend,370,82,2023-01-01,2024-12-31,-47.07807245792486,-71.01570898586475,124,-1.580927634177641,-9.159936150113666
A_baseline,ticker_ascending,10,300000,0.07,0.15,73,False,0,0,1,0,-13.13684081354818,-4.341291560862137,-64.01445890933132,35.61643835616438,260589.47755935547,development_2023_2024,breakout_trend,370,82,2023-01-01,2024-12-31,-71.00663276612005,-72.77744007259489,64,57.86979195257187,8.76298116326356
A_baseline,factor_rank,10,300000,0.07,0.15,78,False,0,0,1,0,-24.93341645814602,-8.641709804338094,-71.39655169944983,33.33333333333333,225199.75062556195,development_2023_2024,breakout_trend,370,82,2023-01-01,2024-12-31,-60.81089278012606,-70.57558359240008,88,35.87747632198004,-0.820968107049751
A_baseline,ticker_ascending,10,500000,0.07,0.15,73,False,0,0,1,0,-15.412964487913683,-5.138421042522035,-65.07452169197737,35.61643835616438,422935.1775604316,development_2023_2024,breakout_trend,370,82,2023-01-01,2024-12-31,-74.83487780666265,-79.84944792824666,68,59.42191331874896,14.774926236269295
A_baseline,factor_rank,10,500000,0.07,0.15,78,False,0,0,1,0,-28.50345416706036,-10.033867866850276,-72.50046625203368,33.33333333333333,357482.7291646982,development_2023_2024,breakout_trend,370,82,2023-01-01,2024-12-31,-64.52191571908719,-73.53832790733156,88,36.01846155202683,1.0378616552978883
A_baseline,ticker_ascending,10,1000000,0.07,0.15,73,False,0,0,1,0,-17.217939417649188,-5.781056451148247,-65.40746395758894,35.61643835616438,827820.6058235081,development_2023_2024,breakout_trend,370,82,2023-01-01,2024-12-31,-78.87629759522265,-83.42342964256626,69,61.65835817757346,18.015965684977317
A_baseline,factor_rank,10,1000000,0.07,0.15,78,False,0,0,1,0,-28.951785921184904,-10.212038085138786,-72.43884099091994,33.33333333333333,710482.140788151,development_2023_2024,breakout_trend,370,82,2023-01-01,2024-12-31,-64.33106442898882,-73.47377225905882,88,35.37927850780392,1.0349312681388767
A_baseline,ticker_ascending,10,3000000,0.07,0.15,71,False,0,0,0,0,-5.241313492018051,-1.6823099140039433,-64.86624401509391,35.2112676056338,2842760.5952394586,development_2023_2024,breakout_trend,370,82,2023-01-01,2024-12-31,-80.09929707521735,-84.40424105386424,69,74.8579835831993,19.537997038770328
A_baseline,factor_rank,10,3000000,0.07,0.15,75,False,0,0,0,0,-24.349196458193923,-8.418233942883525,-70.70316253933504,34.66666666666667,2269524.1062541823,development_2023_2024,breakout_trend,370,82,2023-01-01,2024-12-31,-59.98699780352299,-70.32181517820885,88,35.637801345329066,-0.3813473611261884
A_baseline,ticker_ascending,10,10000000,0.07,0.15,71,False,0,0,0,0,-8.400417692573614,-2.727287764600639,-64.87947498595477,35.2112676056338,9159958.230742639,development_2023_2024,breakout_trend,370,82,2023-01-01,2024-12-31,-59.53588637775429,-82.66588732688831,70,51.135468685180676,17.786412340933538
A_baseline,factor_rank,10,10000000,0.07,0.15,75,False,0,0,0,0,-16.423650329557702,-5.49709081512022,-67.7989023207925,34.66666666666667,8357634.96704423,development_2023_2024,breakout_trend,370,82,2023-01-01,2024-12-31,-47.22678687070116,-64.01316078542618,86,30.80313654114346,-3.785741535366313
A_baseline,ticker_ascending,15,300000,0.07,0.15,59,False,0,0,1,0,-67.7757454336338,-30.0145772995301,-71.72908603660584,32.20338983050847,96672.76369909856,development_2023_2024,breakout_trend,370,82,2023-01-01,2024-12-31,192.39106804296767,-43.54534258963331,50,-260.1668134766015,-28.183743446972528
A_baseline,factor_rank,15,300000,0.07,0.15,68,False,0,0,1,0,-66.86872320878199,-29.399671216108736,-75.11120066994931,29.411764705882355,99393.83037365405,development_2023_2024,breakout_trend,370,82,2023-01-01,2024-12-31,-18.281243596186027,-61.343573230879485,77,-48.587479612595956,-13.767627439069827
A_baseline,ticker_ascending,15,500000,0.07,0.15,59,False,0,0,1,0,-70.24573549222362,-31.751508523718208,-73.87280874096355,32.20338983050847,148771.3225388819,development_2023_2024,breakout_trend,370,82,2023-01-01,2024-12-31,200.41281914380144,-43.29288611306327,50,-270.6585546360251,-30.57992262790028
A_baseline,factor_rank,15,500000,0.07,0.15,68,False,0,0,1,0,-67.15407769982949,-29.591867611496703,-75.43973036983212,29.411764705882355,164229.61150085257,development_2023_2024,breakout_trend,370,82,2023-01-01,2024-12-31,-3.0872595525690216,-54.545256537359734,76,-64.06681814726046,-20.894473832472386
A_baseline,ticker_ascending,15,1000000,0.07,0.15,59,False,0,0,1,0,-70.46436053404538,-31.909941795168105,-74.08202580531518,32.20338983050847,295356.39465954603,development_2023_2024,breakout_trend,370,82,2023-01-01,2024-12-31,206.56538573890688,-43.57813987609879,50,-277.02974627295225,-30.503885929216395
A_baseline,factor_rank,15,1000000,0.07,0.15,68,False,0,0,1,0,-69.1231919799495,-30.950339565001983,-76.98571386323312,29.411764705882355,308768.080200505,development_2023_2024,breakout_trend,370,82,2023-01-01,2024-12-31,15.71180259221796,-45.863888664413274,74,-84.83499457216746,-31.12182519881984
A_baseline,ticker_ascending,15,3000000,0.07,0.15,56,False,0,0,0,0,-68.8808460011087,-30.78000292247799,-72.70217281737135,32.142857142857146,933574.6199667393,development_2023_2024,breakout_trend,370,82,2023-01-01,2024-12-31,204.29125574347552,-43.795682301643645,50,-273.1721017445842,-28.906490515727704
A_baseline,factor_rank,15,3000000,0.07,0.15,65,False,0,0,0,0,-70.69560864749171,-32.078399254832,-78.21792604237984,30.76923076923077,879131.7405752485,development_2023_2024,breakout_trend,370,82,2023-01-01,2024-12-31,19.316089584205965,-45.71017961141336,74,-90.01169823169768,-32.507746430966485
A_baseline,ticker_ascending,15,10000000,0.07,0.15,56,False,0,0,0,0,-67.94214407036287,-30.128668131022486,-71.88073403178127,32.142857142857146,3205785.592963712,development_2023_2024,breakout_trend,370,82,2023-01-01,2024-12-31,203.96396052108113,-43.83986950895397,50,-271.906104591444,-28.040864522827306
A_baseline,factor_rank,15,10000000,0.07,0.15,65,False,0,0,0,0,-71.43016824301358,-32.61961922616019,-78.8053729488599,30.76923076923077,2856983.175698642,development_2023_2024,breakout_trend,370,82,2023-01-01,2024-12-31,20.29264499866772,-45.78767554288863,74,-91.72281324168131,-33.01769740597127
A_baseline,ticker_ascending,20,300000,0.07,0.15,60,False,0,0,1,0,-60.13742790158337,-25.162165910039935,-67.27332148730967,31.666666666666664,119587.71629524988,development_2023_2024,breakout_trend,370,82,2023-01-01,2024-12-31,-5.0322472947677,-35.807791598380604,49,-55.10518060681567,-31.46552988892907
A_baseline,factor_rank,20,300000,0.07,0.15,61,False,0,0,1,0,-48.62842429010049,-18.93441394902299,-58.25649077104207,32.78688524590164,154114.72712969853,development_2023_2024,breakout_trend,370,82,2023-01-01,2024-12-31,-41.21311524188588,-62.180811733361985,57,-7.41530904821461,3.924320962319918
A_baseline,ticker_ascending,20,500000,0.07,0.15,60,False,0,0,1,0,-56.86743256448095,-23.279454512938756,-64.7472728930528,31.666666666666664,215662.8371775953,development_2023_2024,breakout_trend,370,82,2023-01-01,2024-12-31,-6.095064325391508,-36.07482689988779,49,-50.772368239089445,-28.672445993165006
A_baseline,factor_rank,20,500000,0.07,0.15,61,False,0,0,1,0,-49.201099846610674,-19.220300791415646,-58.690154172210754,32.78688524590164,253994.5007669466,development_2023_2024,breakout_trend,370,82,2023-01-01,2024-12-31,20.9707524874047,-59.32617988851649,59,-70.17185233401537,0.6360257163057383
A_baseline,ticker_ascending,20,1000000,0.07,0.15,60,False,0,0,1,0,-57.76956827769813,-23.788810222635004,-65.60523744378524,31.666666666666664,422304.3172230187,development_2023_2024,breakout_trend,370,82,2023-01-01,2024-12-31,-6.942810864507254,-36.09767180121977,49,-50.826757413190876,-29.507565642565474
A_baseline,factor_rank,20,1000000,0.07,0.15,61,False,0,0,1,0,-51.988346769617465,-20.644170925314352,-61.00073254834237,32.78688524590164,480116.5323038253,development_2023_2024,breakout_trend,370,82,2023-01-01,2024-12-31,16.647296089030373,-59.547710609276386,59,-68.63564285864784,-1.4530219390659838
A_baseline,ticker_ascending,20,3000000,0.07,0.15,56,False,0,0,0,0,-42.84985713590614,-16.164904400781477,-56.480951760851994,33.92857142857143,1714504.2859228158,development_2023_2024,breakout_trend,370,82,2023-01-01,2024-12-31,-8.12140859232936,-36.80354654212194,49,-34.72844854357678,-19.67740521873005
A_baseline,factor_rank,20,3000000,0.07,0.15,59,False,0,0,0,0,-58.627796829692635,-24.280339613295087,-66.3812555895198,33.89830508474576,1241166.0951092208,development_2023_2024,breakout_trend,370,82,2023-01-01,2024-12-31,11.790223621514183,-59.98241594813815,59,-70.41802045120681,-6.398839641381649
A_baseline,ticker_ascending,20,10000000,0.07,0.15,56,False,0,0,0,0,-41.87247714026224,-15.715691442135714,-56.56530247299712,33.92857142857143,5812752.285973775,development_2023_2024,breakout_trend,370,82,2023-01-01,2024-12-31,-8.084112102265916,-37.00520633451902,49,-33.78836503799633,-19.560096138478094
A_baseline,factor_rank,20,10000000,0.07,0.15,59,False,0,0,0,0,-54.39690351108506,-21.920923527048675,-62.95052883101886,33.89830508474576,4560309.648891495,development_2023_2024,breakout_trend,370,82,2023-01-01,2024-12-31,11.177828109757094,-59.95477644665594,59,-65.57473162084216,-2.995752384362916
A_baseline,ticker_ascending,5,300000,0.07,0.15,99,False,0,0,1,0,-22.86472305851731,-7.855661317936202,-61.664177713874736,35.35353535353536,231405.83082444806,development_2023_2024,breakout_rvol_1_5,370,82,2023-01-01,2024-12-31,-29.714546461355674,-54.50320375231479,108,6.849823402838364,-7.160973961559947
A_baseline,factor_rank,5,300000,0.07,0.15,103,False,0,0,1,0,-40.90584508371741,-15.276477878812166,-77.16412571144895,32.038834951456316,177282.46474884776,development_2023_2024,breakout_rvol_1_5,370,82,2023-01-01,2024-12-31,-53.76946109077632,-72.56667602033622,124,12.863616007058909,-4.597449691112729
A_baseline,ticker_ascending,5,500000,0.07,0.15,99,False,0,0,1,0,-21.9694206331734,-7.519943947567331,-61.24980268314357,35.35353535353536,390152.896834133,development_2023_2024,breakout_rvol_1_5,370,82,2023-01-01,2024-12-31,-28.580875632670377,-55.56655889879865,108,6.611454999496978,-5.683243784344924
A_baseline,factor_rank,5,500000,0.07,0.15,103,False,0,0,1,0,-40.879723437879754,-15.264677360711731,-77.15159222411285,32.038834951456316,295601.3828106012,development_2023_2024,breakout_rvol_1_5,370,82,2023-01-01,2024-12-31,-68.78255660680482,-77.80916185042761,125,27.902833168925063,0.6575696263147677
A_baseline,ticker_ascending,5,1000000,0.07,0.15,99,False,0,0,1,0,-25.592776189365186,-8.895363553367929,-62.905805460468265,35.35353535353536,744072.2381063482,development_2023_2024,breakout_rvol_1_5,370,82,2023-01-01,2024-12-31,-30.425836063351497,-55.98238460133318,108,4.833059873986311,-6.923420859135085
A_baseline,factor_rank,5,1000000,0.07,0.15,103,False,0,0,1,0,-42.51695604787591,-16.011313233253176,-77.79044967932208,32.038834951456316,574830.4395212409,development_2023_2024,breakout_rvol_1_5,370,82,2023-01-01,2024-12-31,-68.61621293408471,-77.86588747758707,125,26.099256886208806,0.07543779826498564
A_baseline,ticker_ascending,5,3000000,0.07,0.15,97,False,0,0,0,0,-44.81087753247229,-17.082328419985405,-72.496610718097,35.051546391752574,1655673.674025831,development_2023_2024,breakout_rvol_1_5,370,82,2023-01-01,2024-12-31,-30.85933444241975,-56.712582749462825,108,-13.951543090052539,-15.784027968634177
A_baseline,factor_rank,5,3000000,0.07,0.15,101,False,0,0,0,0,-48.03692410518985,-18.641411916311068,-79.96417116722003,33.663366336633665,1558892.2768443045,development_2023_2024,breakout_rvol_1_5,370,82,2023-01-01,2024-12-31,-61.587941380497504,-73.0949178301887,125,13.551017275307657,-6.869253337031324
A_baseline,ticker_ascending,5,10000000,0.07,0.15,97,False,0,0,0,0,-43.15058615092576,-16.304179933239237,-71.69177439853786,35.051546391752574,5684941.3849074235,development_2023_2024,breakout_rvol_1_5,370,82,2023-01-01,2024-12-31,-31.543261652315945,-56.990991829755444,108,-11.607324498609817,-14.700782568782415
A_baseline,factor_rank,5,10000000,0.07,0.15,101,False,0,0,0,0,-48.6590000921025,-18.949622464352988,-80.17564513597841,33.663366336633665,5134099.99078975,development_2023_2024,breakout_rvol_1_5,370,82,2023-01-01,2024-12-31,-47.07807245792486,-71.01570898586475,124,-1.580927634177641,-9.159936150113666
A_baseline,ticker_ascending,10,300000,0.07,0.15,73,False,0,0,1,0,-13.13684081354818,-4.341291560862137,-64.01445890933132,35.61643835616438,260589.47755935547,development_2023_2024,breakout_rvol_1_5,370,82,2023-01-01,2024-12-31,-71.00663276612005,-72.77744007259489,64,57.86979195257187,8.76298116326356
A_baseline,factor_rank,10,300000,0.07,0.15,78,False,0,0,1,0,-24.93341645814602,-8.641709804338094,-71.39655169944983,33.33333333333333,225199.75062556195,development_2023_2024,breakout_rvol_1_5,370,82,2023-01-01,2024-12-31,-60.81089278012606,-70.57558359240008,88,35.87747632198004,-0.820968107049751
A_baseline,ticker_ascending,10,500000,0.07,0.15,73,False,0,0,1,0,-15.412964487913683,-5.138421042522035,-65.07452169197737,35.61643835616438,422935.1775604316,development_2023_2024,breakout_rvol_1_5,370,82,2023-01-01,2024-12-31,-74.83487780666265,-79.84944792824666,68,59.42191331874896,14.774926236269295
A_baseline,factor_rank,10,500000,0.07,0.15,78,False,0,0,1,0,-28.50345416706036,-10.033867866850276,-72.50046625203368,33.33333333333333,357482.7291646982,development_2023_2024,breakout_rvol_1_5,370,82,2023-01-01,2024-12-31,-64.52191571908719,-73.53832790733156,88,36.01846155202683,1.0378616552978883
A_baseline,ticker_ascending,10,1000000,0.07,0.15,73,False,0,0,1,0,-17.217939417649188,-5.781056451148247,-65.40746395758894,35.61643835616438,827820.6058235081,development_2023_2024,breakout_rvol_1_5,370,82,2023-01-01,2024-12-31,-78.87629759522265,-83.42342964256626,69,61.65835817757346,18.015965684977317
A_baseline,factor_rank,10,1000000,0.07,0.15,78,False,0,0,1,0,-28.951785921184904,-10.212038085138786,-72.43884099091994,33.33333333333333,710482.140788151,development_2023_2024,breakout_rvol_1_5,370,82,2023-01-01,2024-12-31,-64.33106442898882,-73.47377225905882,88,35.37927850780392,1.0349312681388767
A_baseline,ticker_ascending,10,3000000,0.07,0.15,71,False,0,0,0,0,-5.241313492018051,-1.6823099140039433,-64.86624401509391,35.2112676056338,2842760.5952394586,development_2023_2024,breakout_rvol_1_5,370,82,2023-01-01,2024-12-31,-80.09929707521735,-84.40424105386424,69,74.8579835831993,19.537997038770328
A_baseline,factor_rank,10,3000000,0.07,0.15,75,False,0,0,0,0,-24.349196458193923,-8.418233942883525,-70.70316253933504,34.66666666666667,2269524.1062541823,development_2023_2024,breakout_rvol_1_5,370,82,2023-01-01,2024-12-31,-59.98699780352299,-70.32181517820885,88,35.637801345329066,-0.3813473611261884
A_baseline,ticker_ascending,10,10000000,0.07,0.15,71,False,0,0,0,0,-8.400417692573614,-2.727287764600639,-64.87947498595477,35.2112676056338,9159958.230742639,development_2023_2024,breakout_rvol_1_5,370,82,2023-01-01,2024-12-31,-59.53588637775429,-82.66588732688831,70,51.135468685180676,17.786412340933538
A_baseline,factor_rank,10,10000000,0.07,0.15,75,False,0,0,0,0,-16.423650329557702,-5.49709081512022,-67.7989023207925,34.66666666666667,8357634.96704423,development_2023_2024,breakout_rvol_1_5,370,82,2023-01-01,2024-12-31,-47.22678687070116,-64.01316078542618,86,30.80313654114346,-3.785741535366313
A_baseline,ticker_ascending,15,300000,0.07,0.15,59,False,0,0,1,0,-67.7757454336338,-30.0145772995301,-71.72908603660584,32.20338983050847,96672.76369909856,development_2023_2024,breakout_rvol_1_5,370,82,2023-01-01,2024-12-31,192.39106804296767,-43.54534258963331,50,-260.1668134766015,-28.183743446972528
A_baseline,factor_rank,15,300000,0.07,0.15,68,False,0,0,1,0,-66.86872320878199,-29.399671216108736,-75.11120066994931,29.411764705882355,99393.83037365405,development_2023_2024,breakout_rvol_1_5,370,82,2023-01-01,2024-12-31,-18.281243596186027,-61.343573230879485,77,-48.587479612595956,-13.767627439069827
A_baseline,ticker_ascending,15,500000,0.07,0.15,59,False,0,0,1,0,-70.24573549222362,-31.751508523718208,-73.87280874096355,32.20338983050847,148771.3225388819,development_2023_2024,breakout_rvol_1_5,370,82,2023-01-01,2024-12-31,200.41281914380144,-43.29288611306327,50,-270.6585546360251,-30.57992262790028
A_baseline,factor_rank,15,500000,0.07,0.15,68,False,0,0,1,0,-67.15407769982949,-29.591867611496703,-75.43973036983212,29.411764705882355,164229.61150085257,development_2023_2024,breakout_rvol_1_5,370,82,2023-01-01,2024-12-31,-3.0872595525690216,-54.545256537359734,76,-64.06681814726046,-20.894473832472386
A_baseline,ticker_ascending,15,1000000,0.07,0.15,59,False,0,0,1,0,-70.46436053404538,-31.909941795168105,-74.08202580531518,32.20338983050847,295356.39465954603,development_2023_2024,breakout_rvol_1_5,370,82,2023-01-01,2024-12-31,206.56538573890688,-43.57813987609879,50,-277.02974627295225,-30.503885929216395
A_baseline,factor_rank,15,1000000,0.07,0.15,68,False,0,0,1,0,-69.1231919799495,-30.950339565001983,-76.98571386323312,29.411764705882355,308768.080200505,development_2023_2024,breakout_rvol_1_5,370,82,2023-01-01,2024-12-31,15.71180259221796,-45.863888664413274,74,-84.83499457216746,-31.12182519881984
A_baseline,ticker_ascending,15,3000000,0.07,0.15,56,False,0,0,0,0,-68.8808460011087,-30.78000292247799,-72.70217281737135,32.142857142857146,933574.6199667393,development_2023_2024,breakout_rvol_1_5,370,82,2023-01-01,2024-12-31,204.29125574347552,-43.795682301643645,50,-273.1721017445842,-28.906490515727704
A_baseline,factor_rank,15,3000000,0.07,0.15,65,False,0,0,0,0,-70.69560864749171,-32.078399254832,-78.21792604237984,30.76923076923077,879131.7405752485,development_2023_2024,breakout_rvol_1_5,370,82,2023-01-01,2024-12-31,19.316089584205965,-45.71017961141336,74,-90.01169823169768,-32.507746430966485
A_baseline,ticker_ascending,15,10000000,0.07,0.15,56,False,0,0,0,0,-67.94214407036287,-30.128668131022486,-71.88073403178127,32.142857142857146,3205785.592963712,development_2023_2024,breakout_rvol_1_5,370,82,2023-01-01,2024-12-31,203.96396052108113,-43.83986950895397,50,-271.906104591444,-28.040864522827306
A_baseline,factor_rank,15,10000000,0.07,0.15,65,False,0,0,0,0,-71.43016824301358,-32.61961922616019,-78.8053729488599,30.76923076923077,2856983.175698642,development_2023_2024,breakout_rvol_1_5,370,82,2023-01-01,2024-12-31,20.29264499866772,-45.78767554288863,74,-91.72281324168131,-33.01769740597127
A_baseline,ticker_ascending,20,300000,0.07,0.15,60,False,0,0,1,0,-60.13742790158337,-25.162165910039935,-67.27332148730967,31.666666666666664,119587.71629524988,development_2023_2024,breakout_rvol_1_5,370,82,2023-01-01,2024-12-31,-5.0322472947677,-35.807791598380604,49,-55.10518060681567,-31.46552988892907
A_baseline,factor_rank,20,300000,0.07,0.15,61,False,0,0,1,0,-48.62842429010049,-18.93441394902299,-58.25649077104207,32.78688524590164,154114.72712969853,development_2023_2024,breakout_rvol_1_5,370,82,2023-01-01,2024-12-31,-41.21311524188588,-62.180811733361985,57,-7.41530904821461,3.924320962319918
A_baseline,ticker_ascending,20,500000,0.07,0.15,60,False,0,0,1,0,-56.86743256448095,-23.279454512938756,-64.7472728930528,31.666666666666664,215662.8371775953,development_2023_2024,breakout_rvol_1_5,370,82,2023-01-01,2024-12-31,-6.095064325391508,-36.07482689988779,49,-50.772368239089445,-28.672445993165006
A_baseline,factor_rank,20,500000,0.07,0.15,61,False,0,0,1,0,-49.201099846610674,-19.220300791415646,-58.690154172210754,32.78688524590164,253994.5007669466,development_2023_2024,breakout_rvol_1_5,370,82,2023-01-01,2024-12-31,20.9707524874047,-59.32617988851649,59,-70.17185233401537,0.6360257163057383
A_baseline,ticker_ascending,20,1000000,0.07,0.15,60,False,0,0,1,0,-57.76956827769813,-23.788810222635004,-65.60523744378524,31.666666666666664,422304.3172230187,development_2023_2024,breakout_rvol_1_5,370,82,2023-01-01,2024-12-31,-6.942810864507254,-36.09767180121977,49,-50.826757413190876,-29.507565642565474
A_baseline,factor_rank,20,1000000,0.07,0.15,61,False,0,0,1,0,-51.988346769617465,-20.644170925314352,-61.00073254834237,32.78688524590164,480116.5323038253,development_2023_2024,breakout_rvol_1_5,370,82,2023-01-01,2024-12-31,16.647296089030373,-59.547710609276386,59,-68.63564285864784,-1.4530219390659838
A_baseline,ticker_ascending,20,3000000,0.07,0.15,56,False,0,0,0,0,-42.84985713590614,-16.164904400781477,-56.480951760851994,33.92857142857143,1714504.2859228158,development_2023_2024,breakout_rvol_1_5,370,82,2023-01-01,2024-12-31,-8.12140859232936,-36.80354654212194,49,-34.72844854357678,-19.67740521873005
A_baseline,factor_rank,20,3000000,0.07,0.15,59,False,0,0,0,0,-58.627796829692635,-24.280339613295087,-66.3812555895198,33.89830508474576,1241166.0951092208,development_2023_2024,breakout_rvol_1_5,370,82,2023-01-01,2024-12-31,11.790223621514183,-59.98241594813815,59,-70.41802045120681,-6.398839641381649
A_baseline,ticker_ascending,20,10000000,0.07,0.15,56,False,0,0,0,0,-41.87247714026224,-15.715691442135714,-56.56530247299712,33.92857142857143,5812752.285973775,development_2023_2024,breakout_rvol_1_5,370,82,2023-01-01,2024-12-31,-8.084112102265916,-37.00520633451902,49,-33.78836503799633,-19.560096138478094
A_baseline,factor_rank,20,10000000,0.07,0.15,59,False,0,0,0,0,-54.39690351108506,-21.920923527048675,-62.95052883101886,33.89830508474576,4560309.648891495,development_2023_2024,breakout_rvol_1_5,370,82,2023-01-01,2024-12-31,11.177828109757094,-59.95477644665594,59,-65.57473162084216,-2.995752384362916
A_baseline,ticker_ascending,5,300000,0.07,0.15,107,False,0,0,0,0,-33.273698744209135,-11.97043464207651,-53.40159322586504,35.51401869158878,200178.9037673726,development_2023_2024,trend_positive_20d,858,98,2023-01-01,2024-12-31,-29.714546461355674,-54.50320375231479,108,-3.5591522828534607,1.1016105264497469
A_baseline,factor_rank,5,300000,0.07,0.15,114,False,0,0,1,0,-35.289210864527064,-12.817212805410328,-57.293043524815936,38.59649122807017,194132.3674064188,development_2023_2024,trend_positive_20d,858,98,2023-01-01,2024-12-31,-53.76946109077632,-72.56667602033622,124,18.480250226249254,15.273632495520282
A_baseline,ticker_ascending,5,500000,0.07,0.15,107,False,0,0,0,0,-33.75785143700244,-12.172226092190597,-54.088691805629274,35.51401869158878,331210.7428149878,development_2023_2024,trend_positive_20d,858,98,2023-01-01,2024-12-31,-28.580875632670377,-55.56655889879865,108,-5.176975804332059,1.4778670931693725
A_baseline,factor_rank,5,500000,0.07,0.15,114,False,0,0,1,0,-37.16484665213267,-13.62160795550924,-57.839068190820186,38.59649122807017,314175.76673933666,development_2023_2024,trend_positive_20d,858,98,2023-01-01,2024-12-31,-68.78255660680482,-77.80916185042761,125,31.61770995467215,19.97009365960743
A_baseline,ticker_ascending,5,1000000,0.07,0.15,108,False,0,0,0,0,-11.136162629453716,-3.6523568982824717,-55.384799490638706,37.03703703703704,888638.3737054628,development_2023_2024,trend_positive_20d,858,98,2023-01-01,2024-12-31,-30.425836063351497,-55.98238460133318,108,19.289673433897782,0.5975851106944745
A_baseline,factor_rank,5,1000000,0.07,0.15,115,False,0,0,1,0,-9.591965246303536,-3.1278408811704517,-58.58566318718228,40.0,904080.3475369647,development_2023_2024,trend_positive_20d,858,98,2023-01-01,2024-12-31,-68.61621293408471,-77.86588747758707,125,59.02424768778118,19.28022429040479
A_baseline,ticker_ascending,5,3000000,0.07,0.15,108,False,0,0,0,0,-8.48605168163461,-2.7559552484302974,-55.878733240570554,37.03703703703704,2745418.4495509616,development_2023_2024,trend_positive_20d,858,98,2023-01-01,2024-12-31,-30.85933444241975,-56.712582749462825,108,22.37328276078514,0.8338495088922713
A_baseline,factor_rank,5,3000000,0.07,0.15,115,False,0,0,1,0,-15.220876085056245,-5.070585537678973,-59.78010744875557,40.0,2543373.717448313,development_2023_2024,trend_positive_20d,858,98,2023-01-01,2024-12-31,-61.587941380497504,-73.0949178301887,125,46.36706529544126,13.314810381433134
A_baseline,ticker_ascending,5,10000000,0.07,0.15,108,False,0,0,0,0,-7.809171121924264,-2.5298567137242656,-56.104252588906235,37.03703703703704,9219082.887807574,development_2023_2024,trend_positive_20d,858,98,2023-01-01,2024-12-31,-31.543261652315945,-56.990991829755444,108,23.734090530391683,0.8867392408492094
A_baseline,factor_rank,5,10000000,0.07,0.15,115,False,0,0,1,0,-11.720286743663976,-3.852392830498119,-60.25980408216209,40.0,8827971.325633602,development_2023_2024,trend_positive_20d,858,98,2023-01-01,2024-12-31,-47.07807245792486,-71.01570898586475,124,35.357785714260885,10.755904903702657
A_baseline,ticker_ascending,10,300000,0.07,0.15,62,False,0,0,0,0,-64.06333064360734,-27.567889608829365,-65.62594563106285,30.64516129032258,107810.00806917799,development_2023_2024,trend_positive_20d,858,98,2023-01-01,2024-12-31,-71.00663276612005,-72.77744007259489,64,6.943302122512705,7.151494441532037
A_baseline,factor_rank,10,300000,0.07,0.15,75,False,0,0,1,0,-79.16141671703201,-38.997657666237764,-82.37697331925536,30.666666666666664,62515.749848903935,development_2023_2024,trend_positive_20d,858,98,2023-01-01,2024-12-31,-60.81089278012606,-70.57558359240008,88,-18.35052393690595,-11.801389726855277
A_baseline,ticker_ascending,10,500000,0.07,0.15,62,False,0,0,0,0,-66.10852541001499,-28.89312409607413,-67.56567736253675,30.64516129032258,169457.37294992508,development_2023_2024,trend_positive_20d,858,98,2023-01-01,2024-12-31,-74.83487780666265,-79.84944792824666,68,8.726352396647655,12.283770565709915
A_baseline,factor_rank,10,500000,0.07,0.15,75,False,0,0,1,0,-82.31584147075985,-42.0728757421028,-85.14347130939946,30.666666666666664,88420.79264620075,development_2023_2024,trend_positive_20d,858,98,2023-01-01,2024-12-31,-64.52191571908719,-73.53832790733156,88,-17.79392575167266,-11.605143402067895
A_baseline,ticker_ascending,10,1000000,0.07,0.15,62,False,0,0,0,0,-66.5887426507277,-29.212193090110706,-67.91822990602532,30.64516129032258,334112.5734927231,development_2023_2024,trend_positive_20d,858,98,2023-01-01,2024-12-31,-78.87629759522265,-83.42342964256626,69,12.287554944494957,15.505199736540945
A_baseline,factor_rank,10,1000000,0.07,0.15,75,False,0,0,1,0,-82.79652352994127,-42.57377241139418,-85.44650104062958,30.666666666666664,172034.76470058734,development_2023_2024,trend_positive_20d,858,98,2023-01-01,2024-12-31,-64.33106442898882,-73.47377225905882,88,-18.465459100952444,-11.972728781570765
A_baseline,ticker_ascending,10,3000000,0.07,0.15,62,False,0,0,0,0,-62.758472003204616,-26.749163333850735,-64.27435436234134,32.25806451612903,1117245.8399038615,development_2023_2024,trend_positive_20d,858,98,2023-01-01,2024-12-31,-80.09929707521735,-84.40424105386424,69,17.340825072012734,20.1298866915229
A_baseline,factor_rank,10,3000000,0.07,0.15,75,False,0,0,1,0,-82.84682042674066,-42.626735991853025,-85.5103125635092,30.666666666666664,514595.3871977802,development_2023_2024,trend_positive_20d,858,98,2023-01-01,2024-12-31,-59.98699780352299,-70.32181517820885,88,-22.859822623217674,-15.188497385300352
A_baseline,ticker_ascending,10,10000000,0.07,0.15,62,False,0,0,0,0,-59.201067028205244,-24.61256900786847,-60.88259653485667,32.25806451612903,4079893.2971794754,development_2023_2024,trend_positive_20d,858,98,2023-01-01,2024-12-31,-59.53588637775429,-82.66588732688831,70,0.33481934954904347,21.783290792031643
A_baseline,factor_rank,10,10000000,0.07,0.15,75,False,0,0,1,0,-78.97707518655051,-38.82810787386381,-82.24808690145399,32.0,2102292.4813449495,development_2023_2024,trend_positive_20d,858,98,2023-01-01,2024-12-31,-47.22678687070116,-64.01316078542618,86,-31.750288315849346,-18.234926116027808
A_baseline,ticker_ascending,15,300000,0.07,0.15,52,False,0,0,0,0,-44.05293857248343,-16.725135271195114,-53.412824099499744,36.53846153846153,167841.18428254972,development_2023_2024,trend_positive_20d,858,98,2023-01-01,2024-12-31,192.39106804296767,-43.54534258963331,50,-236.4440066154511,-9.867481509866437
A_baseline,factor_rank,15,300000,0.07,0.15,69,False,0,0,0,0,-39.20613626139983,-14.515957945955925,-70.55323070046465,36.231884057971016,182381.59121580052,development_2023_2024,trend_positive_20d,858,98,2023-01-01,2024-12-31,-18.281243596186027,-61.343573230879485,77,-20.9248926652138,-9.209657469585167
A_baseline,ticker_ascending,15,500000,0.07,0.15,52,False,0,0,0,0,-44.13152469020888,-16.76201589734824,-54.02937536036645,36.53846153846153,279342.3765489556,development_2023_2024,trend_positive_20d,858,98,2023-01-01,2024-12-31,200.41281914380144,-43.29288611306327,50,-244.5443438340103,-10.736489247303183
A_baseline,factor_rank,15,500000,0.07,0.15,69,False,0,0,0,0,-38.11177044034676,-14.033969997465089,-70.92183444012126,36.231884057971016,309441.1477982662,development_2023_2024,trend_positive_20d,858,98,2023-01-01,2024-12-31,-3.0872595525690216,-54.545256537359734,76,-35.02451088777774,-16.376577902761525
A_baseline,ticker_ascending,15,1000000,0.07,0.15,52,False,0,0,0,0,-46.27224494922403,-17.780623557181187,-55.85401863960837,36.53846153846153,537277.5505077597,development_2023_2024,trend_positive_20d,858,98,2023-01-01,2024-12-31,206.56538573890688,-43.57813987609879,50,-252.8376306881309,-12.275878763509581
A_baseline,factor_rank,15,1000000,0.07,0.15,69,False,0,0,0,0,-41.371531433410006,-15.487454984105465,-71.8391334122231,36.231884057971016,586284.6856659,development_2023_2024,trend_positive_20d,858,98,2023-01-01,2024-12-31,15.71180259221796,-45.863888664413274,74,-57.08333402562796,-25.975244747809832
A_baseline,ticker_ascending,15,3000000,0.07,0.15,52,False,0,0,0,0,-47.03005709921379,-18.147866159767524,-56.480751532881726,36.53846153846153,1589098.287023586,development_2023_2024,trend_positive_20d,858,98,2023-01-01,2024-12-31,204.29125574347552,-43.795682301643645,50,-251.3213128426893,-12.685069231238081
A_baseline,factor_rank,15,3000000,0.07,0.15,70,False,0,0,0,0,-47.88749023725072,-18.567750987915222,-74.42344473472222,35.714285714285715,1563375.2928824786,development_2023_2024,trend_positive_20d,858,98,2023-01-01,2024-12-31,19.316089584205965,-45.71017961141336,74,-67.20357982145669,-28.713265123308865
A_baseline,ticker_ascending,15,10000000,0.07,0.15,52,False,0,0,0,0,-47.40335344729557,-18.330092842138633,-56.85814458711926,36.53846153846153,5259664.655270442,development_2023_2024,trend_positive_20d,858,98,2023-01-01,2024-12-31,203.96396052108113,-43.83986950895397,50,-251.36731396837672,-13.018275078165296
A_baseline,factor_rank,15,10000000,0.07,0.15,70,False,0,0,0,0,-47.346839262938055,-18.302448355176516,-74.10524297642336,35.714285714285715,5265316.073706194,development_2023_2024,trend_positive_20d,858,98,2023-01-01,2024-12-31,20.29264499866772,-45.78767554288863,74,-67.63948426160577,-28.317567433534727
A_baseline,ticker_ascending,20,300000,0.07,0.15,43,False,0,0,0,0,-34.976902156916836,-12.68483092308279,-48.80571961895761,39.53488372093023,195069.2935292495,development_2023_2024,trend_positive_20d,858,98,2023-01-01,2024-12-31,-5.0322472947677,-35.807791598380604,49,-29.944654862149136,-12.997928020577007
A_baseline,factor_rank,20,300000,0.07,0.15,63,False,0,0,0,0,73.25033559971659,18.90943491673052,-51.02735028004241,41.269841269841265,519751.0067991498,development_2023_2024,trend_positive_20d,858,98,2023-01-01,2024-12-31,-41.21311524188588,-62.180811733361985,57,114.46345084160248,11.153461453319572
A_baseline,ticker_ascending,20,500000,0.07,0.15,43,False,0,0,0,0,-31.995287363807144,-11.442377685327754,-48.47067208287873,39.53488372093023,340023.56318096427,development_2023_2024,trend_positive_20d,858,98,2023-01-01,2024-12-31,-6.095064325391508,-36.07482689988779,49,-25.900223038415636,-12.39584518299094
A_baseline,factor_rank,20,500000,0.07,0.15,63,False,0,0,0,0,74.91327180216867,19.267945922921804,-51.51803220990925,41.269841269841265,874566.3590108433,development_2023_2024,trend_positive_20d,858,98,2023-01-01,2024-12-31,20.9707524874047,-59.32617988851649,59,53.94251931476397,7.8081476786072415
A_baseline,ticker_ascending,20,1000000,0.07,0.15,43,False,0,0,0,0,-33.437639967862296,-12.038651576422232,-48.88357630427799,39.53488372093023,665623.600321377,development_2023_2024,trend_positive_20d,858,98,2023-01-01,2024-12-31,-6.942810864507254,-36.09767180121977,49,-26.49482910335504,-12.78590450305822
A_baseline,factor_rank,20,1000000,0.07,0.15,62,False,0,0,0,0,3.582268967420821,1.115348587508258,-56.10516696213712,38.70967741935484,1035822.6896742082,development_2023_2024,trend_positive_20d,858,98,2023-01-01,2024-12-31,16.647296089030373,-59.547710609276386,59,-13.065027121609553,3.442543647139267
A_baseline,ticker_ascending,20,3000000,0.07,0.15,43,False,0,0,0,0,-34.0212137002878,-12.282418068599831,-48.98018149580228,39.53488372093023,1979363.588991366,development_2023_2024,trend_positive_20d,858,98,2023-01-01,2024-12-31,-8.12140859232936,-36.80354654212194,49,-25.899805107958443,-12.176634953680335
A_baseline,factor_rank,20,3000000,0.07,0.15,62,False,0,0,0,0,6.600290549731014,2.034688776682092,-53.91818164172528,38.70967741935484,3198008.71649193,development_2023_2024,trend_positive_20d,858,98,2023-01-01,2024-12-31,11.790223621514183,-59.98241594813815,59,-5.1899330717831695,6.064234306412864
A_baseline,ticker_ascending,20,10000000,0.07,0.15,43,False,0,0,0,0,-33.614766149241284,-12.112484295987613,-49.067765174390644,39.53488372093023,6638523.385075872,development_2023_2024,trend_positive_20d,858,98,2023-01-01,2024-12-31,-8.084112102265916,-37.00520633451902,49,-25.530654046975368,-12.06255883987162
A_baseline,factor_rank,20,10000000,0.07,0.15,62,False,0,0,0,0,6.205231122361465,1.9153695007579907,-53.8114626954164,38.70967741935484,10620523.112236146,development_2023_2024,trend_positive_20d,858,98,2023-01-01,2024-12-31,11.177828109757094,-59.95477644665594,59,-4.972596987395629,6.143313751239539
A_baseline,ticker_ascending,5,300000,0.07,0.15,95,False,0,0,0,0,-36.815191758007614,-13.470417949847779,-44.98809306599407,37.89473684210527,189554.42472597715,development_2023_2024,trend_not_extended_10pct,614,90,2023-01-01,2024-12-31,-29.714546461355674,-54.50320375231479,108,-7.10064529665194,9.515110686320718
A_baseline,factor_rank,5,300000,0.07,0.15,96,False,0,0,0,0,-9.892517208596619,-3.2294454733777123,-41.19671945501461,41.66666666666667,270322.44837421016,development_2023_2024,trend_not_extended_10pct,614,90,2023-01-01,2024-12-31,-53.76946109077632,-72.56667602033622,124,43.8769438821797,31.36995656532161
A_baseline,ticker_ascending,5,500000,0.07,0.15,95,False,0,0,0,0,-35.64076120472911,-12.966753019394229,-46.5814040319637,37.89473684210527,321796.19397635444,development_2023_2024,trend_not_extended_10pct,614,90,2023-01-01,2024-12-31,-28.580875632670377,-55.56655889879865,108,-7.059885572058732,8.985154866834947
A_baseline,factor_rank,5,500000,0.07,0.15,96,False,0,0,0,0,-16.76691352156827,-5.619582775601306,-44.55675939377615,41.66666666666667,416165.43239215866,development_2023_2024,trend_not_extended_10pct,614,90,2023-01-01,2024-12-31,-68.78255660680482,-77.80916185042761,125,52.01564308523655,33.25240245665147
A_baseline,ticker_ascending,5,1000000,0.07,0.15,96,False,0,0,0,0,-28.436629294441563,-10.007376768185416,-39.584754635118856,38.54166666666667,715633.7070555844,development_2023_2024,trend_not_extended_10pct,614,90,2023-01-01,2024-12-31,-30.425836063351497,-55.98238460133318,108,1.9892067689099342,16.397629966214325
A_baseline,factor_rank,5,1000000,0.07,0.15,97,False,0,0,0,0,-9.975616327874558,-3.257578909545633,-37.79884733659487,42.2680412371134,900243.8367212544,development_2023_2024,trend_not_extended_10pct,614,90,2023-01-01,2024-12-31,-68.61621293408471,-77.86588747758707,125,58.64059660621015,40.0670401409922
A_baseline,ticker_ascending,5,3000000,0.07,0.15,96,False,0,0,0,0,-29.370176341682864,-10.379005316327516,-40.040960016006636,38.54166666666667,2118894.7097495142,development_2023_2024,trend_not_extended_10pct,614,90,2023-01-01,2024-12-31,-30.85933444241975,-56.712582749462825,108,1.489158100736887,16.67162273345619
A_baseline,factor_rank,5,3000000,0.07,0.15,97,False,0,0,0,0,-2.6596100699995184,-0.8459052114236254,-38.09825931722192,42.2680412371134,2920211.6979000145,development_2023_2024,trend_not_extended_10pct,614,90,2023-01-01,2024-12-31,-61.587941380497504,-73.0949178301887,125,58.92833131049799,34.99665851296679
A_baseline,ticker_ascending,5,10000000,0.07,0.15,96,False,0,0,0,0,-28.06558051158371,-9.860590845316707,-38.65270150679612,38.54166666666667,7193441.948841629,development_2023_2024,trend_not_extended_10pct,614,90,2023-01-01,2024-12-31,-31.543261652315945,-56.990991829755444,108,3.4776811407322334,18.338290322959324
A_baseline,factor_rank,5,10000000,0.07,0.15,97,False,0,0,0,0,-2.894528444336464,-0.9213797715705185,-38.45866438442983,42.2680412371134,9710547.155566353,development_2023_2024,trend_not_extended_10pct,614,90,2023-01-01,2024-12-31,-47.07807245792486,-71.01570898586475,124,44.183544013588396,32.55704460143492
A_baseline,ticker_ascending,10,300000,0.07,0.15,54,False,0,0,0,0,-33.8026423003861,-12.19094559330669,-43.72493368017981,40.74074074074074,198592.0730988417,development_2023_2024,trend_not_extended_10pct,614,90,2023-01-01,2024-12-31,-71.00663276612005,-72.77744007259489,64,37.20399046573395,29.052506392415076
A_baseline,factor_rank,10,300000,0.07,0.15,60,False,0,0,0,0,-27.328742003509397,-9.570629699942879,-45.02262426661302,43.333333333333336,218013.7739894718,development_2023_2024,trend_not_extended_10pct,614,90,2023-01-01,2024-12-31,-60.81089278012606,-70.57558359240008,88,33.48215077661666,25.552959325787057
A_baseline,ticker_ascending,10,500000,0.07,0.15,55,False,0,0,0,0,-38.27009012608661,-14.103335148499363,-48.364225090317184,40.0,308649.54936956696,development_2023_2024,trend_not_extended_10pct,614,90,2023-01-01,2024-12-31,-74.83487780666265,-79.84944792824666,68,36.56478768057604,31.485222837929477
A_baseline,factor_rank,10,500000,0.07,0.15,60,False,0,0,0,0,-28.09923204389927,-9.873881891890113,-45.92879875899881,43.333333333333336,359503.83978050365,development_2023_2024,trend_not_extended_10pct,614,90,2023-01-01,2024-12-31,-64.52191571908719,-73.53832790733156,88,36.42268367518792,27.609529148332754
A_baseline,ticker_ascending,10,1000000,0.07,0.15,55,False,0,0,0,0,-38.98951270399472,-14.420082233698917,-50.68573528184349,40.0,610104.8729600528,development_2023_2024,trend_not_extended_10pct,614,90,2023-01-01,2024-12-31,-78.87629759522265,-83.42342964256626,69,39.88678489122793,32.73769436072277
A_baseline,factor_rank,10,1000000,0.07,0.15,60,False,0,0,0,0,-27.34755174511466,-9.578006617720924,-45.27923050163041,43.333333333333336,726524.4825488534,development_2023_2024,trend_not_extended_10pct,614,90,2023-01-01,2024-12-31,-64.33106442898882,-73.47377225905882,88,36.98351268387417,28.19454175742841
A_baseline,ticker_ascending,10,3000000,0.07,0.15,55,False,0,0,0,0,-38.440757869431884,-14.178246994204958,-50.83101910885409,40.0,1846777.2639170433,development_2023_2024,trend_not_extended_10pct,614,90,2023-01-01,2024-12-31,-80.09929707521735,-84.40424105386424,69,41.658539205785466,33.57322194501015
A_baseline,factor_rank,10,3000000,0.07,0.15,61,False,0,0,0,0,-17.53892917396447,-5.896342692640289,-45.500925994208906,44.26229508196721,2473832.124781066,development_2023_2024,trend_not_extended_10pct,614,90,2023-01-01,2024-12-31,-59.98699780352299,-70.32181517820885,88,42.44806862955852,24.820889183999945
A_baseline,ticker_ascending,10,10000000,0.07,0.15,55,False,0,0,0,0,-38.53442610281225,-14.219421619269557,-51.21837122348675,40.0,6146557.389718776,development_2023_2024,trend_not_extended_10pct,614,90,2023-01-01,2024-12-31,-59.53588637775429,-82.66588732688831,70,21.00146027494204,31.44751610340156
A_baseline,factor_rank,10,10000000,0.07,0.15,61,False,0,0,0,0,-17.092727193893786,-5.736168404335851,-45.521649325838254,44.26229508196721,8290727.280610622,development_2023_2024,trend_not_extended_10pct,614,90,2023-01-01,2024-12-31,-47.22678687070116,-64.01316078542618,86,30.134059676807375,18.491511459587926
A_baseline,ticker_ascending,15,300000,0.07,0.15,42,False,0,0,0,0,-4.069418285457338,-1.300736737168362,-37.587786183176405,42.857142857142854,287791.745143628,development_2023_2024,trend_not_extended_10pct,614,90,2023-01-01,2024-12-31,192.39106804296767,-43.54534258963331,50,-196.46048632842502,5.957556406456902
A_baseline,factor_rank,15,300000,0.07,0.15,42,False,0,0,0,0,19.474236682302237,5.767537806143785,-40.69260020070485,42.857142857142854,358422.7100469067,development_2023_2024,trend_not_extended_10pct,614,90,2023-01-01,2024-12-31,-18.281243596186027,-61.343573230879485,77,37.755480278488264,20.650973030174633
A_baseline,ticker_ascending,15,500000,0.07,0.15,42,False,0,0,0,0,-4.681325786749035,-1.499575187652713,-36.0940894115236,42.857142857142854,476593.3710662548,development_2023_2024,trend_not_extended_10pct,614,90,2023-01-01,2024-12-31,200.41281914380144,-43.29288611306327,50,-205.09414493055047,7.1987967015396706
A_baseline,factor_rank,15,500000,0.07,0.15,42,False,0,0,0,0,24.195186500817112,7.0671883030981375,-38.88064786912393,42.857142857142854,620975.9325040856,development_2023_2024,trend_not_extended_10pct,614,90,2023-01-01,2024-12-31,-3.0872595525690216,-54.545256537359734,76,27.282446053386135,15.6646086682358
A_baseline,ticker_ascending,15,1000000,0.07,0.15,42,False,0,0,0,0,-9.327700045225217,-3.0386943364372865,-37.315948803650386,42.857142857142854,906722.9995477478,development_2023_2024,trend_not_extended_10pct,614,90,2023-01-01,2024-12-31,206.56538573890688,-43.57813987609879,50,-215.8930857841321,6.2621910724484025
A_baseline,factor_rank,15,1000000,0.07,0.15,42,False,0,0,0,0,20.427520187382964,6.032768683326628,-40.838366483782174,42.857142857142854,1204275.2018738296,development_2023_2024,trend_not_extended_10pct,614,90,2023-01-01,2024-12-31,15.71180259221796,-45.863888664413274,74,4.715717595165003,5.0255221806311
A_baseline,ticker_ascending,15,3000000,0.07,0.15,42,False,0,0,0,0,-11.138965007341127,-3.653314432291599,-38.49333171486033,42.857142857142854,2665831.0497797662,development_2023_2024,trend_not_extended_10pct,614,90,2023-01-01,2024-12-31,204.29125574347552,-43.795682301643645,50,-215.43022075081666,5.302350586783312
A_baseline,factor_rank,15,3000000,0.07,0.15,42,False,0,0,0,0,19.399320850657343,5.746632727894729,-41.48661625299855,42.857142857142854,3581979.6255197204,development_2023_2024,trend_not_extended_10pct,614,90,2023-01-01,2024-12-31,19.316089584205965,-45.71017961141336,74,0.0832312664513779,4.223563358414808
A_baseline,ticker_ascending,15,10000000,0.07,0.15,42,False,0,0,0,0,-11.654872325301557,-3.829946380001148,-38.80555660201941,42.857142857142854,8834512.767469844,development_2023_2024,trend_not_extended_10pct,614,90,2023-01-01,2024-12-31,203.96396052108113,-43.83986950895397,50,-215.6188328463827,5.034312906934559
A_baseline,factor_rank,15,10000000,0.07,0.15,42,False,0,0,0,0,18.48229838547717,5.49000884641393,-42.001429379274846,42.857142857142854,11848229.838547718,development_2023_2024,trend_not_extended_10pct,614,90,2023-01-01,2024-12-31,20.29264499866772,-45.78767554288863,74,-1.81034661319055,3.7862461636137823
A_baseline,ticker_ascending,20,300000,0.07,0.15,38,False,0,0,0,0,58.99973669227616,15.736018861434943,-27.30870487245074,52.63157894736842,476999.2100768285,development_2023_2024,trend_not_extended_10pct,614,90,2023-01-01,2024-12-31,-5.0322472947677,-35.807791598380604,49,64.03198398704386,8.499086725929864
A_baseline,factor_rank,20,300000,0.07,0.15,41,False,0,0,0,0,-19.32590602516553,-6.543833476604677,-45.24137707168636,36.58536585365854,242022.28192450342,development_2023_2024,trend_not_extended_10pct,614,90,2023-01-01,2024-12-31,-41.21311524188588,-62.180811733361985,57,21.88720921672035,16.939434661675627
A_baseline,ticker_ascending,20,500000,0.07,0.15,38,False,0,0,0,0,43.53829549200332,12.064278343241664,-28.122014355238335,50.0,717691.4774600166,development_2023_2024,trend_not_extended_10pct,614,90,2023-01-01,2024-12-31,-6.095064325391508,-36.07482689988779,49,49.63335981739483,7.952812544649454
A_baseline,factor_rank,20,500000,0.07,0.15,41,False,0,0,0,0,-22.458826217898988,-7.703130669179092,-46.06548823800873,36.58536585365854,387705.8689105051,development_2023_2024,trend_not_extended_10pct,614,90,2023-01-01,2024-12-31,20.9707524874047,-59.32617988851649,59,-43.42957870530368,13.26069165050776
A_baseline,ticker_ascending,20,1000000,0.07,0.15,38,False,0,0,0,0,42.44290936245287,11.794061928852306,-28.219835322823496,50.0,1424429.0936245287,development_2023_2024,trend_not_extended_10pct,614,90,2023-01-01,2024-12-31,-6.942810864507254,-36.09767180121977,49,49.385720226960125,7.877836478396272
A_baseline,factor_rank,20,1000000,0.07,0.15,41,False,0,0,0,0,-24.675598539642806,-8.542942973765255,-46.69568010916151,36.58536585365854,753244.014603572,development_2023_2024,trend_not_extended_10pct,614,90,2023-01-01,2024-12-31,16.647296089030373,-59.547710609276386,59,-41.32289462867318,12.852030500114878
A_baseline,ticker_ascending,20,3000000,0.07,0.15,38,False,0,0,0,0,38.368107185505764,10.77618856807594,-28.939775796950684,50.0,4151043.215565173,development_2023_2024,trend_not_extended_10pct,614,90,2023-01-01,2024-12-31,-8.12140859232936,-36.80354654212194,49,46.48951577783512,7.863770745171259
A_baseline,factor_rank,20,3000000,0.07,0.15,42,False,0,0,0,0,-16.927121706463865,-5.676870800025924,-47.587190656062205,38.095238095238095,2492186.348806084,development_2023_2024,trend_not_extended_10pct,614,90,2023-01-01,2024-12-31,11.790223621514183,-59.98241594813815,59,-28.717345327978048,12.395225292075942
A_baseline,ticker_ascending,20,10000000,0.07,0.15,38,False,0,0,0,0,37.981751052197076,10.678617576548799,-29.214255557884194,50.0,13798175.105219709,development_2023_2024,trend_not_extended_10pct,614,90,2023-01-01,2024-12-31,-8.084112102265916,-37.00520633451902,49,46.06586315446299,7.79095077663483
A_baseline,factor_rank,20,10000000,0.07,0.15,42,False,0,0,0,0,-17.323271063239034,-5.8188534201216395,-47.98351081992814,38.095238095238095,8267672.893676097,development_2023_2024,trend_not_extended_10pct,614,90,2023-01-01,2024-12-31,11.177828109757094,-59.95477644665594,59,-28.501099172996128,11.9712656267278
A_baseline,ticker_ascending,5,300000,0.07,0.15,57,False,0,0,0,0,2.745576101094316,0.8572357654310636,-46.84928168575379,47.368421052631575,308236.72830328293,later_2025,control_all_signals,869,94,2025-01-01,2025-12-31,2.745576101094316,-46.84928168575379,57,0.0,0.0
A_baseline,factor_rank,5,300000,0.07,0.15,64,False,0,0,0,0,34.69059479065877,9.839779721641095,-41.52573381192569,43.75,404071.78437197633,later_2025,control_all_signals,869,94,2025-01-01,2025-12-31,34.69059479065877,-41.52573381192569,64,0.0,0.0
A_baseline,ticker_ascending,5,500000,0.07,0.15,57,False,0,0,0,0,7.067803034675579,2.1755003524454697,-47.15370040092428,47.368421052631575,535339.0151733779,later_2025,control_all_signals,869,94,2025-01-01,2025-12-31,7.067803034675579,-47.15370040092428,57,0.0,0.0
A_baseline,factor_rank,5,500000,0.07,0.15,64,False,0,0,0,0,37.427812016163365,10.538397952065548,-40.71172674201833,43.75,687139.0600808169,later_2025,control_all_signals,869,94,2025-01-01,2025-12-31,37.427812016163365,-40.71172674201833,64,0.0,0.0
A_baseline,ticker_ascending,5,1000000,0.07,0.15,57,False,0,0,0,0,4.721380203409509,1.464469707878946,-47.31180180448057,47.368421052631575,1047213.802034095,later_2025,control_all_signals,869,94,2025-01-01,2025-12-31,4.721380203409509,-47.31180180448057,57,0.0,0.0
A_baseline,factor_rank,5,1000000,0.07,0.15,65,False,0,0,0,0,45.42747905111306,12.527014063999564,-41.21989113108141,43.07692307692308,1454274.7905111306,later_2025,control_all_signals,869,94,2025-01-01,2025-12-31,45.42747905111306,-41.21989113108141,65,0.0,0.0
A_baseline,ticker_ascending,5,3000000,0.07,0.15,58,False,0,0,0,0,-24.632196460765932,-8.526338956252665,-47.396725569656596,44.827586206896555,2261034.106177022,later_2025,control_all_signals,869,94,2025-01-01,2025-12-31,-24.632196460765932,-47.396725569656596,58,0.0,0.0
A_baseline,factor_rank,5,3000000,0.07,0.15,65,False,0,0,0,0,45.34426145417578,12.506717739579386,-41.545833403730846,43.07692307692308,4360327.843625274,later_2025,control_all_signals,869,94,2025-01-01,2025-12-31,45.34426145417578,-41.545833403730846,65,0.0,0.0
A_baseline,ticker_ascending,5,10000000,0.07,0.15,58,False,0,0,0,0,-24.92197323985279,-8.637321127375397,-48.05340847526628,44.827586206896555,7507802.676014721,later_2025,control_all_signals,869,94,2025-01-01,2025-12-31,-24.92197323985279,-48.05340847526628,58,0.0,0.0
A_baseline,factor_rank,5,10000000,0.07,0.15,65,False,0,0,0,0,45.416779774793234,12.524405013693563,-41.73745212946328,43.07692307692308,14541677.977479324,later_2025,control_all_signals,869,94,2025-01-01,2025-12-31,45.416779774793234,-41.73745212946328,65,0.0,0.0
A_baseline,ticker_ascending,10,300000,0.07,0.15,39,False,0,0,0,0,-52.974688495965964,-21.16159464454057,-64.65532000211208,35.8974358974359,141075.9345121021,later_2025,control_all_signals,869,94,2025-01-01,2025-12-31,-52.974688495965964,-64.65532000211208,39,0.0,0.0
A_baseline,factor_rank,10,300000,0.07,0.15,48,False,0,0,0,0,-18.413372217844802,-6.21197353687033,-51.172606674848886,41.66666666666667,244759.8833464656,later_2025,control_all_signals,869,94,2025-01-01,2025-12-31,-18.413372217844802,-51.172606674848886,48,0.0,0.0
A_baseline,ticker_ascending,10,500000,0.07,0.15,39,False,0,0,0,0,-52.26609134928197,-20.789130467954774,-64.34499084319391,35.8974358974359,238669.54325359012,later_2025,control_all_signals,869,94,2025-01-01,2025-12-31,-52.26609134928197,-64.34499084319391,39,0.0,0.0
A_baseline,factor_rank,10,500000,0.07,0.15,48,False,0,0,0,0,-15.785498357547823,-5.270281685286449,-51.199034504592035,41.66666666666667,421072.5082122609,later_2025,control_all_signals,869,94,2025-01-01,2025-12-31,-15.785498357547823,-51.199034504592035,48,0.0,0.0
A_baseline,ticker_ascending,10,1000000,0.07,0.15,39,False,0,0,0,0,-73.93166029232432,-34.537499891344204,-74.44194005996093,28.205128205128204,260683.39707675684,later_2025,control_all_signals,869,94,2025-01-01,2025-12-31,-73.93166029232432,-74.44194005996093,39,0.0,0.0
A_baseline,factor_rank,10,1000000,0.07,0.15,48,False,0,0,0,0,-16.695774741950974,-5.5941688339055995,-51.28209686622305,41.66666666666667,833042.2525804902,later_2025,control_all_signals,869,94,2025-01-01,2025-12-31,-16.695774741950974,-51.28209686622305,48,0.0,0.0
A_baseline,ticker_ascending,10,3000000,0.07,0.15,39,False,0,0,0,0,-75.20730265468487,-35.56441677816413,-75.6972084393162,28.205128205128204,743780.9203594542,later_2025,control_all_signals,869,94,2025-01-01,2025-12-31,-75.20730265468487,-75.6972084393162,39,0.0,0.0
A_baseline,factor_rank,10,3000000,0.07,0.15,50,False,0,0,0,0,-18.840152262263732,-6.366861914032462,-51.88211994909656,42.0,2434795.432132088,later_2025,control_all_signals,869,94,2025-01-01,2025-12-31,-18.840152262263732,-51.88211994909656,50,0.0,0.0
A_baseline,ticker_ascending,10,10000000,0.07,0.15,40,False,0,0,0,0,-76.77327930346922,-36.87579418680341,-77.23310226416308,27.500000000000004,2322672.0696530784,later_2025,control_all_signals,869,94,2025-01-01,2025-12-31,-76.77327930346922,-77.23310226416308,40,0.0,0.0
A_baseline,factor_rank,10,10000000,0.07,0.15,50,False,0,0,0,0,-18.249050754589312,-6.152485421667442,-51.93574923792899,42.0,8175094.924541068,later_2025,control_all_signals,869,94,2025-01-01,2025-12-31,-18.249050754589312,-51.93574923792899,50,0.0,0.0
A_baseline,ticker_ascending,15,300000,0.07,0.15,26,False,0,0,0,0,12.837827602931773,3.879703967370318,-43.61369265038493,46.15384615384615,338513.48280879535,later_2025,control_all_signals,869,94,2025-01-01,2025-12-31,12.837827602931773,-43.61369265038493,26,0.0,0.0
A_baseline,factor_rank,15,300000,0.07,0.15,37,False,0,0,0,0,-26.81799266221838,-9.370818840517126,-59.869407583398,35.13513513513514,219546.02201334486,later_2025,control_all_signals,869,94,2025-01-01,2025-12-31,-26.81799266221838,-59.869407583398,37,0.0,0.0
A_baseline,ticker_ascending,15,500000,0.07,0.15,26,False,0,0,0,0,15.725849116717594,4.710346964238421,-43.54906137914328,46.15384615384615,578629.245583588,later_2025,control_all_signals,869,94,2025-01-01,2025-12-31,15.725849116717594,-43.54906137914328,26,0.0,0.0
A_baseline,factor_rank,15,500000,0.07,0.15,37,False,0,0,0,0,-27.07077517017066,-9.469590403220796,-60.2518109284779,35.13513513513514,364646.1241491467,later_2025,control_all_signals,869,94,2025-01-01,2025-12-31,-27.07077517017066,-60.2518109284779,37,0.0,0.0
A_baseline,ticker_ascending,15,1000000,0.07,0.15,26,False,0,0,0,0,17.895631877487904,5.325119068116524,-43.62623357824048,46.15384615384615,1178956.318774879,later_2025,control_all_signals,869,94,2025-01-01,2025-12-31,17.895631877487904,-43.62623357824048,26,0.0,0.0
A_baseline,factor_rank,15,1000000,0.07,0.15,37,False,0,0,0,0,-28.934014053237366,-10.204960784922202,-60.992222024273765,35.13513513513514,710659.8594676263,later_2025,control_all_signals,869,94,2025-01-01,2025-12-31,-28.934014053237366,-60.992222024273765,37,0.0,0.0
A_baseline,ticker_ascending,15,3000000,0.07,0.15,26,False,0,0,0,0,17.312630880422763,5.160701901946196,-43.70788390817714,46.15384615384615,3519378.926412683,later_2025,control_all_signals,869,94,2025-01-01,2025-12-31,17.312630880422763,-43.70788390817714,26,0.0,0.0
A_baseline,factor_rank,15,3000000,0.07,0.15,38,False,0,0,0,0,2.0093923149409942,0.6289359717922993,-44.13793209207848,39.473684210526315,3060281.76944823,later_2025,control_all_signals,869,94,2025-01-01,2025-12-31,2.0093923149409942,-44.13793209207848,38,0.0,0.0
A_baseline,ticker_ascending,15,10000000,0.07,0.15,26,False,0,0,0,0,17.494163861576027,5.2119574690628445,-43.730468752032245,46.15384615384615,11749416.386157604,later_2025,control_all_signals,869,94,2025-01-01,2025-12-31,17.494163861576027,-43.730468752032245,26,0.0,0.0
A_baseline,factor_rank,15,10000000,0.07,0.15,38,False,0,0,0,0,1.640125098867129,0.5139964564207178,-44.42324828549996,39.473684210526315,10164012.509886714,later_2025,control_all_signals,869,94,2025-01-01,2025-12-31,1.640125098867129,-44.42324828549996,38,0.0,0.0
A_baseline,ticker_ascending,20,300000,0.07,0.15,22,False,0,0,0,0,9.655537611132692,2.947387025217041,-25.73626177949704,40.909090909090914,328966.6128333981,later_2025,control_all_signals,869,94,2025-01-01,2025-12-31,9.655537611132692,-25.73626177949704,22,0.0,0.0
A_baseline,factor_rank,20,300000,0.07,0.15,36,False,0,0,0,0,-26.899096320523608,-9.40248357533372,-46.74829564534415,38.88888888888889,219302.71103842917,later_2025,control_all_signals,869,94,2025-01-01,2025-12-31,-26.899096320523608,-46.74829564534415,36,0.0,0.0
A_baseline,ticker_ascending,20,500000,0.07,0.15,22,False,0,0,0,0,8.24323356470753,2.527681368818646,-26.380438339970823,40.909090909090914,541216.1678235376,later_2025,control_all_signals,869,94,2025-01-01,2025-12-31,8.24323356470753,-26.380438339970823,22,0.0,0.0
A_baseline,factor_rank,20,500000,0.07,0.15,36,False,0,0,0,0,-49.732807174303076,-19.487718609490233,-59.298370639551365,33.33333333333333,251335.96412848466,later_2025,control_all_signals,869,94,2025-01-01,2025-12-31,-49.732807174303076,-59.298370639551365,36,0.0,0.0
A_baseline,ticker_ascending,20,1000000,0.07,0.15,22,False,0,0,0,0,7.381973513603124,2.2698899571599096,-27.188595219721456,40.909090909090914,1073819.7351360312,later_2025,control_all_signals,869,94,2025-01-01,2025-12-31,7.381973513603124,-27.188595219721456,22,0.0,0.0
A_baseline,factor_rank,20,1000000,0.07,0.15,36,False,0,0,0,0,-49.872165274274835,-19.558127782239843,-59.44654754205247,33.33333333333333,501278.3472572516,later_2025,control_all_signals,869,94,2025-01-01,2025-12-31,-49.872165274274835,-59.44654754205247,36,0.0,0.0
A_baseline,ticker_ascending,20,3000000,0.07,0.15,22,False,0,0,0,0,6.448087772644429,1.988755093236838,-27.205149433928334,40.909090909090914,3193442.633179333,later_2025,control_all_signals,869,94,2025-01-01,2025-12-31,6.448087772644429,-27.205149433928334,22,0.0,0.0
A_baseline,factor_rank,20,3000000,0.07,0.15,37,False,0,0,0,0,-28.42961452632562,-10.004596916313545,-48.27563369992397,37.83783783783784,2147111.5642102314,later_2025,control_all_signals,869,94,2025-01-01,2025-12-31,-28.42961452632562,-48.27563369992397,37,0.0,0.0
A_baseline,ticker_ascending,20,10000000,0.07,0.15,22,False,0,0,0,0,6.9184922509688995,2.1305748080961084,-27.245799358154166,40.909090909090914,10691849.22509689,later_2025,control_all_signals,869,94,2025-01-01,2025-12-31,6.9184922509688995,-27.245799358154166,22,0.0,0.0
A_baseline,factor_rank,20,10000000,0.07,0.15,37,False,0,0,0,0,-30.136689613821556,-10.686663818871367,-48.368454284838414,37.83783783783784,6986331.038617845,later_2025,control_all_signals,869,94,2025-01-01,2025-12-31,-30.136689613821556,-48.368454284838414,37,0.0,0.0
A_baseline,ticker_ascending,5,300000,0.07,0.15,58,False,0,0,0,0,45.45380725620789,12.533433715296871,-35.93631620361995,50.0,436361.42176862364,later_2025,trend_ma_rising,659,89,2025-01-01,2025-12-31,2.745576101094316,-46.84928168575379,57,42.70823115511357,10.912965482133835
A_baseline,factor_rank,5,300000,0.07,0.15,64,False,0,0,0,0,-6.767094078771773,-2.183983542193535,-46.36131094726016,42.1875,279698.7177636847,later_2025,trend_ma_rising,659,89,2025-01-01,2025-12-31,34.69059479065877,-41.52573381192569,64,-41.45768886943054,-4.835577135334468
A_baseline,ticker_ascending,5,500000,0.07,0.15,58,False,0,0,0,0,49.34171575726742,13.472821873754647,-35.09979104127847,50.0,746708.5787863372,later_2025,trend_ma_rising,659,89,2025-01-01,2025-12-31,7.067803034675579,-47.15370040092428,57,42.273912722591845,12.053909359645807
A_baseline,factor_rank,5,500000,0.07,0.15,64,False,0,0,0,0,-4.728150880404824,-1.5148269006293735,-47.18099740976728,42.1875,476359.24559797585,later_2025,trend_ma_rising,659,89,2025-01-01,2025-12-31,37.427812016163365,-40.71172674201833,64,-42.15596289656819,-6.469270667748951
A_baseline,ticker_ascending,5,1000000,0.07,0.15,59,False,0,0,0,0,37.60775149240716,10.58398874606221,-39.94161919574363,49.152542372881356,1376077.5149240715,later_2025,trend_ma_rising,659,89,2025-01-01,2025-12-31,4.721380203409509,-47.31180180448057,57,32.88637128899765,7.37018260873694
A_baseline,factor_rank,5,1000000,0.07,0.15,64,False,0,0,0,0,-4.165611758062759,-1.331937010995432,-47.28659626573371,42.1875,958343.8824193724,later_2025,trend_ma_rising,659,89,2025-01-01,2025-12-31,45.42747905111306,-41.21989113108141,65,-49.59309080917582,-6.066705134652302
A_baseline,ticker_ascending,5,3000000,0.07,0.15,59,False,0,0,0,0,40.22462627673673,11.242452319723228,-41.60095660996625,49.152542372881356,4206738.788302102,later_2025,trend_ma_rising,659,89,2025-01-01,2025-12-31,-24.632196460765932,-47.396725569656596,58,64.85682273750265,5.795768959690342
A_baseline,factor_rank,5,3000000,0.07,0.15,65,False,0,0,0,0,-11.568949374414938,-3.8004798738063394,-47.82561717604714,40.0,2652931.518767552,later_2025,trend_ma_rising,659,89,2025-01-01,2025-12-31,45.34426145417578,-41.545833403730846,65,-56.91321082859072,-6.279783772316293
A_baseline,ticker_ascending,5,10000000,0.07,0.15,59,False,0,0,0,0,44.668271665891844,12.34155182925052,-41.482823898289666,49.152542372881356,14466827.166589186,later_2025,trend_ma_rising,659,89,2025-01-01,2025-12-31,-24.92197323985279,-48.05340847526628,58,69.59024490574464,6.570584576976614
A_baseline,factor_rank,5,10000000,0.07,0.15,65,False,0,0,0,0,-10.773124155780579,-3.528486113317353,-47.96896709555929,40.0,8922687.584421942,later_2025,trend_ma_rising,659,89,2025-01-01,2025-12-31,45.416779774793234,-41.73745212946328,65,-56.18990393057381,-6.2315149660960145
A_baseline,ticker_ascending,10,300000,0.07,0.15,39,False,0,0,0,0,92.5803496560277,22.94002280918881,-28.43631711612692,48.717948717948715,577741.0489680831,later_2025,trend_ma_rising,659,89,2025-01-01,2025-12-31,-52.974688495965964,-64.65532000211208,39,145.55503815199367,36.21900288598516
A_baseline,factor_rank,10,300000,0.07,0.15,45,False,0,0,0,0,-39.37705925441768,-14.591772250522217,-47.11628636255231,35.55555555555556,181868.82223674696,later_2025,trend_ma_rising,659,89,2025-01-01,2025-12-31,-18.413372217844802,-51.172606674848886,48,-20.96368703657288,4.056320312296577
A_baseline,ticker_ascending,10,500000,0.07,0.15,39,False,0,0,0,0,93.39527475748662,23.103733686431703,-28.539296998731878,48.717948717948715,966976.373787433,later_2025,trend_ma_rising,659,89,2025-01-01,2025-12-31,-52.26609134928197,-64.34499084319391,39,145.66136610676858,35.805693844462034
A_baseline,factor_rank,10,500000,0.07,0.15,45,False,0,0,0,0,-37.225384825878734,-13.64784300408065,-46.4660105808154,35.55555555555556,313873.0758706063,later_2025,trend_ma_rising,659,89,2025-01-01,2025-12-31,-15.785498357547823,-51.199034504592035,48,-21.43988646833091,4.733023923776635
A_baseline,ticker_ascending,10,1000000,0.07,0.15,43,False,0,0,0,0,-3.4493836338398642,-1.100141415532463,-59.41882685907456,41.86046511627907,965506.1636616014,later_2025,trend_ma_rising,659,89,2025-01-01,2025-12-31,-73.93166029232432,-74.44194005996093,39,70.48227665848447,15.023113200886371
A_baseline,factor_rank,10,1000000,0.07,0.15,45,False,0,0,0,0,-39.398209657649616,-14.601163860362776,-48.13285245628018,35.55555555555556,606017.9034235039,later_2025,trend_ma_rising,659,89,2025-01-01,2025-12-31,-16.695774741950974,-51.28209686622305,48,-22.702434915698642,3.1492444099428667
A_baseline,ticker_ascending,10,3000000,0.07,0.15,43,False,0,0,0,0,0.8909881963023558,0.27993570324877926,-58.04532328322169,41.86046511627907,3026729.6458890704,later_2025,trend_ma_rising,659,89,2025-01-01,2025-12-31,-75.20730265468487,-75.6972084393162,39,76.09829085098723,17.651885156094508
A_baseline,factor_rank,10,3000000,0.07,0.15,43,False,0,0,0,0,-26.854102793645218,-9.384914097248853,-36.509632460206355,37.2093023255814,2194376.9161906433,later_2025,trend_ma_rising,659,89,2025-01-01,2025-12-31,-18.840152262263732,-51.88211994909656,50,-8.013950531381486,15.372487488890208
A_baseline,ticker_ascending,10,10000000,0.07,0.15,43,False,0,0,0,0,-1.4050260265511816,-0.4449305188543029,-58.99342448991316,41.86046511627907,9859497.397344882,later_2025,trend_ma_rising,659,89,2025-01-01,2025-12-31,-76.77327930346922,-77.23310226416308,40,75.36825327691804,18.23967777424992
A_baseline,factor_rank,10,10000000,0.07,0.15,43,False,0,0,0,0,-29.29786326293533,-10.350098978081023,-36.89392565609938,37.2093023255814,7070213.673706467,later_2025,trend_ma_rising,659,89,2025-01-01,2025-12-31,-18.249050754589312,-51.93574923792899,50,-11.048812508346018,15.041823581829611
A_baseline,ticker_ascending,15,300000,0.07,0.15,28,False,0,0,0,0,78.6300749863905,20.060891034685113,-37.8755538659876,50.0,535890.2249591715,later_2025,trend_ma_rising,659,89,2025-01-01,2025-12-31,12.837827602931773,-43.61369265038493,26,65.79224738345873,5.738138784397329
A_baseline,factor_rank,15,300000,0.07,0.15,32,False,0,0,0,0,106.78073085650372,25.727589190167244,-33.44716928325414,43.75,620342.1925695111,later_2025,trend_ma_rising,659,89,2025-01-01,2025-12-31,-26.81799266221838,-59.869407583398,37,133.5987235187221,26.42223830014386
A_baseline,ticker_ascending,15,500000,0.07,0.15,28,False,0,0,0,0,81.58820812312403,20.683943363660507,-37.79371168109399,50.0,907941.0406156202,later_2025,trend_ma_rising,659,89,2025-01-01,2025-12-31,15.725849116717594,-43.54906137914328,26,65.86235900640644,5.755349698049294
A_baseline,factor_rank,15,500000,0.07,0.15,32,False,0,0,0,0,105.90177991319845,25.55892412713736,-33.561138224032184,43.75,1029508.8995659923,later_2025,trend_ma_rising,659,89,2025-01-01,2025-12-31,-27.07077517017066,-60.2518109284779,37,132.97255508336912,26.690672704445717
A_baseline,ticker_ascending,15,1000000,0.07,0.15,33,False,0,0,0,0,44.27704754415289,12.245721687329514,-50.53876135481901,45.45454545454545,1442770.475441529,later_2025,trend_ma_rising,659,89,2025-01-01,2025-12-31,17.895631877487904,-43.62623357824048,26,26.38141566666499,-6.9125277765785285
A_baseline,factor_rank,15,1000000,0.07,0.15,32,False,0,0,0,0,107.14011102802701,25.796410531755164,-33.57897589494067,43.75,2071401.11028027,later_2025,trend_ma_rising,659,89,2025-01-01,2025-12-31,-28.934014053237366,-60.992222024273765,37,136.07412508126438,27.413246129333096
A_baseline,ticker_ascending,15,3000000,0.07,0.15,33,False,0,0,0,0,17.48770030739937,5.210133425656238,-50.902826458022176,42.42424242424242,3524631.009221981,later_2025,trend_ma_rising,659,89,2025-01-01,2025-12-31,17.312630880422763,-43.70788390817714,26,0.17506942697660577,-7.194942549845038
A_baseline,factor_rank,15,3000000,0.07,0.15,32,False,0,0,0,0,107.22880379072879,25.813382622702406,-33.638519518015464,43.75,6216864.113721864,later_2025,trend_ma_rising,659,89,2025-01-01,2025-12-31,2.0093923149409942,-44.13793209207848,38,105.2194114757878,10.499412574063015
A_baseline,ticker_ascending,15,10000000,0.07,0.15,33,False,0,0,0,0,17.074437539584576,5.093365904329428,-51.37687310682326,42.42424242424242,11707443.753958458,later_2025,trend_ma_rising,659,89,2025-01-01,2025-12-31,17.494163861576027,-43.730468752032245,26,-0.4197263219914511,-7.6464043547910165
A_baseline,factor_rank,15,10000000,0.07,0.15,32,False,0,0,0,0,107.28105110997635,25.82337824941088,-33.68049175723434,43.75,20728105.110997636,later_2025,trend_ma_rising,659,89,2025-01-01,2025-12-31,1.640125098867129,-44.42324828549996,38,105.64092601110922,10.742756528265616
A_baseline,ticker_ascending,20,300000,0.07,0.15,24,False,0,0,0,0,22.02749215373303,6.47471335145553,-33.397425574707704,41.66666666666667,366082.4764611991,later_2025,trend_ma_rising,659,89,2025-01-01,2025-12-31,9.655537611132692,-25.73626177949704,22,12.371954542600337,-7.6611637952106655
A_baseline,factor_rank,20,300000,0.07,0.15,27,False,0,0,0,0,-24.88891282547485,-8.62464444579054,-44.791358366602864,29.629629629629626,225333.26152357543,later_2025,trend_ma_rising,659,89,2025-01-01,2025-12-31,-26.899096320523608,-46.74829564534415,36,2.010183495048757,1.956937278741286
A_baseline,ticker_ascending,20,500000,0.07,0.15,24,False,0,0,0,0,21.819157226153372,6.417392618444517,-34.00764544694247,41.66666666666667,609095.7861307668,later_2025,trend_ma_rising,659,89,2025-01-01,2025-12-31,8.24323356470753,-26.380438339970823,22,13.575923661445842,-7.627207106971646
A_baseline,factor_rank,20,500000,0.07,0.15,27,False,0,0,0,0,-25.09957126259893,-8.705484803272112,-45.620388116782586,29.629629629629626,374502.14368700533,later_2025,trend_ma_rising,659,89,2025-01-01,2025-12-31,-49.732807174303076,-59.298370639551365,36,24.633235911704148,13.67798252276878
A_baseline,ticker_ascending,20,1000000,0.07,0.15,24,False,0,0,0,0,20.857163464771354,6.151837857661979,-34.54503337948165,41.66666666666667,1208571.6346477135,later_2025,trend_ma_rising,659,89,2025-01-01,2025-12-31,7.381973513603124,-27.188595219721456,22,13.475189951168229,-7.356438159760195
A_baseline,factor_rank,20,1000000,0.07,0.15,27,False,0,0,0,0,-24.840999701596044,-8.606279423216845,-45.415026775760126,29.629629629629626,751590.0029840396,later_2025,trend_ma_rising,659,89,2025-01-01,2025-12-31,-49.872165274274835,-59.44654754205247,36,25.03116557267879,14.031520766292346
A_baseline,ticker_ascending,20,3000000,0.07,0.15,24,False,0,0,0,0,22.2939487187773,6.5479279276856595,-34.61596716665378,41.66666666666667,3668818.461563319,later_2025,trend_ma_rising,659,89,2025-01-01,2025-12-31,6.448087772644429,-27.205149433928334,22,15.845860946132873,-7.410817732725448
A_baseline,factor_rank,20,3000000,0.07,0.15,27,False,0,0,0,0,-25.098595473865593,-8.705109984758884,-45.56127687752053,29.629629629629626,2247042.1357840323,later_2025,trend_ma_rising,659,89,2025-01-01,2025-12-31,-28.42961452632562,-48.27563369992397,37,3.331019052460025,2.7143568224034453
A_baseline,ticker_ascending,20,10000000,0.07,0.15,24,False,0,0,0,0,22.257746167356764,6.537986928529227,-34.709633063684656,41.66666666666667,12225774.616735676,later_2025,trend_ma_rising,659,89,2025-01-01,2025-12-31,6.9184922509688995,-27.245799358154166,22,15.339253916387865,-7.46383370553049
A_baseline,factor_rank,20,10000000,0.07,0.15,27,False,0,0,0,0,-25.21928445513729,-8.751494251370184,-45.5703600828483,29.629629629629626,7478071.554486271,later_2025,trend_ma_rising,659,89,2025-01-01,2025-12-31,-30.136689613821556,-48.368454284838414,37,4.917405158684264,2.7980942019901107
A_baseline,ticker_ascending,5,300000,0.07,0.15,53,False,0,0,0,0,-24.868185596769855,-8.616698748314178,-39.2815823804035,37.735849056603776,225395.44320969045,later_2025,pullback_trend,347,78,2025-01-01,2025-12-31,2.745576101094316,-46.84928168575379,57,-27.61376169786417,7.567699305350288
A_baseline,factor_rank,5,300000,0.07,0.15,52,False,0,0,0,0,-12.942921964349019,-4.274042845196691,-28.21026967044178,38.46153846153847,261171.23410695294,later_2025,pullback_trend,347,78,2025-01-01,2025-12-31,34.69059479065877,-41.52573381192569,64,-47.63351675500779,13.315464141483911
A_baseline,ticker_ascending,5,500000,0.07,0.15,53,False,0,0,0,0,-30.18716747248005,-10.707005289318838,-39.58814082246135,37.735849056603776,349064.16263759974,later_2025,pullback_trend,347,78,2025-01-01,2025-12-31,7.067803034675579,-47.15370040092428,57,-37.254970507155626,7.565559578462931
A_baseline,factor_rank,5,500000,0.07,0.15,52,False,0,0,0,0,-12.372106894182677,-4.076684614084691,-27.71135293922996,38.46153846153847,438139.4655290866,later_2025,pullback_trend,347,78,2025-01-01,2025-12-31,37.427812016163365,-40.71172674201833,64,-49.799918910346044,13.000373802788367
A_baseline,ticker_ascending,5,1000000,0.07,0.15,53,False,0,0,0,0,-29.34435278986086,-10.368680316880841,-39.41875098936002,37.735849056603776,706556.4721013914,later_2025,pullback_trend,347,78,2025-01-01,2025-12-31,4.721380203409509,-47.31180180448057,57,-34.065732993270366,7.893050815120546
A_baseline,factor_rank,5,1000000,0.07,0.15,52,False,0,0,0,0,-11.117261213676644,-3.645899084361348,-26.59366168551067,38.46153846153847,888827.3878632336,later_2025,pullback_trend,347,78,2025-01-01,2025-12-31,45.42747905111306,-41.21989113108141,65,-56.5447402647897,14.62622944557074
A_baseline,ticker_ascending,5,3000000,0.07,0.15,53,False,0,0,0,0,-41.24725728985044,-15.43104120045059,-41.95963918214222,35.84905660377358,1762582.281304487,later_2025,pullback_trend,347,78,2025-01-01,2025-12-31,-24.632196460765932,-47.396725569656596,58,-16.615060829084506,5.437086387514377
A_baseline,factor_rank,5,3000000,0.07,0.15,53,False,0,0,0,0,-14.707244208561255,-4.889713357495551,-29.65275947042634,37.735849056603776,2558782.6737431623,later_2025,pullback_trend,347,78,2025-01-01,2025-12-31,45.34426145417578,-41.545833403730846,65,-60.051505662737036,11.893073933304507
A_baseline,ticker_ascending,5,10000000,0.07,0.15,53,False,0,0,0,0,-42.07060954726758,-15.806334552540157,-42.77387326747852,35.84905660377358,5792939.045273242,later_2025,pullback_trend,347,78,2025-01-01,2025-12-31,-24.92197323985279,-48.05340847526628,58,-17.14863630741479,5.2795352077877595
A_baseline,factor_rank,5,10000000,0.07,0.15,53,False,0,0,0,0,-14.112353304226044,-4.681156231622563,-29.10736600040089,37.735849056603776,8588764.669577396,later_2025,pullback_trend,347,78,2025-01-01,2025-12-31,45.416779774793234,-41.73745212946328,65,-59.529133079019275,12.630086129062388
A_baseline,ticker_ascending,10,300000,0.07,0.15,36,False,0,0,0,0,-13.564457189067591,-4.489947931337768,-37.979118970840034,41.66666666666667,259306.6284327972,later_2025,pullback_trend,347,78,2025-01-01,2025-12-31,-52.974688495965964,-64.65532000211208,39,39.410231306898375,26.676201031272043
A_baseline,factor_rank,10,300000,0.07,0.15,29,False,0,0,0,0,3.8318968039892543,1.192080037729859,-25.045046757358456,48.275862068965516,311495.69041196775,later_2025,pullback_trend,347,78,2025-01-01,2025-12-31,-18.413372217844802,-51.172606674848886,48,22.245269021834055,26.12755991749043
A_baseline,ticker_ascending,10,500000,0.07,0.15,36,False,0,0,0,0,-9.222487913623345,-3.0032518691638033,-38.65871928501067,41.66666666666667,453887.56043188326,later_2025,pullback_trend,347,78,2025-01-01,2025-12-31,-52.26609134928197,-64.34499084319391,39,43.043603435658625,25.686271558183243
A_baseline,factor_rank,10,500000,0.07,0.15,29,False,0,0,0,0,5.348472524744885,1.6555555208271455,-25.39421989621423,48.275862068965516,526742.3626237244,later_2025,pullback_trend,347,78,2025-01-01,2025-12-31,-15.785498357547823,-51.199034504592035,48,21.133970882292708,25.804814608377804
A_baseline,ticker_ascending,10,1000000,0.07,0.15,36,False,0,0,0,0,-10.138455591401286,-3.3127602065721518,-38.75747430009926,41.66666666666667,898615.4440859872,later_2025,pullback_trend,347,78,2025-01-01,2025-12-31,-73.93166029232432,-74.44194005996093,39,63.79320470092304,35.684465759861666
A_baseline,factor_rank,10,1000000,0.07,0.15,29,False,0,0,0,0,4.2093560539986585,1.3078651550443077,-25.627458510798796,48.275862068965516,1042093.5605399866,later_2025,pullback_trend,347,78,2025-01-01,2025-12-31,-16.695774741950974,-51.28209686622305,48,20.90513079594963,25.654638355424254
A_baseline,ticker_ascending,10,3000000,0.07,0.15,36,False,0,0,0,0,-26.044939439167024,-9.07020053569183,-39.03386841712981,38.88888888888889,2218651.8168249894,later_2025,pullback_trend,347,78,2025-01-01,2025-12-31,-75.20730265468487,-75.6972084393162,39,49.16236321551784,36.66334002218639
A_baseline,factor_rank,10,3000000,0.07,0.15,30,False,0,0,0,0,3.8482357668576217,1.1970979563003858,-25.769657547201376,46.666666666666664,3115447.0730057284,later_2025,pullback_trend,347,78,2025-01-01,2025-12-31,-18.840152262263732,-51.88211994909656,50,22.688388029121356,26.112462401895186
A_baseline,ticker_ascending,10,10000000,0.07,0.15,36,False,0,0,0,0,-27.09190897621824,-9.477858784484617,-40.43865886066607,38.88888888888889,7290809.1023781765,later_2025,pullback_trend,347,78,2025-01-01,2025-12-31,-76.77327930346922,-77.23310226416308,40,49.68137032725099,36.79444340349701
A_baseline,factor_rank,10,10000000,0.07,0.15,30,False,0,0,0,0,3.4079359101883977,1.0616863649496766,-25.82129994253496,46.666666666666664,10340793.591018839,later_2025,pullback_trend,347,78,2025-01-01,2025-12-31,-18.249050754589312,-51.93574923792899,50,21.656986664777712,26.114449295394028
A_baseline,ticker_ascending,15,300000,0.07,0.15,23,False,0,0,0,0,-9.593983593133991,-3.128522431381142,-30.50095390368579,47.82608695652174,271218.049220598,later_2025,pullback_trend,347,78,2025-01-01,2025-12-31,12.837827602931773,-43.61369265038493,26,-22.431811196065766,13.112738746699137
A_baseline,factor_rank,15,300000,0.07,0.15,26,False,0,0,0,0,35.673632126830924,10.091789196838974,-26.66406307315887,50.0,407020.8963804928,later_2025,pullback_trend,347,78,2025-01-01,2025-12-31,-26.81799266221838,-59.869407583398,37,62.491624789049304,33.20534451023913
A_baseline,ticker_ascending,15,500000,0.07,0.15,23,False,0,0,0,0,-11.264039035948725,-3.6960715847095926,-31.6124642319198,47.82608695652174,443679.80482025637,later_2025,pullback_trend,347,78,2025-01-01,2025-12-31,15.725849116717594,-43.54906137914328,26,-26.989888152666317,11.93659714722348
A_baseline,factor_rank,15,500000,0.07,0.15,26,False,0,0,0,0,36.253756890614675,10.239922546161262,-26.67374644866718,50.0,681268.7844530734,later_2025,pullback_trend,347,78,2025-01-01,2025-12-31,-27.07077517017066,-60.2518109284779,37,63.32453206078533,33.57806447981072
A_baseline,ticker_ascending,15,1000000,0.07,0.15,23,False,0,0,0,0,-10.943125185396262,-3.5864483718644036,-31.471782802193772,47.82608695652174,890568.7481460373,later_2025,pullback_trend,347,78,2025-01-01,2025-12-31,17.895631877487904,-43.62623357824048,26,-28.838757062884167,12.154450776046708
A_baseline,factor_rank,15,1000000,0.07,0.15,27,False,0,0,0,0,58.39127070801009,15.596258122852102,-27.021904279055832,51.85185185185185,1583912.707080101,later_2025,pullback_trend,347,78,2025-01-01,2025-12-31,-28.934014053237366,-60.992222024273765,37,87.32528476124746,33.97031774521793
A_baseline,ticker_ascending,15,3000000,0.07,0.15,23,False,0,0,0,0,-11.477649851496563,-3.769190999354799,-31.944440550002707,47.82608695652174,2655670.504455103,later_2025,pullback_trend,347,78,2025-01-01,2025-12-31,17.312630880422763,-43.70788390817714,26,-28.790280731919324,11.763443358174431
A_baseline,factor_rank,15,3000000,0.07,0.15,27,False,0,0,0,0,59.331131171176146,15.81198402633719,-27.052981719963043,51.85185185185185,4779933.935135284,later_2025,pullback_trend,347,78,2025-01-01,2025-12-31,2.0093923149409942,-44.13793209207848,38,57.32173885623515,17.084950372115436
A_baseline,ticker_ascending,15,10000000,0.07,0.15,23,False,0,0,0,0,-11.568111298899264,-3.8001925598959096,-32.02960669412083,47.82608695652174,8843188.870110074,later_2025,pullback_trend,347,78,2025-01-01,2025-12-31,17.494163861576027,-43.730468752032245,26,-29.06227516047529,11.700862057911415
A_baseline,factor_rank,15,10000000,0.07,0.15,27,False,0,0,0,0,59.75140038168294,15.908166371423427,-27.08450957731422,51.85185185185185,15975140.038168294,later_2025,pullback_trend,347,78,2025-01-01,2025-12-31,1.640125098867129,-44.42324828549996,38,58.11127528281581,17.33873870818574
A_baseline,ticker_ascending,20,300000,0.07,0.15,19,False,0,0,0,0,10.578576189545629,3.219697074782224,-37.117206454471216,42.10526315789473,331735.72856863687,later_2025,pullback_trend,347,78,2025-01-01,2025-12-31,9.655537611132692,-25.73626177949704,22,0.9230385784129371,-11.380944674974177
A_baseline,factor_rank,20,300000,0.07,0.15,19,False,0,0,0,0,91.71615906133732,22.76589579127235,-20.483240622419196,57.89473684210527,575148.477184012,later_2025,pullback_trend,347,78,2025-01-01,2025-12-31,-26.899096320523608,-46.74829564534415,36,118.61525538186093,26.265055022924955
A_baseline,ticker_ascending,20,500000,0.07,0.15,19,False,0,0,0,0,12.271206120619937,3.715030336926217,-37.97246470041573,42.10526315789473,561356.0306030997,later_2025,pullback_trend,347,78,2025-01-01,2025-12-31,8.24323356470753,-26.380438339970823,22,4.027972555912406,-11.592026360444905
A_baseline,factor_rank,20,500000,0.07,0.15,19,False,0,0,0,0,95.11070047432426,23.446809030406946,-20.554025328470658,57.89473684210527,975553.5023716213,later_2025,pullback_trend,347,78,2025-01-01,2025-12-31,-49.732807174303076,-59.298370639551365,36,144.84350764862734,38.74434531108071
A_baseline,ticker_ascending,20,1000000,0.07,0.15,19,False,0,0,0,0,15.653988946633346,4.68985202574681,-38.11587535698479,42.10526315789473,1156539.8894663334,later_2025,pullback_trend,347,78,2025-01-01,2025-12-31,7.381973513603124,-27.188595219721456,22,8.272015433030223,-10.927280137263331
A_baseline,factor_rank,20,1000000,0.07,0.15,19,False,0,0,0,0,101.1606540689313,24.64052537432071,-20.629440656737973,57.89473684210527,2011606.540689313,later_2025,pullback_trend,347,78,2025-01-01,2025-12-31,-49.872165274274835,-59.44654754205247,36,151.03281934320614,38.8171068853145
A_baseline,ticker_ascending,20,3000000,0.07,0.15,19,False,0,0,0,0,15.560114513513469,4.6630653492065965,-38.12983501057855,42.10526315789473,3466803.4354054043,later_2025,pullback_trend,347,78,2025-01-01,2025-12-31,6.448087772644429,-27.205149433928334,22,9.112026740869041,-10.92468557665022
A_baseline,factor_rank,20,3000000,0.07,0.15,19,False,0,0,0,0,101.49555779298929,24.70588289500315,-20.654058068128446,57.89473684210527,6044866.733789679,later_2025,pullback_trend,347,78,2025-01-01,2025-12-31,-28.42961452632562,-48.27563369992397,37,129.9251723193149,27.621575631795526
A_baseline,ticker_ascending,20,10000000,0.07,0.15,19,False,0,0,0,0,15.641154655605893,4.686190693462167,-38.12846332853446,42.10526315789473,11564115.465560589,later_2025,pullback_trend,347,78,2025-01-01,2025-12-31,6.9184922509688995,-27.245799358154166,22,8.722662404636994,-10.882663970380293
A_baseline,factor_rank,20,10000000,0.07,0.15,19,False,0,0,0,0,101.61065294370806,24.728326899771936,-20.688191505405673,57.89473684210527,20161065.294370808,later_2025,pullback_trend,347,78,2025-01-01,2025-12-31,-30.136689613821556,-48.368454284838414,37,131.7473425575296,27.68026277943274
A_baseline,ticker_ascending,5,300000,0.07,0.15,50,False,0,0,0,0,281.6825297043634,52.51727329285445,-25.038569163313127,56.00000000000001,1145047.5891130902,later_2025,breakout_trend,312,77,2025-01-01,2025-12-31,2.745576101094316,-46.84928168575379,57,278.93695360326905,21.81071252244066
A_baseline,factor_rank,5,300000,0.07,0.15,56,False,0,0,0,0,285.2364636921528,52.96339482354324,-24.44943251630064,57.14285714285714,1155709.3910764586,later_2025,breakout_trend,312,77,2025-01-01,2025-12-31,34.69059479065877,-41.52573381192569,64,250.54586890149406,17.07630129562505
A_baseline,ticker_ascending,5,500000,0.07,0.15,51,False,0,0,0,0,258.8500517767997,49.58105736689367,-25.11781443354706,54.90196078431373,1794250.2588839985,later_2025,breakout_trend,312,77,2025-01-01,2025-12-31,7.067803034675579,-47.15370040092428,57,251.78224874212412,22.03588596737722
A_baseline,factor_rank,5,500000,0.07,0.15,56,False,0,0,0,0,268.0750061462904,50.78235162156351,-24.725799275470493,57.14285714285714,1840375.030731452,later_2025,breakout_trend,312,77,2025-01-01,2025-12-31,37.427812016163365,-40.71172674201833,64,230.64719413012702,15.985927466547835
A_baseline,ticker_ascending,5,1000000,0.07,0.15,51,False,0,0,0,0,261.0791061488895,49.87325016141069,-25.23633565443726,54.90196078431373,3610791.0614888947,later_2025,breakout_trend,312,77,2025-01-01,2025-12-31,4.721380203409509,-47.31180180448057,57,256.35772594547996,22.075466150043308
A_baseline,factor_rank,5,1000000,0.07,0.15,56,False,0,0,0,0,281.9220926188202,52.54743457567053,-24.779489064422076,57.14285714285714,3819220.926188202,later_2025,breakout_trend,312,77,2025-01-01,2025-12-31,45.42747905111306,-41.21989113108141,65,236.49461356770715,16.440402066659335
A_baseline,ticker_ascending,5,3000000,0.07,0.15,51,False,0,0,0,0,270.2938675843586,51.06821384143201,-25.25927955592353,54.90196078431373,11108816.02753076,later_2025,breakout_trend,312,77,2025-01-01,2025-12-31,-24.632196460765932,-47.396725569656596,58,294.9260640451246,22.137446013733065
A_baseline,factor_rank,5,3000000,0.07,0.15,56,False,0,0,0,0,290.60672442962436,53.63220114421774,-24.884865098104193,57.14285714285714,11718201.73288873,later_2025,breakout_trend,312,77,2025-01-01,2025-12-31,45.34426145417578,-41.545833403730846,65,245.26246297544859,16.660968305626653
A_baseline,ticker_ascending,5,10000000,0.07,0.15,51,False,0,0,0,0,272.909425846961,51.40368114954255,-25.278904581382555,54.90196078431373,37290942.5846961,later_2025,breakout_trend,312,77,2025-01-01,2025-12-31,-24.92197323985279,-48.05340847526628,58,297.8313990868138,22.774503893883725
A_baseline,factor_rank,5,10000000,0.07,0.15,56,False,0,0,0,0,291.8928095876274,53.79143302754687,-24.93495273506854,57.14285714285714,39189280.95876274,later_2025,breakout_trend,312,77,2025-01-01,2025-12-31,45.416779774793234,-41.73745212946328,65,246.47602981283418,16.80249939439474
A_baseline,ticker_ascending,10,300000,0.07,0.15,37,False,0,0,0,0,35.41528414872308,10.025681089181848,-31.54556818918963,45.94594594594595,406245.85244616924,later_2025,breakout_trend,312,77,2025-01-01,2025-12-31,-52.974688495965964,-64.65532000211208,39,88.38997264468904,33.10975181292245
A_baseline,factor_rank,10,300000,0.07,0.15,37,False,0,0,0,0,36.73702810042574,10.362995148991704,-32.630585527108835,45.94594594594595,410211.08430127724,later_2025,breakout_trend,312,77,2025-01-01,2025-12-31,-18.413372217844802,-51.172606674848886,48,55.15040031827054,18.54202114774005
A_baseline,ticker_ascending,10,500000,0.07,0.15,37,False,0,0,0,0,27.448159210607525,7.943145491933001,-31.557030550873442,45.94594594594595,637240.7960530376,later_2025,breakout_trend,312,77,2025-01-01,2025-12-31,-52.26609134928197,-64.34499084319391,39,79.71425055988949,32.78796029232047
A_baseline,factor_rank,10,500000,0.07,0.15,37,False,0,0,0,0,29.81499992621601,8.57090796307065,-35.38229269216134,45.94594594594595,649074.9996310801,later_2025,breakout_trend,312,77,2025-01-01,2025-12-31,-15.785498357547823,-51.199034504592035,48,45.600498283763834,15.816741812430692
A_baseline,ticker_ascending,10,1000000,0.07,0.15,37,False,0,0,0,0,33.78230765222647,9.605810976051043,-31.572240293484622,45.94594594594595,1337823.0765222646,later_2025,breakout_trend,312,77,2025-01-01,2025-12-31,-73.93166029232432,-74.44194005996093,39,107.7139679445508,42.8696997664763
A_baseline,factor_rank,10,1000000,0.07,0.15,37,False,0,0,0,0,34.48984174758793,9.788160304857762,-33.17529907671619,45.94594594594595,1344898.4174758794,later_2025,breakout_trend,312,77,2025-01-01,2025-12-31,-16.695774741950974,-51.28209686622305,48,51.1856164895389,18.106797789506857
A_baseline,ticker_ascending,10,3000000,0.07,0.15,38,False,0,0,0,0,68.44913207769432,17.86094149167896,-31.63217577766908,47.368421052631575,5053473.962330829,later_2025,breakout_trend,312,77,2025-01-01,2025-12-31,-75.20730265468487,-75.6972084393162,39,143.65643473237918,44.06503266164712
A_baseline,factor_rank,10,3000000,0.07,0.15,37,False,0,0,0,0,35.67973469996155,10.093349728449642,-33.275155040269986,45.94594594594595,4070392.0409988468,later_2025,breakout_trend,312,77,2025-01-01,2025-12-31,-18.840152262263732,-51.88211994909656,50,54.519886962225286,18.606964908826576
A_baseline,ticker_ascending,10,10000000,0.07,0.15,38,False,0,0,0,0,71.4299727897917,18.514272176264978,-31.639337698330284,47.368421052631575,17142997.27897917,later_2025,breakout_trend,312,77,2025-01-01,2025-12-31,-76.77327930346922,-77.23310226416308,40,148.20325209326091,45.5937645658328
A_baseline,factor_rank,10,10000000,0.07,0.15,37,False,0,0,0,0,36.19362759671305,10.22458877611685,-33.30838183935817,45.94594594594595,13619362.759671306,later_2025,breakout_trend,312,77,2025-01-01,2025-12-31,-18.249050754589312,-51.93574923792899,50,54.44267835130236,18.62736739857082
A_baseline,ticker_ascending,15,300000,0.07,0.15,30,False,0,0,0,0,82.29939724205944,20.832698574778895,-31.470831905826113,50.0,546898.1917261783,later_2025,breakout_trend,312,77,2025-01-01,2025-12-31,12.837827602931773,-43.61369265038493,26,69.46156963912767,12.142860744558813
A_baseline,factor_rank,15,300000,0.07,0.15,34,False,0,0,0,0,109.67065035970708,26.278708847033382,-32.675349985338876,50.0,629011.9510791213,later_2025,breakout_trend,312,77,2025-01-01,2025-12-31,-26.81799266221838,-59.869407583398,37,136.48864302192547,27.194057598059125
A_baseline,ticker_ascending,15,500000,0.07,0.15,30,False,0,0,0,0,86.19739568290119,21.64103850733461,-31.53306622699069,50.0,930986.978414506,later_2025,breakout_trend,312,77,2025-01-01,2025-12-31,15.725849116717594,-43.54906137914328,26,70.47154656618359,12.015995152152591
A_baseline,factor_rank,15,500000,0.07,0.15,34,False,0,0,0,0,98.8741030854726,24.192294392076885,-32.89040283519085,50.0,994370.515427363,later_2025,breakout_trend,312,77,2025-01-01,2025-12-31,-27.07077517017066,-60.2518109284779,37,125.94487825564326,27.361408093287054
A_baseline,ticker_ascending,15,1000000,0.07,0.15,30,False,0,0,0,0,131.88085352028418,30.349821578633396,-31.6159758525295,53.333333333333336,2318808.5352028417,later_2025,breakout_trend,312,77,2025-01-01,2025-12-31,17.895631877487904,-43.62623357824048,26,113.98522164279628,12.010257725710982
A_baseline,factor_rank,15,1000000,0.07,0.15,34,False,0,0,0,0,106.21746319315832,25.61955837352816,-33.232801308692906,50.0,2062174.6319315834,later_2025,breakout_trend,312,77,2025-01-01,2025-12-31,-28.934014053237366,-60.992222024273765,37,135.1514772463957,27.75942071558086
A_baseline,ticker_ascending,15,3000000,0.07,0.15,30,False,0,0,0,0,152.10229581967786,33.83011844762143,-31.626311188211876,53.333333333333336,7563068.874590335,later_2025,breakout_trend,312,77,2025-01-01,2025-12-31,17.312630880422763,-43.70788390817714,26,134.7896649392551,12.081572719965262
A_baseline,factor_rank,15,3000000,0.07,0.15,34,False,0,0,0,0,111.18504664512021,26.56543526024557,-33.27384716574525,50.0,6335551.399353606,later_2025,breakout_trend,312,77,2025-01-01,2025-12-31,2.0093923149409942,-44.13793209207848,38,109.17565433017921,10.864084926333227
A_baseline,ticker_ascending,15,10000000,0.07,0.15,30,False,0,0,0,0,161.07852314519442,35.313848048545715,-31.643345893816786,53.333333333333336,26107852.314519443,later_2025,breakout_trend,312,77,2025-01-01,2025-12-31,17.494163861576027,-43.730468752032245,26,143.5843592836184,12.087122858215459
A_baseline,factor_rank,15,10000000,0.07,0.15,34,False,0,0,0,0,111.49274153985931,26.623520057653693,-33.31105555566868,50.0,21149274.15398593,later_2025,breakout_trend,312,77,2025-01-01,2025-12-31,1.640125098867129,-44.42324828549996,38,109.85261644099218,11.112192729831278
A_baseline,ticker_ascending,20,300000,0.07,0.15,29,False,0,0,0,0,128.54412485311815,29.755768379948822,-31.420472694479574,48.275862068965516,685632.3745593545,later_2025,breakout_trend,312,77,2025-01-01,2025-12-31,9.655537611132692,-25.73626177949704,22,118.88858724198546,-5.684210914982536
A_baseline,factor_rank,20,300000,0.07,0.15,32,False,0,0,0,0,56.406555459711825,15.13781002349912,-32.85288051312717,43.75,469219.66637913545,later_2025,breakout_trend,312,77,2025-01-01,2025-12-31,-26.899096320523608,-46.74829564534415,36,83.30565178023544,13.895415132216982
A_baseline,ticker_ascending,20,500000,0.07,0.15,28,False,0,0,0,0,150.33542430298849,33.53381687301664,-31.557147366221393,50.0,1251677.1215149425,later_2025,breakout_trend,312,77,2025-01-01,2025-12-31,8.24323356470753,-26.380438339970823,22,142.09219073828095,-5.17670902625057
A_baseline,factor_rank,20,500000,0.07,0.15,32,False,0,0,0,0,52.1222447030921,14.134422614074671,-33.060062136394244,43.75,760611.2235154605,later_2025,breakout_trend,312,77,2025-01-01,2025-12-31,-49.732807174303076,-59.298370639551365,36,101.85505187739517,26.23830850315712
A_baseline,ticker_ascending,20,1000000,0.07,0.15,29,False,0,0,0,0,164.3955418016177,35.85329118503249,-31.617807818742726,51.724137931034484,2643955.4180161767,later_2025,breakout_trend,312,77,2025-01-01,2025-12-31,7.381973513603124,-27.188595219721456,22,157.01356828801457,-4.42921259902127
A_baseline,factor_rank,20,1000000,0.07,0.15,32,False,0,0,0,0,59.36118196778064,15.818867182036623,-33.002926892704764,43.75,1593611.8196778065,later_2025,breakout_trend,312,77,2025-01-01,2025-12-31,-49.872165274274835,-59.44654754205247,36,109.23334724205547,26.443620649347707
A_baseline,ticker_ascending,20,3000000,0.07,0.15,29,False,0,0,0,0,205.15083023180517,42.13173666648884,-31.627372120807973,51.724137931034484,9154524.906954154,later_2025,breakout_trend,312,77,2025-01-01,2025-12-31,6.448087772644429,-27.205149433928334,22,198.70274245916073,-4.422222686879639
A_baseline,factor_rank,20,3000000,0.07,0.15,32,False,0,0,0,0,61.221310022874185,16.24321150761925,-33.25708779411762,43.75,4836639.300686225,later_2025,breakout_trend,312,77,2025-01-01,2025-12-31,-28.42961452632562,-48.27563369992397,37,89.6509245491998,15.018545905806349
A_baseline,ticker_ascending,20,10000000,0.07,0.15,29,False,0,0,0,0,213.53385121477226,43.350842842413414,-31.64219567445523,51.724137931034484,31353385.121477224,later_2025,breakout_trend,312,77,2025-01-01,2025-12-31,6.9184922509688995,-27.245799358154166,22,206.61535896380335,-4.396396316301065
A_baseline,factor_rank,20,10000000,0.07,0.15,32,False,0,0,0,0,62.79148112332453,16.598806822494726,-33.30395083605219,43.75,16279148.112332454,later_2025,breakout_trend,312,77,2025-01-01,2025-12-31,-30.136689613821556,-48.368454284838414,37,92.92817073714609,15.064503448786226
A_baseline,ticker_ascending,5,300000,0.07,0.15,50,False,0,0,0,0,281.6825297043634,52.51727329285445,-25.038569163313127,56.00000000000001,1145047.5891130902,later_2025,breakout_rvol_1_5,312,77,2025-01-01,2025-12-31,2.745576101094316,-46.84928168575379,57,278.93695360326905,21.81071252244066
A_baseline,factor_rank,5,300000,0.07,0.15,56,False,0,0,0,0,285.2364636921528,52.96339482354324,-24.44943251630064,57.14285714285714,1155709.3910764586,later_2025,breakout_rvol_1_5,312,77,2025-01-01,2025-12-31,34.69059479065877,-41.52573381192569,64,250.54586890149406,17.07630129562505
A_baseline,ticker_ascending,5,500000,0.07,0.15,51,False,0,0,0,0,258.8500517767997,49.58105736689367,-25.11781443354706,54.90196078431373,1794250.2588839985,later_2025,breakout_rvol_1_5,312,77,2025-01-01,2025-12-31,7.067803034675579,-47.15370040092428,57,251.78224874212412,22.03588596737722
A_baseline,factor_rank,5,500000,0.07,0.15,56,False,0,0,0,0,268.0750061462904,50.78235162156351,-24.725799275470493,57.14285714285714,1840375.030731452,later_2025,breakout_rvol_1_5,312,77,2025-01-01,2025-12-31,37.427812016163365,-40.71172674201833,64,230.64719413012702,15.985927466547835
A_baseline,ticker_ascending,5,1000000,0.07,0.15,51,False,0,0,0,0,261.0791061488895,49.87325016141069,-25.23633565443726,54.90196078431373,3610791.0614888947,later_2025,breakout_rvol_1_5,312,77,2025-01-01,2025-12-31,4.721380203409509,-47.31180180448057,57,256.35772594547996,22.075466150043308
A_baseline,factor_rank,5,1000000,0.07,0.15,56,False,0,0,0,0,281.9220926188202,52.54743457567053,-24.779489064422076,57.14285714285714,3819220.926188202,later_2025,breakout_rvol_1_5,312,77,2025-01-01,2025-12-31,45.42747905111306,-41.21989113108141,65,236.49461356770715,16.440402066659335
A_baseline,ticker_ascending,5,3000000,0.07,0.15,51,False,0,0,0,0,270.2938675843586,51.06821384143201,-25.25927955592353,54.90196078431373,11108816.02753076,later_2025,breakout_rvol_1_5,312,77,2025-01-01,2025-12-31,-24.632196460765932,-47.396725569656596,58,294.9260640451246,22.137446013733065
A_baseline,factor_rank,5,3000000,0.07,0.15,56,False,0,0,0,0,290.60672442962436,53.63220114421774,-24.884865098104193,57.14285714285714,11718201.73288873,later_2025,breakout_rvol_1_5,312,77,2025-01-01,2025-12-31,45.34426145417578,-41.545833403730846,65,245.26246297544859,16.660968305626653
A_baseline,ticker_ascending,5,10000000,0.07,0.15,51,False,0,0,0,0,272.909425846961,51.40368114954255,-25.278904581382555,54.90196078431373,37290942.5846961,later_2025,breakout_rvol_1_5,312,77,2025-01-01,2025-12-31,-24.92197323985279,-48.05340847526628,58,297.8313990868138,22.774503893883725
A_baseline,factor_rank,5,10000000,0.07,0.15,56,False,0,0,0,0,291.8928095876274,53.79143302754687,-24.93495273506854,57.14285714285714,39189280.95876274,later_2025,breakout_rvol_1_5,312,77,2025-01-01,2025-12-31,45.416779774793234,-41.73745212946328,65,246.47602981283418,16.80249939439474
A_baseline,ticker_ascending,10,300000,0.07,0.15,37,False,0,0,0,0,35.41528414872308,10.025681089181848,-31.54556818918963,45.94594594594595,406245.85244616924,later_2025,breakout_rvol_1_5,312,77,2025-01-01,2025-12-31,-52.974688495965964,-64.65532000211208,39,88.38997264468904,33.10975181292245
A_baseline,factor_rank,10,300000,0.07,0.15,37,False,0,0,0,0,36.73702810042574,10.362995148991704,-32.630585527108835,45.94594594594595,410211.08430127724,later_2025,breakout_rvol_1_5,312,77,2025-01-01,2025-12-31,-18.413372217844802,-51.172606674848886,48,55.15040031827054,18.54202114774005
A_baseline,ticker_ascending,10,500000,0.07,0.15,37,False,0,0,0,0,27.448159210607525,7.943145491933001,-31.557030550873442,45.94594594594595,637240.7960530376,later_2025,breakout_rvol_1_5,312,77,2025-01-01,2025-12-31,-52.26609134928197,-64.34499084319391,39,79.71425055988949,32.78796029232047
A_baseline,factor_rank,10,500000,0.07,0.15,37,False,0,0,0,0,29.81499992621601,8.57090796307065,-35.38229269216134,45.94594594594595,649074.9996310801,later_2025,breakout_rvol_1_5,312,77,2025-01-01,2025-12-31,-15.785498357547823,-51.199034504592035,48,45.600498283763834,15.816741812430692
A_baseline,ticker_ascending,10,1000000,0.07,0.15,37,False,0,0,0,0,33.78230765222647,9.605810976051043,-31.572240293484622,45.94594594594595,1337823.0765222646,later_2025,breakout_rvol_1_5,312,77,2025-01-01,2025-12-31,-73.93166029232432,-74.44194005996093,39,107.7139679445508,42.8696997664763
A_baseline,factor_rank,10,1000000,0.07,0.15,37,False,0,0,0,0,34.48984174758793,9.788160304857762,-33.17529907671619,45.94594594594595,1344898.4174758794,later_2025,breakout_rvol_1_5,312,77,2025-01-01,2025-12-31,-16.695774741950974,-51.28209686622305,48,51.1856164895389,18.106797789506857
A_baseline,ticker_ascending,10,3000000,0.07,0.15,38,False,0,0,0,0,68.44913207769432,17.86094149167896,-31.63217577766908,47.368421052631575,5053473.962330829,later_2025,breakout_rvol_1_5,312,77,2025-01-01,2025-12-31,-75.20730265468487,-75.6972084393162,39,143.65643473237918,44.06503266164712
A_baseline,factor_rank,10,3000000,0.07,0.15,37,False,0,0,0,0,35.67973469996155,10.093349728449642,-33.275155040269986,45.94594594594595,4070392.0409988468,later_2025,breakout_rvol_1_5,312,77,2025-01-01,2025-12-31,-18.840152262263732,-51.88211994909656,50,54.519886962225286,18.606964908826576
A_baseline,ticker_ascending,10,10000000,0.07,0.15,38,False,0,0,0,0,71.4299727897917,18.514272176264978,-31.639337698330284,47.368421052631575,17142997.27897917,later_2025,breakout_rvol_1_5,312,77,2025-01-01,2025-12-31,-76.77327930346922,-77.23310226416308,40,148.20325209326091,45.5937645658328
A_baseline,factor_rank,10,10000000,0.07,0.15,37,False,0,0,0,0,36.19362759671305,10.22458877611685,-33.30838183935817,45.94594594594595,13619362.759671306,later_2025,breakout_rvol_1_5,312,77,2025-01-01,2025-12-31,-18.249050754589312,-51.93574923792899,50,54.44267835130236,18.62736739857082
A_baseline,ticker_ascending,15,300000,0.07,0.15,30,False,0,0,0,0,82.29939724205944,20.832698574778895,-31.470831905826113,50.0,546898.1917261783,later_2025,breakout_rvol_1_5,312,77,2025-01-01,2025-12-31,12.837827602931773,-43.61369265038493,26,69.46156963912767,12.142860744558813
A_baseline,factor_rank,15,300000,0.07,0.15,34,False,0,0,0,0,109.67065035970708,26.278708847033382,-32.675349985338876,50.0,629011.9510791213,later_2025,breakout_rvol_1_5,312,77,2025-01-01,2025-12-31,-26.81799266221838,-59.869407583398,37,136.48864302192547,27.194057598059125
A_baseline,ticker_ascending,15,500000,0.07,0.15,30,False,0,0,0,0,86.19739568290119,21.64103850733461,-31.53306622699069,50.0,930986.978414506,later_2025,breakout_rvol_1_5,312,77,2025-01-01,2025-12-31,15.725849116717594,-43.54906137914328,26,70.47154656618359,12.015995152152591
A_baseline,factor_rank,15,500000,0.07,0.15,34,False,0,0,0,0,98.8741030854726,24.192294392076885,-32.89040283519085,50.0,994370.515427363,later_2025,breakout_rvol_1_5,312,77,2025-01-01,2025-12-31,-27.07077517017066,-60.2518109284779,37,125.94487825564326,27.361408093287054
A_baseline,ticker_ascending,15,1000000,0.07,0.15,30,False,0,0,0,0,131.88085352028418,30.349821578633396,-31.6159758525295,53.333333333333336,2318808.5352028417,later_2025,breakout_rvol_1_5,312,77,2025-01-01,2025-12-31,17.895631877487904,-43.62623357824048,26,113.98522164279628,12.010257725710982
A_baseline,factor_rank,15,1000000,0.07,0.15,34,False,0,0,0,0,106.21746319315832,25.61955837352816,-33.232801308692906,50.0,2062174.6319315834,later_2025,breakout_rvol_1_5,312,77,2025-01-01,2025-12-31,-28.934014053237366,-60.992222024273765,37,135.1514772463957,27.75942071558086
A_baseline,ticker_ascending,15,3000000,0.07,0.15,30,False,0,0,0,0,152.10229581967786,33.83011844762143,-31.626311188211876,53.333333333333336,7563068.874590335,later_2025,breakout_rvol_1_5,312,77,2025-01-01,2025-12-31,17.312630880422763,-43.70788390817714,26,134.7896649392551,12.081572719965262
A_baseline,factor_rank,15,3000000,0.07,0.15,34,False,0,0,0,0,111.18504664512021,26.56543526024557,-33.27384716574525,50.0,6335551.399353606,later_2025,breakout_rvol_1_5,312,77,2025-01-01,2025-12-31,2.0093923149409942,-44.13793209207848,38,109.17565433017921,10.864084926333227
A_baseline,ticker_ascending,15,10000000,0.07,0.15,30,False,0,0,0,0,161.07852314519442,35.313848048545715,-31.643345893816786,53.333333333333336,26107852.314519443,later_2025,breakout_rvol_1_5,312,77,2025-01-01,2025-12-31,17.494163861576027,-43.730468752032245,26,143.5843592836184,12.087122858215459
A_baseline,factor_rank,15,10000000,0.07,0.15,34,False,0,0,0,0,111.49274153985931,26.623520057653693,-33.31105555566868,50.0,21149274.15398593,later_2025,breakout_rvol_1_5,312,77,2025-01-01,2025-12-31,1.640125098867129,-44.42324828549996,38,109.85261644099218,11.112192729831278
A_baseline,ticker_ascending,20,300000,0.07,0.15,29,False,0,0,0,0,128.54412485311815,29.755768379948822,-31.420472694479574,48.275862068965516,685632.3745593545,later_2025,breakout_rvol_1_5,312,77,2025-01-01,2025-12-31,9.655537611132692,-25.73626177949704,22,118.88858724198546,-5.684210914982536
A_baseline,factor_rank,20,300000,0.07,0.15,32,False,0,0,0,0,56.406555459711825,15.13781002349912,-32.85288051312717,43.75,469219.66637913545,later_2025,breakout_rvol_1_5,312,77,2025-01-01,2025-12-31,-26.899096320523608,-46.74829564534415,36,83.30565178023544,13.895415132216982
A_baseline,ticker_ascending,20,500000,0.07,0.15,28,False,0,0,0,0,150.33542430298849,33.53381687301664,-31.557147366221393,50.0,1251677.1215149425,later_2025,breakout_rvol_1_5,312,77,2025-01-01,2025-12-31,8.24323356470753,-26.380438339970823,22,142.09219073828095,-5.17670902625057
A_baseline,factor_rank,20,500000,0.07,0.15,32,False,0,0,0,0,52.1222447030921,14.134422614074671,-33.060062136394244,43.75,760611.2235154605,later_2025,breakout_rvol_1_5,312,77,2025-01-01,2025-12-31,-49.732807174303076,-59.298370639551365,36,101.85505187739517,26.23830850315712
A_baseline,ticker_ascending,20,1000000,0.07,0.15,29,False,0,0,0,0,164.3955418016177,35.85329118503249,-31.617807818742726,51.724137931034484,2643955.4180161767,later_2025,breakout_rvol_1_5,312,77,2025-01-01,2025-12-31,7.381973513603124,-27.188595219721456,22,157.01356828801457,-4.42921259902127
A_baseline,factor_rank,20,1000000,0.07,0.15,32,False,0,0,0,0,59.36118196778064,15.818867182036623,-33.002926892704764,43.75,1593611.8196778065,later_2025,breakout_rvol_1_5,312,77,2025-01-01,2025-12-31,-49.872165274274835,-59.44654754205247,36,109.23334724205547,26.443620649347707
A_baseline,ticker_ascending,20,3000000,0.07,0.15,29,False,0,0,0,0,205.15083023180517,42.13173666648884,-31.627372120807973,51.724137931034484,9154524.906954154,later_2025,breakout_rvol_1_5,312,77,2025-01-01,2025-12-31,6.448087772644429,-27.205149433928334,22,198.70274245916073,-4.422222686879639
A_baseline,factor_rank,20,3000000,0.07,0.15,32,False,0,0,0,0,61.221310022874185,16.24321150761925,-33.25708779411762,43.75,4836639.300686225,later_2025,breakout_rvol_1_5,312,77,2025-01-01,2025-12-31,-28.42961452632562,-48.27563369992397,37,89.6509245491998,15.018545905806349
A_baseline,ticker_ascending,20,10000000,0.07,0.15,29,False,0,0,0,0,213.53385121477226,43.350842842413414,-31.64219567445523,51.724137931034484,31353385.121477224,later_2025,breakout_rvol_1_5,312,77,2025-01-01,2025-12-31,6.9184922509688995,-27.245799358154166,22,206.61535896380335,-4.396396316301065
A_baseline,factor_rank,20,10000000,0.07,0.15,32,False,0,0,0,0,62.79148112332453,16.598806822494726,-33.30395083605219,43.75,16279148.112332454,later_2025,breakout_rvol_1_5,312,77,2025-01-01,2025-12-31,-30.136689613821556,-48.368454284838414,37,92.92817073714609,15.064503448786226
A_baseline,ticker_ascending,5,300000,0.07,0.15,57,False,0,0,0,0,59.159425016572186,15.77263754992928,-31.685666306862835,50.877192982456144,477478.2750497166,later_2025,trend_positive_20d,649,89,2025-01-01,2025-12-31,2.745576101094316,-46.84928168575379,57,56.41384891547787,15.163615378890952
A_baseline,factor_rank,5,300000,0.07,0.15,63,False,0,0,0,0,-2.125343909570754,-0.6747194930514122,-46.36131094726016,42.857142857142854,293623.96827128774,later_2025,trend_positive_20d,649,89,2025-01-01,2025-12-31,34.69059479065877,-41.52573381192569,64,-36.81593870022952,-4.835577135334468
A_baseline,ticker_ascending,5,500000,0.07,0.15,57,False,0,0,0,0,61.98675685955833,16.41685647920683,-32.30274085343986,50.877192982456144,809933.7842977917,later_2025,trend_positive_20d,649,89,2025-01-01,2025-12-31,7.067803034675579,-47.15370040092428,57,54.91895382488275,14.850959547484422
A_baseline,factor_rank,5,500000,0.07,0.15,63,False,0,0,0,0,-2.1147164451997713,-0.6713208163814932,-47.18099740976728,42.857142857142854,489426.41777400114,later_2025,trend_positive_20d,649,89,2025-01-01,2025-12-31,37.427812016163365,-40.71172674201833,64,-39.54252846136313,-6.469270667748951
A_baseline,ticker_ascending,5,1000000,0.07,0.15,58,False,0,0,0,0,50.38377888720393,13.721751543618034,-34.50752313910408,50.0,1503837.7888720394,later_2025,trend_positive_20d,649,89,2025-01-01,2025-12-31,4.721380203409509,-47.31180180448057,57,45.66239868379442,12.804278665376486
A_baseline,factor_rank,5,1000000,0.07,0.15,63,False,0,0,0,0,-0.5580371535730433,-0.17619825454697757,-47.28659626573371,42.857142857142854,994419.6284642696,later_2025,trend_positive_20d,649,89,2025-01-01,2025-12-31,45.42747905111306,-41.21989113108141,65,-45.98551620468611,-6.066705134652302
A_baseline,ticker_ascending,5,3000000,0.07,0.15,58,False,0,0,0,0,51.06535415518341,13.88392894443955,-36.336501937563995,50.0,4531960.624655502,later_2025,trend_positive_20d,649,89,2025-01-01,2025-12-31,-24.632196460765932,-47.396725569656596,58,75.69755061594934,11.060223632092601
A_baseline,factor_rank,5,3000000,0.07,0.15,64,False,0,0,0,0,-6.8065625466503965,-2.197035052609564,-47.82561717604714,40.625,2795803.123600488,later_2025,trend_positive_20d,649,89,2025-01-01,2025-12-31,45.34426145417578,-41.545833403730846,65,-52.15082400082618,-6.279783772316293
A_baseline,ticker_ascending,5,10000000,0.07,0.15,58,False,0,0,0,0,58.568119290961704,15.636916958138226,-36.19850229691058,50.0,15856811.929096172,later_2025,trend_positive_20d,649,89,2025-01-01,2025-12-31,-24.92197323985279,-48.05340847526628,58,83.4900925308145,11.854906178355698
A_baseline,factor_rank,5,10000000,0.07,0.15,64,False,0,0,0,0,-5.78229081383318,-1.8595448752592447,-47.96896709555929,40.625,9421770.918616682,later_2025,trend_positive_20d,649,89,2025-01-01,2025-12-31,45.416779774793234,-41.73745212946328,65,-51.19907058862641,-6.2315149660960145
A_baseline,ticker_ascending,10,300000,0.07,0.15,39,False,0,0,0,0,92.5803496560277,22.94002280918881,-28.43631711612692,48.717948717948715,577741.0489680831,later_2025,trend_positive_20d,649,89,2025-01-01,2025-12-31,-52.974688495965964,-64.65532000211208,39,145.55503815199367,36.21900288598516
A_baseline,factor_rank,10,300000,0.07,0.15,44,False,0,0,0,0,-32.786261882095815,-11.768284810637153,-42.52060961977345,36.36363636363637,201641.21435371257,later_2025,trend_positive_20d,649,89,2025-01-01,2025-12-31,-18.413372217844802,-51.172606674848886,48,-14.372889664251012,8.651997055075434
A_baseline,ticker_ascending,10,500000,0.07,0.15,39,False,0,0,0,0,93.39527475748662,23.103733686431703,-28.539296998731878,48.717948717948715,966976.373787433,later_2025,trend_positive_20d,649,89,2025-01-01,2025-12-31,-52.26609134928197,-64.34499084319391,39,145.66136610676858,35.805693844462034
A_baseline,factor_rank,10,500000,0.07,0.15,44,False,0,0,0,0,-32.18202402209837,-11.519084175181515,-41.839681504204776,36.36363636363637,339089.8798895082,later_2025,trend_positive_20d,649,89,2025-01-01,2025-12-31,-15.785498357547823,-51.199034504592035,48,-16.396525664550545,9.359353000387259
A_baseline,ticker_ascending,10,1000000,0.07,0.15,42,False,0,0,0,0,5.238164194001715,1.6219992449330256,-55.766699521103206,42.857142857142854,1052381.6419400172,later_2025,trend_positive_20d,649,89,2025-01-01,2025-12-31,-73.93166029232432,-74.44194005996093,39,79.16982448632604,18.67524053885772
A_baseline,factor_rank,10,1000000,0.07,0.15,44,False,0,0,0,0,-34.15176967322573,-12.337154989234733,-43.54946072988073,36.36363636363637,658482.3032677427,later_2025,trend_positive_20d,649,89,2025-01-01,2025-12-31,-16.695774741950974,-51.28209686622305,48,-17.455994931274756,7.732636136342322
A_baseline,ticker_ascending,10,3000000,0.07,0.15,42,False,0,0,0,0,9.99108073880226,3.0465581811317755,-54.261042476644164,42.857142857142854,3299732.4221640676,later_2025,trend_positive_20d,649,89,2025-01-01,2025-12-31,-75.20730265468487,-75.6972084393162,39,85.19838339348712,21.436165962672035
A_baseline,factor_rank,10,3000000,0.07,0.15,43,False,0,0,0,0,-26.854102793645218,-9.384914097248853,-36.509632460206355,37.2093023255814,2194376.9161906433,later_2025,trend_positive_20d,649,89,2025-01-01,2025-12-31,-18.840152262263732,-51.88211994909656,50,-8.013950531381486,15.372487488890208
A_baseline,ticker_ascending,10,10000000,0.07,0.15,42,False,0,0,0,0,7.539247249464176,2.3170703673812243,-55.27346663844702,42.857142857142854,10753924.724946417,later_2025,trend_positive_20d,649,89,2025-01-01,2025-12-31,-76.77327930346922,-77.23310226416308,40,84.3125265529334,21.95963562571606
A_baseline,factor_rank,10,10000000,0.07,0.15,43,False,0,0,0,0,-29.29786326293533,-10.350098978081023,-36.89392565609938,37.2093023255814,7070213.673706467,later_2025,trend_positive_20d,649,89,2025-01-01,2025-12-31,-18.249050754589312,-51.93574923792899,50,-11.048812508346018,15.041823581829611
A_baseline,ticker_ascending,15,300000,0.07,0.15,27,False,0,0,0,0,94.8840626328773,23.401601496397806,-32.349565054449414,51.85185185185185,584652.1878986319,later_2025,trend_positive_20d,649,89,2025-01-01,2025-12-31,12.837827602931773,-43.61369265038493,26,82.04623502994554,11.264127595935513
A_baseline,factor_rank,15,300000,0.07,0.15,32,False,0,0,0,0,106.78073085650372,25.727589190167244,-33.44716928325414,43.75,620342.1925695111,later_2025,trend_positive_20d,649,89,2025-01-01,2025-12-31,-26.81799266221838,-59.869407583398,37,133.5987235187221,26.42223830014386
A_baseline,ticker_ascending,15,500000,0.07,0.15,27,False,0,0,0,0,97.6377455164547,23.948460496083722,-32.29165468490868,51.85185185185185,988188.7275822735,later_2025,trend_positive_20d,649,89,2025-01-01,2025-12-31,15.725849116717594,-43.54906137914328,26,81.9118963997371,11.257406694234604
A_baseline,factor_rank,15,500000,0.07,0.15,32,False,0,0,0,0,105.90177991319845,25.55892412713736,-33.561138224032184,43.75,1029508.8995659923,later_2025,trend_positive_20d,649,89,2025-01-01,2025-12-31,-27.07077517017066,-60.2518109284779,37,132.97255508336912,26.690672704445717
A_baseline,ticker_ascending,15,1000000,0.07,0.15,32,False,0,0,0,0,57.17801253476424,15.316479126639848,-46.14984098836429,46.875,1571780.1253476425,later_2025,trend_positive_20d,649,89,2025-01-01,2025-12-31,17.895631877487904,-43.62623357824048,26,39.282380657276335,-2.523607410123809
A_baseline,factor_rank,15,1000000,0.07,0.15,32,False,0,0,0,0,107.14011102802701,25.796410531755164,-33.57897589494067,43.75,2071401.11028027,later_2025,trend_positive_20d,649,89,2025-01-01,2025-12-31,-28.934014053237366,-60.992222024273765,37,136.07412508126438,27.413246129333096
A_baseline,ticker_ascending,15,3000000,0.07,0.15,32,False,0,0,0,0,28.788193356106916,8.299536629021919,-46.469892426155766,43.75,3863645.8006832073,later_2025,trend_positive_20d,649,89,2025-01-01,2025-12-31,17.312630880422763,-43.70788390817714,26,11.475562475684153,-2.7620085179786287
A_baseline,factor_rank,15,3000000,0.07,0.15,32,False,0,0,0,0,107.22880379072879,25.813382622702406,-33.638519518015464,43.75,6216864.113721864,later_2025,trend_positive_20d,649,89,2025-01-01,2025-12-31,2.0093923149409942,-44.13793209207848,38,105.2194114757878,10.499412574063015
A_baseline,ticker_ascending,15,10000000,0.07,0.15,32,False,0,0,0,0,27.22665624831835,7.883988447298074,-46.98362160640538,43.75,12722665.624831835,later_2025,trend_positive_20d,649,89,2025-01-01,2025-12-31,17.494163861576027,-43.730468752032245,26,9.732492386742322,-3.253152854373134
A_baseline,factor_rank,15,10000000,0.07,0.15,32,False,0,0,0,0,107.28105110997635,25.82337824941088,-33.68049175723434,43.75,20728105.110997636,later_2025,trend_positive_20d,649,89,2025-01-01,2025-12-31,1.640125098867129,-44.42324828549996,38,105.64092601110922,10.742756528265616
A_baseline,ticker_ascending,20,300000,0.07,0.15,23,False,0,0,0,0,33.06168228286772,9.419407510096601,-33.397425574707704,43.47826086956522,399185.0468486032,later_2025,trend_positive_20d,649,89,2025-01-01,2025-12-31,9.655537611132692,-25.73626177949704,22,23.406144671735028,-7.6611637952106655
A_baseline,factor_rank,20,300000,0.07,0.15,26,False,0,0,0,0,-17.182273317588493,-5.76826557340212,-40.01751117779763,30.76923076923077,248453.18004723452,later_2025,trend_positive_20d,649,89,2025-01-01,2025-12-31,-26.899096320523608,-46.74829564534415,36,9.716823002935115,6.7307844675465205
A_baseline,ticker_ascending,20,500000,0.07,0.15,23,False,0,0,0,0,32.575579075857306,9.293276844268616,-34.00764544694247,43.47826086956522,662877.8953792865,later_2025,trend_positive_20d,649,89,2025-01-01,2025-12-31,8.24323356470753,-26.380438339970823,22,24.332345511149775,-7.627207106971646
A_baseline,factor_rank,20,500000,0.07,0.15,26,False,0,0,0,0,-17.856430040901362,-6.01067861457426,-40.70200726026756,30.76923076923077,410717.8497954932,later_2025,trend_positive_20d,649,89,2025-01-01,2025-12-31,-49.732807174303076,-59.298370639551365,36,31.876377133401714,18.596363379283808
A_baseline,ticker_ascending,20,1000000,0.07,0.15,23,False,0,0,0,0,31.76928927187617,9.083366195353083,-34.54503337948165,43.47826086956522,1317692.8927187617,later_2025,trend_positive_20d,649,89,2025-01-01,2025-12-31,7.381973513603124,-27.188595219721456,22,24.387315758273044,-7.356438159760195
A_baseline,factor_rank,20,1000000,0.07,0.15,26,False,0,0,0,0,-18.61300574479379,-6.284355927027285,-40.568057214878536,30.76923076923077,813869.9425520621,later_2025,trend_positive_20d,649,89,2025-01-01,2025-12-31,-49.872165274274835,-59.44654754205247,36,31.259159529481046,18.878490327173935
A_baseline,ticker_ascending,20,3000000,0.07,0.15,23,False,0,0,0,0,33.367957908908274,9.49871579816488,-34.61596716665378,43.47826086956522,4001038.7372672483,later_2025,trend_positive_20d,649,89,2025-01-01,2025-12-31,6.448087772644429,-27.205149433928334,22,26.919870136263846,-7.410817732725448
A_baseline,factor_rank,20,3000000,0.07,0.15,26,False,0,0,0,0,-18.329990273530793,-6.18177712821375,-40.64402933492731,30.76923076923077,2450100.291794076,later_2025,trend_positive_20d,649,89,2025-01-01,2025-12-31,-28.42961452632562,-48.27563369992397,37,10.099624252794825,7.631604364996662
A_baseline,ticker_ascending,20,10000000,0.07,0.15,23,False,0,0,0,0,33.311376705465065,9.484073825357232,-34.709633063684656,43.47826086956522,13331137.670546507,later_2025,trend_positive_20d,649,89,2025-01-01,2025-12-31,6.9184922509688995,-27.245799358154166,22,26.392884454496166,-7.46383370553049
A_baseline,factor_rank,20,10000000,0.07,0.15,26,False,0,0,0,0,-18.474851817846773,-6.234251646331989,-40.652439780045434,30.76923076923077,8152514.818215323,later_2025,trend_positive_20d,649,89,2025-01-01,2025-12-31,-30.136689613821556,-48.368454284838414,37,11.661837795974783,7.71601450479298
A_baseline,ticker_ascending,5,300000,0.07,0.15,52,False,0,0,0,0,-32.1426772092842,-11.502909525972594,-39.2815823804035,40.38461538461539,203571.9683721474,later_2025,trend_not_extended_10pct,434,79,2025-01-01,2025-12-31,2.745576101094316,-46.84928168575379,57,-34.888253310378516,7.567699305350288
A_baseline,factor_rank,5,300000,0.07,0.15,51,False,0,0,0,0,-17.583922980081944,-5.912527152698511,-32.051077875862966,43.13725490196079,247248.23105975418,later_2025,trend_not_extended_10pct,434,79,2025-01-01,2025-12-31,34.69059479065877,-41.52573381192569,64,-52.274517770740715,9.474655936062724
A_baseline,ticker_ascending,5,500000,0.07,0.15,52,False,0,0,0,0,-35.272585302724046,-12.810154524035733,-39.25155780423773,40.38461538461539,323637.07348637976,later_2025,trend_not_extended_10pct,434,79,2025-01-01,2025-12-31,7.067803034675579,-47.15370040092428,57,-42.340388337399624,7.902142596686552
A_baseline,factor_rank,5,500000,0.07,0.15,51,False,0,0,0,0,-15.944939652635037,-5.326838993527283,-30.627954059892804,43.13725490196079,420275.3017368248,later_2025,trend_not_extended_10pct,434,79,2025-01-01,2025-12-31,37.427812016163365,-40.71172674201833,64,-53.3727516687984,10.083772682125524
A_baseline,ticker_ascending,5,1000000,0.07,0.15,52,False,0,0,0,0,-33.72572365462256,-12.158804226486097,-39.41875098936002,40.38461538461539,662742.7634537744,later_2025,trend_not_extended_10pct,434,79,2025-01-01,2025-12-31,4.721380203409509,-47.31180180448057,57,-38.44710385803207,7.893050815120546
A_baseline,factor_rank,5,1000000,0.07,0.15,51,False,0,0,0,0,-16.333532099104453,-5.464989639664742,-30.202272772613416,43.13725490196079,836664.6790089555,later_2025,trend_not_extended_10pct,434,79,2025-01-01,2025-12-31,45.42747905111306,-41.21989113108141,65,-61.76101115021751,11.017618358467995
A_baseline,ticker_ascending,5,3000000,0.07,0.15,52,False,0,0,0,0,-33.448534495593876,-12.043188930864313,-39.67640115340342,40.38461538461539,1996543.9651321839,later_2025,trend_not_extended_10pct,434,79,2025-01-01,2025-12-31,-24.632196460765932,-47.396725569656596,58,-8.816338034827943,7.7203244162531774
A_baseline,factor_rank,5,3000000,0.07,0.15,51,False,0,0,0,0,-16.933246976774264,-5.679062605238283,-30.269304986472367,43.13725490196079,2492002.590696772,later_2025,trend_not_extended_10pct,434,79,2025-01-01,2025-12-31,45.34426145417578,-41.545833403730846,65,-62.27750843095004,11.27652841725848
A_baseline,ticker_ascending,5,10000000,0.07,0.15,52,False,0,0,0,0,-33.2949820155663,-11.979284251775857,-39.755605020411686,40.38461538461539,6670501.7984433705,later_2025,trend_not_extended_10pct,434,79,2025-01-01,2025-12-31,-24.92197323985279,-48.05340847526628,58,-8.373008775713508,8.297803454854595
A_baseline,factor_rank,5,10000000,0.07,0.15,51,False,0,0,0,0,-16.85773408150144,-5.652049554087313,-30.221067476794204,43.13725490196079,8314226.591849856,later_2025,trend_not_extended_10pct,434,79,2025-01-01,2025-12-31,45.416779774793234,-41.73745212946328,65,-62.274513856294675,11.516384652669075
A_baseline,ticker_ascending,10,300000,0.07,0.15,33,False,0,0,0,0,11.866608993006423,3.5970961869737472,-22.394993850994727,48.484848484848484,335599.8269790193,later_2025,trend_not_extended_10pct,434,79,2025-01-01,2025-12-31,-52.974688495965964,-64.65532000211208,39,64.84129748897239,42.260326151117354
A_baseline,factor_rank,10,300000,0.07,0.15,31,False,0,0,0,0,-1.6686991119489347,-0.5289111855395601,-40.294650388969345,45.16129032258064,294993.9026641532,later_2025,trend_not_extended_10pct,434,79,2025-01-01,2025-12-31,-18.413372217844802,-51.172606674848886,48,16.744673105895867,10.877956285879542
A_baseline,ticker_ascending,10,500000,0.07,0.15,33,False,0,0,0,0,12.394961150291973,3.7510449789000866,-23.017462561064683,48.484848484848484,561974.8057514599,later_2025,trend_not_extended_10pct,434,79,2025-01-01,2025-12-31,-52.26609134928197,-64.34499084319391,39,64.66105249957394,41.32752828212923
A_baseline,factor_rank,10,500000,0.07,0.15,31,False,0,0,0,0,-1.0692731216656592,-0.3382145498294742,-41.10859514692186,45.16129032258064,494653.6343916717,later_2025,trend_not_extended_10pct,434,79,2025-01-01,2025-12-31,-15.785498357547823,-51.199034504592035,48,14.716225235882163,10.090439357670178
A_baseline,ticker_ascending,10,1000000,0.07,0.15,33,False,0,0,0,0,12.148222391376716,3.6792132111781006,-23.563360797918477,48.484848484848484,1121482.2239137671,later_2025,trend_not_extended_10pct,434,79,2025-01-01,2025-12-31,-73.93166029232432,-74.44194005996093,39,86.07988268370104,50.87857926204245
A_baseline,factor_rank,10,1000000,0.07,0.15,31,False,0,0,0,0,-2.3423699154555,-0.7441800341342786,-41.93066851344882,45.16129032258064,976576.300845445,later_2025,trend_not_extended_10pct,434,79,2025-01-01,2025-12-31,-16.695774741950974,-51.28209686622305,48,14.353404826495474,9.351428352774228
A_baseline,ticker_ascending,10,3000000,0.07,0.15,33,False,0,0,0,0,-10.11652906540238,-3.3053259830057025,-26.476545204873712,45.45454545454545,2696504.1280379286,later_2025,trend_not_extended_10pct,434,79,2025-01-01,2025-12-31,-75.20730265468487,-75.6972084393162,39,65.09077358928249,49.22066323444248
A_baseline,factor_rank,10,3000000,0.07,0.15,31,False,0,0,0,0,-2.342336960659286,-0.7441694787227671,-42.716565140773334,45.16129032258064,2929729.8911802215,later_2025,trend_not_extended_10pct,434,79,2025-01-01,2025-12-31,-18.840152262263732,-51.88211994909656,50,16.497815301604447,9.165554808323229
A_baseline,ticker_ascending,10,10000000,0.07,0.15,33,False,0,0,0,0,-9.718299349144422,-3.170521161590889,-26.99372613615072,45.45454545454545,9028170.065085558,later_2025,trend_not_extended_10pct,434,79,2025-01-01,2025-12-31,-76.77327930346922,-77.23310226416308,40,67.0549799543248,50.23937612801236
A_baseline,factor_rank,10,10000000,0.07,0.15,31,False,0,0,0,0,-2.4249469456318784,-0.7706370976844568,-42.7588744794467,45.16129032258064,9757505.305436812,later_2025,trend_not_extended_10pct,434,79,2025-01-01,2025-12-31,-18.249050754589312,-51.93574923792899,50,15.824103808957434,9.176874758482285
A_baseline,ticker_ascending,15,300000,0.07,0.15,25,False,0,0,0,0,-5.685612978715349,-1.8278202357693507,-27.111677970103177,44.0,282943.16106385394,later_2025,trend_not_extended_10pct,434,79,2025-01-01,2025-12-31,12.837827602931773,-43.61369265038493,26,-18.523440581647122,16.50201468028175
A_baseline,factor_rank,15,300000,0.07,0.15,23,False,0,0,0,0,61.6416199572525,16.33863038143968,-26.66406307315887,56.52173913043478,484924.8598717575,later_2025,trend_not_extended_10pct,434,79,2025-01-01,2025-12-31,-26.81799266221838,-59.869407583398,37,88.45961261947087,33.20534451023913
A_baseline,ticker_ascending,15,500000,0.07,0.15,25,False,0,0,0,0,-5.480588200193759,-1.760615385404929,-27.774619454687944,44.0,472597.0589990312,later_2025,trend_not_extended_10pct,434,79,2025-01-01,2025-12-31,15.725849116717594,-43.54906137914328,26,-21.206437316911355,15.774441924455338
A_baseline,factor_rank,15,500000,0.07,0.15,23,False,0,0,0,0,61.806685294569384,16.37605708871328,-26.67374644866718,56.52173913043478,809033.4264728469,later_2025,trend_not_extended_10pct,434,79,2025-01-01,2025-12-31,-27.07077517017066,-60.2518109284779,37,88.87746046474004,33.57806447981072
A_baseline,ticker_ascending,15,1000000,0.07,0.15,25,False,0,0,0,0,-6.991874419378674,-2.25836501066915,-28.260281508852003,44.0,930081.2558062132,later_2025,trend_not_extended_10pct,434,79,2025-01-01,2025-12-31,17.895631877487904,-43.62623357824048,26,-24.88750629686658,15.365952069388477
A_baseline,factor_rank,15,1000000,0.07,0.15,23,False,0,0,0,0,61.74046355861498,16.36104519775843,-27.021904279055832,56.52173913043478,1617404.6355861498,later_2025,trend_not_extended_10pct,434,79,2025-01-01,2025-12-31,-28.934014053237366,-60.992222024273765,37,90.67447761185234,33.97031774521793
A_baseline,ticker_ascending,15,3000000,0.07,0.15,25,False,0,0,0,0,-6.929584173697578,-2.2377403901169934,-28.490614076238675,44.0,2792112.4747890728,later_2025,trend_not_extended_10pct,434,79,2025-01-01,2025-12-31,17.312630880422763,-43.70788390817714,26,-24.24221505412034,15.217269831938463
A_baseline,factor_rank,15,3000000,0.07,0.15,23,False,0,0,0,0,62.26882421115234,16.48070299261535,-27.052981719963043,56.52173913043478,4868064.72633457,later_2025,trend_not_extended_10pct,434,79,2025-01-01,2025-12-31,2.0093923149409942,-44.13793209207848,38,60.259431896211346,17.084950372115436
A_baseline,ticker_ascending,15,10000000,0.07,0.15,25,False,0,0,0,0,-7.080783430228344,-2.287819635027988,-28.591671325099377,44.0,9291921.656977165,later_2025,trend_not_extended_10pct,434,79,2025-01-01,2025-12-31,17.494163861576027,-43.730468752032245,26,-24.57494729180437,15.138797426932868
A_baseline,factor_rank,15,10000000,0.07,0.15,23,False,0,0,0,0,62.499574754169515,16.532877343530238,-27.08450957731422,56.52173913043478,16249957.47541695,later_2025,trend_not_extended_10pct,434,79,2025-01-01,2025-12-31,1.640125098867129,-44.42324828549996,38,60.859449655302384,17.33873870818574
A_baseline,ticker_ascending,20,300000,0.07,0.15,17,False,0,0,0,0,33.153284002086814,9.44314033374727,-33.653849093808056,41.17647058823529,399459.8520062604,later_2025,trend_not_extended_10pct,434,79,2025-01-01,2025-12-31,9.655537611132692,-25.73626177949704,22,23.49774639095412,-7.917587314311017
A_baseline,factor_rank,20,300000,0.07,0.15,23,False,0,0,0,0,-28.4980104539864,-10.031709204677263,-46.01180403650683,30.434782608695656,214505.9686380408,later_2025,trend_not_extended_10pct,434,79,2025-01-01,2025-12-31,-26.899096320523608,-46.74829564534415,36,-1.5989141334627917,0.7364916088373192
A_baseline,ticker_ascending,20,500000,0.07,0.15,17,False,0,0,0,0,35.015691430561844,9.923259837499154,-34.210281310845225,41.17647058823529,675078.4571528092,later_2025,trend_not_extended_10pct,434,79,2025-01-01,2025-12-31,8.24323356470753,-26.380438339970823,22,26.772457865854314,-7.829842970874402
A_baseline,factor_rank,20,500000,0.07,0.15,23,False,0,0,0,0,-28.665194082975542,-10.098055995141952,-47.03822878214772,30.434782608695656,356674.0295851223,later_2025,trend_not_extended_10pct,434,79,2025-01-01,2025-12-31,-49.732807174303076,-59.298370639551365,36,21.067613091327534,12.260141857403646
A_baseline,ticker_ascending,20,1000000,0.07,0.15,17,False,0,0,0,0,38.3900109705539,10.781714592953474,-34.3203985210431,41.17647058823529,1383900.109705539,later_2025,trend_not_extended_10pct,434,79,2025-01-01,2025-12-31,7.381973513603124,-27.188595219721456,22,31.008037456950778,-7.131803301321646
A_baseline,factor_rank,20,1000000,0.07,0.15,23,False,0,0,0,0,-27.848796410363175,-9.775071467124663,-47.8286222630153,30.434782608695656,721512.0358963682,later_2025,trend_not_extended_10pct,434,79,2025-01-01,2025-12-31,-49.872165274274835,-59.44654754205247,36,22.02336886391166,11.617925279037173
A_baseline,ticker_ascending,20,3000000,0.07,0.15,17,False,0,0,0,0,12.547258987422993,3.7953287662549684,-34.946383074935305,35.294117647058826,3376417.7696226896,later_2025,trend_not_extended_10pct,434,79,2025-01-01,2025-12-31,6.448087772644429,-27.205149433928334,22,6.099171214778564,-7.741233641006971
A_baseline,factor_rank,20,3000000,0.07,0.15,23,False,0,0,0,0,-27.87584369756868,-9.785731762167305,-47.87084272711423,30.434782608695656,2163724.6890729396,later_2025,trend_not_extended_10pct,434,79,2025-01-01,2025-12-31,-28.42961452632562,-48.27563369992397,37,0.5537708287569387,0.4047909728097423
A_baseline,ticker_ascending,20,10000000,0.07,0.15,17,False,0,0,0,0,12.028902571925059,3.6444374243127964,-35.2518306131234,35.294117647058826,11202890.257192506,later_2025,trend_not_extended_10pct,434,79,2025-01-01,2025-12-31,6.9184922509688995,-27.245799358154166,22,5.110410320956159,-8.006031254969237
A_baseline,factor_rank,20,10000000,0.07,0.15,23,False,0,0,0,0,-28.428895096059414,-10.004311826980194,-48.27274461501191,30.434782608695656,7157110.490394059,later_2025,trend_not_extended_10pct,434,79,2025-01-01,2025-12-31,-30.136689613821556,-48.368454284838414,37,1.7077945177621423,0.09570966982650475
