period,rule,hold,selection,arm,strategy,capital,ticker,signal_id,entry_date,exit_date,entry_fill,exit_fill,shares,exit_reason,net_pnl,net_return_pct,variant,dip_threshold_pct,add_executed,entry_tranches,entry_cost,exit_proceeds
development_2023_2024,pullback,5,ticker_ascending,all_in,A_baseline,1000000,114090,114090:2023-01-02,2023-01-03,2023-01-10,18768.749999999996,19030.95,53,time_open,12394.061925000278,1.245021478646291,,,,,,
development_2023_2024,pullback,5,ticker_ascending,all_in,A_baseline,1000000,114090,114090:2023-01-09,2023-01-10,2023-01-17,19069.05,19180.8,53,time_open,4402.318462499999,0.43526217734144446,,,,,,
development_2023_2024,pullback,5,ticker_ascending,all_in,A_baseline,1000000,011170,011170:2023-01-16,2023-01-17,2023-01-26,184183.99999999997,184215.6,5,time_open,-1223.498499999987,-0.13275654387211455,,,,,,
development_2023_2024,pullback,5,ticker_ascending,all_in,A_baseline,1000000,326030,326030:2023-01-25,2023-01-26,2023-02-02,74274.2,72027.9,13,time_open,-30628.345475000096,-3.169688639312851,,,,,,
development_2023_2024,pullback,5,ticker_ascending,all_in,A_baseline,1000000,006800,006800:2023-02-01,2023-02-02,2023-02-09,6975.968999999999,6982.011,141,time_open,-624.1343849998666,-0.0634057809643429,,,,,,
development_2023_2024,pullback,5,ticker_ascending,all_in,A_baseline,1000000,006800,006800:2023-02-08,2023-02-09,2023-02-16,6995.989,6982.011,140,time_open,-3424.609999999986,-0.3493883084190297,,,,,,
development_2023_2024,pullback,5,ticker_ascending,all_in,A_baseline,1000000,073640,073640:2023-02-15,2023-02-16,2023-02-23,2362.3599999999997,2292.705,414,time_open,-30282.567682499997,-3.0940026134837706,,,,,,
development_2023_2024,pullback,5,ticker_ascending,all_in,A_baseline,1000000,001130,001130:2023-02-22,2023-02-23,2023-03-03,15155.139999999998,15424.56,62,time_open,15282.083950000117,1.6251944859980272,,,,,,
development_2023_2024,pullback,5,ticker_ascending,all_in,A_baseline,1000000,002700,002700:2023-03-02,2023-03-03,2023-03-10,2172.1699999999996,2152.845,444,time_open,-10020.52999499999,-1.0382174214944806,,,,,,
development_2023_2024,pullback,5,ticker_ascending,all_in,A_baseline,1000000,000430,000430:2023-03-09,2023-03-10,2023-03-13,3463.4599999999996,3217.796782199999,275,stop_intraday,-68935.39410632884,-7.232256057956543,,,,,,
development_2023_2024,pullback,5,ticker_ascending,all_in,A_baseline,1000000,001460,001460:2023-03-13,2023-03-14,2023-03-21,48548.49999999999,51948.0,18,time_open,59834.29725000006,6.841892947674455,,,,,,
development_2023_2024,pullback,5,ticker_ascending,all_in,A_baseline,1000000,004100,004100:2023-03-20,2023-03-21,2023-03-23,1751.7499999999998,1627.4983724999995,540,stop_intraday,-68464.47444086266,-7.232256057956555,,,,,,
development_2023_2024,pullback,5,ticker_ascending,all_in,A_baseline,1000000,265520,265520:2023-03-23,2023-03-24,2023-03-31,20970.949999999997,23176.8,41,time_open,89082.3066875001,10.352944689483468,,,,,,
development_2023_2024,pullback,5,ticker_ascending,all_in,A_baseline,1000000,004100,004100:2023-03-30,2023-03-31,2023-04-07,1776.7749999999999,1820.178,544,time_open,22143.67517599999,2.2892476067946532,,,,,,
development_2023_2024,pullback,5,ticker_ascending,all_in,A_baseline,1000000,004360,004360:2023-04-06,2023-04-07,2023-04-14,45845.799999999996,45254.7,21,time_open,-13847.93287499994,-1.4372770823445902,,,,,,
development_2023_2024,pullback,5,ticker_ascending,all_in,A_baseline,1000000,015860,015860:2023-04-13,2023-04-14,2023-04-21,4974.969999999999,4995.0,195,time_open,2447.741887500044,0.2521244382102328,,,,,,
development_2023_2024,pullback,5,ticker_ascending,all_in,A_baseline,1000000,053350,053350:2023-04-20,2023-04-21,2023-04-24,4704.7,4370.995628999999,207,stop_intraday,-70485.80654340237,-7.232256057956543,,,,,,
development_2023_2024,pullback,5,ticker_ascending,all_in,A_baseline,1000000,099220,099220:2023-04-24,2023-04-25,2023-04-26,21771.749999999996,20227.479772499995,41,stop_intraday,-64606.5556430046,-7.232256057956555,,,,,,
development_2023_2024,pullback,5,ticker_ascending,all_in,A_baseline,1000000,000430,000430:2023-04-28,2023-05-02,2023-05-10,4119.115,4290.705,204,time_open,33717.65753999993,4.009569189633111,,,,,,
development_2023_2024,pullback,5,ticker_ascending,all_in,A_baseline,1000000,067570,067570:2023-05-09,2023-05-10,2023-05-12,3957.9539999999997,4547.095452899999,221,take_intraday,128790.54914408165,14.712801648763406,,,,,,
development_2023_2024,pullback,5,ticker_ascending,all_in,A_baseline,1000000,064850,064850:2023-05-15,2023-05-16,2023-05-23,8298.289999999999,7952.04,121,time_open,-43370.96744749998,-4.316179847408385,,,,,,
development_2023_2024,pullback,5,ticker_ascending,all_in,A_baseline,1000000,319400,319400:2023-05-22,2023-05-23,2023-05-25,5004.999999999999,4649.995349999998,192,stop_intraday,-69551.2121304,-7.232256057956532,,,,,,
development_2023_2024,pullback,5,ticker_ascending,all_in,A_baseline,1000000,119650,119650:2023-05-25,2023-05-26,2023-05-30,7271.263999999999,6755.513244479999,122,stop_intraday,-64205.04229130992,-7.232256057956532,,,,,,
development_2023_2024,pullback,5,ticker_ascending,all_in,A_baseline,1000000,015360,015360:2023-05-30,2023-05-31,2023-06-08,6676.669999999999,6593.4,123,time_open,-11466.373957499978,-1.3951968269213855,,,,,,
development_2023_2024,pullback,5,ticker_ascending,all_in,A_baseline,1000000,085310,085310:2023-06-09,2023-06-12,2023-06-19,9709.699999999999,10209.78,84,time_open,40751.79275999998,4.992706338964692,,,,,,
development_2023_2024,pullback,5,ticker_ascending,all_in,A_baseline,1000000,003030,003030:2023-06-16,2023-06-19,2023-06-26,178578.4,177422.4,4,time_open,-5692.002399999998,-0.7962520379776961,,,,,,
development_2023_2024,pullback,5,ticker_ascending,all_in,A_baseline,1000000,003570,003570:2023-06-26,2023-06-27,2023-07-04,10400.39,10239.75,81,time_open,-14265.728505000006,-1.6921299481515995,,,,,,
development_2023_2024,pullback,5,ticker_ascending,all_in,A_baseline,1000000,014680,014680:2023-07-03,2023-07-04,2023-07-06,241240.99999999997,224129.77586999995,3,stop_intraday,-52380.75663570769,-7.232256057956555,,,,,,
development_2023_2024,pullback,5,ticker_ascending,all_in,A_baseline,1000000,126640,126640:2023-07-06,2023-07-07,2023-07-14,1995.9939999999997,1937.061,393,time_open,-24319.936961249914,-3.098026043141666,,,,,,
development_2023_2024,pullback,5,ticker_ascending,all_in,A_baseline,1000000,204320,204320:2023-07-14,2023-07-17,2023-07-24,51851.799999999996,49500.45,14,time_open,-33983.0986250001,-4.67784151896069,,,,,,
development_2023_2024,pullback,5,ticker_ascending,all_in,A_baseline,1000000,003030,003030:2023-07-25,2023-07-26,2023-07-28,203703.49999999997,189254.81074499994,3,stop_intraday,-44230.22396417626,-7.232256057956532,,,,,,
development_2023_2024,pullback,5,ticker_ascending,all_in,A_baseline,1000000,089850,089850:2023-08-17,2023-08-18,2023-08-25,7478.471,8065.926,91,time_open,52397.49990475015,7.693620505665222,,,,,,
development_2023_2024,pullback,5,ticker_ascending,all_in,A_baseline,1000000,085310,085310:2023-08-24,2023-08-25,2023-09-01,10730.72,10619.37,68,time_open,-8660.65459000005,-1.1860072498595553,,,,,,
development_2023_2024,pullback,5,ticker_ascending,all_in,A_baseline,1000000,105630,105630:2023-09-05,2023-09-06,2023-09-13,20820.8,21228.75,34,time_open,12798.036474999972,1.8065143483699808,,,,,,
development_2023_2024,pullback,5,ticker_ascending,all_in,A_baseline,1000000,246250,246250:2023-09-14,2023-09-15,2023-09-18,5004.999999999999,4649.995349999998,147,stop_intraday,-53250.14678733761,-7.232256057956543,,,,,,
development_2023_2024,pullback,5,ticker_ascending,all_in,A_baseline,1000000,016360,016360:2023-09-20,2023-09-21,2023-10-04,38338.299999999996,36363.6,17,time_open,-34522.34922500001,-5.292891238288588,,,,,,
development_2023_2024,pullback,5,ticker_ascending,all_in,A_baseline,1000000,056080,056080:2023-09-27,2023-10-04,2023-10-05,13563.55,12601.4873985,48,stop_intraday,-47120.94621834601,-7.232256057956532,,,,,,
development_2023_2024,pullback,5,ticker_ascending,all_in,A_baseline,1000000,016360,016360:2023-10-12,2023-10-13,2023-10-20,37387.35,37212.75,16,time_open,-3688.8012000001036,-0.616190481622747,,,,,,
development_2023_2024,pullback,5,ticker_ascending,all_in,A_baseline,1000000,025900,025900:2023-10-24,2023-10-25,2023-10-26,28665.636999999995,26407.566,20,stop_gap,-45987.51804499992,-8.015355328587093,,,,,,
development_2023_2024,pullback,5,ticker_ascending,all_in,A_baseline,1000000,003570,003570:2023-10-26,2023-10-27,2023-10-31,12622.609999999999,14501.485498499997,43,take_intraday,79916.89435567323,14.712801648763406,,,,,,
development_2023_2024,pullback,5,ticker_ascending,all_in,A_baseline,1000000,015360,015360:2023-11-01,2023-11-02,2023-11-09,6666.659999999999,6793.2,95,time_open,11062.284975000075,1.7453692947072996,,,,,,
development_2023_2024,pullback,5,ticker_ascending,all_in,A_baseline,1000000,105630,105630:2023-11-16,2023-11-17,2023-11-23,23673.649999999998,21994.478005499997,27,stop_intraday,-46262.42344361148,-7.232256057956555,,,,,,
development_2023_2024,pullback,5,ticker_ascending,all_in,A_baseline,1000000,015360,015360:2023-11-28,2023-11-29,2023-12-06,7117.109999999999,7062.93,84,time_open,-5444.462519999826,-0.9100105964166438,,,,,,
development_2023_2024,pullback,5,ticker_ascending,all_in,A_baseline,1000000,015360,015360:2023-12-05,2023-12-06,2023-12-13,7077.069999999999,7032.96,83,time_open,-4539.479367499938,-0.7722339025841518,,,,,,
development_2023_2024,pullback,5,ticker_ascending,all_in,A_baseline,1000000,015360,015360:2023-12-12,2023-12-13,2023-12-20,7047.039999999999,6953.04,83,time_open,-8673.504980000085,-1.4817816230961012,,,,,,
development_2023_2024,pullback,5,ticker_ascending,all_in,A_baseline,1000000,016450,016450:2023-12-19,2023-12-20,2023-12-28,5085.079999999999,4920.075,114,time_open,-19666.01075249992,-3.3899089407408822,,,,,,
development_2023_2024,pullback,5,ticker_ascending,all_in,A_baseline,1000000,006800,006800:2023-12-28,2024-01-02,2024-01-09,7484.476999999999,7111.881,74,time_open,-28382.201868999982,-5.120676122460221,,,,,,
development_2023_2024,pullback,5,ticker_ascending,all_in,A_baseline,1000000,309960,309960:2024-01-10,2024-01-11,2024-01-15,4859.855,5583.244416749999,109,take_intraday,77995.72304843052,14.712801648763385,,,,,,
development_2023_2024,pullback,5,ticker_ascending,all_in,A_baseline,1000000,002700,002700:2024-01-15,2024-01-16,2024-01-23,1901.8999999999999,1866.132,320,time_open,-12350.087679999997,-2.0277144000667158,,,,,,
development_2023_2024,pullback,5,ticker_ascending,all_in,A_baseline,1000000,170920,170920:2024-01-22,2024-01-23,2024-01-25,16266.249999999998,18687.481312499996,36,take_intraday,86220.57650456252,14.71280164876343,,,,,,
development_2023_2024,pullback,5,ticker_ascending,all_in,A_baseline,1000000,003830,003830:2024-01-26,2024-01-29,2024-01-30,107607.49999999999,123624.87637499998,6,take_intraday,95063.71255631244,14.71280164876343,,,,,,
development_2023_2024,pullback,5,ticker_ascending,all_in,A_baseline,1000000,163560,163560:2024-02-07,2024-02-08,2024-02-19,6396.389999999999,6713.28,121,time_open,37153.987447499996,4.796887412742423,,,,,,
development_2023_2024,pullback,5,ticker_ascending,all_in,A_baseline,1000000,215200,215200:2024-02-16,2024-02-19,2024-02-26,61961.899999999994,64535.4,13,time_open,32222.151324999984,3.9972458041378056,,,,,,
development_2023_2024,pullback,5,ticker_ascending,all_in,A_baseline,1000000,163560,163560:2024-02-26,2024-02-27,2024-02-28,6686.679999999999,9310.68,126,take_gap,329112.2494799999,39.03348816849319,,,,,,
development_2023_2024,pullback,5,ticker_ascending,all_in,A_baseline,1000000,006800,006800:2024-02-28,2024-02-29,2024-03-06,9069.06,8425.791574199999,129,stop_intraday,-84674.25381800416,-7.232256057956555,,,,,,
development_2023_2024,pullback,5,ticker_ascending,all_in,A_baseline,1000000,270870,270870:2024-03-07,2024-03-08,2024-03-15,8388.38,8501.49,130,time_open,13057.537675000029,1.1965042357224398,,,,,,
development_2023_2024,pullback,5,ticker_ascending,all_in,A_baseline,1000000,015860,015860:2024-03-14,2024-03-15,2024-03-22,4359.355,4500.495,253,time_open,34027.26346249995,3.082894528259983,,,,,,
development_2023_2024,pullback,5,ticker_ascending,all_in,A_baseline,1000000,016360,016360:2024-03-21,2024-03-22,2024-03-29,41641.6,40659.3,27,time_open,-28188.693225000054,-2.5052909652080513,,,,,,
development_2023_2024,pullback,5,ticker_ascending,all_in,A_baseline,1000000,003830,003830:2024-03-28,2024-03-29,2024-04-05,116015.9,111388.5,9,time_open,-43181.5797,-4.132500400247818,,,,,,
development_2023_2024,pullback,5,ticker_ascending,all_in,A_baseline,1000000,015860,015860:2024-04-04,2024-04-05,2024-04-11,4454.45,4138.495861499999,239,stop_intraday,-77053.32464717422,-7.232256057956565,,,,,,
development_2023_2024,pullback,5,ticker_ascending,all_in,A_baseline,1000000,094280,094280:2024-04-11,2024-04-12,2024-04-19,12572.56,12537.45,78,time_open,-4207.515584999928,-0.4287279674091371,,,,,,
development_2023_2024,pullback,5,ticker_ascending,all_in,A_baseline,1000000,099220,099220:2024-04-19,2024-04-22,2024-04-23,14514.499999999998,16674.983324999997,68,take_intraday,145322.2024504249,14.71280164876343,,,,,,
development_2023_2024,pullback,5,ticker_ascending,all_in,A_baseline,1000000,064850,064850:2024-04-23,2024-04-24,2024-04-25,7587.579999999999,7049.392950599999,149,stop_intraday,-81825.55208782968,-7.232256057956543,,,,,,
development_2023_2024,pullback,5,ticker_ascending,all_in,A_baseline,1000000,094280,094280:2024-04-29,2024-04-30,2024-05-09,12622.609999999999,12787.2,83,time_open,12079.209327500314,1.1520879977983123,,,,,,
development_2023_2024,pullback,5,ticker_ascending,all_in,A_baseline,1000000,094280,094280:2024-05-08,2024-05-09,2024-05-17,12812.8,12947.04,82,time_open,9423.449840000132,0.896244337725749,,,,,,
development_2023_2024,pullback,5,ticker_ascending,all_in,A_baseline,1000000,036620,036620:2024-05-16,2024-05-17,2024-05-23,3808.8049999999994,4375.745624249999,281,take_intraday,157585.42137018917,14.712801648763406,,,,,,
development_2023_2024,pullback,5,ticker_ascending,all_in,A_baseline,1000000,064850,064850:2024-05-23,2024-05-24,2024-05-31,7597.589999999999,7792.2,161,time_open,29473.892857499886,2.407743240359883,,,,,,
development_2023_2024,pullback,5,ticker_ascending,all_in,A_baseline,1000000,051630,051630:2024-05-30,2024-05-31,2024-06-10,3219.2159999999994,3362.634,391,time_open,54146.31048750016,4.29849469958381,,,,,,
development_2023_2024,pullback,5,ticker_ascending,all_in,A_baseline,1000000,003080,003080:2024-06-07,2024-06-10,2024-06-17,3002.9999999999995,2997.0,437,time_open,-4588.499999999767,-0.3493883084190186,,,,,,
development_2023_2024,pullback,5,ticker_ascending,all_in,A_baseline,1000000,051630,051630:2024-06-14,2024-06-17,2024-06-24,3286.2829999999994,3293.703,398,time_open,989.0341789999511,0.07556099516978776,,,,,,
development_2023_2024,pullback,5,ticker_ascending,all_in,A_baseline,1000000,220100,220100:2024-06-21,2024-06-24,2024-06-25,12619.606999999998,11724.498275489997,103,stop_intraday,-94076.78075706144,-7.232256057956521,,,,,,
development_2023_2024,pullback,5,ticker_ascending,all_in,A_baseline,1000000,053350,053350:2024-06-25,2024-06-26,2024-07-03,3673.6699999999996,3636.36,330,time_open,-14121.532424999867,-1.1639709652984331,,,,,,
development_2023_2024,pullback,5,ticker_ascending,all_in,A_baseline,1000000,010130,010130:2024-07-02,2024-07-03,2024-07-10,527527.0,528471.0,2,time_open,304.00299999979325,0.028792381112552334,,,,,,
development_2023_2024,pullback,5,ticker_ascending,all_in,A_baseline,1000000,051630,051630:2024-07-15,2024-07-16,2024-07-23,3359.3559999999998,3248.748,357,time_open,-41256.37584599992,-3.437488313164083,,,,,,
development_2023_2024,pullback,5,ticker_ascending,all_in,A_baseline,1000000,011780,011780:2024-07-22,2024-07-23,2024-07-29,156756.59999999998,145637.85436199998,7,stop_intraday,-79418.79035140038,-7.232256057956521,,,,,,
development_2023_2024,pullback,5,ticker_ascending,all_in,A_baseline,1000000,003570,003570:2024-08-01,2024-08-02,2024-08-05,21221.199999999997,19715.980283999997,50,stop_intraday,-76796.13006064983,-7.232256057956521,,,,,,
development_2023_2024,pullback,5,ticker_ascending,all_in,A_baseline,1000000,064850,064850:2024-08-06,2024-08-07,2024-08-14,7787.779999999999,8301.69,128,time_open,64235.890880000195,6.439149506046005,,,,,,
development_2023_2024,pullback,5,ticker_ascending,all_in,A_baseline,1000000,004870,004870:2024-08-13,2024-08-14,2024-08-22,2742.74,2679.318,389,time_open,-26253.043421500013,-2.458780818678785,,,,,,
development_2023_2024,pullback,5,ticker_ascending,all_in,A_baseline,1000000,004870,004870:2024-08-22,2024-08-23,2024-08-30,2670.6679999999997,2637.36,390,time_open,-14542.718189999927,-1.3951968269213744,,,,,,
development_2023_2024,pullback,5,ticker_ascending,all_in,A_baseline,1000000,016360,016360:2024-09-04,2024-09-05,2024-09-12,47547.49999999999,45204.75,21,time_open,-50658.59793749999,-5.0696804411781375,,,,,,
development_2023_2024,pullback,5,ticker_ascending,all_in,A_baseline,1000000,010130,010130:2024-09-11,2024-09-12,2024-09-13,549548.9999999999,659340.0,1,take_gap,108884.33325000014,19.79854957457825,,,,,,
development_2023_2024,pullback,5,ticker_ascending,all_in,A_baseline,1000000,006800,006800:2024-09-12,2024-09-13,2024-09-25,8421.412999999999,8792.199,128,time_open,45808.10124800005,4.246408355830744,,,,,,
development_2023_2024,pullback,5,ticker_ascending,all_in,A_baseline,1000000,006800,006800:2024-09-26,2024-09-27,2024-10-08,8670.661999999998,8563.428,130,time_open,-15620.743774999864,-1.3847791017972622,,,,,,
development_2023_2024,pullback,5,ticker_ascending,all_in,A_baseline,1000000,006800,006800:2024-10-08,2024-10-10,2024-10-17,8789.780999999999,9030.96,126,time_open,28704.49397550011,2.589856473282315,,,,,,
development_2023_2024,pullback,5,ticker_ascending,all_in,A_baseline,1000000,015360,015360:2024-10-16,2024-10-17,2024-10-24,9349.339999999998,10269.72,122,time_open,110491.21600999986,9.679688242982042,,,,,,
development_2023_2024,pullback,5,ticker_ascending,all_in,A_baseline,1000000,220100,220100:2024-10-23,2024-10-24,2024-10-25,23173.149999999998,21529.4784705,54,stop_intraday,-90568.71904605534,-7.232256057956543,,,,,,
development_2023_2024,pullback,5,ticker_ascending,all_in,A_baseline,1000000,004870,004870:2024-10-25,2024-10-28,2024-10-29,3813.8099999999995,3435.561,305,stop_gap,-117024.23861624964,-10.052899315656937,,,,,,
development_2023_2024,pullback,5,ticker_ascending,all_in,A_baseline,1000000,001740,001740:2024-10-29,2024-10-30,2024-11-06,5215.209999999999,5154.84,200,time_open,-13629.507499999832,-1.3057281519082808,,,,,,
development_2023_2024,pullback,5,ticker_ascending,all_in,A_baseline,1000000,016360,016360:2024-11-05,2024-11-06,2024-11-13,46696.649999999994,45154.8,22,time_open,-35436.24892499973,-3.4467813835056593,,,,,,
development_2023_2024,pullback,5,ticker_ascending,all_in,A_baseline,1000000,127120,127120:2024-11-25,2024-11-26,2024-11-29,3713.7099999999996,4266.495733499999,268,take_intraday,146542.55522556626,14.712801648763406,,,,,,
development_2023_2024,pullback,5,ticker_ascending,all_in,A_baseline,1000000,105560,105560:2024-11-29,2024-12-02,2024-12-05,96896.79999999999,90023.909976,11,stop_intraday,-77143.8861213018,-7.23225605795651,,,,,,
development_2023_2024,pullback,5,ticker_ascending,all_in,A_baseline,1000000,003530,003530:2024-12-05,2024-12-06,2024-12-09,4064.0599999999995,3775.796224199999,262,stop_intraday,-77065.64100765565,-7.232256057956565,,,,,,
development_2023_2024,pullback,5,ticker_ascending,all_in,A_baseline,1000000,016090,016090:2024-12-09,2024-12-10,2024-12-17,2187.185,2392.605,453,time_open,91499.27634749992,9.22801601891825,,,,,,
development_2023_2024,pullback,5,ticker_ascending,all_in,A_baseline,1000000,015360,015360:2024-12-16,2024-12-17,2024-12-24,10410.4,11088.9,103,time_open,68224.67907499988,6.357864401591207,,,,,,
development_2023_2024,pullback,5,ticker_ascending,all_in,A_baseline,1000000,006040,006040:2024-12-23,2024-12-24,2025-01-03,36181.145,36463.5,31,time_open,7064.017003749963,0.6293353643022526,,,,,,
development_2023_2024,pullback,5,ticker_ascending,cash_half,A_baseline,1000000,114090,114090:2023-01-02,2023-01-03,2023-01-10,,,26,time_open,6080.105850000051,1.2450214786462688,cash_50_no_add,3.0,False,1.0,488353.4906249999,494433.59647499997
development_2023_2024,pullback,5,ticker_ascending,cash_half,A_baseline,1000000,114090,114090:2023-01-09,2023-01-10,2023-01-17,,,26,time_open,2159.627924999979,0.43526217734144446,cash_50_no_add,3.0,False,1.0,496167.146475,498326.7744
development_2023_2024,pullback,5,ticker_ascending,cash_half,A_baseline,1000000,011170,011170:2023-01-16,2023-01-17,2023-01-26,,,2,time_open,-489.3993999999366,-0.13275654387210345,cash_50_no_add,3.0,False,1.0,368644.27599999995,368154.8766
development_2023_2024,pullback,5,ticker_ascending,cash_half,A_baseline,1000000,326030,326030:2023-01-25,2023-01-26,2023-02-02,,,6,time_open,-14136.15944999992,-3.1696886393128176,cash_50_no_add,3.0,False,1.0,445979.43389999995,431843.27445
development_2023_2024,pullback,5,ticker_ascending,cash_half,A_baseline,1000000,006800,006800:2023-02-01,2023-02-02,2023-02-09,,,71,time_open,-314.2804349999642,-0.06340578096435401,cash_50_no_add,3.0,False,1.0,495665.26934924995,495350.98891425
development_2023_2024,pullback,5,ticker_ascending,cash_half,A_baseline,1000000,006800,006800:2023-02-08,2023-02-09,2023-02-16,,,70,time_open,-1712.304999999993,-0.3493883084190297,cash_50_no_add,3.0,False,1.0,490086.5194225,488374.2144225
development_2023_2024,pullback,5,ticker_ascending,cash_half,A_baseline,1000000,073640,073640:2023-02-15,2023-02-16,2023-02-23,,,209,time_open,-15287.576438750024,-3.0940026134837706,cash_50_no_add,3.0,False,1.0,494103.53992999997,478815.96349124995
development_2023_2024,pullback,5,ticker_ascending,cash_half,A_baseline,1000000,001130,001130:2023-02-22,2023-02-23,2023-03-03,,,32,time_open,7887.52720000007,1.6251944859980494,cash_50_no_add,3.0,False,1.0,485328.2033599999,493215.73056
development_2023_2024,pullback,5,ticker_ascending,cash_half,A_baseline,1000000,002700,002700:2023-03-02,2023-03-03,2023-03-10,,,226,time_open,-5100.540042499953,-1.0382174214944695,cash_50_no_add,3.0,False,1.0,491278.60281499993,486178.0627725
development_2023_2024,pullback,5,ticker_ascending,cash_half,A_baseline,1000000,000430,000430:2023-03-09,2023-03-10,2023-03-13,,,141,stop_intraday,-35345.0566145177,-7.232256057956543,cash_50_no_add,3.0,False,1.0,488714.12089499994,453369.06428048224
development_2023_2024,pullback,5,ticker_ascending,cash_half,A_baseline,1000000,001460,001460:2023-03-13,2023-03-14,2023-03-21,,,9,time_open,29917.14862500003,6.841892947674455,cash_50_no_add,3.0,False,1.0,437264.20237499994,467181.35099999997
development_2023_2024,pullback,5,ticker_ascending,cash_half,A_baseline,1000000,004100,004100:2023-03-20,2023-03-21,2023-03-23,,,277,stop_intraday,-35119.73966688692,-7.232256057956543,cash_50_no_add,3.0,False,1.0,485598.67606249993,450478.936395613
development_2023_2024,pullback,5,ticker_ascending,cash_half,A_baseline,1000000,265520,265520:2023-03-23,2023-03-24,2023-03-31,,,22,time_open,47800.26212500001,10.352944689483468,cash_50_no_add,3.0,False,1.0,461706.92067499994,509507.18279999995
development_2023_2024,pullback,5,ticker_ascending,cash_half,A_baseline,1000000,004100,004100:2023-03-30,2023-03-31,2023-04-07,,,277,time_open,11275.364014249993,2.2892476067946532,cash_50_no_add,3.0,False,1.0,492535.80000625,503811.1640205
development_2023_2024,pullback,5,ticker_ascending,cash_half,A_baseline,1000000,004360,004360:2023-04-06,2023-04-07,2023-04-14,,,10,time_open,-6594.253749999974,-1.4372770823445902,cash_50_no_add,3.0,False,1.0,458801.84349999996,452207.58975
development_2023_2024,pullback,5,ticker_ascending,cash_half,A_baseline,1000000,015860,015860:2023-04-13,2023-04-14,2023-04-21,,,99,time_open,1242.6997275000322,0.2521244382102328,cash_50_no_add,3.0,False,1.0,492891.42152249994,494134.12124999997
development_2023_2024,pullback,5,ticker_ascending,cash_half,A_baseline,1000000,053350,053350:2023-04-20,2023-04-21,2023-04-24,,,105,stop_intraday,-35753.66998578387,-7.232256057956555,cash_50_no_add,3.0,False,1.0,494363.995125,458610.32513921615
development_2023_2024,pullback,5,ticker_ascending,cash_half,A_baseline,1000000,099220,099220:2023-04-24,2023-04-25,2023-04-26,,,21,stop_intraday,-33091.16264641704,-7.232256057956565,cash_50_no_add,3.0,False,1.0,457549.6550625,424458.49241608294
development_2023_2024,pullback,5,ticker_ascending,cash_half,A_baseline,1000000,000430,000430:2023-04-28,2023-05-02,2023-05-10,,,112,time_open,18511.655119999952,4.009569189633089,cash_50_no_add,3.0,False,1.0,461686.88566,480198.54078
development_2023_2024,pullback,5,ticker_ascending,cash_half,A_baseline,1000000,067570,067570:2023-05-09,2023-05-10,2023-05-12,,,118,take_intraday,68765.99456561828,14.712801648763406,cash_50_no_add,3.0,False,1.0,467388.850929,536154.8454946183
development_2023_2024,pullback,5,ticker_ascending,cash_half,A_baseline,1000000,064850,064850:2023-05-15,2023-05-16,2023-05-23,,,60,time_open,-21506.264849999978,-4.316179847408385,cash_50_no_add,3.0,False,1.0,498270.82305,476764.5582
development_2023_2024,pullback,5,ticker_ascending,cash_half,A_baseline,1000000,319400,319400:2023-05-22,2023-05-23,2023-05-25,,,98,stop_intraday,-35500.097858224995,-7.232256057956532,cash_50_no_add,3.0,False,1.0,490857.8674999999,455357.7696417749
development_2023_2024,pullback,5,ticker_ascending,cash_half,A_baseline,1000000,119650,119650:2023-05-25,2023-05-26,2023-05-30,,,65,stop_intraday,-34207.60449946846,-7.232256057956543,cash_50_no_add,3.0,False,1.0,472986.63412,438779.02962053154
development_2023_2024,pullback,5,ticker_ascending,cash_half,A_baseline,1000000,015360,015360:2023-05-30,2023-05-31,2023-06-08,,,68,time_open,-6339.133569999947,-1.3951968269213744,cash_50_no_add,3.0,False,1.0,454354.07016999996,448014.9366
development_2023_2024,pullback,5,ticker_ascending,cash_half,A_baseline,1000000,085310,085310:2023-06-09,2023-06-12,2023-06-19,,,46,time_open,22316.45794000005,4.992706338964692,cash_50_no_add,3.0,False,1.0,446981.18464999995,469297.64259
development_2023_2024,pullback,5,ticker_ascending,cash_half,A_baseline,1000000,003030,003030:2023-06-16,2023-06-19,2023-06-26,,,2,time_open,-2846.001199999999,-0.7962520379776961,cash_50_no_add,3.0,False,1.0,357424.6676,354578.6664
development_2023_2024,pullback,5,ticker_ascending,cash_half,A_baseline,1000000,003570,003570:2023-06-26,2023-06-27,2023-07-04,,,44,time_open,-7749.284619999991,-1.6921299481515995,cash_50_no_add,3.0,False,1.0,457960.37286999996,450211.08825
development_2023_2024,pullback,5,ticker_ascending,cash_half,A_baseline,1000000,014680,014680:2023-07-03,2023-07-04,2023-07-06,,,1,stop_intraday,-17460.252211902523,-7.232256057956543,cash_50_no_add,3.0,False,1.0,241421.93074999997,223961.67853809745
development_2023_2024,pullback,5,ticker_ascending,cash_half,A_baseline,1000000,126640,126640:2023-07-06,2023-07-07,2023-07-14,,,227,time_open,-14047.39361374994,-3.098026043141666,cash_50_no_add,3.0,False,1.0,453430.45597849996,439383.06236475
development_2023_2024,pullback,5,ticker_ascending,cash_half,A_baseline,1000000,204320,204320:2023-07-14,2023-07-17,2023-07-24,,,8,time_open,-19418.913500000024,-4.67784151896069,cash_50_no_add,3.0,False,1.0,415125.5108,395706.59729999996
development_2023_2024,pullback,5,ticker_ascending,cash_half,A_baseline,1000000,003030,003030:2023-07-25,2023-07-26,2023-07-28,,,2,stop_intraday,-29486.81597611762,-7.232256057956565,cash_50_no_add,3.0,False,1.0,407712.55525,378225.73927388235
development_2023_2024,pullback,5,ticker_ascending,cash_half,A_baseline,1000000,089850,089850:2023-08-17,2023-08-18,2023-08-25,,,56,time_open,32244.61532599997,7.6936205056652,cash_50_no_add,3.0,False,1.0,419108.471782,451353.08710799995
development_2023_2024,pullback,5,ticker_ascending,cash_half,A_baseline,1000000,085310,085310:2023-08-24,2023-08-25,2023-09-01,,,40,time_open,-5094.502700000012,-1.1860072498595553,cash_50_no_add,3.0,False,1.0,429550.7216,424456.2189
development_2023_2024,pullback,5,ticker_ascending,cash_half,A_baseline,1000000,105630,105630:2023-09-05,2023-09-06,2023-09-13,,,20,time_open,7528.256749999942,1.8065143483699586,cash_50_no_add,3.0,False,1.0,416728.31200000003,424256.56875
development_2023_2024,pullback,5,ticker_ascending,cash_half,A_baseline,1000000,246250,246250:2023-09-14,2023-09-15,2023-09-18,,,87,stop_intraday,-31515.392996587616,-7.232256057956565,cash_50_no_add,3.0,False,1.0,435761.5762499999,404246.1832534123
development_2023_2024,pullback,5,ticker_ascending,cash_half,A_baseline,1000000,016360,016360:2023-09-20,2023-09-21,2023-10-04,,,11,time_open,-22337.99067499995,-5.292891238288577,cash_50_no_add,3.0,False,1.0,422037.59097499994,399699.6003
development_2023_2024,pullback,5,ticker_ascending,cash_half,A_baseline,1000000,056080,056080:2023-09-27,2023-10-04,2023-10-05,,,30,stop_intraday,-29450.591386466287,-7.232256057956543,cash_50_no_add,3.0,False,1.0,407211.67987500003,377761.08848853374
development_2023_2024,pullback,5,ticker_ascending,cash_half,A_baseline,1000000,016360,016360:2023-10-12,2023-10-13,2023-10-20,,,10,time_open,-2305.5007500000065,-0.6161904816227359,cash_50_no_add,3.0,False,1.0,374153.905125,371848.404375
development_2023_2024,pullback,5,ticker_ascending,cash_half,A_baseline,1000000,025900,025900:2023-10-24,2023-10-25,2023-10-26,,,13,stop_gap,-29891.886729249964,-8.015355328587093,cash_50_no_add,3.0,False,1.0,372932.77096074994,343040.8842315
development_2023_2024,pullback,5,ticker_ascending,cash_half,A_baseline,1000000,003570,003570:2023-10-26,2023-10-27,2023-10-31,,,30,take_intraday,55755.97280628368,14.712801648763406,cash_50_no_add,3.0,False,1.0,378962.308725,434718.2815312837
development_2023_2024,pullback,5,ticker_ascending,cash_half,A_baseline,1000000,015360,015360:2023-11-01,2023-11-02,2023-11-09,,,61,time_open,7103.15140500007,1.7453692947072996,cash_50_no_add,3.0,False,1.0,406971.25969499996,414074.4111
development_2023_2024,pullback,5,ticker_ascending,cash_half,A_baseline,1000000,105630,105630:2023-11-16,2023-11-17,2023-11-23,,,17,stop_intraday,-29128.192538570205,-7.232256057956555,cash_50_no_add,3.0,False,1.0,402753.8890375,373625.6964989298
development_2023_2024,pullback,5,ticker_ascending,cash_half,A_baseline,1000000,015360,015360:2023-11-28,2023-11-29,2023-12-06,,,55,time_open,-3564.8266499999445,-0.910010596416666,cash_50_no_add,3.0,False,1.0,391734.63078749995,388169.8041375
development_2023_2024,pullback,5,ticker_ascending,cash_half,A_baseline,1000000,015360,015360:2023-12-05,2023-12-06,2023-12-13,,,56,time_open,-3062.7812599999597,-0.7722339025841518,cash_50_no_add,3.0,False,1.0,396613.15693999996,393550.37568
development_2023_2024,pullback,5,ticker_ascending,cash_half,A_baseline,1000000,015360,015360:2023-12-12,2023-12-13,2023-12-20,,,56,time_open,-5852.003359999973,-1.48178162309609,cash_50_no_add,3.0,False,1.0,394930.21567999996,389078.21232
development_2023_2024,pullback,5,ticker_ascending,cash_half,A_baseline,1000000,016450,016450:2023-12-19,2023-12-20,2023-12-28,,,77,time_open,-13283.182701249956,-3.3899089407408822,cash_50_no_add,3.0,False,1.0,391844.82336999994,378561.64066875
development_2023_2024,pullback,5,ticker_ascending,cash_half,A_baseline,1000000,006800,006800:2023-12-28,2024-01-02,2024-01-09,,,51,time_open,-19560.70669349999,-5.120676122460221,cash_50_no_add,3.0,False,1.0,381994.60824524995,362433.90155174996
development_2023_2024,pullback,5,ticker_ascending,cash_half,A_baseline,1000000,309960,309960:2024-01-10,2024-01-11,2024-01-15,,,77,take_intraday,55097.8960984326,14.712801648763406,cash_50_no_add,3.0,False,1.0,374489.49162625,429587.3877246826
development_2023_2024,pullback,5,ticker_ascending,cash_half,A_baseline,1000000,002700,002700:2024-01-15,2024-01-16,2024-01-23,,,212,time_open,-8181.933087999991,-2.0277144000667158,cash_50_no_add,3.0,False,1.0,403505.2021,395323.269012
development_2023_2024,pullback,5,ticker_ascending,cash_half,A_baseline,1000000,170920,170920:2024-01-22,2024-01-23,2024-01-25,,,24,take_intraday,57480.384336374875,14.712801648763385,cash_50_no_add,3.0,False,1.0,390682.7925,448163.17683637486
development_2023_2024,pullback,5,ticker_ascending,cash_half,A_baseline,1000000,003830,003830:2024-01-26,2024-01-29,2024-01-30,,,3,take_intraday,47531.85627815616,14.712801648763406,cash_50_no_add,3.0,False,1.0,323064.61687499995,370596.4731531561
development_2023_2024,pullback,5,ticker_ascending,cash_half,A_baseline,1000000,163560,163560:2024-02-07,2024-02-08,2024-02-19,,,70,time_open,21494.042325000046,4.796887412742423,cash_50_no_add,3.0,False,1.0,448083.11047499994,469577.1528
development_2023_2024,pullback,5,ticker_ascending,cash_half,A_baseline,1000000,215200,215200:2024-02-16,2024-02-19,2024-02-26,,,7,time_open,17350.38917500002,3.9972458041378056,cash_50_no_add,3.0,False,1.0,434058.59997499996,451408.98915
development_2023_2024,pullback,5,ticker_ascending,cash_half,A_baseline,1000000,163560,163560:2024-02-26,2024-02-27,2024-02-28,,,70,take_gap,182840.13859999995,39.03348816849319,cash_50_no_add,3.0,False,1.0,468418.6507,651258.7893
development_2023_2024,pullback,5,ticker_ascending,cash_half,A_baseline,1000000,006800,006800:2024-02-28,2024-02-29,2024-03-06,,,62,stop_intraday,-40696.15299780038,-7.232256057956543,cash_50_no_add,3.0,False,1.0,562703.43129,522007.2782921996
development_2023_2024,pullback,5,ticker_ascending,cash_half,A_baseline,1000000,270870,270870:2024-03-07,2024-03-08,2024-03-15,,,64,time_open,6428.326240000082,1.196504235722462,cash_50_no_add,3.0,False,1.0,537258.9622399999,543687.28848
development_2023_2024,pullback,5,ticker_ascending,cash_half,A_baseline,1000000,015860,015860:2024-03-14,2024-03-15,2024-03-22,,,125,time_open,16811.889062499977,3.082894528259983,cash_50_no_add,3.0,False,1.0,545328.06453125,562139.95359375
development_2023_2024,pullback,5,ticker_ascending,cash_half,A_baseline,1000000,016360,016360:2024-03-21,2024-03-22,2024-03-29,,,13,time_open,-13572.333774999948,-2.50529096520804,cash_50_no_add,3.0,False,1.0,541746.8056,528174.471825
development_2023_2024,pullback,5,ticker_ascending,cash_half,A_baseline,1000000,003830,003830:2024-03-28,2024-03-29,2024-04-05,,,4,time_open,-19191.813199999975,-4.132500400247818,cash_50_no_add,3.0,False,1.0,464411.6477,445219.8345
development_2023_2024,pullback,5,ticker_ascending,cash_half,A_baseline,1000000,015860,015860:2024-04-04,2024-04-05,2024-04-11,,,120,stop_intraday,-38687.86174753512,-7.232256057956555,cash_50_no_add,3.0,False,1.0,534934.9005,496247.03875246487
development_2023_2024,pullback,5,ticker_ascending,cash_half,A_baseline,1000000,094280,094280:2024-04-11,2024-04-12,2024-04-19,,,41,time_open,-2211.6428074999712,-0.4287279674091371,cash_50_no_add,3.0,False,1.0,515861.56622,513649.9234125
development_2023_2024,pullback,5,ticker_ascending,cash_half,A_baseline,1000000,099220,099220:2024-04-19,2024-04-22,2024-04-23,,,35,take_intraday,74798.19243771868,14.712801648763406,cash_50_no_add,3.0,False,1.0,508388.50562499993,583186.6980627186
development_2023_2024,pullback,5,ticker_ascending,cash_half,A_baseline,1000000,064850,064850:2024-04-23,2024-04-24,2024-04-25,,,73,stop_intraday,-40089.02887524542,-7.232256057956543,cash_50_no_add,3.0,False,1.0,554308.7600049999,514219.7311297545
development_2023_2024,pullback,5,ticker_ascending,cash_half,A_baseline,1000000,094280,094280:2024-04-29,2024-04-30,2024-05-09,,,42,time_open,6112.370985000045,1.15208799779829,cash_50_no_add,3.0,False,1.0,530547.232215,536659.6032
development_2023_2024,pullback,5,ticker_ascending,cash_half,A_baseline,1000000,094280,094280:2024-05-08,2024-05-09,2024-05-17,,,41,time_open,4711.724920000066,0.896244337725749,cash_50_no_add,3.0,False,1.0,525718.7936,530430.51852
development_2023_2024,pullback,5,ticker_ascending,cash_half,A_baseline,1000000,036620,036620:2024-05-16,2024-05-17,2024-05-23,,,141,take_intraday,79073.11179073551,14.71280164876343,cash_50_no_add,3.0,False,1.0,537444.28612875,616517.3979194855
development_2023_2024,pullback,5,ticker_ascending,cash_half,A_baseline,1000000,064850,064850:2024-05-23,2024-05-24,2024-05-31,,,76,time_open,13913.14196999988,2.407743240359861,cash_50_no_add,3.0,False,1.0,577849.90263,591763.0445999999
development_2023_2024,pullback,5,ticker_ascending,cash_half,A_baseline,1000000,051630,051630:2024-05-30,2024-05-31,2024-06-10,,,182,time_open,25203.653475000057,4.29849469958381,cash_50_no_add,3.0,False,1.0,586336.734984,611540.388459
development_2023_2024,pullback,5,ticker_ascending,cash_half,A_baseline,1000000,003080,003080:2024-06-07,2024-06-10,2024-06-17,,,199,time_open,-2089.5,-0.3493883084190408,cash_50_no_add,3.0,False,1.0,598045.1977499999,595955.6977499999
development_2023_2024,pullback,5,ticker_ascending,cash_half,A_baseline,1000000,051630,051630:2024-06-14,2024-06-17,2024-06-24,,,181,time_open,449.78690050006844,0.07556099516980996,cash_50_no_add,3.0,False,1.0,595263.3359172499,595713.12281775
development_2023_2024,pullback,5,ticker_ascending,cash_half,A_baseline,1000000,220100,220100:2024-06-21,2024-06-24,2024-06-25,,,47,stop_intraday,-42928.239762931014,-7.232256057956532,cash_50_no_add,3.0,False,1.0,593566.3701467499,550638.1303838189
development_2023_2024,pullback,5,ticker_ascending,cash_half,A_baseline,1000000,053350,053350:2024-06-25,2024-06-26,2024-07-03,,,156,time_open,-6675.63350999984,-1.163970965298411,cash_50_no_add,3.0,False,1.0,573522.3393899999,566846.70588
development_2023_2024,pullback,5,ticker_ascending,cash_half,A_baseline,1000000,010130,010130:2024-07-02,2024-07-03,2024-07-10,,,1,time_open,152.00149999989662,0.028792381112552334,cash_50_no_add,3.0,False,1.0,527922.6452500001,528074.64675
development_2023_2024,pullback,5,ticker_ascending,cash_half,A_baseline,1000000,051630,051630:2024-07-15,2024-07-16,2024-07-23,,,170,time_open,-19645.89326000004,-3.4374883131641054,cash_50_no_add,3.0,False,1.0,571518.8378900001,551872.94463
development_2023_2024,pullback,5,ticker_ascending,cash_half,A_baseline,1000000,011780,011780:2024-07-22,2024-07-23,2024-07-29,,,3,stop_intraday,-34036.62443631457,-7.232256057956543,cash_50_no_add,3.0,False,1.0,470622.50234999997,436585.8779136854
development_2023_2024,pullback,5,ticker_ascending,cash_half,A_baseline,1000000,003570,003570:2024-08-01,2024-08-02,2024-08-05,,,25,stop_intraday,-38398.06503032491,-7.232256057956521,cash_50_no_add,3.0,False,1.0,530927.8974999998,492529.83246967493
development_2023_2024,pullback,5,ticker_ascending,cash_half,A_baseline,1000000,064850,064850:2024-08-06,2024-08-07,2024-08-14,,,67,time_open,33623.474132500065,6.439149506046005,cash_50_no_add,3.0,False,1.0,522172.5959449999,555796.0700775
development_2023_2024,pullback,5,ticker_ascending,cash_half,A_baseline,1000000,004870,004870:2024-08-13,2024-08-14,2024-08-22,,,198,time_open,-13362.731612999924,-2.458780818678763,cash_50_no_add,3.0,False,1.0,543469.8168899999,530107.085277
development_2023_2024,pullback,5,ticker_ascending,cash_half,A_baseline,1000000,004870,004870:2024-08-22,2024-08-23,2024-08-30,,,201,time_open,-7495.09322099993,-1.3951968269213744,cash_50_no_add,3.0,False,1.0,537206.871201,529711.77798
development_2023_2024,pullback,5,ticker_ascending,cash_half,A_baseline,1000000,016360,016360:2024-09-04,2024-09-05,2024-09-12,,,11,time_open,-26535.456062499958,-5.069680441178126,cash_50_no_add,3.0,False,1.0,523414.766875,496879.3108125
development_2023_2024,pullback,5,ticker_ascending,cash_half,A_baseline,1000000,006800,006800:2024-09-12,2024-09-13,2024-09-25,,,61,time_open,21830.423251,4.246408355830744,cash_50_no_add,3.0,False,1.0,514091.4726447499,535921.8958957499
development_2023_2024,pullback,5,ticker_ascending,cash_half,A_baseline,1000000,006800,006800:2024-09-26,2024-09-27,2024-10-08,,,61,time_open,-7329.73361749982,-1.38477910179724,cash_50_no_add,3.0,False,1.0,529307.0647864998,521977.331169
development_2023_2024,pullback,5,ticker_ascending,cash_half,A_baseline,1000000,006800,006800:2024-10-08,2024-10-10,2024-10-17,,,60,time_open,13668.806654999964,2.5898564732822926,cash_50_no_add,3.0,False,1.0,527782.400145,541451.2067999999
development_2023_2024,pullback,5,ticker_ascending,cash_half,A_baseline,1000000,015360,015360:2024-10-16,2024-10-17,2024-10-24,,,57,time_open,51622.94518500019,9.679688242982088,cash_50_no_add,3.0,False,1.0,533312.0642849999,584935.00947
development_2023_2024,pullback,5,ticker_ascending,cash_half,A_baseline,1000000,220100,220100:2024-10-23,2024-10-24,2024-10-25,,,24,stop_intraday,-40252.7640204691,-7.232256057956555,cash_50_no_add,3.0,False,1.0,556572.7167,516319.9526795309
development_2023_2024,pullback,5,ticker_ascending,cash_half,A_baseline,1000000,004870,004870:2024-10-25,2024-10-28,2024-10-29,,,141,stop_gap,-54099.72998324997,-10.05289931565697,cash_50_no_add,3.0,False,1.0,538150.5204075,484050.79042425
development_2023_2024,pullback,5,ticker_ascending,cash_half,A_baseline,1000000,001740,001740:2024-10-29,2024-10-30,2024-11-06,,,98,time_open,-6678.458674999885,-1.3057281519082697,cash_50_no_add,3.0,False,1.0,511473.8979349999,504795.43926
development_2023_2024,pullback,5,ticker_ascending,cash_half,A_baseline,1000000,016360,016360:2024-11-05,2024-11-06,2024-11-13,,,10,time_open,-16107.385874999978,-3.4467813835056815,cash_50_no_add,3.0,False,1.0,467316.72487499996,451209.339
development_2023_2024,pullback,5,ticker_ascending,cash_half,A_baseline,1000000,127120,127120:2024-11-25,2024-11-26,2024-11-29,,,135,take_intraday,73818.07819198299,14.712801648763406,cash_50_no_add,3.0,False,1.0,501726.86313749995,575544.941329483
development_2023_2024,pullback,5,ticker_ascending,cash_half,A_baseline,1000000,105560,105560:2024-11-29,2024-12-02,2024-12-05,,,5,stop_intraday,-35065.402782410034,-7.232256057956543,cash_50_no_add,3.0,False,1.0,484847.36299999995,449781.9602175899
development_2023_2024,pullback,5,ticker_ascending,cash_half,A_baseline,1000000,003530,003530:2024-12-05,2024-12-06,2024-12-09,,,128,stop_intraday,-37650.38949992327,-7.232256057956543,cash_50_no_add,3.0,False,1.0,520589.82975999994,482939.44026007666
development_2023_2024,pullback,5,ticker_ascending,cash_half,A_baseline,1000000,016090,016090:2024-12-09,2024-12-10,2024-12-17,,,229,time_open,46254.601067500014,9.228016018918272,cash_50_no_add,3.0,False,1.0,501241.01402375003,547495.61509125
development_2023_2024,pullback,5,ticker_ascending,cash_half,A_baseline,1000000,015360,015360:2024-12-16,2024-12-17,2024-12-24,,,50,time_open,33118.776249999995,6.357864401591229,cash_50_no_add,3.0,False,1.0,520910.39,554029.16625
development_2023_2024,pullback,5,ticker_ascending,cash_half,A_baseline,1000000,006040,006040:2024-12-23,2024-12-24,2025-01-03,,,14,time_open,3190.201227500045,0.6293353643022748,cash_50_no_add,3.0,False,1.0,506915.93202249997,510106.13325
development_2023_2024,pullback,5,ticker_ascending,dip_3pct,A_baseline,1000000,114090,114090:2023-01-02,2023-01-03,2023-01-10,,,26,time_open,6080.105850000051,1.2450214786462688,dip_50_50,3.0,False,1.0,488353.4906249999,494433.59647499997
development_2023_2024,pullback,5,ticker_ascending,dip_3pct,A_baseline,1000000,114090,114090:2023-01-09,2023-01-10,2023-01-17,,,53,time_open,31449.58871250006,3.194893865926618,dip_50_50,3.0,True,2.0,984370.3744874999,1015819.9632
development_2023_2024,pullback,5,ticker_ascending,dip_3pct,A_baseline,1000000,011170,011170:2023-01-16,2023-01-17,2023-01-26,,,2,time_open,-489.3993999999366,-0.13275654387210345,dip_50_50,3.0,False,1.0,368644.27599999995,368154.8766
development_2023_2024,pullback,5,ticker_ascending,dip_3pct,A_baseline,1000000,326030,326030:2023-01-25,2023-01-26,2023-02-02,,,6,time_open,-14136.15944999992,-3.1696886393128176,dip_50_50,3.0,False,1.0,445979.43389999995,431843.27445
development_2023_2024,pullback,5,ticker_ascending,dip_3pct,A_baseline,1000000,006800,006800:2023-02-01,2023-02-02,2023-02-09,,,147,time_open,21439.914243999985,2.135139273528508,dip_50_50,3.0,True,2.0,1004145.9360432499,1025585.8502872499
development_2023_2024,pullback,5,ticker_ascending,dip_3pct,A_baseline,1000000,006800,006800:2023-02-08,2023-02-09,2023-02-16,,,74,time_open,-1810.1510000000126,-0.3493883084190408,dip_50_50,3.0,False,1.0,518091.4633895,516281.3123895
development_2023_2024,pullback,5,ticker_ascending,dip_3pct,A_baseline,1000000,073640,073640:2023-02-15,2023-02-16,2023-02-23,,,442,time_open,-5644.024067499908,-0.5542814479155278,dip_50_50,3.0,True,2.0,1018259.6023599999,1012615.5782925
development_2023_2024,pullback,5,ticker_ascending,dip_3pct,A_baseline,1000000,001130,001130:2023-02-22,2023-02-23,2023-03-03,,,34,time_open,8380.497650000092,1.6251944859980494,dip_50_50,3.0,False,1.0,515661.2160699999,524041.71372
development_2023_2024,pullback,5,ticker_ascending,dip_3pct,A_baseline,1000000,002700,002700:2023-03-02,2023-03-03,2023-03-10,,,240,time_open,-5416.502699999954,-1.0382174214944695,dip_50_50,3.0,False,1.0,521711.79059999995,516295.2879
development_2023_2024,pullback,5,ticker_ascending,dip_3pct,A_baseline,1000000,000430,000430:2023-03-09,2023-03-10,2023-03-13,,,150,stop_intraday,-37601.1240579976,-7.232256057956555,dip_50_50,3.0,False,1.0,519908.63924999995,482307.51519200235
development_2023_2024,pullback,5,ticker_ascending,dip_3pct,A_baseline,1000000,001460,001460:2023-03-13,2023-03-14,2023-03-21,,,10,time_open,33241.27625000005,6.841892947674455,dip_50_50,3.0,False,1.0,485849.11374999996,519090.39
development_2023_2024,pullback,5,ticker_ascending,dip_3pct,A_baseline,1000000,004100,004100:2023-03-20,2023-03-21,2023-03-23,,,590,stop_intraday,-56481.75641233148,-5.559306632591021,dip_50_50,3.0,True,2.0,1015985.6281575,959503.8717451685
development_2023_2024,pullback,5,ticker_ascending,dip_3pct,A_baseline,1000000,265520,265520:2023-03-23,2023-03-24,2023-03-31,,,23,time_open,49973.00131250004,10.352944689483468,dip_50_50,3.0,False,1.0,482693.59888749995,532666.6002
development_2023_2024,pullback,5,ticker_ascending,dip_3pct,A_baseline,1000000,004100,004100:2023-03-30,2023-03-31,2023-04-07,,,579,time_open,40417.807774749934,3.991193036628604,dip_50_50,3.0,True,2.0,1012674.8419287499,1053092.6497034999
development_2023_2024,pullback,5,ticker_ascending,dip_3pct,A_baseline,1000000,004360,004360:2023-04-06,2023-04-07,2023-04-14,,,11,time_open,-7253.679124999966,-1.4372770823445902,dip_50_50,3.0,False,1.0,504682.02784999995,497428.348725
development_2023_2024,pullback,5,ticker_ascending,dip_3pct,A_baseline,1000000,015860,015860:2023-04-13,2023-04-14,2023-04-21,,,209,time_open,18616.427926250035,1.8170246515104793,dip_50_50,3.0,True,2.0,1024555.6058237499,1043172.03375
development_2023_2024,pullback,5,ticker_ascending,dip_3pct,A_baseline,1000000,053350,053350:2023-04-20,2023-04-21,2023-04-24,,,114,stop_intraday,-38818.27027027955,-7.232256057956543,dip_50_50,3.0,False,1.0,536738.0518499999,497919.7815797204
development_2023_2024,pullback,5,ticker_ascending,dip_3pct,A_baseline,1000000,099220,099220:2023-04-24,2023-04-25,2023-04-26,,,23,stop_intraday,-36242.701946075715,-7.232256057956555,dip_50_50,3.0,False,1.0,501125.8126875,464883.11074142426
development_2023_2024,pullback,5,ticker_ascending,dip_3pct,A_baseline,1000000,000430,000430:2023-04-28,2023-05-02,2023-05-10,,,121,time_open,19999.19883499999,4.009569189633111,dip_50_50,3.0,False,1.0,498786.72468625,518785.92352124996
development_2023_2024,pullback,5,ticker_ascending,dip_3pct,A_baseline,1000000,067570,067570:2023-05-09,2023-05-10,2023-05-12,,,129,take_intraday,75176.38388953177,14.712801648763406,dip_50_50,3.0,False,1.0,510958.9980495,586135.3819390318
development_2023_2024,pullback,5,ticker_ascending,dip_3pct,A_baseline,1000000,064850,064850:2023-05-15,2023-05-16,2023-05-23,,,129,time_open,-22256.55647249997,-2.1251359585803486,dip_50_50,3.0,True,2.0,1047300.3566025,1025043.80013
development_2023_2024,pullback,5,ticker_ascending,dip_3pct,A_baseline,1000000,319400,319400:2023-05-22,2023-05-23,2023-05-25,,,213,stop_intraday,-41586.20682466263,-4.032436159383501,dip_50_50,3.0,True,2.0,1031292.3796174998,989706.1727928371
development_2023_2024,pullback,5,ticker_ascending,dip_3pct,A_baseline,1000000,119650,119650:2023-05-25,2023-05-26,2023-05-30,,,143,stop_intraday,-48858.59413483052,-4.817582422673317,dip_50_50,3.0,True,2.0,1014172.4593,965313.8651651695
development_2023_2024,pullback,5,ticker_ascending,dip_3pct,A_baseline,1000000,015360,015360:2023-05-30,2023-05-31,2023-06-08,,,73,time_open,-6805.246332499955,-1.3951968269213744,dip_50_50,3.0,False,1.0,487762.45768249995,480957.21135
development_2023_2024,pullback,5,ticker_ascending,dip_3pct,A_baseline,1000000,085310,085310:2023-06-09,2023-06-12,2023-06-19,,,50,time_open,24257.019500000053,4.992706338964692,dip_50_50,3.0,False,1.0,485849.11374999996,510106.13325
development_2023_2024,pullback,5,ticker_ascending,dip_3pct,A_baseline,1000000,003030,003030:2023-06-16,2023-06-19,2023-06-26,,,2,time_open,-2846.001199999999,-0.7962520379776961,dip_50_50,3.0,False,1.0,357424.6676,354578.6664
development_2023_2024,pullback,5,ticker_ascending,dip_3pct,A_baseline,1000000,003570,003570:2023-06-26,2023-06-27,2023-07-04,,,48,time_open,-8453.76503999997,-1.6921299481515883,dip_50_50,3.0,False,1.0,499593.13404,491139.369
development_2023_2024,pullback,5,ticker_ascending,dip_3pct,A_baseline,1000000,014680,014680:2023-07-03,2023-07-04,2023-07-06,,,2,stop_intraday,-34920.50442380505,-7.232256057956543,dip_50_50,3.0,False,1.0,482843.86149999994,447923.3570761949
development_2023_2024,pullback,5,ticker_ascending,dip_3pct,A_baseline,1000000,126640,126640:2023-07-06,2023-07-07,2023-07-14,,,240,time_open,-14851.869899999932,-3.098026043141666,dip_50_50,3.0,False,1.0,479397.83891999995,464545.96902
development_2023_2024,pullback,5,ticker_ascending,dip_3pct,A_baseline,1000000,204320,204320:2023-07-14,2023-07-17,2023-07-24,,,18,time_open,-27464.193225000054,-2.992380956427576,dip_50_50,3.0,True,2.0,917804.03715,890339.8439249999
development_2023_2024,pullback,5,ticker_ascending,dip_3pct,A_baseline,1000000,003030,003030:2023-07-25,2023-07-26,2023-07-28,,,4,stop_intraday,-41943.86920223525,-5.253521243634429,dip_50_50,3.0,True,2.0,798395.34775,756451.4785477647
development_2023_2024,pullback,5,ticker_ascending,dip_3pct,A_baseline,1000000,089850,089850:2023-08-17,2023-08-18,2023-08-25,,,58,time_open,33396.20873049996,7.6936205056652,dip_50_50,3.0,False,1.0,434076.6314885,467472.84021899995
development_2023_2024,pullback,5,ticker_ascending,dip_3pct,A_baseline,1000000,085310,085310:2023-08-24,2023-08-25,2023-09-01,,,42,time_open,-5349.227835000027,-1.1860072498595553,dip_50_50,3.0,False,1.0,451028.25768,445679.02984499995
development_2023_2024,pullback,5,ticker_ascending,dip_3pct,A_baseline,1000000,105630,105630:2023-09-05,2023-09-06,2023-09-13,,,21,time_open,7904.669587499986,1.8065143483699808,dip_50_50,3.0,False,1.0,437564.7276,445469.39718749997
development_2023_2024,pullback,5,ticker_ascending,dip_3pct,A_baseline,1000000,246250,246250:2023-09-14,2023-09-15,2023-09-18,,,90,stop_intraday,-32602.130686125136,-7.232256057956565,dip_50_50,3.0,False,1.0,450787.83749999997,418185.7068138748
development_2023_2024,pullback,5,ticker_ascending,dip_3pct,A_baseline,1000000,016360,016360:2023-09-20,2023-09-21,2023-10-04,,,23,time_open,-27473.09337499994,-3.182671337830345,dip_50_50,3.0,True,2.0,863208.6212749999,835735.5279
development_2023_2024,pullback,5,ticker_ascending,dip_3pct,A_baseline,1000000,056080,056080:2023-09-27,2023-10-04,2023-10-05,,,31,stop_intraday,-30432.277766015206,-7.232256057956555,dip_50_50,3.0,False,1.0,420785.4025375,390353.1247714848
development_2023_2024,pullback,5,ticker_ascending,dip_3pct,A_baseline,1000000,016360,016360:2023-10-12,2023-10-13,2023-10-20,,,10,time_open,-2305.5007500000065,-0.6161904816227359,dip_50_50,3.0,False,1.0,374153.905125,371848.404375
development_2023_2024,pullback,5,ticker_ascending,dip_3pct,A_baseline,1000000,025900,025900:2023-10-24,2023-10-25,2023-10-26,,,14,stop_gap,-32191.262631500023,-8.015355328587104,dip_50_50,3.0,False,1.0,401619.9071885,369428.64455699996
development_2023_2024,pullback,5,ticker_ascending,dip_3pct,A_baseline,1000000,003570,003570:2023-10-26,2023-10-27,2023-10-31,,,31,take_intraday,57614.50523315981,14.712801648763406,dip_50_50,3.0,False,1.0,391594.38568249997,449208.8909156598
development_2023_2024,pullback,5,ticker_ascending,dip_3pct,A_baseline,1000000,015360,015360:2023-11-01,2023-11-02,2023-11-09,,,63,time_open,7336.041614999995,1.7453692947072996,dip_50_50,3.0,False,1.0,420314.57968499995,427650.62129999994
development_2023_2024,pullback,5,ticker_ascending,dip_3pct,A_baseline,1000000,105630,105630:2023-11-16,2023-11-17,2023-11-23,,,17,stop_intraday,-29128.192538570205,-7.232256057956555,dip_50_50,3.0,False,1.0,402753.8890375,373625.6964989298
development_2023_2024,pullback,5,ticker_ascending,dip_3pct,A_baseline,1000000,015360,015360:2023-11-28,2023-11-29,2023-12-06,,,57,time_open,-3694.456709999882,-0.9100105964166438,dip_50_50,3.0,False,1.0,405979.5264524999,402285.0697425
development_2023_2024,pullback,5,ticker_ascending,dip_3pct,A_baseline,1000000,015360,015360:2023-12-05,2023-12-06,2023-12-13,,,57,time_open,-3117.473782499961,-0.7722339025841518,dip_50_50,3.0,False,1.0,403695.53474249993,400578.06096
development_2023_2024,pullback,5,ticker_ascending,dip_3pct,A_baseline,1000000,015360,015360:2023-12-12,2023-12-13,2023-12-20,,,57,time_open,-5956.5034199999645,-1.481781623096079,dip_50_50,3.0,False,1.0,401982.54095999995,396026.03754
development_2023_2024,pullback,5,ticker_ascending,dip_3pct,A_baseline,1000000,016450,016450:2023-12-19,2023-12-20,2023-12-28,,,79,time_open,-13628.200433749997,-3.3899089407408933,dip_50_50,3.0,False,1.0,402022.61098999996,388394.41055624996
development_2023_2024,pullback,5,ticker_ascending,dip_3pct,A_baseline,1000000,006800,006800:2023-12-28,2024-01-02,2024-01-09,,,108,time_open,-22800.12655549997,-2.884970072864357,dip_50_50,3.0,True,2.0,790307.2121945,767507.085639
development_2023_2024,pullback,5,ticker_ascending,dip_3pct,A_baseline,1000000,309960,309960:2024-01-10,2024-01-11,2024-01-15,,,160,take_intraday,123414.73393248988,16.043840030159817,dip_50_50,3.0,True,2.0,769234.3834175,892649.1173499898
development_2023_2024,pullback,5,ticker_ascending,dip_3pct,A_baseline,1000000,002700,002700:2024-01-15,2024-01-16,2024-01-23,,,235,time_open,-9069.595639999956,-2.0277144000667047,dip_50_50,3.0,False,1.0,447281.70987499994,438212.114235
development_2023_2024,pullback,5,ticker_ascending,dip_3pct,A_baseline,1000000,170920,170920:2024-01-22,2024-01-23,2024-01-25,,,27,take_intraday,64665.43237842177,14.712801648763406,dip_50_50,3.0,False,1.0,439518.1415625,504183.57394092175
development_2023_2024,pullback,5,ticker_ascending,dip_3pct,A_baseline,1000000,003830,003830:2024-01-26,2024-01-29,2024-01-30,,,4,take_intraday,63375.80837087496,14.71280164876343,dip_50_50,3.0,False,1.0,430752.82249999995,494128.6308708749
development_2023_2024,pullback,5,ticker_ascending,dip_3pct,A_baseline,1000000,163560,163560:2024-02-07,2024-02-08,2024-02-19,,,79,time_open,24257.56205249997,4.796887412742423,dip_50_50,3.0,False,1.0,505693.7961075,529951.35816
development_2023_2024,pullback,5,ticker_ascending,dip_3pct,A_baseline,1000000,215200,215200:2024-02-16,2024-02-19,2024-02-26,,,8,time_open,19829.016200000013,3.9972458041378056,dip_50_50,3.0,False,1.0,496066.9714,515895.9876
development_2023_2024,pullback,5,ticker_ascending,dip_3pct,A_baseline,1000000,163560,163560:2024-02-26,2024-02-27,2024-02-28,,,79,take_gap,206348.15642,39.033488168493214,dip_50_50,3.0,False,1.0,528643.90579,734992.06221
development_2023_2024,pullback,5,ticker_ascending,dip_3pct,A_baseline,1000000,006800,006800:2024-02-28,2024-02-29,2024-03-06,,,127,stop_intraday,-55007.92146104248,-4.892720468572076,dip_50_50,3.0,True,2.0,1124280.8947369999,1069272.9732759574
development_2023_2024,pullback,5,ticker_ascending,dip_3pct,A_baseline,1000000,270870,270870:2024-03-07,2024-03-08,2024-03-15,,,72,time_open,7231.867020000005,1.1965042357224398,dip_50_50,3.0,False,1.0,604416.33252,611648.1995400001
development_2023_2024,pullback,5,ticker_ascending,dip_3pct,A_baseline,1000000,015860,015860:2024-03-14,2024-03-15,2024-03-22,,,139,time_open,18694.82063750003,3.082894528259983,dip_50_50,3.0,False,1.0,606404.80775875,625099.6283962501
development_2023_2024,pullback,5,ticker_ascending,dip_3pct,A_baseline,1000000,016360,016360:2024-03-21,2024-03-22,2024-03-29,,,14,time_open,-14616.359450000105,-2.5052909652080624,dip_50_50,3.0,False,1.0,583419.6368000001,568803.27735
development_2023_2024,pullback,5,ticker_ascending,dip_3pct,A_baseline,1000000,003830,003830:2024-03-28,2024-03-29,2024-04-05,,,9,time_open,-29157.069200000027,-2.828307421531928,dip_50_50,3.0,True,2.0,1030901.696825,1001744.627625
development_2023_2024,pullback,5,ticker_ascending,dip_3pct,A_baseline,1000000,015860,015860:2024-04-04,2024-04-05,2024-04-11,,,249,stop_intraday,-62265.834641135414,-5.702112089149103,dip_50_50,3.0,True,2.0,1091978.4400525,1029712.6054113646
development_2023_2024,pullback,5,ticker_ascending,dip_3pct,A_baseline,1000000,094280,094280:2024-04-11,2024-04-12,2024-04-19,,,44,time_open,-2373.47033000004,-0.4287279674091593,dip_50_50,3.0,False,1.0,553607.53448,551234.06415
development_2023_2024,pullback,5,ticker_ascending,dip_3pct,A_baseline,1000000,099220,099220:2024-04-19,2024-04-22,2024-04-23,,,38,take_intraday,81209.46607523737,14.712801648763406,dip_50_50,3.0,False,1.0,551964.6632499999,633174.1293252372
development_2023_2024,pullback,5,ticker_ascending,dip_3pct,A_baseline,1000000,064850,064850:2024-04-23,2024-04-24,2024-04-25,,,148,stop_intraday,-55701.69066121674,-5.0719542246791205,dip_50_50,3.0,True,2.0,1098229.3647325,1042527.6740712832
development_2023_2024,pullback,5,ticker_ascending,dip_3pct,A_baseline,1000000,094280,094280:2024-04-29,2024-04-30,2024-05-09,,,45,time_open,6548.968912500073,1.15208799779829,dip_50_50,3.0,False,1.0,568443.4630875,574992.432
development_2023_2024,pullback,5,ticker_ascending,dip_3pct,A_baseline,1000000,094280,094280:2024-05-08,2024-05-09,2024-05-17,,,45,time_open,5171.405400000047,0.8962443377257268,dip_50_50,3.0,False,1.0,577008.432,582179.8374000001
development_2023_2024,pullback,5,ticker_ascending,dip_3pct,A_baseline,1000000,036620,036620:2024-05-16,2024-05-17,2024-05-23,,,152,take_intraday,85241.93611483544,14.71280164876343,dip_50_50,3.0,False,1.0,579372.5637699999,664614.4998848353
development_2023_2024,pullback,5,ticker_ascending,dip_3pct,A_baseline,1000000,064850,064850:2024-05-23,2024-05-24,2024-05-31,,,82,time_open,15011.54791500012,2.4077432403599053,dip_50_50,3.0,False,1.0,623469.6317849999,638481.1797
development_2023_2024,pullback,5,ticker_ascending,dip_3pct,A_baseline,1000000,051630,051630:2024-05-30,2024-05-31,2024-06-10,,,196,time_open,27142.39604999998,4.29849469958381,dip_50_50,3.0,False,1.0,631439.560752,658581.956802
development_2023_2024,pullback,5,ticker_ascending,dip_3pct,A_baseline,1000000,003080,003080:2024-06-07,2024-06-10,2024-06-17,,,215,time_open,-2257.4999999998836,-0.3493883084190186,dip_50_50,3.0,False,1.0,646129.2337499999,643871.73375
development_2023_2024,pullback,5,ticker_ascending,dip_3pct,A_baseline,1000000,051630,051630:2024-06-14,2024-06-17,2024-06-24,,,196,time_open,487.06205800001044,0.07556099516978776,dip_50_50,3.0,False,1.0,644594.5516009999,645081.6136589999
development_2023_2024,pullback,5,ticker_ascending,dip_3pct,A_baseline,1000000,220100,220100:2024-06-21,2024-06-24,2024-06-25,,,51,stop_intraday,-46581.706976797665,-7.232256057956565,dip_50_50,3.0,False,1.0,644082.6569677499,597500.9499909523
development_2023_2024,pullback,5,ticker_ascending,dip_3pct,A_baseline,1000000,053350,053350:2024-06-25,2024-06-26,2024-07-03,,,312,time_open,13150.049071250018,1.1735421857924644,dip_50_50,3.0,True,2.0,1120543.36268875,1133693.41176
development_2023_2024,pullback,5,ticker_ascending,dip_3pct,A_baseline,1000000,010130,010130:2024-07-02,2024-07-03,2024-07-10,,,1,time_open,152.00149999989662,0.028792381112552334,dip_50_50,3.0,False,1.0,527922.6452500001,528074.64675
development_2023_2024,pullback,5,ticker_ascending,dip_3pct,A_baseline,1000000,051630,051630:2024-07-15,2024-07-16,2024-07-23,,,187,time_open,-21610.482585999882,-3.437488313164072,dip_50_50,3.0,False,1.0,628670.721679,607060.2390930001
development_2023_2024,pullback,5,ticker_ascending,dip_3pct,A_baseline,1000000,011780,011780:2024-07-22,2024-07-23,2024-07-29,,,6,stop_intraday,-51243.83627262898,-5.543376454330251,dip_50_50,3.0,True,2.0,924415.5920999998,873171.7558273708
development_2023_2024,pullback,5,ticker_ascending,dip_3pct,A_baseline,1000000,003570,003570:2024-08-01,2024-08-02,2024-08-05,,,27,stop_intraday,-41469.91023275105,-7.232256057956543,dip_50_50,3.0,False,1.0,573402.1292999999,531932.2190672489
development_2023_2024,pullback,5,ticker_ascending,dip_3pct,A_baseline,1000000,064850,064850:2024-08-06,2024-08-07,2024-08-14,,,73,time_open,36634.53151749994,6.4391495060459825,dip_50_50,3.0,False,1.0,568934.320955,605568.8524725
development_2023_2024,pullback,5,ticker_ascending,dip_3pct,A_baseline,1000000,004870,004870:2024-08-13,2024-08-14,2024-08-22,,,405,time_open,-2650.723388249986,-0.24386562090780162,dip_50_50,3.0,True,2.0,1086960.67054575,1084309.9471575
development_2023_2024,pullback,5,ticker_ascending,dip_3pct,A_baseline,1000000,004870,004870:2024-08-22,2024-08-23,2024-08-30,,,220,time_open,-8203.58461999998,-1.3951968269213855,dip_50_50,3.0,False,1.0,587987.6202199999,579784.0356
development_2023_2024,pullback,5,ticker_ascending,dip_3pct,A_baseline,1000000,016360,016360:2024-09-04,2024-09-05,2024-09-12,,,12,time_open,-28947.770249999943,-5.069680441178126,dip_50_50,3.0,False,1.0,570997.9274999999,542050.1572499999
development_2023_2024,pullback,5,ticker_ascending,dip_3pct,A_baseline,1000000,010130,010130:2024-09-11,2024-09-12,2024-09-13,,,1,take_gap,108884.33325000014,19.79854957457825,dip_50_50,3.0,False,1.0,549961.1617499999,658845.495
development_2023_2024,pullback,5,ticker_ascending,dip_3pct,A_baseline,1000000,006800,006800:2024-09-12,2024-09-13,2024-09-25,,,74,time_open,26482.80853400007,4.246408355830766,dip_50_50,3.0,False,1.0,623651.9504214999,650134.7589555
development_2023_2024,pullback,5,ticker_ascending,dip_3pct,A_baseline,1000000,006800,006800:2024-09-26,2024-09-27,2024-10-08,,,133,time_open,7940.58543249988,0.702618918573017,dip_50_50,3.0,True,2.0,1130141.1366245,1138081.7220569998
development_2023_2024,pullback,5,ticker_ascending,dip_3pct,A_baseline,1000000,006800,006800:2024-10-08,2024-10-10,2024-10-17,,,72,time_open,16402.567986000096,2.589856473282315,dip_50_50,3.0,False,1.0,633338.8801739999,649741.44816
development_2023_2024,pullback,5,ticker_ascending,dip_3pct,A_baseline,1000000,015360,015360:2024-10-16,2024-10-17,2024-10-24,,,69,time_open,62490.9336450001,9.679688242982065,dip_50_50,3.0,False,1.0,645588.2883449999,708079.22199
development_2023_2024,pullback,5,ticker_ascending,dip_3pct,A_baseline,1000000,220100,220100:2024-10-23,2024-10-24,2024-10-25,,,29,stop_intraday,-48638.7565247335,-7.232256057956555,dip_50_50,3.0,False,1.0,672525.3660125,623886.6094877665
development_2023_2024,pullback,5,ticker_ascending,dip_3pct,A_baseline,1000000,004870,004870:2024-10-25,2024-10-28,2024-10-29,,,172,stop_gap,-65993.99685900006,-10.052899315656983,dip_50_50,3.0,False,1.0,656467.30149,590473.3046309999
development_2023_2024,pullback,5,ticker_ascending,dip_3pct,A_baseline,1000000,001740,001740:2024-10-29,2024-10-30,2024-11-06,,,119,time_open,-8109.556962499861,-1.3057281519082697,dip_50_50,3.0,False,1.0,621075.4474924998,612965.89053
development_2023_2024,pullback,5,ticker_ascending,dip_3pct,A_baseline,1000000,016360,016360:2024-11-05,2024-11-06,2024-11-13,,,13,time_open,-20939.60163749999,-3.4467813835056926,dip_50_50,3.0,False,1.0,607511.7423375,586572.1407
development_2023_2024,pullback,5,ticker_ascending,dip_3pct,A_baseline,1000000,127120,127120:2024-11-25,2024-11-26,2024-11-29,,,163,take_intraday,89128.49440957943,14.712801648763385,dip_50_50,3.0,False,1.0,605788.7310475,694917.2254570795
development_2023_2024,pullback,5,ticker_ascending,dip_3pct,A_baseline,1000000,105560,105560:2024-11-29,2024-12-02,2024-12-05,,,6,stop_intraday,-42078.48333889211,-7.232256057956555,dip_50_50,3.0,False,1.0,581816.8356,539738.3522611079
development_2023_2024,pullback,5,ticker_ascending,dip_3pct,A_baseline,1000000,003530,003530:2024-12-05,2024-12-06,2024-12-09,,,282,stop_intraday,-63865.16257951851,-5.662602792396654,dip_50_50,3.0,True,2.0,1127841.1169025,1063975.9543229814
development_2023_2024,pullback,5,ticker_ascending,dip_3pct,A_baseline,1000000,016090,016090:2024-12-09,2024-12-10,2024-12-17,,,274,time_open,55343.93315500009,9.228016018918272,dip_50_50,3.0,False,1.0,599738.1565174999,655082.0896725
development_2023_2024,pullback,5,ticker_ascending,dip_3pct,A_baseline,1000000,015360,015360:2024-12-16,2024-12-17,2024-12-24,,,60,time_open,39742.53150000004,6.357864401591229,dip_50_50,3.0,False,1.0,625092.468,664834.9995
development_2023_2024,pullback,5,ticker_ascending,dip_3pct,A_baseline,1000000,006040,006040:2024-12-23,2024-12-24,2025-01-03,,,17,time_open,3873.8157762500923,0.6293353643022748,dip_50_50,3.0,False,1.0,615540.7745987499,619414.590375
development_2023_2024,pullback,5,factor_rank,all_in,A_baseline,1000000,114090,114090:2023-01-02,2023-01-03,2023-01-10,18768.749999999996,19030.95,53,time_open,12394.061925000278,1.245021478646291,,,,,,
development_2023_2024,pullback,5,factor_rank,all_in,A_baseline,1000000,114090,114090:2023-01-09,2023-01-10,2023-01-17,19069.05,19180.8,53,time_open,4402.318462499999,0.43526217734144446,,,,,,
development_2023_2024,pullback,5,factor_rank,all_in,A_baseline,1000000,011170,011170:2023-01-16,2023-01-17,2023-01-26,184183.99999999997,184215.6,5,time_open,-1223.498499999987,-0.13275654387211455,,,,,,
development_2023_2024,pullback,5,factor_rank,all_in,A_baseline,1000000,326030,326030:2023-01-25,2023-01-26,2023-02-02,74274.2,72027.9,13,time_open,-30628.345475000096,-3.169688639312851,,,,,,
development_2023_2024,pullback,5,factor_rank,all_in,A_baseline,1000000,006800,006800:2023-02-01,2023-02-02,2023-02-09,6975.968999999999,6982.011,141,time_open,-624.1343849998666,-0.0634057809643429,,,,,,
development_2023_2024,pullback,5,factor_rank,all_in,A_baseline,1000000,006800,006800:2023-02-08,2023-02-09,2023-02-16,6995.989,6982.011,140,time_open,-3424.609999999986,-0.3493883084190297,,,,,,
development_2023_2024,pullback,5,factor_rank,all_in,A_baseline,1000000,105630,105630:2023-02-15,2023-02-16,2023-02-23,17797.78,17292.69,55,time_open,-29227.431887499988,-2.9835720820435063,,,,,,
development_2023_2024,pullback,5,factor_rank,all_in,A_baseline,1000000,028670,028670:2023-02-22,2023-02-23,2023-03-03,6476.469999999999,6763.23,146,time_open,40417.21285000001,4.271196468624905,,,,,,
development_2023_2024,pullback,5,factor_rank,all_in,A_baseline,1000000,011170,011170:2023-03-02,2023-03-03,2023-03-10,185685.49999999997,177822.0,5,time_open,-40680.65312499995,-4.378388781124465,,,,,,
development_2023_2024,pullback,5,factor_rank,all_in,A_baseline,1000000,170920,170920:2023-03-09,2023-03-10,2023-03-13,11311.3,13406.58,84,take_gap,174446.29356000002,18.34612468150589,,,,,,
development_2023_2024,pullback,5,factor_rank,all_in,A_baseline,1000000,048770,048770:2023-03-10,2023-03-13,2023-03-14,4044.0399999999995,3757.1962427999993,278,stop_intraday,-81369.12225822394,-7.232256057956543,,,,,,
development_2023_2024,pullback,5,factor_rank,all_in,A_baseline,1000000,001460,001460:2023-03-15,2023-03-16,2023-03-23,50850.799999999996,48201.75,20,time_open,-54466.78824999987,-5.351535155142084,,,,,,
development_2023_2024,pullback,5,factor_rank,all_in,A_baseline,1000000,030210,030210:2023-03-22,2023-03-23,2023-03-30,5095.089999999999,5344.65,194,time_open,46895.65783000004,4.740819754412207,,,,,,
development_2023_2024,pullback,5,factor_rank,all_in,A_baseline,1000000,004360,004360:2023-03-29,2023-03-30,2023-04-06,45395.35,45554.4,22,time_open,1998.4291250000242,0.1999535421409515,,,,,,
development_2023_2024,pullback,5,factor_rank,all_in,A_baseline,1000000,319400,319400:2023-04-06,2023-04-07,2023-04-14,3518.5149999999994,3466.53,295,time_open,-16881.016206249828,-1.6251429388944527,,,,,,
development_2023_2024,pullback,5,factor_rank,all_in,A_baseline,1000000,015860,015860:2023-04-13,2023-04-14,2023-04-21,4974.969999999999,4995.0,205,time_open,2573.2671125000343,0.2521244382102328,,,,,,
development_2023_2024,pullback,5,factor_rank,all_in,A_baseline,1000000,136480,136480:2023-04-20,2023-04-21,2023-04-24,3348.345,3110.8468891499997,305,stop_intraday,-73914.46395389328,-7.232256057956555,,,,,,
development_2023_2024,pullback,5,factor_rank,all_in,A_baseline,1000000,099220,099220:2023-04-24,2023-04-25,2023-04-26,21771.749999999996,20227.479772499995,43,stop_intraday,-67758.09494266333,-7.232256057956555,,,,,,
development_2023_2024,pullback,5,factor_rank,all_in,A_baseline,1000000,000430,000430:2023-04-28,2023-05-02,2023-05-10,4119.115,4290.705,214,time_open,35370.483889999916,4.009569189633089,,,,,,
development_2023_2024,pullback,5,factor_rank,all_in,A_baseline,1000000,067570,067570:2023-05-09,2023-05-10,2023-05-12,3957.9539999999997,4547.095452899999,231,take_intraday,134618.17580218485,14.712801648763406,,,,,,
development_2023_2024,pullback,5,factor_rank,all_in,A_baseline,1000000,064850,064850:2023-05-15,2023-05-16,2023-05-23,8298.289999999999,7952.04,126,time_open,-45163.15618499997,-4.316179847408385,,,,,,
development_2023_2024,pullback,5,factor_rank,all_in,A_baseline,1000000,319400,319400:2023-05-22,2023-05-23,2023-05-25,5004.999999999999,4649.995349999998,201,stop_intraday,-72811.42519901262,-7.232256057956543,,,,,,
development_2023_2024,pullback,5,factor_rank,all_in,A_baseline,1000000,119650,119650:2023-05-25,2023-05-26,2023-05-30,7271.263999999999,6755.513244479999,128,stop_intraday,-67362.66732203017,-7.232256057956543,,,,,,
development_2023_2024,pullback,5,factor_rank,all_in,A_baseline,1000000,015360,015360:2023-05-30,2023-05-31,2023-06-08,6676.669999999999,6593.4,129,time_open,-12025.709272500011,-1.3951968269213855,,,,,,
development_2023_2024,pullback,5,factor_rank,all_in,A_baseline,1000000,085310,085310:2023-06-09,2023-06-12,2023-06-19,9709.699999999999,10209.78,88,time_open,42692.35432000016,4.992706338964714,,,,,,
development_2023_2024,pullback,5,factor_rank,all_in,A_baseline,1000000,004870,004870:2023-06-16,2023-06-19,2023-06-26,3133.1299999999997,3045.951,286,time_open,-26258.606874499936,-2.9282060550701705,,,,,,
development_2023_2024,pullback,5,factor_rank,all_in,A_baseline,1000000,163560,163560:2023-06-26,2023-06-27,2023-07-04,6936.929999999999,7002.99,125,time_open,6950.632500000065,0.8009795033163902,,,,,,
development_2023_2024,pullback,5,factor_rank,all_in,A_baseline,1000000,073640,073640:2023-07-03,2023-07-04,2023-07-06,6766.759999999999,6286.793713199999,129,stop_intraday,-63178.58231895219,-7.232256057956543,,,,,,
development_2023_2024,pullback,5,factor_rank,all_in,A_baseline,1000000,126640,126640:2023-07-06,2023-07-07,2023-07-14,1995.9939999999997,1937.061,408,time_open,-25248.178830000106,-3.0980260431416884,,,,,,
development_2023_2024,pullback,5,factor_rank,all_in,A_baseline,1000000,204320,204320:2023-07-14,2023-07-17,2023-07-24,51851.799999999996,49500.45,15,time_open,-36410.46281249996,-4.67784151896068,,,,,,
development_2023_2024,pullback,5,factor_rank,all_in,A_baseline,1000000,003030,003030:2023-07-25,2023-07-26,2023-07-28,203703.49999999997,189254.81074499994,3,stop_intraday,-44230.22396417626,-7.232256057956532,,,,,,
development_2023_2024,pullback,5,factor_rank,all_in,A_baseline,1000000,089850,089850:2023-08-17,2023-08-18,2023-08-25,7478.471,8065.926,94,time_open,54124.890011499985,7.6936205056652,,,,,,
development_2023_2024,pullback,5,factor_rank,all_in,A_baseline,1000000,085310,085310:2023-08-24,2023-08-25,2023-09-01,10730.72,10619.37,71,time_open,-9042.742292499985,-1.1860072498595442,,,,,,
development_2023_2024,pullback,5,factor_rank,all_in,A_baseline,1000000,105630,105630:2023-09-05,2023-09-06,2023-09-13,20820.8,21228.75,36,time_open,13550.862150000059,1.8065143483699808,,,,,,
development_2023_2024,pullback,5,factor_rank,all_in,A_baseline,1000000,246250,246250:2023-09-14,2023-09-15,2023-09-18,5004.999999999999,4649.995349999998,153,stop_intraday,-55423.62216641265,-7.232256057956555,,,,,,
development_2023_2024,pullback,5,factor_rank,all_in,A_baseline,1000000,089850,089850:2023-09-20,2023-09-21,2023-09-26,9233.223999999998,8578.311421679999,77,stop_intraday,-51456.88470124209,-7.232256057956543,,,,,,
development_2023_2024,pullback,5,factor_rank,all_in,A_baseline,1000000,056080,056080:2023-09-27,2023-10-04,2023-10-05,13563.55,12601.4873985,48,stop_intraday,-47120.94621834601,-7.232256057956532,,,,,,
development_2023_2024,pullback,5,factor_rank,all_in,A_baseline,1000000,105560,105560:2023-10-12,2023-10-13,2023-10-20,55655.59999999999,56443.5,11,time_open,7742.082425000146,1.2636611614087467,,,,,,
development_2023_2024,pullback,5,factor_rank,all_in,A_baseline,1000000,025900,025900:2023-10-24,2023-10-25,2023-10-26,28665.636999999995,26407.566,21,stop_gap,-48286.89394724986,-8.01535532858708,,,,,,
development_2023_2024,pullback,5,factor_rank,all_in,A_baseline,1000000,003570,003570:2023-10-26,2023-10-27,2023-10-31,12622.609999999999,14501.485498499997,45,take_intraday,83633.95920942549,14.712801648763406,,,,,,
development_2023_2024,pullback,5,factor_rank,all_in,A_baseline,1000000,015360,015360:2023-11-01,2023-11-02,2023-11-09,6666.659999999999,6793.2,98,time_open,11411.620289999992,1.7453692947072996,,,,,,
development_2023_2024,pullback,5,factor_rank,all_in,A_baseline,1000000,105630,105630:2023-11-16,2023-11-17,2023-11-23,23673.649999999998,21994.478005499997,28,stop_intraday,-47975.846534115495,-7.232256057956532,,,,,,
development_2023_2024,pullback,5,factor_rank,all_in,A_baseline,1000000,015360,015360:2023-11-28,2023-11-29,2023-12-06,7117.109999999999,7062.93,87,time_open,-5638.907609999995,-0.9100105964166771,,,,,,
development_2023_2024,pullback,5,factor_rank,all_in,A_baseline,1000000,016450,016450:2023-12-05,2023-12-06,2023-12-13,4934.929999999999,5034.96,124,time_open,11476.52023000014,1.874053331758252,,,,,,
development_2023_2024,pullback,5,factor_rank,all_in,A_baseline,1000000,015360,015360:2023-12-12,2023-12-13,2023-12-20,7047.039999999999,6953.04,88,time_open,-9196.005279999925,-1.481781623096079,,,,,,
development_2023_2024,pullback,5,factor_rank,all_in,A_baseline,1000000,215200,215200:2023-12-19,2023-12-20,2023-12-28,63062.99999999999,60439.5,9,time_open,-24445.141874999856,-4.303777661259522,,,,,,
development_2023_2024,pullback,5,factor_rank,all_in,A_baseline,1000000,006800,006800:2023-12-28,2024-01-02,2024-01-09,7484.476999999999,7111.881,79,time_open,-30299.918211499928,-5.12067612246021,,,,,,
development_2023_2024,pullback,5,factor_rank,all_in,A_baseline,1000000,309960,309960:2024-01-10,2024-01-11,2024-01-15,4859.855,5583.244416749999,115,take_intraday,82289.06560155516,14.712801648763406,,,,,,
development_2023_2024,pullback,5,factor_rank,all_in,A_baseline,1000000,089850,089850:2024-01-15,2024-01-16,2024-01-23,8432.423999999999,8688.303,76,time_open,18470.922560999985,2.880029663067374,,,,,,
development_2023_2024,pullback,5,factor_rank,all_in,A_baseline,1000000,170920,170920:2024-01-22,2024-01-23,2024-01-25,16266.249999999998,18687.481312499996,40,take_intraday,95800.64056062489,14.712801648763406,,,,,,
development_2023_2024,pullback,5,factor_rank,all_in,A_baseline,1000000,003830,003830:2024-01-26,2024-01-29,2024-01-30,107607.49999999999,123624.87637499998,7,take_intraday,110907.66464903113,14.712801648763406,,,,,,
development_2023_2024,pullback,5,factor_rank,all_in,A_baseline,1000000,163560,163560:2024-02-07,2024-02-08,2024-02-19,6396.389999999999,6713.28,135,time_open,41452.79591249989,4.796887412742401,,,,,,
development_2023_2024,pullback,5,factor_rank,all_in,A_baseline,1000000,215200,215200:2024-02-16,2024-02-19,2024-02-26,61961.899999999994,64535.4,14,time_open,34700.77835000004,3.9972458041378056,,,,,,
development_2023_2024,pullback,5,factor_rank,all_in,A_baseline,1000000,163560,163560:2024-02-26,2024-02-27,2024-02-28,6686.679999999999,9310.68,141,take_gap,368292.27918000007,39.033488168493214,,,,,,
development_2023_2024,pullback,5,factor_rank,all_in,A_baseline,1000000,052220,052220:2024-02-28,2024-02-29,2024-03-08,3328.325,3171.825,394,time_open,-63581.79432499991,-4.8449046253324575,,,,,,
development_2023_2024,pullback,5,factor_rank,all_in,A_baseline,1000000,270870,270870:2024-03-07,2024-03-08,2024-03-15,8388.38,8501.49,149,time_open,14965.94702750002,1.1965042357224398,,,,,,
development_2023_2024,pullback,5,factor_rank,all_in,A_baseline,1000000,016360,016360:2024-03-14,2024-03-15,2024-03-22,41841.799999999996,41558.4,30,time_open,-10378.504499999806,-0.8261854935462054,,,,,,
development_2023_2024,pullback,5,factor_rank,all_in,A_baseline,1000000,016360,016360:2024-03-21,2024-03-22,2024-03-29,41641.6,40659.3,30,time_open,-31320.77025000006,-2.5052909652080513,,,,,,
development_2023_2024,pullback,5,factor_rank,all_in,A_baseline,1000000,003830,003830:2024-03-28,2024-03-29,2024-04-05,116015.9,111388.5,10,time_open,-47979.533000000054,-4.13250040024783,,,,,,
development_2023_2024,pullback,5,factor_rank,all_in,A_baseline,1000000,015860,015860:2024-04-04,2024-04-05,2024-04-11,4454.45,4138.495861499999,263,stop_intraday,-84790.89699668111,-7.232256057956555,,,,,,
development_2023_2024,pullback,5,factor_rank,all_in,A_baseline,1000000,094280,094280:2024-04-11,2024-04-12,2024-04-19,12572.56,12537.45,86,time_open,-4639.055644999957,-0.4287279674091482,,,,,,
development_2023_2024,pullback,5,factor_rank,all_in,A_baseline,1000000,099220,099220:2024-04-19,2024-04-22,2024-04-23,14514.499999999998,16674.983324999997,74,take_intraday,158144.7497254624,14.71280164876343,,,,,,
development_2023_2024,pullback,5,factor_rank,all_in,A_baseline,1000000,064850,064850:2024-04-23,2024-04-24,2024-04-25,7587.579999999999,7049.392950599999,163,stop_intraday,-89513.85899541108,-7.232256057956555,,,,,,
development_2023_2024,pullback,5,factor_rank,all_in,A_baseline,1000000,094280,094280:2024-04-29,2024-04-30,2024-05-09,12622.609999999999,12787.2,91,time_open,13243.470467500156,1.15208799779829,,,,,,
development_2023_2024,pullback,5,factor_rank,all_in,A_baseline,1000000,094280,094280:2024-05-08,2024-05-09,2024-05-17,12812.8,12947.04,91,time_open,10457.730920000002,0.8962443377257268,,,,,,
development_2023_2024,pullback,5,factor_rank,all_in,A_baseline,1000000,036620,036620:2024-05-16,2024-05-17,2024-05-23,3808.8049999999994,4375.745624249999,309,take_intraday,173287.88328607986,14.712801648763406,,,,,,
development_2023_2024,pullback,5,factor_rank,all_in,A_baseline,1000000,064850,064850:2024-05-23,2024-05-24,2024-05-31,7597.589999999999,7792.2,177,time_open,32402.975377499824,2.407743240359861,,,,,,
development_2023_2024,pullback,5,factor_rank,all_in,A_baseline,1000000,064850,064850:2024-05-30,2024-05-31,2024-06-10,7807.799999999999,7772.22,177,time_open,-8365.907654999988,-0.6049026973718008,,,,,,
development_2023_2024,pullback,5,factor_rank,all_in,A_baseline,1000000,026890,026890:2024-06-07,2024-06-10,2024-06-17,10610.599999999999,10819.17,129,time_open,24832.199752500048,1.8128419452662081,,,,,,
development_2023_2024,pullback,5,factor_rank,all_in,A_baseline,1000000,051630,051630:2024-06-14,2024-06-17,2024-06-24,3286.2829999999994,3293.703,426,time_open,1058.6144730001688,0.07556099516980996,,,,,,
development_2023_2024,pullback,5,factor_rank,all_in,A_baseline,1000000,220100,220100:2024-06-21,2024-06-24,2024-06-25,12619.606999999998,11724.498275489997,111,stop_intraday,-101383.71518479474,-7.232256057956543,,,,,,
development_2023_2024,pullback,5,factor_rank,all_in,A_baseline,1000000,053350,053350:2024-06-25,2024-06-26,2024-07-03,3673.6699999999996,3636.36,353,time_open,-15105.76044249977,-1.163970965298422,,,,,,
development_2023_2024,pullback,5,factor_rank,all_in,A_baseline,1000000,010130,010130:2024-07-02,2024-07-03,2024-07-10,527527.0,528471.0,2,time_open,304.00299999979325,0.028792381112552334,,,,,,
development_2023_2024,pullback,5,factor_rank,all_in,A_baseline,1000000,053350,053350:2024-07-15,2024-07-16,2024-07-23,3628.6249999999995,3721.275,354,time_open,30846.701550000347,2.399594083072887,,,,,,
development_2023_2024,pullback,5,factor_rank,all_in,A_baseline,1000000,105560,105560:2024-07-22,2024-07-23,2024-07-30,87287.2,89810.1,15,time_open,35851.15537499986,2.736123750838626,,,,,,
development_2023_2024,pullback,5,factor_rank,all_in,A_baseline,1000000,003570,003570:2024-08-01,2024-08-02,2024-08-05,21221.199999999997,19715.980283999997,63,stop_intraday,-96763.12387641915,-7.232256057956543,,,,,,
development_2023_2024,pullback,5,factor_rank,all_in,A_baseline,1000000,064850,064850:2024-08-06,2024-08-07,2024-08-14,7787.779999999999,8301.69,161,time_open,80796.70649750018,6.439149506046005,,,,,,
development_2023_2024,pullback,5,factor_rank,all_in,A_baseline,1000000,004870,004870:2024-08-13,2024-08-14,2024-08-22,2742.74,2679.318,487,time_open,-32866.9206844999,-2.458780818678774,,,,,,
development_2023_2024,pullback,5,factor_rank,all_in,A_baseline,1000000,127120,127120:2024-08-22,2024-08-23,2024-08-27,3543.5399999999995,3292.1967077999993,367,stop_intraday,-94124.52476622211,-7.232256057956543,,,,,,
development_2023_2024,pullback,5,factor_rank,all_in,A_baseline,1000000,016360,016360:2024-09-04,2024-09-05,2024-09-12,47547.49999999999,45204.75,25,time_open,-60307.854687499814,-5.0696804411781144,,,,,,
development_2023_2024,pullback,5,factor_rank,all_in,A_baseline,1000000,010130,010130:2024-09-11,2024-09-12,2024-09-13,549548.9999999999,659340.0,2,take_gap,217768.66650000028,19.79854957457825,,,,,,
development_2023_2024,pullback,5,factor_rank,all_in,A_baseline,1000000,010130,010130:2024-09-12,2024-09-13,2024-09-25,660659.9999999999,698301.0,2,time_open,73243.55850000028,5.539056927901687,,,,,,
development_2023_2024,pullback,5,factor_rank,all_in,A_baseline,1000000,006800,006800:2024-09-26,2024-09-27,2024-10-08,8670.661999999998,8563.428,166,time_open,-19946.48820500006,-1.3847791017972733,,,,,,
development_2023_2024,pullback,5,factor_rank,all_in,A_baseline,1000000,220100,220100:2024-10-08,2024-10-10,2024-10-15,21074.052999999996,24210.925789049994,67,take_intraday,207894.90668220003,14.712801648763406,,,,,,
development_2023_2024,pullback,5,factor_rank,all_in,A_baseline,1000000,015360,015360:2024-10-15,2024-10-16,2024-10-23,9409.4,10029.96,172,time_open,104228.64255999983,6.435334189731146,,,,,,
development_2023_2024,pullback,5,factor_rank,all_in,A_baseline,1000000,004870,004870:2024-10-22,2024-10-23,2024-10-25,2784.7819999999997,3199.2968006999995,621,take_intraday,254626.60653327382,14.71280164876343,,,,,,
development_2023_2024,pullback,5,factor_rank,all_in,A_baseline,1000000,004870,004870:2024-10-25,2024-10-28,2024-10-29,3813.8099999999995,3435.561,520,stop_gap,-199516.73468999984,-10.05289931565696,,,,,,
development_2023_2024,pullback,5,factor_rank,all_in,A_baseline,1000000,001740,001740:2024-10-29,2024-10-30,2024-11-06,5215.209999999999,5154.84,342,time_open,-23306.4578249997,-1.3057281519082808,,,,,,
development_2023_2024,pullback,5,factor_rank,all_in,A_baseline,1000000,016360,016360:2024-11-05,2024-11-06,2024-11-13,46696.649999999994,45154.8,37,time_open,-59597.32773749996,-3.4467813835056815,,,,,,
development_2023_2024,pullback,5,factor_rank,all_in,A_baseline,1000000,127120,127120:2024-11-25,2024-11-26,2024-11-29,3713.7099999999996,4266.495733499999,458,take_intraday,250434.66527354252,14.712801648763406,,,,,,
development_2023_2024,pullback,5,factor_rank,all_in,A_baseline,1000000,105560,105560:2024-11-29,2024-12-02,2024-12-05,96896.79999999999,90023.909976,20,stop_intraday,-140261.61112964014,-7.232256057956543,,,,,,
development_2023_2024,pullback,5,factor_rank,all_in,A_baseline,1000000,003530,003530:2024-12-05,2024-12-06,2024-12-09,4064.0599999999995,3775.796224199999,446,stop_intraday,-131188.07591379527,-7.232256057956555,,,,,,
development_2023_2024,pullback,5,factor_rank,all_in,A_baseline,1000000,016090,016090:2024-12-09,2024-12-10,2024-12-17,2187.185,2392.605,769,time_open,155326.5861175002,9.228016018918272,,,,,,
development_2023_2024,pullback,5,factor_rank,all_in,A_baseline,1000000,015360,015360:2024-12-16,2024-12-17,2024-12-24,10410.4,11088.9,176,time_open,116578.09239999996,6.357864401591229,,,,,,
development_2023_2024,pullback,5,factor_rank,all_in,A_baseline,1000000,006040,006040:2024-12-23,2024-12-24,2025-01-03,36181.145,36463.5,54,time_open,12305.061877500033,0.6293353643022526,,,,,,
development_2023_2024,pullback,5,factor_rank,cash_half,A_baseline,1000000,114090,114090:2023-01-02,2023-01-03,2023-01-10,,,26,time_open,6080.105850000051,1.2450214786462688,cash_50_no_add,3.0,False,1.0,488353.4906249999,494433.59647499997
development_2023_2024,pullback,5,factor_rank,cash_half,A_baseline,1000000,114090,114090:2023-01-09,2023-01-10,2023-01-17,,,26,time_open,2159.627924999979,0.43526217734144446,cash_50_no_add,3.0,False,1.0,496167.146475,498326.7744
development_2023_2024,pullback,5,factor_rank,cash_half,A_baseline,1000000,011170,011170:2023-01-16,2023-01-17,2023-01-26,,,2,time_open,-489.3993999999366,-0.13275654387210345,cash_50_no_add,3.0,False,1.0,368644.27599999995,368154.8766
development_2023_2024,pullback,5,factor_rank,cash_half,A_baseline,1000000,326030,326030:2023-01-25,2023-01-26,2023-02-02,,,6,time_open,-14136.15944999992,-3.1696886393128176,cash_50_no_add,3.0,False,1.0,445979.43389999995,431843.27445
development_2023_2024,pullback,5,factor_rank,cash_half,A_baseline,1000000,006800,006800:2023-02-01,2023-02-02,2023-02-09,,,71,time_open,-314.2804349999642,-0.06340578096435401,cash_50_no_add,3.0,False,1.0,495665.26934924995,495350.98891425
development_2023_2024,pullback,5,factor_rank,cash_half,A_baseline,1000000,006800,006800:2023-02-08,2023-02-09,2023-02-16,,,70,time_open,-1712.304999999993,-0.3493883084190297,cash_50_no_add,3.0,False,1.0,490086.5194225,488374.2144225
development_2023_2024,pullback,5,factor_rank,cash_half,A_baseline,1000000,105630,105630:2023-02-15,2023-02-16,2023-02-23,,,27,time_open,-14348.012017499947,-2.983572082043495,cash_50_no_add,3.0,False,1.0,480900.46504499996,466552.4530275
development_2023_2024,pullback,5,factor_rank,cash_half,A_baseline,1000000,028670,028670:2023-02-22,2023-02-23,2023-03-03,,,75,time_open,20762.26687500003,4.271196468624905,cash_50_no_add,3.0,False,1.0,486099.55143749993,506861.81831249996
development_2023_2024,pullback,5,factor_rank,cash_half,A_baseline,1000000,011170,011170:2023-03-02,2023-03-03,2023-03-10,,,2,time_open,-16272.261249999981,-4.378388781124465,cash_50_no_add,3.0,False,1.0,371649.52825,355377.267
development_2023_2024,pullback,5,factor_rank,cash_half,A_baseline,1000000,170920,170920:2023-03-09,2023-03-10,2023-03-13,,,43,take_gap,89299.88836999994,18.34612468150587,cash_50_no_add,3.0,False,1.0,486750.689425,576050.5777949999
development_2023_2024,pullback,5,factor_rank,cash_half,A_baseline,1000000,048770,048770:2023-03-10,2023-03-13,2023-03-14,,,132,stop_intraday,-38635.698338437185,-7.232256057956532,cash_50_no_add,3.0,False,1.0,534213.63996,495577.94162156276
development_2023_2024,pullback,5,factor_rank,cash_half,A_baseline,1000000,001460,001460:2023-03-15,2023-03-16,2023-03-23,,,10,time_open,-27233.394124999933,-5.351535155142084,cash_50_no_add,3.0,False,1.0,508889.38099999994,481655.986875
development_2023_2024,pullback,5,factor_rank,cash_half,A_baseline,1000000,030210,030210:2023-03-22,2023-03-23,2023-03-30,,,98,time_open,23689.55911000003,4.740819754412229,cash_50_no_add,3.0,False,1.0,499693.30911499995,523382.868225
development_2023_2024,pullback,5,factor_rank,cash_half,A_baseline,1000000,004360,004360:2023-03-29,2023-03-30,2023-04-06,,,11,time_open,999.2145625000121,0.1999535421409515,cash_50_no_add,3.0,False,1.0,499723.3616375,500722.5762
development_2023_2024,pullback,5,factor_rank,cash_half,A_baseline,1000000,319400,319400:2023-04-06,2023-04-07,2023-04-14,,,146,time_open,-8354.672427499958,-1.6251429388944638,cash_50_no_add,3.0,False,1.0,514088.46739249997,505733.794965
development_2023_2024,pullback,5,factor_rank,cash_half,A_baseline,1000000,015860,015860:2023-04-13,2023-04-14,2023-04-21,,,102,time_open,1280.3572950000525,0.2521244382102328,cash_50_no_add,3.0,False,1.0,507827.52520499995,509107.8825
development_2023_2024,pullback,5,factor_rank,cash_half,A_baseline,1000000,136480,136480:2023-04-20,2023-04-21,2023-04-24,,,152,stop_intraday,-36836.0607245632,-7.232256057956555,cash_50_no_add,3.0,False,1.0,509330.15132999996,472494.09060543677
development_2023_2024,pullback,5,factor_rank,cash_half,A_baseline,1000000,099220,099220:2023-04-24,2023-04-25,2023-04-26,,,22,stop_intraday,-34666.93229624635,-7.232256057956555,cash_50_no_add,3.0,False,1.0,479337.733875,444670.8015787536
development_2023_2024,pullback,5,factor_rank,cash_half,A_baseline,1000000,000430,000430:2023-04-28,2023-05-02,2023-05-10,,,115,time_open,19007.503024999984,4.009569189633111,cash_50_no_add,3.0,False,1.0,474053.49866875,493061.00169375
development_2023_2024,pullback,5,factor_rank,cash_half,A_baseline,1000000,067570,067570:2023-05-09,2023-05-10,2023-05-12,,,122,take_intraday,71097.04522885953,14.712801648763406,cash_50_no_add,3.0,False,1.0,483232.540791,554329.5860198595
development_2023_2024,pullback,5,factor_rank,cash_half,A_baseline,1000000,064850,064850:2023-05-15,2023-05-16,2023-05-23,,,62,time_open,-22223.140344999963,-4.316179847408375,cash_50_no_add,3.0,False,1.0,514879.85048499994,492656.71014
development_2023_2024,pullback,5,factor_rank,cash_half,A_baseline,1000000,319400,319400:2023-05-22,2023-05-23,2023-05-25,,,101,stop_intraday,-36586.835547762574,-7.232256057956543,cash_50_no_add,3.0,False,1.0,505884.1287499999,469297.29320223734
development_2023_2024,pullback,5,factor_rank,cash_half,A_baseline,1000000,119650,119650:2023-05-25,2023-05-26,2023-05-30,,,67,stop_intraday,-35260.1461763751,-7.232256057956532,cash_50_no_add,3.0,False,1.0,487540.06901599996,452279.92283962487
development_2023_2024,pullback,5,factor_rank,cash_half,A_baseline,1000000,015360,015360:2023-05-30,2023-05-31,2023-06-08,,,70,time_open,-6525.578674999997,-1.3951968269213855,cash_50_no_add,3.0,False,1.0,467717.425175,461191.8465
development_2023_2024,pullback,5,factor_rank,cash_half,A_baseline,1000000,085310,085310:2023-06-09,2023-06-12,2023-06-19,,,48,time_open,23286.738720000023,4.992706338964692,cash_50_no_add,3.0,False,1.0,466415.1492,489701.88792
development_2023_2024,pullback,5,factor_rank,cash_half,A_baseline,1000000,004870,004870:2023-06-16,2023-06-19,2023-06-26,,,153,time_open,-14047.436544750002,-2.9282060550701705,cash_50_no_add,3.0,False,1.0,479728.4166675,465680.98012275
development_2023_2024,pullback,5,factor_rank,cash_half,A_baseline,1000000,163560,163560:2023-06-26,2023-06-27,2023-07-04,,,68,time_open,3781.1440800000564,0.8009795033163902,cash_50_no_add,3.0,False,1.0,472065.02342999994,475846.16751
development_2023_2024,pullback,5,factor_rank,cash_half,A_baseline,1000000,073640,073640:2023-07-03,2023-07-04,2023-07-06,,,70,stop_intraday,-34282.951645943045,-7.232256057956543,cash_50_no_add,3.0,False,1.0,474028.45489999995,439745.5032540569
development_2023_2024,pullback,5,factor_rank,cash_half,A_baseline,1000000,126640,126640:2023-07-06,2023-07-07,2023-07-14,,,230,time_open,-14233.041987499979,-3.0980260431416773,cash_50_no_add,3.0,False,1.0,459422.92896499997,445189.8869775
development_2023_2024,pullback,5,factor_rank,cash_half,A_baseline,1000000,204320,204320:2023-07-14,2023-07-17,2023-07-24,,,8,time_open,-19418.913500000024,-4.67784151896069,cash_50_no_add,3.0,False,1.0,415125.5108,395706.59729999996
development_2023_2024,pullback,5,factor_rank,cash_half,A_baseline,1000000,003030,003030:2023-07-25,2023-07-26,2023-07-28,,,2,stop_intraday,-29486.81597611762,-7.232256057956565,cash_50_no_add,3.0,False,1.0,407712.55525,378225.73927388235
development_2023_2024,pullback,5,factor_rank,cash_half,A_baseline,1000000,089850,089850:2023-08-17,2023-08-18,2023-08-25,,,57,time_open,32820.41202824999,7.6936205056652,cash_50_no_add,3.0,False,1.0,426592.55163525,459412.9636635
development_2023_2024,pullback,5,factor_rank,cash_half,A_baseline,1000000,085310,085310:2023-08-24,2023-08-25,2023-09-01,,,41,time_open,-5221.86526749999,-1.1860072498595442,cash_50_no_add,3.0,False,1.0,440289.48964,435067.6243725
development_2023_2024,pullback,5,factor_rank,cash_half,A_baseline,1000000,105630,105630:2023-09-05,2023-09-06,2023-09-13,,,21,time_open,7904.669587499986,1.8065143483699808,cash_50_no_add,3.0,False,1.0,437564.7276,445469.39718749997
development_2023_2024,pullback,5,factor_rank,cash_half,A_baseline,1000000,246250,246250:2023-09-14,2023-09-15,2023-09-18,,,89,stop_intraday,-32239.88478961255,-7.232256057956543,cash_50_no_add,3.0,False,1.0,445779.08374999993,413539.1989603874
development_2023_2024,pullback,5,factor_rank,cash_half,A_baseline,1000000,089850,089850:2023-09-20,2023-09-21,2023-09-26,,,46,stop_intraday,-30740.47657476802,-7.232256057956543,cash_50_no_add,3.0,False,1.0,425046.85022799997,394306.37365323195
development_2023_2024,pullback,5,factor_rank,cash_half,A_baseline,1000000,056080,056080:2023-09-27,2023-10-04,2023-10-05,,,30,stop_intraday,-29450.591386466287,-7.232256057956543,cash_50_no_add,3.0,False,1.0,407211.67987500003,377761.08848853374
development_2023_2024,pullback,5,factor_rank,cash_half,A_baseline,1000000,105560,105560:2023-10-12,2023-10-13,2023-10-20,,,7,time_open,4926.779725000029,1.2636611614087245,cash_50_no_add,3.0,False,1.0,389881.3919,394808.171625
development_2023_2024,pullback,5,factor_rank,cash_half,A_baseline,1000000,025900,025900:2023-10-24,2023-10-25,2023-10-26,,,14,stop_gap,-32191.262631500023,-8.015355328587104,cash_50_no_add,3.0,False,1.0,401619.9071885,369428.64455699996
development_2023_2024,pullback,5,factor_rank,cash_half,A_baseline,1000000,003570,003570:2023-10-26,2023-10-27,2023-10-31,,,30,take_intraday,55755.97280628368,14.712801648763406,cash_50_no_add,3.0,False,1.0,378962.308725,434718.2815312837
development_2023_2024,pullback,5,factor_rank,cash_half,A_baseline,1000000,015360,015360:2023-11-01,2023-11-02,2023-11-09,,,62,time_open,7219.596510000061,1.7453692947072996,cash_50_no_add,3.0,False,1.0,413642.91968999995,420862.5162
development_2023_2024,pullback,5,factor_rank,cash_half,A_baseline,1000000,105630,105630:2023-11-16,2023-11-17,2023-11-23,,,17,stop_intraday,-29128.192538570205,-7.232256057956555,cash_50_no_add,3.0,False,1.0,402753.8890375,373625.6964989298
development_2023_2024,pullback,5,factor_rank,cash_half,A_baseline,1000000,015360,015360:2023-11-28,2023-11-29,2023-12-06,,,56,time_open,-3629.6416799999424,-0.910010596416666,cash_50_no_add,3.0,False,1.0,398857.0786199999,395227.43694
development_2023_2024,pullback,5,factor_rank,cash_half,A_baseline,1000000,016450,016450:2023-12-05,2023-12-06,2023-12-13,,,81,time_open,7496.759182500013,1.8740533317582297,cash_50_no_add,3.0,False,1.0,400029.12699749996,407525.88618
development_2023_2024,pullback,5,factor_rank,cash_half,A_baseline,1000000,015360,015360:2023-12-12,2023-12-13,2023-12-20,,,57,time_open,-5956.5034199999645,-1.481781623096079,cash_50_no_add,3.0,False,1.0,401982.54095999995,396026.03754
development_2023_2024,pullback,5,factor_rank,cash_half,A_baseline,1000000,215200,215200:2023-12-19,2023-12-20,2023-12-28,,,6,time_open,-16296.761249999981,-4.303777661259545,cash_50_no_add,3.0,False,1.0,378661.78349999996,362365.02225
development_2023_2024,pullback,5,factor_rank,cash_half,A_baseline,1000000,006800,006800:2023-12-28,2024-01-02,2024-01-09,,,52,time_open,-19944.249962,-5.120676122460233,cash_50_no_add,3.0,False,1.0,389484.69860299997,369540.44864099997
development_2023_2024,pullback,5,factor_rank,cash_half,A_baseline,1000000,309960,309960:2024-01-10,2024-01-11,2024-01-15,,,78,take_intraday,55813.45319062006,14.712801648763406,cash_50_no_add,3.0,False,1.0,379352.99151749996,435166.44470812
development_2023_2024,pullback,5,factor_rank,cash_half,A_baseline,1000000,089850,089850:2024-01-15,2024-01-16,2024-01-23,,,48,time_open,11665.84582799999,2.880029663067374,cash_50_no_add,3.0,False,1.0,405059.91926399997,416725.76509199996
development_2023_2024,pullback,5,factor_rank,cash_half,A_baseline,1000000,170920,170920:2024-01-22,2024-01-23,2024-01-25,,,25,take_intraday,59875.400350390584,14.71280164876343,cash_50_no_add,3.0,False,1.0,406961.24218749994,466836.6425378905
development_2023_2024,pullback,5,factor_rank,cash_half,A_baseline,1000000,003830,003830:2024-01-26,2024-01-29,2024-01-30,,,4,take_intraday,63375.80837087496,14.71280164876343,cash_50_no_add,3.0,False,1.0,430752.82249999995,494128.6308708749
development_2023_2024,pullback,5,factor_rank,cash_half,A_baseline,1000000,163560,163560:2024-02-07,2024-02-08,2024-02-19,,,74,time_open,22722.27331499994,4.796887412742401,cash_50_no_add,3.0,False,1.0,473687.859645,496410.13295999996
development_2023_2024,pullback,5,factor_rank,cash_half,A_baseline,1000000,215200,215200:2024-02-16,2024-02-19,2024-02-26,,,7,time_open,17350.38917500002,3.9972458041378056,cash_50_no_add,3.0,False,1.0,434058.59997499996,451408.98915
development_2023_2024,pullback,5,factor_rank,cash_half,A_baseline,1000000,163560,163560:2024-02-26,2024-02-27,2024-02-28,,,74,take_gap,193288.14651999995,39.03348816849319,cash_50_no_add,3.0,False,1.0,495185.43074,688473.5772599999
development_2023_2024,pullback,5,factor_rank,cash_half,A_baseline,1000000,052220,052220:2024-02-28,2024-02-29,2024-03-08,,,178,time_open,-28724.770025000093,-4.844904625332481,cash_50_no_add,3.0,False,1.0,592886.1813875,564161.4113624999
development_2023_2024,pullback,5,factor_rank,cash_half,A_baseline,1000000,270870,270870:2024-03-07,2024-03-08,2024-03-15,,,69,time_open,6930.539227499976,1.1965042357224398,cash_50_no_add,3.0,False,1.0,579232.318665,586162.8578925
development_2023_2024,pullback,5,factor_rank,cash_half,A_baseline,1000000,016360,016360:2024-03-14,2024-03-15,2024-03-22,,,13,time_open,-4497.35195000004,-0.8261854935462276,cash_50_no_add,3.0,False,1.0,544351.35755,539854.0055999999
development_2023_2024,pullback,5,factor_rank,cash_half,A_baseline,1000000,016360,016360:2024-03-21,2024-03-22,2024-03-29,,,13,time_open,-13572.333774999948,-2.50529096520804,cash_50_no_add,3.0,False,1.0,541746.8056,528174.471825
development_2023_2024,pullback,5,factor_rank,cash_half,A_baseline,1000000,003830,003830:2024-03-28,2024-03-29,2024-04-05,,,4,time_open,-19191.813199999975,-4.132500400247818,cash_50_no_add,3.0,False,1.0,464411.6477,445219.8345
development_2023_2024,pullback,5,factor_rank,cash_half,A_baseline,1000000,015860,015860:2024-04-04,2024-04-05,2024-04-11,,,127,stop_intraday,-40944.65368280804,-7.232256057956565,cash_50_no_add,3.0,False,1.0,566139.4363625001,525194.782679692
development_2023_2024,pullback,5,factor_rank,cash_half,A_baseline,1000000,094280,094280:2024-04-11,2024-04-12,2024-04-19,,,43,time_open,-2319.5278224999784,-0.4287279674091482,cash_50_no_add,3.0,False,1.0,541025.5450599999,538706.0172374999
development_2023_2024,pullback,5,factor_rank,cash_half,A_baseline,1000000,099220,099220:2024-04-19,2024-04-22,2024-04-23,,,37,take_intraday,79072.3748627312,14.71280164876343,cash_50_no_add,3.0,False,1.0,537439.277375,616511.6522377311
development_2023_2024,pullback,5,factor_rank,cash_half,A_baseline,1000000,064850,064850:2024-04-23,2024-04-24,2024-04-25,,,76,stop_intraday,-41736.52321258432,-7.232256057956555,cash_50_no_add,3.0,False,1.0,577088.5720599999,535352.0488474156
development_2023_2024,pullback,5,factor_rank,cash_half,A_baseline,1000000,094280,094280:2024-04-29,2024-04-30,2024-05-09,,,44,time_open,6403.436270000064,1.15208799779829,cash_50_no_add,3.0,False,1.0,555811.38613,562214.8224000001
development_2023_2024,pullback,5,factor_rank,cash_half,A_baseline,1000000,094280,094280:2024-05-08,2024-05-09,2024-05-17,,,44,time_open,5056.485280000023,0.8962443377257268,cash_50_no_add,3.0,False,1.0,564186.0224,569242.50768
development_2023_2024,pullback,5,factor_rank,cash_half,A_baseline,1000000,036620,036620:2024-05-16,2024-05-17,2024-05-23,,,149,take_intraday,83559.52948099002,14.71280164876343,cash_50_no_add,3.0,False,1.0,567937.57895875,651497.10843974
development_2023_2024,pullback,5,factor_rank,cash_half,A_baseline,1000000,064850,064850:2024-05-23,2024-05-24,2024-05-31,,,80,time_open,14645.41260000004,2.407743240359883,cash_50_no_add,3.0,False,1.0,608263.0554,622908.468
development_2023_2024,pullback,5,factor_rank,cash_half,A_baseline,1000000,064850,064850:2024-05-30,2024-05-31,2024-06-10,,,79,time_open,-3733.9361849999987,-0.6049026973718119,cash_50_no_add,3.0,False,1.0,617278.81215,613544.875965
development_2023_2024,pullback,5,factor_rank,cash_half,A_baseline,1000000,026890,026890:2024-06-07,2024-06-10,2024-06-17,,,58,time_open,11164.865005000029,1.8128419452662081,cash_50_no_add,3.0,False,1.0,615876.3611,627041.226105
development_2023_2024,pullback,5,factor_rank,cash_half,A_baseline,1000000,051630,051630:2024-06-14,2024-06-17,2024-06-24,,,189,time_open,469.6669845000142,0.07556099516978776,cash_50_no_add,3.0,False,1.0,621573.3176152499,622042.9845997499
development_2023_2024,pullback,5,factor_rank,cash_half,A_baseline,1000000,220100,220100:2024-06-21,2024-06-24,2024-06-25,,,49,stop_intraday,-44754.97336986428,-7.232256057956532,cash_50_no_add,3.0,False,1.0,618824.5135572499,574069.5401873856
development_2023_2024,pullback,5,factor_rank,cash_half,A_baseline,1000000,053350,053350:2024-06-25,2024-06-26,2024-07-03,,,163,time_open,-6975.181167499977,-1.1639709652984442,cash_50_no_add,3.0,False,1.0,599257.3161575,592282.13499
development_2023_2024,pullback,5,factor_rank,cash_half,A_baseline,1000000,010130,010130:2024-07-02,2024-07-03,2024-07-10,,,1,time_open,152.00149999989662,0.028792381112552334,cash_50_no_add,3.0,False,1.0,527922.6452500001,528074.64675
development_2023_2024,pullback,5,factor_rank,cash_half,A_baseline,1000000,053350,053350:2024-07-15,2024-07-16,2024-07-23,,,164,time_open,14290.562300000107,2.3995940830728646,cash_50_no_add,3.0,False,1.0,595540.8208749999,609831.383175
development_2023_2024,pullback,5,factor_rank,cash_half,A_baseline,1000000,105560,105560:2024-07-22,2024-07-23,2024-07-30,,,6,time_open,14340.46214999992,2.736123750838626,cash_50_no_add,3.0,False,1.0,524115.9924,538456.4545499999
development_2023_2024,pullback,5,factor_rank,cash_half,A_baseline,1000000,003570,003570:2024-08-01,2024-08-02,2024-08-05,,,28,stop_intraday,-43005.83283396391,-7.232256057956521,cash_50_no_add,3.0,False,1.0,594639.2451999999,551633.412366036
development_2023_2024,pullback,5,factor_rank,cash_half,A_baseline,1000000,064850,064850:2024-08-06,2024-08-07,2024-08-14,,,75,time_open,37638.21731250011,6.439149506046005,cash_50_no_add,3.0,False,1.0,584521.5626249999,622159.7799375
development_2023_2024,pullback,5,factor_rank,cash_half,A_baseline,1000000,004870,004870:2024-08-13,2024-08-14,2024-08-22,,,221,time_open,-14914.968113499926,-2.458780818678763,cash_50_no_add,3.0,False,1.0,606600.149155,591685.1810415001
development_2023_2024,pullback,5,factor_rank,cash_half,A_baseline,1000000,127120,127120:2024-08-22,2024-08-23,2024-08-27,,,169,stop_intraday,-43343.44600951357,-7.232256057956521,cash_50_no_add,3.0,False,1.0,599307.4036949999,555963.9576854863
development_2023_2024,pullback,5,factor_rank,cash_half,A_baseline,1000000,016360,016360:2024-09-04,2024-09-05,2024-09-12,,,12,time_open,-28947.770249999943,-5.069680441178126,cash_50_no_add,3.0,False,1.0,570997.9274999999,542050.1572499999
development_2023_2024,pullback,5,factor_rank,cash_half,A_baseline,1000000,010130,010130:2024-09-11,2024-09-12,2024-09-13,,,1,take_gap,108884.33325000014,19.79854957457825,cash_50_no_add,3.0,False,1.0,549961.1617499999,658845.495
development_2023_2024,pullback,5,factor_rank,cash_half,A_baseline,1000000,006800,006800:2024-09-12,2024-09-13,2024-09-25,,,73,time_open,26124.9327430001,4.246408355830766,cash_50_no_add,3.0,False,1.0,615224.2213617499,641349.15410475
development_2023_2024,pullback,5,factor_rank,cash_half,A_baseline,1000000,006800,006800:2024-09-26,2024-09-27,2024-10-08,,,72,time_open,-8651.488859999925,-1.3847791017972622,cash_50_no_add,3.0,False,1.0,624755.879748,616104.390888
development_2023_2024,pullback,5,factor_rank,cash_half,A_baseline,1000000,220100,220100:2024-10-08,2024-10-10,2024-10-15,,,29,take_intraday,89984.36259378796,14.712801648763385,cash_50_no_add,3.0,False,1.0,611605.8976527499,701590.2602465379
development_2023_2024,pullback,5,factor_rank,cash_half,A_baseline,1000000,015360,015360:2024-10-15,2024-10-16,2024-10-23,,,71,time_open,43024.61407999997,6.435334189731146,cash_50_no_add,3.0,False,1.0,668568.4505500001,711593.06463
development_2023_2024,pullback,5,factor_rank,cash_half,A_baseline,1000000,004870,004870:2024-10-22,2024-10-23,2024-10-25,,,249,take_intraday,102096.65865826921,14.71280164876343,cash_50_no_add,3.0,False,1.0,693930.7760384999,796027.4346967691
development_2023_2024,pullback,5,factor_rank,cash_half,A_baseline,1000000,004870,004870:2024-10-25,2024-10-28,2024-10-29,,,195,stop_gap,-74818.77550875,-10.05289931565697,cash_50_no_add,3.0,False,1.0,744250.7197125,669431.94420375
development_2023_2024,pullback,5,factor_rank,cash_half,A_baseline,1000000,001740,001740:2024-10-29,2024-10-30,2024-11-06,,,135,time_open,-9199.917562499875,-1.3057281519082808,cash_50_no_add,3.0,False,1.0,704581.3900124999,695381.47245
development_2023_2024,pullback,5,factor_rank,cash_half,A_baseline,1000000,016360,016360:2024-11-05,2024-11-06,2024-11-13,,,15,time_open,-24161.07881249988,-3.4467813835056704,cash_50_no_add,3.0,False,1.0,700975.0873124999,676814.0085
development_2023_2024,pullback,5,factor_rank,cash_half,A_baseline,1000000,127120,127120:2024-11-25,2024-11-26,2024-11-29,,,185,take_intraday,101158.10715197667,14.712801648763406,cash_50_no_add,3.0,False,1.0,687551.6272625,788709.7344144767
development_2023_2024,pullback,5,factor_rank,cash_half,A_baseline,1000000,105560,105560:2024-11-29,2024-12-02,2024-12-05,,,7,stop_intraday,-49091.56389537384,-7.23225605795651,cash_50_no_add,3.0,False,1.0,678786.3081999999,629694.744304626
development_2023_2024,pullback,5,factor_rank,cash_half,A_baseline,1000000,003530,003530:2024-12-05,2024-12-06,2024-12-09,,,176,stop_intraday,-51769.28556239442,-7.232256057956532,cash_50_no_add,3.0,False,1.0,715811.0159199999,664041.7303576055
development_2023_2024,pullback,5,factor_rank,cash_half,A_baseline,1000000,016090,016090:2024-12-09,2024-12-10,2024-12-17,,,315,time_open,63625.32461249991,9.22801601891825,cash_50_no_add,3.0,False,1.0,689479.99745625,753105.3220687499
development_2023_2024,pullback,5,factor_rank,cash_half,A_baseline,1000000,015360,015360:2024-12-16,2024-12-17,2024-12-24,,,69,time_open,45703.91122499993,6.357864401591207,cash_50_no_add,3.0,False,1.0,718856.3382,764560.2494249999
development_2023_2024,pullback,5,factor_rank,cash_half,A_baseline,1000000,006040,006040:2024-12-23,2024-12-24,2025-01-03,,,20,time_open,4557.430325000081,0.6293353643022748,cash_50_no_add,3.0,False,1.0,724165.6171749999,728723.0475
development_2023_2024,pullback,5,factor_rank,dip_3pct,A_baseline,1000000,114090,114090:2023-01-02,2023-01-03,2023-01-10,,,26,time_open,6080.105850000051,1.2450214786462688,dip_50_50,3.0,False,1.0,488353.4906249999,494433.59647499997
development_2023_2024,pullback,5,factor_rank,dip_3pct,A_baseline,1000000,114090,114090:2023-01-09,2023-01-10,2023-01-17,,,53,time_open,31449.58871250006,3.194893865926618,dip_50_50,3.0,True,2.0,984370.3744874999,1015819.9632
development_2023_2024,pullback,5,factor_rank,dip_3pct,A_baseline,1000000,011170,011170:2023-01-16,2023-01-17,2023-01-26,,,2,time_open,-489.3993999999366,-0.13275654387210345,dip_50_50,3.0,False,1.0,368644.27599999995,368154.8766
development_2023_2024,pullback,5,factor_rank,dip_3pct,A_baseline,1000000,326030,326030:2023-01-25,2023-01-26,2023-02-02,,,6,time_open,-14136.15944999992,-3.1696886393128176,dip_50_50,3.0,False,1.0,445979.43389999995,431843.27445
development_2023_2024,pullback,5,factor_rank,dip_3pct,A_baseline,1000000,006800,006800:2023-02-01,2023-02-02,2023-02-09,,,147,time_open,21439.914243999985,2.135139273528508,dip_50_50,3.0,True,2.0,1004145.9360432499,1025585.8502872499
development_2023_2024,pullback,5,factor_rank,dip_3pct,A_baseline,1000000,006800,006800:2023-02-08,2023-02-09,2023-02-16,,,74,time_open,-1810.1510000000126,-0.3493883084190408,dip_50_50,3.0,False,1.0,518091.4633895,516281.3123895
development_2023_2024,pullback,5,factor_rank,dip_3pct,A_baseline,1000000,105630,105630:2023-02-15,2023-02-16,2023-02-23,,,29,time_open,-15410.82772250002,-2.9835720820435063,dip_50_50,3.0,False,1.0,516522.721715,501111.8939925
development_2023_2024,pullback,5,factor_rank,dip_3pct,A_baseline,1000000,028670,028670:2023-02-22,2023-02-23,2023-03-03,,,79,time_open,21869.58777500008,4.271196468624927,dip_50_50,3.0,False,1.0,512024.8608475,533894.4486225001
development_2023_2024,pullback,5,factor_rank,dip_3pct,A_baseline,1000000,011170,011170:2023-03-02,2023-03-03,2023-03-10,,,2,time_open,-16272.261249999981,-4.378388781124465,dip_50_50,3.0,False,1.0,371649.52825,355377.267
development_2023_2024,pullback,5,factor_rank,dip_3pct,A_baseline,1000000,170920,170920:2023-03-09,2023-03-10,2023-03-13,,,45,take_gap,93453.37154999998,18.34612468150589,dip_50_50,3.0,False,1.0,509390.25637499994,602843.6279249999
development_2023_2024,pullback,5,factor_rank,dip_3pct,A_baseline,1000000,048770,048770:2023-03-10,2023-03-13,2023-03-14,,,267,stop_intraday,-59556.98681002075,-5.608129234989024,dip_50_50,3.0,True,2.0,1061976.0050899999,1002419.0182799791
development_2023_2024,pullback,5,factor_rank,dip_3pct,A_baseline,1000000,001460,001460:2023-03-15,2023-03-16,2023-03-23,,,20,time_open,-35433.52399999986,-3.5478031270053667,dip_50_50,3.0,True,2.0,998745.4977499999,963311.97375
development_2023_2024,pullback,5,factor_rank,dip_3pct,A_baseline,1000000,030210,030210:2023-03-22,2023-03-23,2023-03-30,,,101,time_open,24414.749695000064,4.740819754412229,dip_50_50,3.0,False,1.0,514990.04306749994,539404.7927625
development_2023_2024,pullback,5,factor_rank,dip_3pct,A_baseline,1000000,004360,004360:2023-03-29,2023-03-30,2023-04-06,,,11,time_open,999.2145625000121,0.1999535421409515,dip_50_50,3.0,False,1.0,499723.3616375,500722.5762
development_2023_2024,pullback,5,factor_rank,dip_3pct,A_baseline,1000000,319400,319400:2023-04-06,2023-04-07,2023-04-14,,,298,time_open,5927.474647500087,0.5775443625820831,dip_50_50,3.0,True,2.0,1026323.6958974998,1032251.1705449999
development_2023_2024,pullback,5,factor_rank,dip_3pct,A_baseline,1000000,015860,015860:2023-04-13,2023-04-14,2023-04-21,,,209,time_open,18616.427926250035,1.8170246515104793,dip_50_50,3.0,True,2.0,1024555.6058237499,1043172.03375
development_2023_2024,pullback,5,factor_rank,dip_3pct,A_baseline,1000000,136480,136480:2023-04-20,2023-04-21,2023-04-24,,,161,stop_intraday,-39017.14326746494,-7.232256057956543,dip_50_50,3.0,False,1.0,539487.8576587499,500470.714391285
development_2023_2024,pullback,5,factor_rank,dip_3pct,A_baseline,1000000,099220,099220:2023-04-24,2023-04-25,2023-04-26,,,23,stop_intraday,-36242.701946075715,-7.232256057956555,dip_50_50,3.0,False,1.0,501125.8126875,464883.11074142426
development_2023_2024,pullback,5,factor_rank,dip_3pct,A_baseline,1000000,000430,000430:2023-04-28,2023-05-02,2023-05-10,,,122,time_open,20164.48147,4.009569189633111,dip_50_50,3.0,False,1.0,502908.9290225,523073.4104925
development_2023_2024,pullback,5,factor_rank,dip_3pct,A_baseline,1000000,067570,067570:2023-05-09,2023-05-10,2023-05-12,,,129,take_intraday,75176.38388953177,14.712801648763406,dip_50_50,3.0,False,1.0,510958.9980495,586135.3819390318
development_2023_2024,pullback,5,factor_rank,dip_3pct,A_baseline,1000000,064850,064850:2023-05-15,2023-05-16,2023-05-23,,,129,time_open,-22256.55647249997,-2.1251359585803486,dip_50_50,3.0,True,2.0,1047300.3566025,1025043.80013
development_2023_2024,pullback,5,factor_rank,dip_3pct,A_baseline,1000000,319400,319400:2023-05-22,2023-05-23,2023-05-25,,,213,stop_intraday,-41586.20682466263,-4.032436159383501,dip_50_50,3.0,True,2.0,1031292.3796174998,989706.1727928371
development_2023_2024,pullback,5,factor_rank,dip_3pct,A_baseline,1000000,119650,119650:2023-05-25,2023-05-26,2023-05-30,,,143,stop_intraday,-48858.59413483052,-4.817582422673317,dip_50_50,3.0,True,2.0,1014172.4593,965313.8651651695
development_2023_2024,pullback,5,factor_rank,dip_3pct,A_baseline,1000000,015360,015360:2023-05-30,2023-05-31,2023-06-08,,,73,time_open,-6805.246332499955,-1.3951968269213744,dip_50_50,3.0,False,1.0,487762.45768249995,480957.21135
development_2023_2024,pullback,5,factor_rank,dip_3pct,A_baseline,1000000,085310,085310:2023-06-09,2023-06-12,2023-06-19,,,50,time_open,24257.019500000053,4.992706338964692,dip_50_50,3.0,False,1.0,485849.11374999996,510106.13325
development_2023_2024,pullback,5,factor_rank,dip_3pct,A_baseline,1000000,004870,004870:2023-06-16,2023-06-19,2023-06-26,,,325,time_open,-10831.105512500042,-1.0830859327541353,dip_50_50,3.0,True,2.0,1000022.7299562499,989191.6244437499
development_2023_2024,pullback,5,factor_rank,dip_3pct,A_baseline,1000000,163560,163560:2023-06-26,2023-06-27,2023-07-04,,,71,time_open,3947.959259999974,0.8009795033163902,dip_50_50,3.0,False,1.0,492891.4215225,496839.38078249997
development_2023_2024,pullback,5,factor_rank,dip_3pct,A_baseline,1000000,073640,073640:2023-07-03,2023-07-04,2023-07-06,,,73,stop_intraday,-35752.221002197766,-7.232256057956543,dip_50_50,3.0,False,1.0,494343.9601099999,458591.73910780216
development_2023_2024,pullback,5,factor_rank,dip_3pct,A_baseline,1000000,126640,126640:2023-07-06,2023-07-07,2023-07-14,,,241,time_open,-14913.752691249945,-3.098026043141666,dip_50_50,3.0,False,1.0,481395.32991549995,466481.57722425
development_2023_2024,pullback,5,factor_rank,dip_3pct,A_baseline,1000000,204320,204320:2023-07-14,2023-07-17,2023-07-24,,,18,time_open,-27464.193225000054,-2.992380956427576,dip_50_50,3.0,True,2.0,917804.03715,890339.8439249999
development_2023_2024,pullback,5,factor_rank,dip_3pct,A_baseline,1000000,003030,003030:2023-07-25,2023-07-26,2023-07-28,,,4,stop_intraday,-41943.86920223525,-5.253521243634429,dip_50_50,3.0,True,2.0,798395.34775,756451.4785477647
development_2023_2024,pullback,5,factor_rank,dip_3pct,A_baseline,1000000,089850,089850:2023-08-17,2023-08-18,2023-08-25,,,58,time_open,33396.20873049996,7.6936205056652,dip_50_50,3.0,False,1.0,434076.6314885,467472.84021899995
development_2023_2024,pullback,5,factor_rank,dip_3pct,A_baseline,1000000,085310,085310:2023-08-24,2023-08-25,2023-09-01,,,42,time_open,-5349.227835000027,-1.1860072498595553,dip_50_50,3.0,False,1.0,451028.25768,445679.02984499995
development_2023_2024,pullback,5,factor_rank,dip_3pct,A_baseline,1000000,105630,105630:2023-09-05,2023-09-06,2023-09-13,,,21,time_open,7904.669587499986,1.8065143483699808,dip_50_50,3.0,False,1.0,437564.7276,445469.39718749997
development_2023_2024,pullback,5,factor_rank,dip_3pct,A_baseline,1000000,246250,246250:2023-09-14,2023-09-15,2023-09-18,,,91,stop_intraday,-32964.376582637546,-7.232256057956543,dip_50_50,3.0,False,1.0,455796.59124999994,422832.2146673624
development_2023_2024,pullback,5,factor_rank,dip_3pct,A_baseline,1000000,089850,089850:2023-09-20,2023-09-21,2023-09-26,,,98,stop_intraday,-38106.72202685359,-4.339428356431929,dip_50_50,3.0,True,2.0,878150.7354619999,840044.0134351463
development_2023_2024,pullback,5,factor_rank,dip_3pct,A_baseline,1000000,056080,056080:2023-09-27,2023-10-04,2023-10-05,,,31,stop_intraday,-30432.277766015206,-7.232256057956555,dip_50_50,3.0,False,1.0,420785.4025375,390353.1247714848
development_2023_2024,pullback,5,factor_rank,dip_3pct,A_baseline,1000000,105560,105560:2023-10-12,2023-10-13,2023-10-20,,,7,time_open,4926.779725000029,1.2636611614087245,dip_50_50,3.0,False,1.0,389881.3919,394808.171625
development_2023_2024,pullback,5,factor_rank,dip_3pct,A_baseline,1000000,025900,025900:2023-10-24,2023-10-25,2023-10-26,,,14,stop_gap,-32191.262631500023,-8.015355328587104,dip_50_50,3.0,False,1.0,401619.9071885,369428.64455699996
development_2023_2024,pullback,5,factor_rank,dip_3pct,A_baseline,1000000,003570,003570:2023-10-26,2023-10-27,2023-10-31,,,31,take_intraday,57614.50523315981,14.712801648763406,dip_50_50,3.0,False,1.0,391594.38568249997,449208.8909156598
development_2023_2024,pullback,5,factor_rank,dip_3pct,A_baseline,1000000,015360,015360:2023-11-01,2023-11-02,2023-11-09,,,63,time_open,7336.041614999995,1.7453692947072996,dip_50_50,3.0,False,1.0,420314.57968499995,427650.62129999994
development_2023_2024,pullback,5,factor_rank,dip_3pct,A_baseline,1000000,105630,105630:2023-11-16,2023-11-17,2023-11-23,,,17,stop_intraday,-29128.192538570205,-7.232256057956555,dip_50_50,3.0,False,1.0,402753.8890375,373625.6964989298
development_2023_2024,pullback,5,factor_rank,dip_3pct,A_baseline,1000000,015360,015360:2023-11-28,2023-11-29,2023-12-06,,,57,time_open,-3694.456709999882,-0.9100105964166438,dip_50_50,3.0,False,1.0,405979.5264524999,402285.0697425
development_2023_2024,pullback,5,factor_rank,dip_3pct,A_baseline,1000000,016450,016450:2023-12-05,2023-12-06,2023-12-13,,,82,time_open,7589.311764999991,1.8740533317582297,dip_50_50,3.0,False,1.0,404967.75819499994,412557.06995999994
development_2023_2024,pullback,5,factor_rank,dip_3pct,A_baseline,1000000,015360,015360:2023-12-12,2023-12-13,2023-12-20,,,58,time_open,-6061.003479999956,-1.481781623096079,dip_50_50,3.0,False,1.0,409034.86623999994,402973.86276
development_2023_2024,pullback,5,factor_rank,dip_3pct,A_baseline,1000000,215200,215200:2023-12-19,2023-12-20,2023-12-28,,,6,time_open,-16296.761249999981,-4.303777661259545,dip_50_50,3.0,False,1.0,378661.78349999996,362365.02225
development_2023_2024,pullback,5,factor_rank,dip_3pct,A_baseline,1000000,006800,006800:2023-12-28,2024-01-02,2024-01-09,,,109,time_open,-22845.078070499934,-2.864734908672306,dip_50_50,3.0,True,2.0,797458.7107987499,774613.63272825
development_2023_2024,pullback,5,factor_rank,dip_3pct,A_baseline,1000000,309960,309960:2024-01-10,2024-01-11,2024-01-15,,,162,take_intraday,124956.04069936462,16.043634805295113,dip_50_50,3.0,True,2.0,778851.1906175,903807.2313168646
development_2023_2024,pullback,5,factor_rank,dip_3pct,A_baseline,1000000,089850,089850:2024-01-15,2024-01-16,2024-01-23,,,53,time_open,12881.038101750019,2.880029663067396,dip_50_50,3.0,False,1.0,447253.66085399996,460134.69895575
development_2023_2024,pullback,5,factor_rank,dip_3pct,A_baseline,1000000,170920,170920:2024-01-22,2024-01-23,2024-01-25,,,28,take_intraday,67060.44839243742,14.712801648763406,dip_50_50,3.0,False,1.0,455796.59124999994,522857.03964243736
development_2023_2024,pullback,5,factor_rank,dip_3pct,A_baseline,1000000,003830,003830:2024-01-26,2024-01-29,2024-01-30,,,4,take_intraday,63375.80837087496,14.71280164876343,dip_50_50,3.0,False,1.0,430752.82249999995,494128.6308708749
development_2023_2024,pullback,5,factor_rank,dip_3pct,A_baseline,1000000,163560,163560:2024-02-07,2024-02-08,2024-02-19,,,81,time_open,24871.67754750012,4.7968874127424455,dip_50_50,3.0,False,1.0,518496.17069249996,543367.8482400001
development_2023_2024,pullback,5,factor_rank,dip_3pct,A_baseline,1000000,215200,215200:2024-02-16,2024-02-19,2024-02-26,,,8,time_open,19829.016200000013,3.9972458041378056,dip_50_50,3.0,False,1.0,496066.9714,515895.9876
development_2023_2024,pullback,5,factor_rank,dip_3pct,A_baseline,1000000,163560,163560:2024-02-26,2024-02-27,2024-02-28,,,81,take_gap,211572.16038000002,39.033488168493214,dip_50_50,3.0,False,1.0,542027.2958099999,753599.4561899999
development_2023_2024,pullback,5,factor_rank,dip_3pct,A_baseline,1000000,052220,052220:2024-02-28,2024-02-29,2024-03-08,,,195,time_open,-31468.146937499987,-4.8449046253324575,dip_50_50,3.0,False,1.0,649510.14253125,618041.99559375
development_2023_2024,pullback,5,factor_rank,dip_3pct,A_baseline,1000000,270870,270870:2024-03-07,2024-03-08,2024-03-15,,,75,time_open,7533.194812500151,1.196504235722462,dip_50_50,3.0,False,1.0,629600.3463749998,637133.5411875
development_2023_2024,pullback,5,factor_rank,dip_3pct,A_baseline,1000000,016360,016360:2024-03-14,2024-03-15,2024-03-22,,,27,time_open,3281.4054000002798,0.29351886378474745,dip_50_50,3.0,True,2.0,1117953.8369999998,1121235.2424
development_2023_2024,pullback,5,factor_rank,dip_3pct,A_baseline,1000000,016360,016360:2024-03-21,2024-03-22,2024-03-29,,,15,time_open,-15660.38512500003,-2.5052909652080513,dip_50_50,3.0,False,1.0,625092.468,609432.082875
development_2023_2024,pullback,5,factor_rank,dip_3pct,A_baseline,1000000,003830,003830:2024-03-28,2024-03-29,2024-04-05,,,9,time_open,-29157.069200000027,-2.828307421531928,dip_50_50,3.0,True,2.0,1030901.696825,1001744.627625
development_2023_2024,pullback,5,factor_rank,dip_3pct,A_baseline,1000000,015860,015860:2024-04-04,2024-04-05,2024-04-11,,,255,stop_intraday,-64200.227728511905,-5.738695131285921,dip_50_50,3.0,True,2.0,1118725.1850774998,1054524.957348988
development_2023_2024,pullback,5,factor_rank,dip_3pct,A_baseline,1000000,094280,094280:2024-04-11,2024-04-12,2024-04-19,,,46,time_open,-2481.3553450000472,-0.4287279674091593,dip_50_50,3.0,False,1.0,578771.51332,576290.157975
development_2023_2024,pullback,5,factor_rank,dip_3pct,A_baseline,1000000,099220,099220:2024-04-19,2024-04-22,2024-04-23,,,40,take_intraday,85483.64850024984,14.712801648763406,dip_50_50,3.0,False,1.0,581015.4349999999,666499.0835002498
development_2023_2024,pullback,5,factor_rank,dip_3pct,A_baseline,1000000,064850,064850:2024-04-23,2024-04-24,2024-04-25,,,151,stop_intraday,-57349.18499855581,-5.115853303083795,dip_50_50,3.0,True,2.0,1121009.1767875,1063659.9917889442
development_2023_2024,pullback,5,factor_rank,dip_3pct,A_baseline,1000000,094280,094280:2024-04-29,2024-04-30,2024-05-09,,,47,time_open,6840.034197499976,1.1520879977982679,dip_50_50,3.0,False,1.0,593707.6170025,600547.6512
development_2023_2024,pullback,5,factor_rank,dip_3pct,A_baseline,1000000,094280,094280:2024-05-08,2024-05-09,2024-05-17,,,47,time_open,5401.245640000096,0.896244337725749,dip_50_50,3.0,False,1.0,602653.2511999999,608054.49684
development_2023_2024,pullback,5,factor_rank,dip_3pct,A_baseline,1000000,036620,036620:2024-05-16,2024-05-17,2024-05-23,,,159,take_intraday,89167.55159380822,14.71280164876343,dip_50_50,3.0,False,1.0,606054.1949962499,695221.7465900581
development_2023_2024,pullback,5,factor_rank,dip_3pct,A_baseline,1000000,064850,064850:2024-05-23,2024-05-24,2024-05-31,,,85,time_open,15560.750887500122,2.4077432403599053,dip_50_50,3.0,False,1.0,646279.4963624999,661840.24725
development_2023_2024,pullback,5,factor_rank,dip_3pct,A_baseline,1000000,064850,064850:2024-05-30,2024-05-31,2024-06-10,,,84,time_open,-3970.261259999941,-0.6049026973718008,dip_50_50,3.0,False,1.0,656347.0913999999,652376.83014
development_2023_2024,pullback,5,factor_rank,dip_3pct,A_baseline,1000000,026890,026890:2024-06-07,2024-06-10,2024-06-17,,,61,time_open,11742.358022500062,1.8128419452662303,dip_50_50,3.0,False,1.0,647732.0349499999,659474.3929725
development_2023_2024,pullback,5,factor_rank,dip_3pct,A_baseline,1000000,051630,051630:2024-06-14,2024-06-17,2024-06-24,,,201,time_open,499.4871104999911,0.07556099516978776,dip_50_50,3.0,False,1.0,661038.2901622499,661537.7772727499
development_2023_2024,pullback,5,factor_rank,dip_3pct,A_baseline,1000000,220100,220100:2024-06-21,2024-06-24,2024-06-25,,,52,stop_intraday,-47495.07378026424,-7.232256057956555,dip_50_50,3.0,False,1.0,656711.7286729999,609216.6548927356
development_2023_2024,pullback,5,factor_rank,dip_3pct,A_baseline,1000000,053350,053350:2024-06-25,2024-06-26,2024-07-03,,,316,time_open,12978.878981249873,1.1432626897716514,dip_50_50,3.0,True,2.0,1135249.06369875,1148227.9426799999
development_2023_2024,pullback,5,factor_rank,dip_3pct,A_baseline,1000000,010130,010130:2024-07-02,2024-07-03,2024-07-10,,,1,time_open,152.00149999989662,0.028792381112552334,dip_50_50,3.0,False,1.0,527922.6452500001,528074.64675
development_2023_2024,pullback,5,factor_rank,dip_3pct,A_baseline,1000000,053350,053350:2024-07-15,2024-07-16,2024-07-23,,,177,time_open,15423.350775000174,2.399594083072887,dip_50_50,3.0,False,1.0,642748.3249687499,658171.6757437501
development_2023_2024,pullback,5,factor_rank,dip_3pct,A_baseline,1000000,105560,105560:2024-07-22,2024-07-23,2024-07-30,,,12,time_open,39199.30717499973,3.777468764241254,dip_50_50,3.0,True,2.0,1037713.6019250001,1076912.9090999998
development_2023_2024,pullback,5,factor_rank,dip_3pct,A_baseline,1000000,003570,003570:2024-08-01,2024-08-02,2024-08-05,,,31,stop_intraday,-47613.600637603085,-7.232256057956543,dip_50_50,3.0,False,1.0,658350.5928999999,610736.9922623968
development_2023_2024,pullback,5,factor_rank,dip_3pct,A_baseline,1000000,064850,064850:2024-08-06,2024-08-07,2024-08-14,,,83,time_open,41652.960492500104,6.439149506046005,dip_50_50,3.0,False,1.0,646870.5293049999,688523.4897975
development_2023_2024,pullback,5,factor_rank,dip_3pct,A_baseline,1000000,004870,004870:2024-08-13,2024-08-14,2024-08-22,,,435,time_open,-4675.379693249939,-0.39984275820337256,dip_50_50,3.0,True,2.0,1169304.58219575,1164629.2025025
development_2023_2024,pullback,5,factor_rank,dip_3pct,A_baseline,1000000,127120,127120:2024-08-22,2024-08-23,2024-08-27,,,188,stop_intraday,-48216.377809399855,-7.232256057956543,dip_50_50,3.0,False,1.0,666685.1591399999,618468.7813306
development_2023_2024,pullback,5,factor_rank,dip_3pct,A_baseline,1000000,016360,016360:2024-09-04,2024-09-05,2024-09-12,,,13,time_open,-31360.08443749987,-5.0696804411781144,dip_50_50,3.0,False,1.0,618581.0881249999,587221.0036875
development_2023_2024,pullback,5,factor_rank,dip_3pct,A_baseline,1000000,010130,010130:2024-09-11,2024-09-12,2024-09-13,,,1,take_gap,108884.33325000014,19.79854957457825,dip_50_50,3.0,False,1.0,549961.1617499999,658845.495
development_2023_2024,pullback,5,factor_rank,dip_3pct,A_baseline,1000000,010130,010130:2024-09-12,2024-09-13,2024-09-25,,,1,time_open,36621.77925000014,5.539056927901687,dip_50_50,3.0,False,1.0,661155.4949999999,697777.27425
development_2023_2024,pullback,5,factor_rank,dip_3pct,A_baseline,1000000,006800,006800:2024-09-26,2024-09-27,2024-10-08,,,140,time_open,7099.46846000012,0.5961524889237069,dip_50_50,3.0,True,2.0,1190881.2915999999,1197980.76006
development_2023_2024,pullback,5,factor_rank,dip_3pct,A_baseline,1000000,220100,220100:2024-10-08,2024-10-10,2024-10-15,,,33,take_intraday,102395.998813621,14.71280164876343,dip_50_50,3.0,False,1.0,695965.3318117498,798361.3306253708
development_2023_2024,pullback,5,factor_rank,dip_3pct,A_baseline,1000000,015360,015360:2024-10-15,2024-10-16,2024-10-23,,,80,time_open,48478.438399999985,6.435334189731146,dip_50_50,3.0,False,1.0,753316.564,801795.0024
development_2023_2024,pullback,5,factor_rank,dip_3pct,A_baseline,1000000,004870,004870:2024-10-22,2024-10-23,2024-10-25,,,279,take_intraday,114397.46090625343,14.712801648763406,dip_50_50,3.0,False,1.0,777536.8936335,891934.3545397534
development_2023_2024,pullback,5,factor_rank,dip_3pct,A_baseline,1000000,004870,004870:2024-10-25,2024-10-28,2024-10-29,,,219,stop_gap,-84027.24018674996,-10.05289931565697,dip_50_50,3.0,False,1.0,835850.8082925,751823.56810575
development_2023_2024,pullback,5,factor_rank,dip_3pct,A_baseline,1000000,001740,001740:2024-10-29,2024-10-30,2024-11-06,,,152,time_open,-10358.425699999905,-1.3057281519082808,dip_50_50,3.0,False,1.0,793306.4539399999,782948.02824
development_2023_2024,pullback,5,factor_rank,dip_3pct,A_baseline,1000000,016360,016360:2024-11-05,2024-11-06,2024-11-13,,,16,time_open,-25771.817399999825,-3.4467813835056704,dip_50_50,3.0,False,1.0,747706.7597999999,721934.9424
development_2023_2024,pullback,5,factor_rank,dip_3pct,A_baseline,1000000,127120,127120:2024-11-25,2024-11-26,2024-11-29,,,209,take_intraday,114281.32105277362,14.712801648763385,dip_50_50,3.0,False,1.0,776747.5140424999,891028.8350952736
development_2023_2024,pullback,5,factor_rank,dip_3pct,A_baseline,1000000,105560,105560:2024-11-29,2024-12-02,2024-12-05,,,8,stop_intraday,-56104.64445185603,-7.232256057956532,dip_50_50,3.0,False,1.0,775755.7808,719651.1363481439
development_2023_2024,pullback,5,factor_rank,dip_3pct,A_baseline,1000000,003530,003530:2024-12-05,2024-12-06,2024-12-09,,,325,stop_intraday,-76513.34030214883,-5.873322210368448,dip_50_50,3.0,True,2.0,1302726.7628374998,1226213.422535351
development_2023_2024,pullback,5,factor_rank,dip_3pct,A_baseline,1000000,016090,016090:2024-12-09,2024-12-10,2024-12-17,,,350,time_open,70694.80512499996,9.22801601891825,dip_50_50,3.0,False,1.0,766088.8860625001,836783.6911875
development_2023_2024,pullback,5,factor_rank,dip_3pct,A_baseline,1000000,015360,015360:2024-12-16,2024-12-17,2024-12-24,,,77,time_open,51002.91542500013,6.357864401591229,dip_50_50,3.0,False,1.0,802202.0005999999,853204.916025
development_2023_2024,pullback,5,factor_rank,dip_3pct,A_baseline,1000000,006040,006040:2024-12-23,2024-12-24,2025-01-03,,,22,time_open,5013.173357499996,0.6293353643022526,dip_50_50,3.0,False,1.0,796582.1788925,801595.35225
development_2023_2024,pullback,10,ticker_ascending,all_in,A_baseline,1000000,114090,114090:2023-01-02,2023-01-03,2023-01-17,18768.749999999996,19180.8,53,time_open,20330.155387500068,2.0422263721789236,,,,,,
development_2023_2024,pullback,10,ticker_ascending,all_in,A_baseline,1000000,011170,011170:2023-01-16,2023-01-17,2023-02-02,184183.99999999997,179820.0,5,time_open,-23185.015000000014,-2.515705953888192,,,,,,
development_2023_2024,pullback,10,ticker_ascending,all_in,A_baseline,1000000,006800,006800:2023-02-01,2023-02-02,2023-02-16,6975.968999999999,6982.011,142,time_open,-628.5608699999284,-0.06340578096435401,,,,,,
development_2023_2024,pullback,10,ticker_ascending,all_in,A_baseline,1000000,073640,073640:2023-02-15,2023-02-16,2023-02-24,2362.3599999999997,2194.7978051999994,421,stop_intraday,-71982.60658779205,-7.232256057956543,,,,,,
development_2023_2024,pullback,10,ticker_ascending,all_in,A_baseline,1000000,123700,123700:2023-02-24,2023-02-27,2023-03-14,4504.499999999999,4355.64,205,time_open,-31878.54652499978,-3.449629561045975,,,,,,
development_2023_2024,pullback,10,ticker_ascending,all_in,A_baseline,1000000,001460,001460:2023-03-13,2023-03-14,2023-03-27,48548.49999999999,45104.95489499999,18,stop_intraday,-63248.133531082654,-7.232256057956555,,,,,,
development_2023_2024,pullback,10,ticker_ascending,all_in,A_baseline,1000000,004360,004360:2023-03-27,2023-03-28,2023-04-11,45245.2,45254.7,18,time_open,-1050.7486500000814,-0.12892235334918123,,,,,,
development_2023_2024,pullback,10,ticker_ascending,all_in,A_baseline,1000000,099220,099220:2023-04-10,2023-04-11,2023-04-21,22322.3,20738.979260999997,37,stop_intraday,-59777.817842492834,-7.232256057956543,,,,,,
development_2023_2024,pullback,10,ticker_ascending,all_in,A_baseline,1000000,204320,204320:2023-04-21,2023-04-24,2023-05-10,47597.549999999996,45704.25,16,time_open,-31412.4216,-4.121651211570365,,,,,,
development_2023_2024,pullback,10,ticker_ascending,all_in,A_baseline,1000000,067570,067570:2023-05-09,2023-05-10,2023-05-12,3957.9539999999997,4547.095452899999,186,take_intraday,108393.85584072035,14.712801648763406,,,,,,
development_2023_2024,pullback,10,ticker_ascending,all_in,A_baseline,1000000,064850,064850:2023-05-15,2023-05-16,2023-05-25,8298.289999999999,7709.692290299999,101,stop_intraday,-60660.97333819035,-7.232256057956543,,,,,,
development_2023_2024,pullback,10,ticker_ascending,all_in,A_baseline,1000000,119650,119650:2023-05-25,2023-05-26,2023-05-30,7271.263999999999,6755.513244479999,107,stop_intraday,-56310.979714509565,-7.232256057956543,,,,,,
development_2023_2024,pullback,10,ticker_ascending,all_in,A_baseline,1000000,015360,015360:2023-05-30,2023-05-31,2023-06-15,6676.669999999999,6533.46,109,time_open,-16689.818127499893,-2.2916041284948174,,,,,,
development_2023_2024,pullback,10,ticker_ascending,all_in,A_baseline,1000000,085310,085310:2023-06-14,2023-06-15,2023-06-29,9629.619999999999,10039.95,73,time_open,28877.181042500073,4.104849012514422,,,,,,
development_2023_2024,pullback,10,ticker_ascending,all_in,A_baseline,1000000,000850,000850:2023-06-28,2023-06-29,2023-07-11,39489.45,36688.463311499996,18,stop_intraday,-51446.16222270543,-7.232256057956555,,,,,,
development_2023_2024,pullback,10,ticker_ascending,all_in,A_baseline,1000000,001740,001740:2023-07-11,2023-07-12,2023-07-25,5285.28,6071.993927999999,130,take_intraday,101165.47643201973,14.712801648763385,,,,,,
development_2023_2024,pullback,10,ticker_ascending,all_in,A_baseline,1000000,003030,003030:2023-07-25,2023-07-26,2023-07-28,203703.49999999997,189254.81074499994,3,stop_intraday,-44230.22396417626,-7.232256057956532,,,,,,
development_2023_2024,pullback,10,ticker_ascending,all_in,A_baseline,1000000,089850,089850:2023-08-17,2023-08-18,2023-08-28,7478.471,8591.641408349999,99,take_intraday,109010.6645803299,14.712801648763406,,,,,,
development_2023_2024,pullback,10,ticker_ascending,all_in,A_baseline,1000000,085310,085310:2023-08-28,2023-08-29,2023-09-12,10920.909999999998,10239.75,78,time_open,-54368.3786099999,-6.377747952456003,,,,,,
development_2023_2024,pullback,10,ticker_ascending,all_in,A_baseline,1000000,016360,016360:2023-09-11,2023-09-12,2023-09-26,37637.6,37612.35,21,time_open,-1715.4367125000572,-0.21687419712704825,,,,,,
development_2023_2024,pullback,10,ticker_ascending,all_in,A_baseline,1000000,105630,105630:2023-09-25,2023-09-26,2023-10-04,20570.55,19111.4808885,38,stop_intraday,-56575.56411732244,-7.232256057956555,,,,,,
development_2023_2024,pullback,10,ticker_ascending,all_in,A_baseline,1000000,016360,016360:2023-10-12,2023-10-13,2023-10-27,37387.35,36163.8,19,time_open,-24295.553887499962,-3.417613300261546,,,,,,
development_2023_2024,pullback,10,ticker_ascending,all_in,A_baseline,1000000,003570,003570:2023-10-26,2023-10-27,2023-10-31,12622.609999999999,14501.485498499997,56,take_intraday,104077.81590506283,14.712801648763406,,,,,,
development_2023_2024,pullback,10,ticker_ascending,all_in,A_baseline,1000000,015360,015360:2023-11-01,2023-11-02,2023-11-16,6666.659999999999,7072.92,123,time_open,48702.50374500023,5.93488450095998,,,,,,
development_2023_2024,pullback,10,ticker_ascending,all_in,A_baseline,1000000,105630,105630:2023-11-16,2023-11-17,2023-11-23,23673.649999999998,21994.478005499997,36,stop_intraday,-61683.23125814868,-7.232256057956555,,,,,,
development_2023_2024,pullback,10,ticker_ascending,all_in,A_baseline,1000000,015360,015360:2023-11-28,2023-11-29,2023-12-13,7117.109999999999,7032.96,113,time_open,-10708.168432499864,-1.3304773124148905,,,,,,
development_2023_2024,pullback,10,ticker_ascending,all_in,A_baseline,1000000,015360,015360:2023-12-12,2023-12-13,2023-12-27,7047.039999999999,6547.193452799999,113,stop_intraday,-57634.77111872472,-7.232256057956521,,,,,,
development_2023_2024,pullback,10,ticker_ascending,all_in,A_baseline,1000000,006800,006800:2023-12-28,2024-01-02,2024-01-12,7484.476999999999,6953.603046389999,98,stop_intraday,-53086.84633718978,-7.232256057956555,,,,,,
development_2023_2024,pullback,10,ticker_ascending,all_in,A_baseline,1000000,002700,002700:2024-01-15,2024-01-16,2024-01-30,1901.8999999999999,1871.127,361,time_open,-12130.600060249912,-1.765475948246753,,,,,,
development_2023_2024,pullback,10,ticker_ascending,all_in,A_baseline,1000000,163560,163560:2024-02-07,2024-02-08,2024-02-26,6396.389999999999,6493.5,105,time_open,9181.471162499976,1.3660369319681065,,,,,,
development_2023_2024,pullback,10,ticker_ascending,all_in,A_baseline,1000000,163560,163560:2024-02-26,2024-02-27,2024-02-28,6686.679999999999,9310.68,102,take_gap,266424.20196,39.03348816849319,,,,,,
development_2023_2024,pullback,10,ticker_ascending,all_in,A_baseline,1000000,006800,006800:2024-02-28,2024-02-29,2024-03-06,9069.06,8425.791574199999,104,stop_intraday,-68264.51470598776,-7.232256057956555,,,,,,
development_2023_2024,pullback,10,ticker_ascending,all_in,A_baseline,1000000,270870,270870:2024-03-07,2024-03-08,2024-03-22,8388.38,8651.34,105,time_open,26268.92205000017,2.980226402039543,,,,,,
development_2023_2024,pullback,10,ticker_ascending,all_in,A_baseline,1000000,016360,016360:2024-03-21,2024-03-22,2024-04-03,41641.6,38687.96131199999,21,stop_intraday,-63291.60303866421,-7.232256057956555,,,,,,
development_2023_2024,pullback,10,ticker_ascending,all_in,A_baseline,1000000,015860,015860:2024-04-04,2024-04-05,2024-04-11,4454.45,4138.495861499999,189,stop_intraday,-60933.38225236791,-7.232256057956565,,,,,,
development_2023_2024,pullback,10,ticker_ascending,all_in,A_baseline,1000000,094280,094280:2024-04-11,2024-04-12,2024-04-26,12572.56,12637.35,62,time_open,2844.7191850000527,0.3646686224919815,,,,,,
development_2023_2024,pullback,10,ticker_ascending,all_in,A_baseline,1000000,094280,094280:2024-04-29,2024-04-30,2024-05-17,12622.609999999999,12947.04,62,time_open,18925.671275000088,2.4164890977707687,,,,,,
development_2023_2024,pullback,10,ticker_ascending,all_in,A_baseline,1000000,036620,036620:2024-05-16,2024-05-17,2024-05-23,3808.8049999999994,4375.745624249999,211,take_intraday,118329.26658046234,14.712801648763406,,,,,,
development_2023_2024,pullback,10,ticker_ascending,all_in,A_baseline,1000000,064850,064850:2024-05-23,2024-05-24,2024-06-10,7597.589999999999,7772.22,121,time_open,19735.41974250006,2.14515928333332,,,,,,
development_2023_2024,pullback,10,ticker_ascending,all_in,A_baseline,1000000,003080,003080:2024-06-07,2024-06-10,2024-06-24,3002.9999999999995,2967.03,314,time_open,-12700.522064999794,-1.345894425334826,,,,,,
development_2023_2024,pullback,10,ticker_ascending,all_in,A_baseline,1000000,220100,220100:2024-06-21,2024-06-24,2024-06-25,12619.606999999998,11724.498275489997,73,stop_intraday,-66675.77665306325,-7.232256057956555,,,,,,
development_2023_2024,pullback,10,ticker_ascending,all_in,A_baseline,1000000,053350,053350:2024-06-25,2024-06-26,2024-07-04,3673.6699999999996,3413.0965868999992,235,stop_intraday,-62483.79468944133,-7.232256057956555,,,,,,
development_2023_2024,pullback,10,ticker_ascending,all_in,A_baseline,1000000,003570,003570:2024-07-04,2024-07-05,2024-07-19,20320.3,21078.9,39,time_open,28374.473400000134,3.577729393712259,,,,,,
development_2023_2024,pullback,10,ticker_ascending,all_in,A_baseline,1000000,003570,003570:2024-07-18,2024-07-19,2024-07-26,21121.1,24264.975734999996,39,take_intraday,121283.6109497511,14.712801648763406,,,,,,
development_2023_2024,pullback,10,ticker_ascending,all_in,A_baseline,1000000,053350,053350:2024-07-26,2024-07-29,2024-08-05,3753.7499999999995,3487.4965124999994,253,stop_intraday,-68736.1588632469,-7.232256057956532,,,,,,
development_2023_2024,pullback,10,ticker_ascending,all_in,A_baseline,1000000,064850,064850:2024-08-06,2024-08-07,2024-08-22,7787.779999999999,8191.8,113,time_open,44299.9905950001,5.030207695496669,,,,,,
development_2023_2024,pullback,10,ticker_ascending,all_in,A_baseline,1000000,004870,004870:2024-08-22,2024-08-23,2024-09-05,2670.6679999999997,2481.2375187599996,347,stop_intraday,-67073.16040153732,-7.232256057956532,,,,,,
development_2023_2024,pullback,10,ticker_ascending,all_in,A_baseline,1000000,006800,006800:2024-09-09,2024-09-10,2024-09-27,8341.332999999999,8653.338,103,time_open,30823.676665250096,3.5849752157055548,,,,,,
development_2023_2024,pullback,10,ticker_ascending,all_in,A_baseline,1000000,006800,006800:2024-09-26,2024-09-27,2024-10-16,8670.661999999998,8862.129,102,time_open,18188.37548850011,2.0550192006482115,,,,,,
development_2023_2024,pullback,10,ticker_ascending,all_in,A_baseline,1000000,015360,015360:2024-10-15,2024-10-16,2024-10-30,9409.4,10489.5,96,time_open,102256.87919999997,11.311853485276613,,,,,,
development_2023_2024,pullback,10,ticker_ascending,all_in,A_baseline,1000000,001740,001740:2024-10-29,2024-10-30,2024-11-11,5215.209999999999,4845.295154699999,194,stop_intraday,-73227.2834882089,-7.232256057956532,,,,,,
development_2023_2024,pullback,10,ticker_ascending,all_in,A_baseline,1000000,127120,127120:2024-11-25,2024-11-26,2024-11-29,3713.7099999999996,4266.495733499999,252,take_intraday,137793.7459583684,14.71280164876343,,,,,,
development_2023_2024,pullback,10,ticker_ascending,all_in,A_baseline,1000000,105560,105560:2024-11-29,2024-12-02,2024-12-05,96896.79999999999,90023.909976,11,stop_intraday,-77143.8861213018,-7.23225605795651,,,,,,
development_2023_2024,pullback,10,ticker_ascending,all_in,A_baseline,1000000,003530,003530:2024-12-05,2024-12-06,2024-12-09,4064.0599999999995,3775.796224199999,245,stop_intraday,-72065.19865219691,-7.232256057956555,,,,,,
development_2023_2024,pullback,10,ticker_ascending,all_in,A_baseline,1000000,016090,016090:2024-12-09,2024-12-10,2024-12-24,2187.185,2352.645,423,time_open,68549.31893249997,7.403748527996878,,,,,,
development_2023_2024,pullback,10,ticker_ascending,all_in,A_baseline,1000000,006040,006040:2024-12-23,2024-12-24,2025-01-10,36181.145,33866.1,27,time_open,-63924.671711249975,-6.5387816753466605,,,,,,
development_2023_2024,pullback,10,ticker_ascending,cash_half,A_baseline,1000000,114090,114090:2023-01-02,2023-01-03,2023-01-17,,,26,time_open,9973.283775000076,2.0422263721789236,cash_50_no_add,3.0,False,1.0,488353.4906249999,498326.7744
development_2023_2024,pullback,10,ticker_ascending,cash_half,A_baseline,1000000,011170,011170:2023-01-16,2023-01-17,2023-02-02,,,2,time_open,-9274.005999999936,-2.51570595388817,cash_50_no_add,3.0,False,1.0,368644.27599999995,359370.27
development_2023_2024,pullback,10,ticker_ascending,cash_half,A_baseline,1000000,006800,006800:2023-02-01,2023-02-02,2023-02-16,,,71,time_open,-314.2804349999642,-0.06340578096435401,cash_50_no_add,3.0,False,1.0,495665.26934924995,495350.98891425
development_2023_2024,pullback,10,ticker_ascending,cash_half,A_baseline,1000000,073640,073640:2023-02-15,2023-02-16,2023-02-24,,,211,stop_intraday,-36076.79332547297,-7.232256057956543,cash_50_no_add,3.0,False,1.0,498831.8034699999,462755.01014452695
development_2023_2024,pullback,10,ticker_ascending,cash_half,A_baseline,1000000,123700,123700:2023-02-24,2023-02-27,2023-03-14,,,106,time_open,-16483.54112999991,-3.449629561045986,cash_50_no_add,3.0,False,1.0,477835.1077499999,461351.56662
development_2023_2024,pullback,10,ticker_ascending,cash_half,A_baseline,1000000,001460,001460:2023-03-13,2023-03-14,2023-03-27,,,9,stop_intraday,-31624.066765541327,-7.232256057956555,cash_50_no_add,3.0,False,1.0,437264.20237499994,405640.1356094586
development_2023_2024,pullback,10,ticker_ascending,cash_half,A_baseline,1000000,004360,004360:2023-03-27,2023-03-28,2023-04-11,,,10,time_open,-583.7492500000517,-0.12892235334918123,cash_50_no_add,3.0,False,1.0,452791.33900000004,452207.58975
development_2023_2024,pullback,10,ticker_ascending,cash_half,A_baseline,1000000,099220,099220:2023-04-10,2023-04-11,2023-04-21,,,20,stop_intraday,-32312.333968915045,-7.232256057956543,cash_50_no_add,3.0,False,1.0,446780.8345,414468.50053108495
development_2023_2024,pullback,10,ticker_ascending,cash_half,A_baseline,1000000,204320,204320:2023-04-21,2023-04-24,2023-05-10,,,9,time_open,-17669.48715,-4.121651211570365,cash_50_no_add,3.0,False,1.0,428699.2334625,411029.7463125
development_2023_2024,pullback,10,ticker_ascending,cash_half,A_baseline,1000000,067570,067570:2023-05-09,2023-05-10,2023-05-12,,,109,take_intraday,63521.130573325325,14.712801648763406,cash_50_no_add,3.0,False,1.0,431740.5487395,495261.6793128253
development_2023_2024,pullback,10,ticker_ascending,cash_half,A_baseline,1000000,064850,064850:2023-05-15,2023-05-16,2023-05-25,,,55,stop_intraday,-33033.20330297493,-7.232256057956543,cash_50_no_add,3.0,False,1.0,456748.2544625,423715.05115952506
development_2023_2024,pullback,10,ticker_ascending,cash_half,A_baseline,1000000,119650,119650:2023-05-25,2023-05-26,2023-05-30,,,61,stop_intraday,-32102.521145655017,-7.232256057956543,cash_50_no_add,3.0,False,1.0,443879.76432799996,411777.24318234494
development_2023_2024,pullback,10,ticker_ascending,cash_half,A_baseline,1000000,015360,015360:2023-05-30,2023-05-31,2023-06-15,,,64,time_open,-9799.526239999977,-2.2916041284948174,cash_50_no_add,3.0,False,1.0,427627.36016,417827.83392
development_2023_2024,pullback,10,ticker_ascending,cash_half,A_baseline,1000000,085310,085310:2023-06-14,2023-06-15,2023-06-29,,,44,time_open,17405.42418999999,4.104849012514422,cash_50_no_add,3.0,False,1.0,424021.05746,441426.48165
development_2023_2024,pullback,10,ticker_ascending,cash_half,A_baseline,1000000,000850,000850:2023-06-28,2023-06-29,2023-07-11,,,11,stop_intraday,-31439.321358319896,-7.232256057956543,cash_50_no_add,3.0,False,1.0,434709.73796249996,403270.41660418006
development_2023_2024,pullback,10,ticker_ascending,cash_half,A_baseline,1000000,001740,001740:2023-07-11,2023-07-12,2023-07-25,,,79,take_intraday,61477.48183176597,14.71280164876343,cash_50_no_add,3.0,False,1.0,417850.27284,479327.75467176596
development_2023_2024,pullback,10,ticker_ascending,cash_half,A_baseline,1000000,003030,003030:2023-07-25,2023-07-26,2023-07-28,,,2,stop_intraday,-29486.81597611762,-7.232256057956565,cash_50_no_add,3.0,False,1.0,407712.55525,378225.73927388235
development_2023_2024,pullback,10,ticker_ascending,cash_half,A_baseline,1000000,089850,089850:2023-08-17,2023-08-18,2023-08-28,,,58,take_intraday,63864.83379453665,14.712801648763406,cash_50_no_add,3.0,False,1.0,434076.6314885,497941.46528303664
development_2023_2024,pullback,10,ticker_ascending,cash_half,A_baseline,1000000,085310,085310:2023-08-28,2023-08-29,2023-09-12,,,42,time_open,-29275.28078999993,-6.377747952456003,cash_50_no_add,3.0,False,1.0,459022.22866499994,429746.947875
development_2023_2024,pullback,10,ticker_ascending,cash_half,A_baseline,1000000,016360,016360:2023-09-11,2023-09-12,2023-09-26,,,12,time_open,-980.2495500000077,-0.21687419712703715,cash_50_no_add,3.0,False,1.0,451989.9384,451009.68885
development_2023_2024,pullback,10,ticker_ascending,cash_half,A_baseline,1000000,105630,105630:2023-09-25,2023-09-26,2023-10-04,,,22,stop_intraday,-32754.273962660285,-7.232256057956543,cash_50_no_add,3.0,False,1.0,452891.514075,420137.2401123397
development_2023_2024,pullback,10,ticker_ascending,cash_half,A_baseline,1000000,016360,016360:2023-10-12,2023-10-13,2023-10-27,,,11,time_open,-14065.84698750003,-3.417613300261557,cash_50_no_add,3.0,False,1.0,411569.2956375,397503.44865
development_2023_2024,pullback,10,ticker_ascending,cash_half,A_baseline,1000000,003570,003570:2023-10-26,2023-10-27,2023-10-31,,,33,take_intraday,61331.57008691208,14.712801648763406,cash_50_no_add,3.0,False,1.0,416858.53959749994,478190.109684412
development_2023_2024,pullback,10,ticker_ascending,cash_half,A_baseline,1000000,015360,015360:2023-11-01,2023-11-02,2023-11-16,,,68,time_open,26924.961420000007,5.934884500959936,cash_50_no_add,3.0,False,1.0,453672.87966,480597.84108
development_2023_2024,pullback,10,ticker_ascending,cash_half,A_baseline,1000000,105630,105630:2023-11-16,2023-11-17,2023-11-23,,,19,stop_intraday,-32555.038719578413,-7.232256057956543,cash_50_no_add,3.0,False,1.0,450136.69951249997,417581.66079292155
development_2023_2024,pullback,10,ticker_ascending,cash_half,A_baseline,1000000,015360,015360:2023-11-28,2023-11-29,2023-12-13,,,64,time_open,-6064.803359999962,-1.3304773124149016,cash_50_no_add,3.0,False,1.0,455836.66127999994,449771.85792
development_2023_2024,pullback,10,ticker_ascending,cash_half,A_baseline,1000000,015360,015360:2023-12-12,2023-12-13,2023-12-27,,,64,stop_intraday,-32642.702226534428,-7.232256057956543,cash_50_no_add,3.0,False,1.0,451348.81791999994,418706.1156934655
development_2023_2024,pullback,10,ticker_ascending,cash_half,A_baseline,1000000,006800,006800:2023-12-28,2024-01-02,2024-01-12,,,58,stop_intraday,-31418.745791398105,-7.232256057956565,cash_50_no_add,3.0,False,1.0,434425.2407495,403006.4949581019
development_2023_2024,pullback,10,ticker_ascending,cash_half,A_baseline,1000000,002700,002700:2024-01-15,2024-01-16,2024-01-30,,,221,time_open,-7426.212225250027,-1.7654759482467752,cash_50_no_add,3.0,False,1.0,420635.13992499997,413208.92769974994
development_2023_2024,pullback,10,ticker_ascending,cash_half,A_baseline,1000000,163560,163560:2024-02-07,2024-02-08,2024-02-26,,,65,time_open,5683.767862499983,1.3660369319681065,cash_50_no_add,3.0,False,1.0,416077.1740125,421760.94187499996
development_2023_2024,pullback,10,ticker_ascending,cash_half,A_baseline,1000000,163560,163560:2024-02-26,2024-02-27,2024-02-28,,,62,take_gap,161944.12276,39.033488168493214,cash_50_no_add,3.0,False,1.0,414885.09062,576829.21338
development_2023_2024,pullback,10,ticker_ascending,cash_half,A_baseline,1000000,006800,006800:2024-02-28,2024-02-29,2024-03-06,,,55,stop_intraday,-36101.42604643578,-7.232256057956543,cash_50_no_add,3.0,False,1.0,499172.398725,463070.9726785642
development_2023_2024,pullback,10,ticker_ascending,cash_half,A_baseline,1000000,270870,270870:2024-03-07,2024-03-08,2024-03-22,,,57,time_open,14260.271970000002,2.980226402039521,cash_50_no_add,3.0,False,1.0,478496.263245,492756.535215
development_2023_2024,pullback,10,ticker_ascending,cash_half,A_baseline,1000000,016360,016360:2024-03-21,2024-03-22,2024-04-03,,,11,stop_intraday,-33152.74444882403,-7.232256057956543,cash_50_no_add,3.0,False,1.0,458401.1432,425248.39875117596
development_2023_2024,pullback,10,ticker_ascending,cash_half,A_baseline,1000000,015860,015860:2024-04-04,2024-04-05,2024-04-11,,,106,stop_intraday,-34174.277876989276,-7.232256057956543,cash_50_no_add,3.0,False,1.0,472525.82877499994,438351.55089801067
development_2023_2024,pullback,10,ticker_ascending,cash_half,A_baseline,1000000,094280,094280:2024-04-11,2024-04-12,2024-04-26,,,36,time_open,1651.7724299999536,0.3646686224919593,cash_50_no_add,3.0,False,1.0,452951.61912,454603.39154999994
development_2023_2024,pullback,10,ticker_ascending,cash_half,A_baseline,1000000,094280,094280:2024-04-29,2024-04-30,2024-05-17,,,36,time_open,10989.09944999998,2.4164890977707465,cash_50_no_add,3.0,False,1.0,454754.77047,465743.86991999997
development_2023_2024,pullback,10,ticker_ascending,cash_half,A_baseline,1000000,036620,036620:2024-05-16,2024-05-17,2024-05-23,,,121,take_intraday,67857.06756509928,14.71280164876343,cash_50_no_add,3.0,False,1.0,461211.05405374995,529068.1216188492
development_2023_2024,pullback,10,ticker_ascending,cash_half,A_baseline,1000000,064850,064850:2024-05-23,2024-05-24,2024-06-10,,,65,time_open,10601.671762500016,2.14515928333332,cash_50_no_add,3.0,False,1.0,494213.73251249996,504815.404275
development_2023_2024,pullback,10,ticker_ascending,cash_half,A_baseline,1000000,003080,003080:2024-06-07,2024-06-10,2024-06-24,,,167,time_open,-6754.736257499957,-1.345894425334837,cash_50_no_add,3.0,False,1.0,501877.12574999995,495122.3894925
development_2023_2024,pullback,10,ticker_ascending,cash_half,A_baseline,1000000,220100,220100:2024-06-21,2024-06-24,2024-06-25,,,39,stop_intraday,-35621.30533519818,-7.232256057956555,cash_50_no_add,3.0,False,1.0,492533.79650475,456912.4911695518
development_2023_2024,pullback,10,ticker_ascending,cash_half,A_baseline,1000000,053350,053350:2024-06-25,2024-06-26,2024-07-04,,,131,stop_intraday,-34831.39193326299,-7.232256057956543,cash_50_no_add,3.0,False,1.0,481611.7080775,446780.316144237
development_2023_2024,pullback,10,ticker_ascending,cash_half,A_baseline,1000000,003570,003570:2024-07-04,2024-07-05,2024-07-19,,,22,time_open,16006.113200000022,3.5777293937122367,cash_50_no_add,3.0,False,1.0,447381.88495,463387.99815
development_2023_2024,pullback,10,ticker_ascending,cash_half,A_baseline,1000000,003570,003570:2024-07-18,2024-07-19,2024-07-26,,,22,take_intraday,68416.39592037245,14.71280164876343,cash_50_no_add,3.0,False,1.0,465012.69814999995,533429.0940703724
development_2023_2024,pullback,10,ticker_ascending,cash_half,A_baseline,1000000,053350,053350:2024-07-26,2024-07-29,2024-08-05,,,134,stop_intraday,-36405.71259950631,-7.232256057956543,cash_50_no_add,3.0,False,1.0,503379.75187499996,466974.03927549365
development_2023_2024,pullback,10,ticker_ascending,cash_half,A_baseline,1000000,064850,064850:2024-08-06,2024-08-07,2024-08-22,,,62,time_open,24306.189529999974,5.030207695496647,cash_50_no_add,3.0,False,1.0,483204.49176999996,507510.68129999994
development_2023_2024,pullback,10,ticker_ascending,cash_half,A_baseline,1000000,004870,004870:2024-08-22,2024-08-23,2024-09-05,,,187,stop_intraday,-36146.054740886146,-7.232256057956543,cash_50_no_add,3.0,False,1.0,499789.4771869999,463643.4224461138
development_2023_2024,pullback,10,ticker_ascending,cash_half,A_baseline,1000000,006800,006800:2024-09-09,2024-09-10,2024-09-27,,,57,time_open,17057.76281475008,3.5849752157055548,cash_50_no_add,3.0,False,1.0,475812.5729857499,492870.3358005
development_2023_2024,pullback,10,ticker_ascending,cash_half,A_baseline,1000000,006800,006800:2024-09-26,2024-09-27,2024-10-16,,,56,time_open,9985.77477800002,2.0550192006482115,cash_50_no_add,3.0,False,1.0,485921.23980399995,495907.014582
development_2023_2024,pullback,10,ticker_ascending,cash_half,A_baseline,1000000,015360,015360:2024-10-15,2024-10-16,2024-10-30,,,52,time_open,55389.14289999998,11.311853485276613,cash_50_no_add,3.0,False,1.0,489655.7666,545044.9095
development_2023_2024,pullback,10,ticker_ascending,cash_half,A_baseline,1000000,001740,001740:2024-10-29,2024-10-30,2024-11-11,,,100,stop_intraday,-37746.02241660247,-7.232256057956532,cash_50_no_add,3.0,False,1.0,521912.1407499999,484166.11833339743
development_2023_2024,pullback,10,ticker_ascending,cash_half,A_baseline,1000000,127120,127120:2024-11-25,2024-11-26,2024-11-29,,,135,take_intraday,73818.07819198299,14.712801648763406,cash_50_no_add,3.0,False,1.0,501726.86313749995,575544.941329483
development_2023_2024,pullback,10,ticker_ascending,cash_half,A_baseline,1000000,105560,105560:2024-11-29,2024-12-02,2024-12-05,,,5,stop_intraday,-35065.402782410034,-7.232256057956543,cash_50_no_add,3.0,False,1.0,484847.36299999995,449781.9602175899
development_2023_2024,pullback,10,ticker_ascending,cash_half,A_baseline,1000000,003530,003530:2024-12-05,2024-12-06,2024-12-09,,,128,stop_intraday,-37650.38949992327,-7.232256057956543,cash_50_no_add,3.0,False,1.0,520589.82975999994,482939.44026007666
development_2023_2024,pullback,10,ticker_ascending,cash_half,A_baseline,1000000,016090,016090:2024-12-09,2024-12-10,2024-12-24,,,231,time_open,37434.73445250001,7.403748527996878,cash_50_no_add,3.0,False,1.0,505618.66480125,543053.39925375
development_2023_2024,pullback,10,ticker_ascending,cash_half,A_baseline,1000000,006040,006040:2024-12-23,2024-12-24,2025-01-10,,,14,time_open,-33146.12607249996,-6.5387816753466605,cash_50_no_add,3.0,False,1.0,506915.93202249997,473769.80595
development_2023_2024,pullback,10,ticker_ascending,dip_3pct,A_baseline,1000000,114090,114090:2023-01-02,2023-01-03,2023-01-17,,,53,time_open,39263.24456250004,4.020580045497035,dip_50_50,3.0,True,2.0,976556.7186375,1015819.9632
development_2023_2024,pullback,10,ticker_ascending,dip_3pct,A_baseline,1000000,011170,011170:2023-01-16,2023-01-17,2023-02-02,,,4,time_open,-3521.75074999989,-0.48759997512024533,dip_50_50,3.0,True,2.0,722262.2907499999,718740.54
development_2023_2024,pullback,10,ticker_ascending,dip_3pct,A_baseline,1000000,006800,006800:2023-02-01,2023-02-02,2023-02-16,,,148,time_open,21435.487758999923,2.1199596939089904,dip_50_50,3.0,True,2.0,1011127.13702,1032562.624779
development_2023_2024,pullback,10,ticker_ascending,dip_3pct,A_baseline,1000000,073640,073640:2023-02-15,2023-02-16,2023-02-24,,,445,stop_intraday,-49399.4881234857,-4.817807761211823,dip_50_50,3.0,True,2.0,1025351.99767,975952.5095465143
development_2023_2024,pullback,10,ticker_ascending,dip_3pct,A_baseline,1000000,123700,123700:2023-02-24,2023-02-27,2023-03-14,,,111,time_open,-17261.066654999915,-3.449629561045986,dip_50_50,3.0,False,1.0,500374.4996249999,483113.43296999997
development_2023_2024,pullback,10,ticker_ascending,dip_3pct,A_baseline,1000000,001460,001460:2023-03-13,2023-03-14,2023-03-27,,,10,stop_intraday,-35137.851961712644,-7.232256057956565,dip_50_50,3.0,False,1.0,485849.11374999996,450711.2617882873
development_2023_2024,pullback,10,ticker_ascending,dip_3pct,A_baseline,1000000,004360,004360:2023-03-27,2023-03-28,2023-04-11,,,10,time_open,-583.7492500000517,-0.12892235334918123,dip_50_50,3.0,False,1.0,452791.33900000004,452207.58975
development_2023_2024,pullback,10,ticker_ascending,dip_3pct,A_baseline,1000000,099220,099220:2023-04-10,2023-04-11,2023-04-21,,,21,stop_intraday,-33927.9506673608,-7.232256057956543,dip_50_50,3.0,False,1.0,469119.876225,435191.9255576392
development_2023_2024,pullback,10,ticker_ascending,dip_3pct,A_baseline,1000000,204320,204320:2023-04-21,2023-04-24,2023-05-10,,,20,time_open,-6207.752249999903,-0.6750439021823595,dip_50_50,3.0,True,2.0,919607.1884999999,913399.43625
development_2023_2024,pullback,10,ticker_ascending,dip_3pct,A_baseline,1000000,067570,067570:2023-05-09,2023-05-10,2023-05-12,,,115,take_intraday,67017.70656818734,14.71280164876343,dip_50_50,3.0,False,1.0,455506.08353249996,522523.7901006873
development_2023_2024,pullback,10,ticker_ascending,dip_3pct,A_baseline,1000000,064850,064850:2023-05-15,2023-05-16,2023-05-25,,,121,stop_intraday,-49071.79959654482,-5.000973659995744,dip_50_50,3.0,True,2.0,981244.9121474999,932173.112550955
development_2023_2024,pullback,10,ticker_ascending,dip_3pct,A_baseline,1000000,119650,119650:2023-05-25,2023-05-26,2023-05-30,,,131,stop_intraday,-44376.54794589034,-4.778428140355794,dip_50_50,3.0,True,2.0,928685.0537965,884308.5058506096
development_2023_2024,pullback,10,ticker_ascending,dip_3pct,A_baseline,1000000,015360,015360:2023-05-30,2023-05-31,2023-06-15,,,66,time_open,-10105.761435000051,-2.2916041284948396,dip_50_50,3.0,False,1.0,440990.715165,430884.95372999995
development_2023_2024,pullback,10,ticker_ascending,dip_3pct,A_baseline,1000000,085310,085310:2023-06-14,2023-06-15,2023-06-29,,,45,time_open,17801.002012500016,4.104849012514422,dip_50_50,3.0,False,1.0,433657.899675,451458.9016875
development_2023_2024,pullback,10,ticker_ascending,dip_3pct,A_baseline,1000000,000850,000850:2023-06-28,2023-06-29,2023-07-11,,,23,stop_intraday,-33280.03854012338,-3.79700272494069,dip_50_50,3.0,True,2.0,876481.8187124999,843201.7801723765
development_2023_2024,pullback,10,ticker_ascending,dip_3pct,A_baseline,1000000,001740,001740:2023-07-11,2023-07-12,2023-07-25,,,81,take_intraday,63033.873776873865,14.712801648763385,dip_50_50,3.0,False,1.0,428428.76076000003,491462.6345368739
development_2023_2024,pullback,10,ticker_ascending,dip_3pct,A_baseline,1000000,003030,003030:2023-07-25,2023-07-26,2023-07-28,,,4,stop_intraday,-41943.86920223525,-5.253521243634429,dip_50_50,3.0,True,2.0,798395.34775,756451.4785477647
development_2023_2024,pullback,10,ticker_ascending,dip_3pct,A_baseline,1000000,089850,089850:2023-08-17,2023-08-18,2023-08-28,,,59,take_intraday,64965.95161858038,14.712801648763406,dip_50_50,3.0,False,1.0,441560.71134175,506526.6629603304
development_2023_2024,pullback,10,ticker_ascending,dip_3pct,A_baseline,1000000,085310,085310:2023-08-28,2023-08-29,2023-09-12,,,88,time_open,-40151.6551974999,-4.268846723604492,dip_50_50,3.0,True,2.0,940573.8316974998,900422.1765
development_2023_2024,pullback,10,ticker_ascending,dip_3pct,A_baseline,1000000,016360,016360:2023-09-11,2023-09-12,2023-09-26,,,12,time_open,-980.2495500000077,-0.21687419712703715,dip_50_50,3.0,False,1.0,451989.9384,451009.68885
development_2023_2024,pullback,10,ticker_ascending,dip_3pct,A_baseline,1000000,105630,105630:2023-09-25,2023-09-26,2023-10-04,,,45,stop_intraday,-45339.5273449868,-5.011492021741382,dip_50_50,3.0,True,2.0,904711.1548474999,859371.6275025131
development_2023_2024,pullback,10,ticker_ascending,dip_3pct,A_baseline,1000000,016360,016360:2023-10-12,2023-10-13,2023-10-27,,,23,time_open,-16788.347887499956,-1.9799169538539552,dip_50_50,3.0,True,2.0,847931.9223374999,831143.57445
development_2023_2024,pullback,10,ticker_ascending,dip_3pct,A_baseline,1000000,003570,003570:2023-10-26,2023-10-27,2023-10-31,,,33,take_intraday,61331.57008691208,14.712801648763406,dip_50_50,3.0,False,1.0,416858.53959749994,478190.109684412
development_2023_2024,pullback,10,ticker_ascending,dip_3pct,A_baseline,1000000,015360,015360:2023-11-01,2023-11-02,2023-11-16,,,67,time_open,26529.006105000095,5.934884500959958,dip_50_50,3.0,False,1.0,447001.2196649999,473530.22577
development_2023_2024,pullback,10,ticker_ascending,dip_3pct,A_baseline,1000000,105630,105630:2023-11-16,2023-11-17,2023-11-23,,,19,stop_intraday,-32555.038719578413,-7.232256057956543,dip_50_50,3.0,False,1.0,450136.69951249997,417581.66079292155
development_2023_2024,pullback,10,ticker_ascending,dip_3pct,A_baseline,1000000,015360,015360:2023-11-28,2023-11-29,2023-12-13,,,63,time_open,-5970.040807500016,-1.3304773124149127,dip_50_50,3.0,False,1.0,448714.21344749996,442744.17263999995
development_2023_2024,pullback,10,ticker_ascending,dip_3pct,A_baseline,1000000,015360,015360:2023-12-12,2023-12-13,2023-12-27,,,63,stop_intraday,-32132.660004244768,-7.232256057956521,dip_50_50,3.0,False,1.0,444296.49263999995,412163.8326357552
development_2023_2024,pullback,10,ticker_ascending,dip_3pct,A_baseline,1000000,006800,006800:2023-12-28,2024-01-02,2024-01-12,,,117,stop_intraday,-43063.68888644094,-5.030657461367516,dip_50_50,3.0,True,2.0,856025.06664675,812961.377760309
development_2023_2024,pullback,10,ticker_ascending,dip_3pct,A_baseline,1000000,002700,002700:2024-01-15,2024-01-16,2024-01-30,,,215,time_open,-7224.595603749971,-1.765475948246753,dip_50_50,3.0,False,1.0,409215.1813749999,401990.58577124996
development_2023_2024,pullback,10,ticker_ascending,dip_3pct,A_baseline,1000000,163560,163560:2024-02-07,2024-02-08,2024-02-26,,,63,time_open,5508.882697500056,1.3660369319681287,dip_50_50,3.0,False,1.0,403274.79942749994,408783.682125
development_2023_2024,pullback,10,ticker_ascending,dip_3pct,A_baseline,1000000,163560,163560:2024-02-26,2024-02-27,2024-02-28,,,61,take_gap,159332.12078,39.03348816849319,dip_50_50,3.0,False,1.0,408193.39561,567525.51639
development_2023_2024,pullback,10,ticker_ascending,dip_3pct,A_baseline,1000000,006800,006800:2024-02-28,2024-02-29,2024-03-06,,,110,stop_intraday,-44338.15323087154,-4.568682376421873,dip_50_50,3.0,True,2.0,970480.0985879999,926141.9453571284
development_2023_2024,pullback,10,ticker_ascending,dip_3pct,A_baseline,1000000,270870,270870:2024-03-07,2024-03-08,2024-03-22,,,55,time_open,13759.911550000019,2.980226402039521,dip_50_50,3.0,False,1.0,461706.920675,475466.832225
development_2023_2024,pullback,10,ticker_ascending,dip_3pct,A_baseline,1000000,016360,016360:2024-03-21,2024-03-22,2024-04-03,,,23,stop_intraday,-57298.36575663206,-6.054003594679102,dip_50_50,3.0,True,2.0,946454.1085999999,889155.7428433679
development_2023_2024,pullback,10,ticker_ascending,dip_3pct,A_baseline,1000000,015860,015860:2024-04-04,2024-04-05,2024-04-11,,,203,stop_intraday,-49298.74403291347,-5.546767478506187,dip_50_50,3.0,True,2.0,888783.3179225,839484.5738895865
development_2023_2024,pullback,10,ticker_ascending,dip_3pct,A_baseline,1000000,094280,094280:2024-04-11,2024-04-12,2024-04-26,,,33,time_open,1514.1247274999623,0.3646686224919593,dip_50_50,3.0,False,1.0,415205.65086,416719.77558749996
development_2023_2024,pullback,10,ticker_ascending,dip_3pct,A_baseline,1000000,094280,094280:2024-04-29,2024-04-30,2024-05-17,,,33,time_open,10073.34116250003,2.4164890977707687,dip_50_50,3.0,False,1.0,416858.53959749994,426931.88076
development_2023_2024,pullback,10,ticker_ascending,dip_3pct,A_baseline,1000000,036620,036620:2024-05-16,2024-05-17,2024-05-23,,,111,take_intraday,62249.04545228119,14.71280164876343,dip_50_50,3.0,False,1.0,423094.4380162499,485343.4834685311
development_2023_2024,pullback,10,ticker_ascending,dip_3pct,A_baseline,1000000,064850,064850:2024-05-23,2024-05-24,2024-06-10,,,60,time_open,9786.158550000051,2.145159283333342,dip_50_50,3.0,False,1.0,456197.29154999997,465983.4501
development_2023_2024,pullback,10,ticker_ascending,dip_3pct,A_baseline,1000000,003080,003080:2024-06-07,2024-06-10,2024-06-24,,,153,time_open,-6188.470942499931,-1.345894425334826,dip_50_50,3.0,False,1.0,459803.59424999997,453615.12330750003
development_2023_2024,pullback,10,ticker_ascending,dip_3pct,A_baseline,1000000,220100,220100:2024-06-21,2024-06-24,2024-06-25,,,36,stop_intraday,-32881.20492479834,-7.232256057956555,dip_50_50,3.0,False,1.0,454646.58138899994,421765.3764642016
development_2023_2024,pullback,10,ticker_ascending,dip_3pct,A_baseline,1000000,053350,053350:2024-06-25,2024-06-26,2024-07-04,,,247,stop_intraday,-42138.322674673516,-4.7638636617161385,dip_50_50,3.0,True,2.0,884540.90349625,842402.5808215765
development_2023_2024,pullback,10,ticker_ascending,dip_3pct,A_baseline,1000000,003570,003570:2024-07-04,2024-07-05,2024-07-19,,,20,time_open,14551.011999999988,3.5777293937122367,dip_50_50,3.0,False,1.0,406710.8045,421261.8165
development_2023_2024,pullback,10,ticker_ascending,dip_3pct,A_baseline,1000000,003570,003570:2024-07-18,2024-07-19,2024-07-26,,,20,take_intraday,62196.7235639749,14.712801648763406,dip_50_50,3.0,False,1.0,422738.8165,484935.5400639749
development_2023_2024,pullback,10,ticker_ascending,dip_3pct,A_baseline,1000000,053350,053350:2024-07-26,2024-07-29,2024-08-05,,,122,stop_intraday,-33145.49953089375,-7.232256057956532,dip_50_50,3.0,False,1.0,458300.96812499996,425155.4685941062
development_2023_2024,pullback,10,ticker_ascending,dip_3pct,A_baseline,1000000,064850,064850:2024-08-06,2024-08-07,2024-08-22,,,56,time_open,21953.977639999997,5.030207695496647,dip_50_50,3.0,False,1.0,436442.76675999997,458396.74439999997
development_2023_2024,pullback,10,ticker_ascending,dip_3pct,A_baseline,1000000,004870,004870:2024-08-22,2024-08-23,2024-09-05,,,342,stop_intraday,-59521.17891914211,-6.559039073100914,dip_50_50,3.0,True,2.0,907467.9729114999,847946.7939923578
development_2023_2024,pullback,10,ticker_ascending,dip_3pct,A_baseline,1000000,006800,006800:2024-09-09,2024-09-10,2024-09-27,,,50,time_open,14962.949837500113,3.584975215705577,dip_50_50,3.0,False,1.0,417379.4499874999,432342.39982500003
development_2023_2024,pullback,10,ticker_ascending,dip_3pct,A_baseline,1000000,006800,006800:2024-09-26,2024-09-27,2024-10-16,,,101,time_open,38742.29160375008,4.527759484593741,dip_50_50,3.0,True,2.0,855661.4311244999,894403.72272825
development_2023_2024,pullback,10,ticker_ascending,dip_3pct,A_baseline,1000000,015360,015360:2024-10-15,2024-10-16,2024-10-30,,,47,time_open,50063.26377499994,11.31185348527659,dip_50_50,3.0,False,1.0,442573.48135,492636.74512499996
development_2023_2024,pullback,10,ticker_ascending,dip_3pct,A_baseline,1000000,001740,001740:2024-10-29,2024-10-30,2024-11-11,,,185,stop_intraday,-52880.518780714716,-5.5746570511668425,dip_50_50,3.0,True,2.0,948587.8376974999,895707.3189167852
development_2023_2024,pullback,10,ticker_ascending,dip_3pct,A_baseline,1000000,127120,127120:2024-11-25,2024-11-26,2024-11-29,,,120,take_intraday,65616.06950398494,14.712801648763406,dip_50_50,3.0,False,1.0,445979.43389999995,511595.5034039849
development_2023_2024,pullback,10,ticker_ascending,dip_3pct,A_baseline,1000000,105560,105560:2024-11-29,2024-12-02,2024-12-05,,,4,stop_intraday,-28052.322225928016,-7.232256057956532,dip_50_50,3.0,False,1.0,387877.8904,359825.56817407196
development_2023_2024,pullback,10,ticker_ascending,dip_3pct,A_baseline,1000000,003530,003530:2024-12-05,2024-12-06,2024-12-09,,,234,stop_intraday,-50948.36741704703,-5.455896915114966,dip_50_50,3.0,True,2.0,933822.0316424998,882873.6642254528
development_2023_2024,pullback,10,ticker_ascending,dip_3pct,A_baseline,1000000,016090,016090:2024-12-09,2024-12-10,2024-12-24,,,202,time_open,32735.135754999937,7.403748527996856,dip_50_50,3.0,False,1.0,442142.7285275,474877.86428249994
development_2023_2024,pullback,10,ticker_ascending,dip_3pct,A_baseline,1000000,006040,006040:2024-12-23,2024-12-24,2025-01-10,,,25,time_open,-39069.347029999946,-4.414182257040011,dip_50_50,3.0,True,2.0,885086.8576549999,846017.510625
development_2023_2024,pullback,10,factor_rank,all_in,A_baseline,1000000,114090,114090:2023-01-02,2023-01-03,2023-01-17,18768.749999999996,19180.8,53,time_open,20330.155387500068,2.0422263721789236,,,,,,
development_2023_2024,pullback,10,factor_rank,all_in,A_baseline,1000000,011170,011170:2023-01-16,2023-01-17,2023-02-02,184183.99999999997,179820.0,5,time_open,-23185.015000000014,-2.515705953888192,,,,,,
development_2023_2024,pullback,10,factor_rank,all_in,A_baseline,1000000,006800,006800:2023-02-01,2023-02-02,2023-02-16,6975.968999999999,6982.011,142,time_open,-628.5608699999284,-0.06340578096435401,,,,,,
development_2023_2024,pullback,10,factor_rank,all_in,A_baseline,1000000,105630,105630:2023-02-15,2023-02-16,2023-03-02,17797.78,16483.5,55,stop_gap,-73699.50280000002,-7.523335606800574,,,,,,
development_2023_2024,pullback,10,factor_rank,all_in,A_baseline,1000000,001130,001130:2023-02-28,2023-03-02,2023-03-14,15415.399999999998,14321.985677999997,59,stop_intraday,-65827.32431425154,-7.232256057956543,,,,,,
development_2023_2024,pullback,10,factor_rank,all_in,A_baseline,1000000,001460,001460:2023-03-15,2023-03-16,2023-03-23,50850.799999999996,47243.95275599999,16,stop_intraday,-58886.692937072134,-7.232256057956555,,,,,,
development_2023_2024,pullback,10,factor_rank,all_in,A_baseline,1000000,265520,265520:2023-03-23,2023-03-24,2023-04-07,20970.949999999997,21528.45,38,time_open,19973.767100000056,2.5045671576882977,,,,,,
development_2023_2024,pullback,10,factor_rank,all_in,A_baseline,1000000,319400,319400:2023-04-06,2023-04-07,2023-04-19,3518.5149999999994,4042.245957749999,232,take_intraday,120190.00979135139,14.712801648763406,,,,,,
development_2023_2024,pullback,10,factor_rank,all_in,A_baseline,1000000,081580,081580:2023-04-19,2023-04-20,2023-04-21,3113.1099999999997,2892.2971076999997,301,stop_intraday,-67820.40123686322,-7.232256057956532,,,,,,
development_2023_2024,pullback,10,factor_rank,all_in,A_baseline,1000000,204320,204320:2023-04-21,2023-04-24,2023-05-10,47597.549999999996,45704.25,18,time_open,-35338.9743,-4.121651211570365,,,,,,
development_2023_2024,pullback,10,factor_rank,all_in,A_baseline,1000000,067570,067570:2023-05-09,2023-05-10,2023-05-12,3957.9539999999997,4547.095452899999,210,take_intraday,122380.15982016805,14.712801648763406,,,,,,
development_2023_2024,pullback,10,factor_rank,all_in,A_baseline,1000000,064850,064850:2023-05-15,2023-05-16,2023-05-25,8298.289999999999,7709.692290299999,115,stop_intraday,-69069.42508803844,-7.232256057956543,,,,,,
development_2023_2024,pullback,10,factor_rank,all_in,A_baseline,1000000,119650,119650:2023-05-25,2023-05-26,2023-05-30,7271.263999999999,6755.513244479999,122,stop_intraday,-64205.04229130992,-7.232256057956532,,,,,,
development_2023_2024,pullback,10,factor_rank,all_in,A_baseline,1000000,015360,015360:2023-05-30,2023-05-31,2023-06-15,6676.669999999999,6533.46,123,time_open,-18833.464492499945,-2.2916041284948174,,,,,,
development_2023_2024,pullback,10,factor_rank,all_in,A_baseline,1000000,085310,085310:2023-06-14,2023-06-15,2023-06-29,9629.619999999999,10039.95,83,time_open,32832.95926750009,4.104849012514422,,,,,,
development_2023_2024,pullback,10,factor_rank,all_in,A_baseline,1000000,163560,163560:2023-06-28,2023-06-29,2023-07-13,6936.929999999999,7452.54,120,time_open,60578.14769999997,7.271798444328126,,,,,,
development_2023_2024,pullback,10,factor_rank,all_in,A_baseline,1000000,163560,163560:2023-07-12,2023-07-13,2023-07-14,7467.459999999999,6937.7930621999985,120,stop_intraday,-64856.50531159819,-7.232256057956555,,,,,,
development_2023_2024,pullback,10,factor_rank,all_in,A_baseline,1000000,204320,204320:2023-07-14,2023-07-17,2023-07-26,51851.799999999996,48173.95182599999,16,stop_intraday,-60045.87980591215,-7.232256057956555,,,,,,
development_2023_2024,pullback,10,factor_rank,all_in,A_baseline,1000000,326030,326030:2023-07-26,2023-07-27,2023-08-03,83483.4,95909.90408999998,9,take_intraday,110627.63200739236,14.712801648763406,,,,,,
development_2023_2024,pullback,10,factor_rank,all_in,A_baseline,1000000,089850,089850:2023-08-17,2023-08-18,2023-08-28,7478.471,8591.641408349999,118,take_intraday,129931.90323716088,14.712801648763406,,,,,,
development_2023_2024,pullback,10,factor_rank,all_in,A_baseline,1000000,085310,085310:2023-08-28,2023-08-29,2023-09-12,10920.909999999998,10239.75,92,time_open,-64126.805539999856,-6.377747952456003,,,,,,
development_2023_2024,pullback,10,factor_rank,all_in,A_baseline,1000000,016360,016360:2023-09-11,2023-09-12,2023-09-26,37637.6,37612.35,25,time_open,-2042.1865625000792,-0.21687419712704825,,,,,,
development_2023_2024,pullback,10,factor_rank,all_in,A_baseline,1000000,105630,105630:2023-09-25,2023-09-26,2023-10-04,20570.55,19111.4808885,46,stop_intraday,-68486.20919465343,-7.232256057956555,,,,,,
development_2023_2024,pullback,10,factor_rank,all_in,A_baseline,1000000,105560,105560:2023-10-12,2023-10-13,2023-10-27,55655.59999999999,54145.8,15,time_open,-23882.265749999904,-2.8585763725955227,,,,,,
development_2023_2024,pullback,10,factor_rank,all_in,A_baseline,1000000,003570,003570:2023-10-26,2023-10-27,2023-10-31,12622.609999999999,14501.485498499997,67,take_intraday,124521.67260070005,14.712801648763385,,,,,,
development_2023_2024,pullback,10,factor_rank,all_in,A_baseline,1000000,015360,015360:2023-11-01,2023-11-02,2023-11-16,6666.659999999999,7072.92,146,time_open,57809.47599000018,5.934884500959958,,,,,,
development_2023_2024,pullback,10,factor_rank,all_in,A_baseline,1000000,105630,105630:2023-11-16,2023-11-17,2023-11-23,23673.649999999998,21994.478005499997,43,stop_intraday,-73677.19289167749,-7.232256057956543,,,,,,
development_2023_2024,pullback,10,factor_rank,all_in,A_baseline,1000000,015360,015360:2023-11-28,2023-11-29,2023-12-13,7117.109999999999,7032.96,135,time_open,-12792.944587499951,-1.3304773124149016,,,,,,
development_2023_2024,pullback,10,factor_rank,all_in,A_baseline,1000000,015360,015360:2023-12-12,2023-12-13,2023-12-27,7047.039999999999,6547.193452799999,134,stop_intraday,-68345.65778680646,-7.232256057956543,,,,,,
development_2023_2024,pullback,10,factor_rank,all_in,A_baseline,1000000,006800,006800:2023-12-28,2024-01-02,2024-01-12,7484.476999999999,6953.603046389999,117,stop_intraday,-63379.1940964408,-7.232256057956543,,,,,,
development_2023_2024,pullback,10,factor_rank,all_in,A_baseline,1000000,089850,089850:2024-01-15,2024-01-16,2024-01-30,8432.423999999999,8490.501,97,time_open,4402.326206250116,0.5378144310003163,,,,,,
development_2023_2024,pullback,10,factor_rank,all_in,A_baseline,1000000,163560,163560:2024-02-07,2024-02-08,2024-02-26,6396.389999999999,6493.5,128,time_open,11192.65055999998,1.3660369319681065,,,,,,
development_2023_2024,pullback,10,factor_rank,all_in,A_baseline,1000000,163560,163560:2024-02-26,2024-02-27,2024-02-28,6686.679999999999,9310.68,124,take_gap,323888.24552,39.033488168493214,,,,,,
development_2023_2024,pullback,10,factor_rank,all_in,A_baseline,1000000,052220,052220:2024-02-28,2024-02-29,2024-03-15,3328.325,3266.73,348,time_open,-23156.369354999857,-1.9977442912872845,,,,,,
development_2023_2024,pullback,10,factor_rank,all_in,A_baseline,1000000,016360,016360:2024-03-14,2024-03-15,2024-03-29,41841.799999999996,40659.3,27,time_open,-33598.14727499988,-2.971772826618524,,,,,,
development_2023_2024,pullback,10,factor_rank,all_in,A_baseline,1000000,003830,003830:2024-03-28,2024-03-29,2024-04-11,116015.9,105294.6,9,stop_gap,-97985.54587499995,-9.377269436646818,,,,,,
development_2023_2024,pullback,10,factor_rank,all_in,A_baseline,1000000,014160,014160:2024-04-09,2024-04-11,2024-04-12,1505.504,1352.646,666,stop_gap,-103231.07392500003,-10.287946655318736,,,,,,
development_2023_2024,pullback,10,factor_rank,all_in,A_baseline,1000000,094280,094280:2024-04-11,2024-04-12,2024-04-26,12572.56,12637.35,71,time_open,3257.6622925000265,0.3646686224919815,,,,,,
development_2023_2024,pullback,10,factor_rank,all_in,A_baseline,1000000,094280,094280:2024-04-29,2024-04-30,2024-05-17,12622.609999999999,12947.04,71,time_open,21672.946137499996,2.4164890977707687,,,,,,
development_2023_2024,pullback,10,factor_rank,all_in,A_baseline,1000000,036620,036620:2024-05-16,2024-05-17,2024-05-23,3808.8049999999994,4375.745624249999,243,take_intraday,136274.9373414804,14.71280164876343,,,,,,
development_2023_2024,pullback,10,factor_rank,all_in,A_baseline,1000000,064850,064850:2024-05-23,2024-05-24,2024-06-10,7597.589999999999,7772.22,139,time_open,22671.267307500122,2.145159283333342,,,,,,
development_2023_2024,pullback,10,factor_rank,all_in,A_baseline,1000000,026890,026890:2024-06-07,2024-06-10,2024-06-24,10610.599999999999,11198.79,102,time_open,58326.96166500007,5.3852223643983566,,,,,,
development_2023_2024,pullback,10,factor_rank,all_in,A_baseline,1000000,220100,220100:2024-06-21,2024-06-24,2024-06-25,12619.606999999998,11724.498275489997,90,stop_intraday,-82203.01231199596,-7.232256057956565,,,,,,
development_2023_2024,pullback,10,factor_rank,all_in,A_baseline,1000000,053350,053350:2024-06-25,2024-06-26,2024-07-04,3673.6699999999996,3413.0965868999992,288,stop_intraday,-76575.88455557066,-7.232256057956555,,,,,,
development_2023_2024,pullback,10,factor_rank,all_in,A_baseline,1000000,011780,011780:2024-07-04,2024-07-05,2024-07-19,149649.49999999997,154944.9,6,time_open,30401.725200000103,3.383343634543201,,,,,,
development_2023_2024,pullback,10,factor_rank,all_in,A_baseline,1000000,003570,003570:2024-07-18,2024-07-19,2024-07-26,21121.1,24264.975734999996,48,take_intraday,149272.13655353978,14.712801648763406,,,,,,
development_2023_2024,pullback,10,factor_rank,all_in,A_baseline,1000000,163560,163560:2024-07-26,2024-07-29,2024-08-02,9059.05,8416.4915835,128,stop_intraday,-83925.12930401624,-7.232256057956555,,,,,,
development_2023_2024,pullback,10,factor_rank,all_in,A_baseline,1000000,246250,246250:2024-08-02,2024-08-05,2024-08-06,3303.2999999999997,2932.065,326,stop_gap,-122547.15674249991,-11.37134990460904,,,,,,
development_2023_2024,pullback,10,factor_rank,all_in,A_baseline,1000000,064850,064850:2024-08-06,2024-08-07,2024-08-22,7787.779999999999,8191.8,122,time_open,47828.30843000009,5.030207695496647,,,,,,
development_2023_2024,pullback,10,factor_rank,all_in,A_baseline,1000000,127120,127120:2024-08-22,2024-08-23,2024-08-27,3543.5399999999995,3292.1967077999993,283,stop_intraday,-72581.03680883057,-7.232256057956532,,,,,,
development_2023_2024,pullback,10,factor_rank,all_in,A_baseline,1000000,016360,016360:2024-09-04,2024-09-05,2024-09-24,47547.49999999999,46953.0,19,time_open,-12642.132124999887,-1.3983421156988252,,,,,,
development_2023_2024,pullback,10,factor_rank,all_in,A_baseline,1000000,081580,081580:2024-09-23,2024-09-24,2024-09-26,4029.0249999999996,4628.745371249999,228,take_intraday,135255.76591151603,14.712801648763406,,,,,,
development_2023_2024,pullback,10,factor_rank,all_in,A_baseline,1000000,006800,006800:2024-09-26,2024-09-27,2024-10-16,8670.661999999998,8862.129,121,time_open,21576.406216750387,2.0550192006482337,,,,,,
development_2023_2024,pullback,10,factor_rank,all_in,A_baseline,1000000,015360,015360:2024-10-15,2024-10-16,2024-10-30,9409.4,10489.5,114,time_open,121430.04405000014,11.311853485276636,,,,,,
development_2023_2024,pullback,10,factor_rank,all_in,A_baseline,1000000,001740,001740:2024-10-29,2024-10-30,2024-11-11,5215.209999999999,4845.295154699999,229,stop_intraday,-86438.3913340196,-7.232256057956521,,,,,,
development_2023_2024,pullback,10,factor_rank,all_in,A_baseline,1000000,127120,127120:2024-11-25,2024-11-26,2024-11-29,3713.7099999999996,4266.495733499999,299,take_intraday,163493.3731807624,14.712801648763406,,,,,,
development_2023_2024,pullback,10,factor_rank,all_in,A_baseline,1000000,105560,105560:2024-11-29,2024-12-02,2024-12-05,96896.79999999999,90023.909976,13,stop_intraday,-91170.04723426607,-7.232256057956543,,,,,,
development_2023_2024,pullback,10,factor_rank,all_in,A_baseline,1000000,003530,003530:2024-12-05,2024-12-06,2024-12-09,4064.0599999999995,3775.796224199999,291,stop_intraday,-85595.8073787319,-7.232256057956555,,,,,,
development_2023_2024,pullback,10,factor_rank,all_in,A_baseline,1000000,016090,016090:2024-12-09,2024-12-10,2024-12-24,2187.185,2352.645,502,time_open,81351.67400500015,7.403748527996901,,,,,,
development_2023_2024,pullback,10,factor_rank,all_in,A_baseline,1000000,006040,006040:2024-12-23,2024-12-24,2025-01-10,36181.145,33866.1,32,time_open,-75762.57388000004,-6.538781675346672,,,,,,
development_2023_2024,pullback,10,factor_rank,cash_half,A_baseline,1000000,114090,114090:2023-01-02,2023-01-03,2023-01-17,,,26,time_open,9973.283775000076,2.0422263721789236,cash_50_no_add,3.0,False,1.0,488353.4906249999,498326.7744
development_2023_2024,pullback,10,factor_rank,cash_half,A_baseline,1000000,011170,011170:2023-01-16,2023-01-17,2023-02-02,,,2,time_open,-9274.005999999936,-2.51570595388817,cash_50_no_add,3.0,False,1.0,368644.27599999995,359370.27
development_2023_2024,pullback,10,factor_rank,cash_half,A_baseline,1000000,006800,006800:2023-02-01,2023-02-02,2023-02-16,,,71,time_open,-314.2804349999642,-0.06340578096435401,cash_50_no_add,3.0,False,1.0,495665.26934924995,495350.98891425
development_2023_2024,pullback,10,factor_rank,cash_half,A_baseline,1000000,105630,105630:2023-02-15,2023-02-16,2023-03-02,,,28,stop_gap,-37519.74687999999,-7.523335606800563,cash_50_no_add,3.0,False,1.0,498711.59338,461191.8465
development_2023_2024,pullback,10,factor_rank,cash_half,A_baseline,1000000,001130,001130:2023-02-28,2023-03-02,2023-03-14,,,31,stop_intraday,-34587.23819901358,-7.232256057956555,cash_50_no_add,3.0,False,1.0,478235.80804999993,443648.56985098636
development_2023_2024,pullback,10,factor_rank,cash_half,A_baseline,1000000,001460,001460:2023-03-15,2023-03-16,2023-03-23,,,9,stop_intraday,-33123.76477710309,-7.232256057956555,cash_50_no_add,3.0,False,1.0,458000.44289999997,424876.6781228969
development_2023_2024,pullback,10,factor_rank,cash_half,A_baseline,1000000,265520,265520:2023-03-23,2023-03-24,2023-04-07,,,21,time_open,11038.13445000007,2.50456715768832,cash_50_no_add,3.0,False,1.0,440720.24246249994,451758.3769125
development_2023_2024,pullback,10,factor_rank,cash_half,A_baseline,1000000,319400,319400:2023-04-06,2023-04-07,2023-04-19,,,128,take_intraday,66311.72954005591,14.712801648763406,cash_50_no_add,3.0,False,1.0,450707.69743999996,517019.42698005587
development_2023_2024,pullback,10,factor_rank,cash_half,A_baseline,1000000,081580,081580:2023-04-19,2023-04-20,2023-04-21,,,156,stop_intraday,-35149.44383040094,-7.232256057956543,cash_50_no_add,3.0,False,1.0,486009.39386999997,450859.95003959903
development_2023_2024,pullback,10,factor_rank,cash_half,A_baseline,1000000,204320,204320:2023-04-21,2023-04-24,2023-05-10,,,9,time_open,-17669.48715,-4.121651211570365,cash_50_no_add,3.0,False,1.0,428699.2334625,411029.7463125
development_2023_2024,pullback,10,factor_rank,cash_half,A_baseline,1000000,067570,067570:2023-05-09,2023-05-10,2023-05-12,,,116,take_intraday,67600.46923399757,14.712801648763406,cash_50_no_add,3.0,False,1.0,459467.005998,527067.4752319976
development_2023_2024,pullback,10,factor_rank,cash_half,A_baseline,1000000,064850,064850:2023-05-15,2023-05-16,2023-05-25,,,59,stop_intraday,-35435.6180886458,-7.232256057956543,cash_50_no_add,3.0,False,1.0,489966.3093324999,454530.6912438541
development_2023_2024,pullback,10,factor_rank,cash_half,A_baseline,1000000,119650,119650:2023-05-25,2023-05-26,2023-05-30,,,65,stop_intraday,-34207.60449946846,-7.232256057956543,cash_50_no_add,3.0,False,1.0,472986.63412,438779.02962053154
development_2023_2024,pullback,10,factor_rank,cash_half,A_baseline,1000000,015360,015360:2023-05-30,2023-05-31,2023-06-15,,,68,time_open,-10411.99662999995,-2.2916041284948174,cash_50_no_add,3.0,False,1.0,454354.07016999996,443942.07354
development_2023_2024,pullback,10,factor_rank,cash_half,A_baseline,1000000,085310,085310:2023-06-14,2023-06-15,2023-06-29,,,47,time_open,18592.157657500065,4.104849012514422,cash_50_no_add,3.0,False,1.0,452931.58410499996,471523.7417625
development_2023_2024,pullback,10,factor_rank,cash_half,A_baseline,1000000,163560,163560:2023-06-28,2023-06-29,2023-07-13,,,66,time_open,33317.98123500007,7.271798444328148,cash_50_no_add,3.0,False,1.0,458180.75803499995,491498.73927
development_2023_2024,pullback,10,factor_rank,cash_half,A_baseline,1000000,163560,163560:2023-07-12,2023-07-13,2023-07-14,,,64,stop_intraday,-34590.136166185664,-7.232256057956543,cash_50_no_add,3.0,False,1.0,478275.87807999994,443685.7419138143
development_2023_2024,pullback,10,factor_rank,cash_half,A_baseline,1000000,204320,204320:2023-07-14,2023-07-17,2023-07-26,,,8,stop_intraday,-30022.939902956074,-7.232256057956555,cash_50_no_add,3.0,False,1.0,415125.5108,385102.5708970439
development_2023_2024,pullback,10,factor_rank,cash_half,A_baseline,1000000,326030,326030:2023-07-26,2023-07-27,2023-08-03,,,5,take_intraday,61459.79555966245,14.712801648763406,cash_50_no_add,3.0,False,1.0,417730.06275,479189.85830966244
development_2023_2024,pullback,10,factor_rank,cash_half,A_baseline,1000000,089850,089850:2023-08-17,2023-08-18,2023-08-28,,,63,take_intraday,69370.42291475547,14.71280164876343,cash_50_no_add,3.0,False,1.0,471497.03075474995,540867.4536695054
development_2023_2024,pullback,10,factor_rank,cash_half,A_baseline,1000000,085310,085310:2023-08-28,2023-08-29,2023-09-12,,,46,time_open,-32063.402769999928,-6.377747952456003,cash_50_no_add,3.0,False,1.0,502738.6313949999,470675.228625
development_2023_2024,pullback,10,factor_rank,cash_half,A_baseline,1000000,016360,016360:2023-09-11,2023-09-12,2023-09-26,,,13,time_open,-1061.9370125000132,-0.21687419712703715,cash_50_no_add,3.0,False,1.0,489655.7666,488593.82958749996
development_2023_2024,pullback,10,factor_rank,cash_half,A_baseline,1000000,105630,105630:2023-09-25,2023-09-26,2023-10-04,,,24,stop_intraday,-35731.935231992975,-7.232256057956532,cash_50_no_add,3.0,False,1.0,494063.46989999997,458331.534668007
development_2023_2024,pullback,10,factor_rank,cash_half,A_baseline,1000000,105560,105560:2023-10-12,2023-10-13,2023-10-27,,,8,time_open,-12737.208399999887,-2.8585763725955116,cash_50_no_add,3.0,False,1.0,445578.7335999999,432841.52520000003
development_2023_2024,pullback,10,factor_rank,cash_half,A_baseline,1000000,003570,003570:2023-10-26,2023-10-27,2023-10-31,,,37,take_intraday,68765.69979441655,14.712801648763406,cash_50_no_add,3.0,False,1.0,467386.84742749995,536152.5472219165
development_2023_2024,pullback,10,factor_rank,cash_half,A_baseline,1000000,015360,015360:2023-11-01,2023-11-02,2023-11-16,,,75,time_open,29696.64862500003,5.934884500959958,cash_50_no_add,3.0,False,1.0,500374.49962499994,530071.14825
development_2023_2024,pullback,10,factor_rank,cash_half,A_baseline,1000000,105630,105630:2023-11-16,2023-11-17,2023-11-23,,,21,stop_intraday,-35981.88490058668,-7.232256057956543,cash_50_no_add,3.0,False,1.0,497519.5099875,461537.6250869133
development_2023_2024,pullback,10,factor_rank,cash_half,A_baseline,1000000,015360,015360:2023-11-28,2023-11-29,2023-12-13,,,70,time_open,-6633.378674999869,-1.3304773124148794,cash_50_no_add,3.0,False,1.0,498571.3482749999,491937.9696
development_2023_2024,pullback,10,factor_rank,cash_half,A_baseline,1000000,015360,015360:2023-12-12,2023-12-13,2023-12-27,,,70,stop_intraday,-35702.95556027198,-7.232256057956532,cash_50_no_add,3.0,False,1.0,493662.76959999994,457959.81403972796
development_2023_2024,pullback,10,factor_rank,cash_half,A_baseline,1000000,006800,006800:2023-12-28,2024-01-02,2024-01-12,,,64,stop_intraday,-34668.9608732668,-7.232256057956555,cash_50_no_add,3.0,False,1.0,479365.78289599996,444696.82202273316
development_2023_2024,pullback,10,factor_rank,cash_half,A_baseline,1000000,089850,089850:2024-01-15,2024-01-16,2024-01-30,,,55,time_open,2496.164343750046,0.5378144310003163,cash_50_no_add,3.0,False,1.0,464131.15748999995,466627.32183375
development_2023_2024,pullback,10,factor_rank,cash_half,A_baseline,1000000,163560,163560:2024-02-07,2024-02-08,2024-02-26,,,72,time_open,6295.865939999989,1.3660369319681065,cash_50_no_add,3.0,False,1.0,460885.48506,467181.35099999997
development_2023_2024,pullback,10,factor_rank,cash_half,A_baseline,1000000,163560,163560:2024-02-26,2024-02-27,2024-02-28,,,70,take_gap,182840.13859999995,39.03348816849319,cash_50_no_add,3.0,False,1.0,468418.6507,651258.7893
development_2023_2024,pullback,10,factor_rank,cash_half,A_baseline,1000000,052220,052220:2024-02-28,2024-02-29,2024-03-15,,,168,time_open,-11178.936929999967,-1.9977442912872845,cash_50_no_add,3.0,False,1.0,559577.96895,548399.03202
development_2023_2024,pullback,10,factor_rank,cash_half,A_baseline,1000000,016360,016360:2024-03-14,2024-03-15,2024-03-29,,,13,time_open,-16176.885724999942,-2.971772826618524,cash_50_no_add,3.0,False,1.0,544351.35755,528174.471825
development_2023_2024,pullback,10,factor_rank,cash_half,A_baseline,1000000,003830,003830:2024-03-28,2024-03-29,2024-04-11,,,4,stop_gap,-43549.13149999996,-9.377269436646806,cash_50_no_add,3.0,False,1.0,464411.6477,420862.5162
development_2023_2024,pullback,10,factor_rank,cash_half,A_baseline,1000000,014160,014160:2024-04-09,2024-04-11,2024-04-12,,,348,stop_gap,-53940.56115000002,-10.287946655318736,cash_50_no_add,3.0,False,1.0,524308.328544,470367.767394
development_2023_2024,pullback,10,factor_rank,cash_half,A_baseline,1000000,094280,094280:2024-04-11,2024-04-12,2024-04-26,,,39,time_open,1789.420132500003,0.3646686224919815,cash_50_no_add,3.0,False,1.0,490697.58738,492487.0075125
development_2023_2024,pullback,10,factor_rank,cash_half,A_baseline,1000000,094280,094280:2024-04-29,2024-04-30,2024-05-17,,,39,time_open,11904.857737499988,2.4164890977707687,cash_50_no_add,3.0,False,1.0,492651.0013425,504555.85907999997
development_2023_2024,pullback,10,factor_rank,cash_half,A_baseline,1000000,036620,036620:2024-05-16,2024-05-17,2024-05-23,,,132,take_intraday,74025.89188919932,14.712801648763453,cash_50_no_add,3.0,False,1.0,503139.3316949999,577165.2235841992
development_2023_2024,pullback,10,factor_rank,cash_half,A_baseline,1000000,064850,064850:2024-05-23,2024-05-24,2024-06-10,,,71,time_open,11580.287617500057,2.145159283333342,cash_50_no_add,3.0,False,1.0,539833.4616675,551413.749285
development_2023_2024,pullback,10,factor_rank,cash_half,A_baseline,1000000,026890,026890:2024-06-07,2024-06-10,2024-06-24,,,51,time_open,29163.480832500034,5.3852223643983566,cash_50_no_add,3.0,False,1.0,541546.45545,570709.9362825
development_2023_2024,pullback,10,factor_rank,cash_half,A_baseline,1000000,220100,220100:2024-06-21,2024-06-24,2024-06-25,,,44,stop_intraday,-40188.13935253129,-7.232256057956555,cash_50_no_add,3.0,False,1.0,555679.1550309999,515491.0156784686
development_2023_2024,pullback,10,factor_rank,cash_half,A_baseline,1000000,053350,053350:2024-06-25,2024-06-26,2024-07-04,,,147,stop_intraday,-39085.607741905784,-7.232256057956543,cash_50_no_add,3.0,False,1.0,540434.5121175,501348.90437559417
development_2023_2024,pullback,10,factor_rank,cash_half,A_baseline,1000000,011780,011780:2024-07-04,2024-07-05,2024-07-19,,,3,time_open,15200.86260000011,3.3833436345432233,cash_50_no_add,3.0,False,1.0,449285.2113749999,464486.073975
development_2023_2024,pullback,10,factor_rank,cash_half,A_baseline,1000000,003570,003570:2024-07-18,2024-07-19,2024-07-26,,,25,take_intraday,77745.90445496864,14.712801648763406,cash_50_no_add,3.0,False,1.0,528423.520625,606169.4250799686
development_2023_2024,pullback,10,factor_rank,cash_half,A_baseline,1000000,163560,163560:2024-07-26,2024-07-29,2024-08-02,,,62,stop_intraday,-40651.23450663278,-7.232256057956543,cash_50_no_add,3.0,False,1.0,562082.345825,521431.1113183672
development_2023_2024,pullback,10,factor_rank,cash_half,A_baseline,1000000,246250,246250:2024-08-02,2024-08-05,2024-08-06,,,165,stop_gap,-62025.40141875006,-11.371349904609062,cash_50_no_add,3.0,False,1.0,545453.283375,483427.88195624994
development_2023_2024,pullback,10,factor_rank,cash_half,A_baseline,1000000,064850,064850:2024-08-06,2024-08-07,2024-08-22,,,66,time_open,25874.330790000095,5.030207695496669,cash_50_no_add,3.0,False,1.0,514378.97510999994,540253.3059
development_2023_2024,pullback,10,factor_rank,cash_half,A_baseline,1000000,127120,127120:2024-08-22,2024-08-23,2024-08-27,,,149,stop_intraday,-38214.04411489674,-7.232256057956555,cash_50_no_add,3.0,False,1.0,528383.450595,490169.4064801032
development_2023_2024,pullback,10,factor_rank,cash_half,A_baseline,1000000,016360,016360:2024-09-04,2024-09-05,2024-09-24,,,10,time_open,-6653.753749999974,-1.3983421156988252,cash_50_no_add,3.0,False,1.0,475831.60624999995,469177.8525
development_2023_2024,pullback,10,factor_rank,cash_half,A_baseline,1000000,081580,081580:2024-09-23,2024-09-24,2024-09-26,,,126,take_intraday,74746.60747741681,14.712801648763406,cash_50_no_add,3.0,False,1.0,508037.8928625,582784.5003399168
development_2023_2024,pullback,10,factor_rank,cash_half,A_baseline,1000000,006800,006800:2024-09-26,2024-09-27,2024-10-16,,,62,time_open,11055.679218500154,2.0550192006482337,cash_50_no_add,3.0,False,1.0,537984.2297829998,549039.9090015
development_2023_2024,pullback,10,factor_rank,cash_half,A_baseline,1000000,015360,015360:2024-10-15,2024-10-16,2024-10-30,,,58,time_open,61780.19785,11.311853485276613,cash_50_no_add,3.0,False,1.0,546154.5089,607934.70675
development_2023_2024,pullback,10,factor_rank,cash_half,A_baseline,1000000,001740,001740:2024-10-29,2024-10-30,2024-11-11,,,111,stop_intraday,-41898.08488242887,-7.232256057956555,cash_50_no_add,3.0,False,1.0,579322.4762324999,537424.3913500711
development_2023_2024,pullback,10,factor_rank,cash_half,A_baseline,1000000,127120,127120:2024-11-25,2024-11-26,2024-11-29,,,150,take_intraday,82020.08687998122,14.71280164876343,cash_50_no_add,3.0,False,1.0,557474.2923749998,639494.3792549811
development_2023_2024,pullback,10,factor_rank,cash_half,A_baseline,1000000,105560,105560:2024-11-29,2024-12-02,2024-12-05,,,6,stop_intraday,-42078.48333889211,-7.232256057956555,cash_50_no_add,3.0,False,1.0,581816.8356,539738.3522611079
development_2023_2024,pullback,10,factor_rank,cash_half,A_baseline,1000000,003530,003530:2024-12-05,2024-12-06,2024-12-09,,,142,stop_intraday,-41768.4008514774,-7.232256057956555,cash_50_no_add,3.0,False,1.0,577529.3423899999,535760.9415385225
development_2023_2024,pullback,10,factor_rank,cash_half,A_baseline,1000000,016090,016090:2024-12-09,2024-12-10,2024-12-24,,,255,time_open,41324.057512499974,7.403748527996878,cash_50_no_add,3.0,False,1.0,558150.4741312499,599474.5316437499
development_2023_2024,pullback,10,factor_rank,cash_half,A_baseline,1000000,006040,006040:2024-12-23,2024-12-24,2025-01-10,,,16,time_open,-37881.28694000002,-6.538781675346672,cash_50_no_add,3.0,False,1.0,579332.49374,541451.2067999999
development_2023_2024,pullback,10,factor_rank,dip_3pct,A_baseline,1000000,114090,114090:2023-01-02,2023-01-03,2023-01-17,,,53,time_open,39263.24456250004,4.020580045497035,dip_50_50,3.0,True,2.0,976556.7186375,1015819.9632
development_2023_2024,pullback,10,factor_rank,dip_3pct,A_baseline,1000000,011170,011170:2023-01-16,2023-01-17,2023-02-02,,,4,time_open,-3521.75074999989,-0.48759997512024533,dip_50_50,3.0,True,2.0,722262.2907499999,718740.54
development_2023_2024,pullback,10,factor_rank,dip_3pct,A_baseline,1000000,006800,006800:2023-02-01,2023-02-02,2023-02-16,,,148,time_open,21435.487758999923,2.1199596939089904,dip_50_50,3.0,True,2.0,1011127.13702,1032562.624779
development_2023_2024,pullback,10,factor_rank,dip_3pct,A_baseline,1000000,105630,105630:2023-02-15,2023-02-16,2023-03-02,,,57,stop_gap,-62915.95464000001,-6.280474094586208,dip_50_50,3.0,True,2.0,1001770.785015,938854.830375
development_2023_2024,pullback,10,factor_rank,dip_3pct,A_baseline,1000000,001130,001130:2023-02-28,2023-03-02,2023-03-14,,,65,stop_intraday,-51034.074894302525,-5.200845606670912,dip_50_50,3.0,True,2.0,981264.9471624999,930230.8722681974
development_2023_2024,pullback,10,factor_rank,dip_3pct,A_baseline,1000000,001460,001460:2023-03-15,2023-03-16,2023-03-23,,,18,stop_intraday,-49117.59172920615,-5.464365250635761,dip_50_50,3.0,True,2.0,898870.9479749999,849753.3562457938
development_2023_2024,pullback,10,factor_rank,dip_3pct,A_baseline,1000000,265520,265520:2023-03-23,2023-03-24,2023-04-07,,,21,time_open,11038.13445000007,2.50456715768832,dip_50_50,3.0,False,1.0,440720.24246249994,451758.3769125
development_2023_2024,pullback,10,factor_rank,dip_3pct,A_baseline,1000000,319400,319400:2023-04-06,2023-04-07,2023-04-19,,,263,take_intraday,157211.51623308344,17.3694837083751,dip_50_50,3.0,True,2.0,905101.8376399999,1062313.3538730834
development_2023_2024,pullback,10,factor_rank,dip_3pct,A_baseline,1000000,081580,081580:2023-04-19,2023-04-20,2023-04-21,,,336,stop_intraday,-55751.619463940384,-5.429464499260773,dip_50_50,3.0,True,2.0,1026834.5887799999,971082.9693160595
development_2023_2024,pullback,10,factor_rank,dip_3pct,A_baseline,1000000,204320,204320:2023-04-21,2023-04-24,2023-05-10,,,21,time_open,-8171.028599999961,-0.8447773986987595,dip_50_50,3.0,True,2.0,967240.4366624999,959069.4080625
development_2023_2024,pullback,10,factor_rank,dip_3pct,A_baseline,1000000,067570,067570:2023-05-09,2023-05-10,2023-05-12,,,126,take_intraday,73428.09589210089,14.712801648763406,dip_50_50,3.0,False,1.0,499076.230653,572504.3265451009
development_2023_2024,pullback,10,factor_rank,dip_3pct,A_baseline,1000000,064850,064850:2023-05-15,2023-05-16,2023-05-25,,,127,stop_intraday,-52294.75649005128,-5.073755353340392,dip_50_50,3.0,True,2.0,1030691.3291674999,978396.5726774486
development_2023_2024,pullback,10,factor_rank,dip_3pct,A_baseline,1000000,119650,119650:2023-05-25,2023-05-26,2023-05-30,,,142,stop_intraday,-48332.323296377086,-4.800131859479184,dip_50_50,3.0,True,2.0,1006895.7418519999,958563.4185556228
development_2023_2024,pullback,10,factor_rank,dip_3pct,A_baseline,1000000,015360,015360:2023-05-30,2023-05-31,2023-06-15,,,72,time_open,-11024.467019999982,-2.2916041284948174,dip_50_50,3.0,False,1.0,481080.78017999994,470056.31315999996
development_2023_2024,pullback,10,factor_rank,dip_3pct,A_baseline,1000000,085310,085310:2023-06-14,2023-06-15,2023-06-29,,,49,time_open,19383.3133025,4.104849012514422,dip_50_50,3.0,False,1.0,472205.268535,491588.5818375
development_2023_2024,pullback,10,factor_rank,dip_3pct,A_baseline,1000000,163560,163560:2023-06-28,2023-06-29,2023-07-13,,,70,time_open,35337.252824999974,7.271798444328126,dip_50_50,3.0,False,1.0,485949.288825,521286.54164999997
development_2023_2024,pullback,10,factor_rank,dip_3pct,A_baseline,1000000,163560,163560:2023-07-12,2023-07-13,2023-07-14,,,136,stop_intraday,-54150.21486314444,-5.431411223584648,dip_50_50,3.0,True,2.0,996982.41643,942832.2015668555
development_2023_2024,pullback,10,factor_rank,dip_3pct,A_baseline,1000000,204320,204320:2023-07-14,2023-07-17,2023-07-26,,,18,stop_intraday,-51323.25263165112,-5.591961960749492,dip_50_50,3.0,True,2.0,917804.03715,866480.7845183489
development_2023_2024,pullback,10,factor_rank,dip_3pct,A_baseline,1000000,326030,326030:2023-07-26,2023-07-27,2023-08-03,,,5,take_intraday,61459.79555966245,14.712801648763406,dip_50_50,3.0,False,1.0,417730.06275,479189.85830966244
development_2023_2024,pullback,10,factor_rank,dip_3pct,A_baseline,1000000,089850,089850:2023-08-17,2023-08-18,2023-08-28,,,64,take_intraday,70471.54073879914,14.712801648763406,dip_50_50,3.0,False,1.0,478981.11060799996,549452.6513467991
development_2023_2024,pullback,10,factor_rank,dip_3pct,A_baseline,1000000,085310,085310:2023-08-28,2023-08-29,2023-09-12,,,94,time_open,-43392.19246249995,-4.3167428722524654,dip_50_50,3.0,True,2.0,1005206.7900874999,961814.5976249999
development_2023_2024,pullback,10,factor_rank,dip_3pct,A_baseline,1000000,016360,016360:2023-09-11,2023-09-12,2023-09-26,,,13,time_open,-1061.9370125000132,-0.21687419712703715,dip_50_50,3.0,False,1.0,489655.7666,488593.82958749996
development_2023_2024,pullback,10,factor_rank,dip_3pct,A_baseline,1000000,105630,105630:2023-09-25,2023-09-26,2023-10-04,,,49,stop_intraday,-49411.55847365246,-5.0155272129333905,dip_50_50,3.0,True,2.0,985171.7750875,935760.2166138475
development_2023_2024,pullback,10,factor_rank,dip_3pct,A_baseline,1000000,105560,105560:2023-10-12,2023-10-13,2023-10-27,,,8,time_open,-12737.208399999887,-2.8585763725955116,dip_50_50,3.0,False,1.0,445578.7335999999,432841.52520000003
development_2023_2024,pullback,10,factor_rank,dip_3pct,A_baseline,1000000,003570,003570:2023-10-26,2023-10-27,2023-10-31,,,37,take_intraday,68765.69979441655,14.712801648763406,dip_50_50,3.0,False,1.0,467386.84742749995,536152.5472219165
development_2023_2024,pullback,10,factor_rank,dip_3pct,A_baseline,1000000,015360,015360:2023-11-01,2023-11-02,2023-11-16,,,75,time_open,29696.64862500003,5.934884500959958,dip_50_50,3.0,False,1.0,500374.49962499994,530071.14825
development_2023_2024,pullback,10,factor_rank,dip_3pct,A_baseline,1000000,105630,105630:2023-11-16,2023-11-17,2023-11-23,,,21,stop_intraday,-35981.88490058668,-7.232256057956543,dip_50_50,3.0,False,1.0,497519.5099875,461537.6250869133
development_2023_2024,pullback,10,factor_rank,dip_3pct,A_baseline,1000000,015360,015360:2023-11-28,2023-11-29,2023-12-13,,,70,time_open,-6633.378674999869,-1.3304773124148794,dip_50_50,3.0,False,1.0,498571.3482749999,491937.9696
development_2023_2024,pullback,10,factor_rank,dip_3pct,A_baseline,1000000,015360,015360:2023-12-12,2023-12-13,2023-12-27,,,70,stop_intraday,-35702.95556027198,-7.232256057956532,dip_50_50,3.0,False,1.0,493662.76959999994,457959.81403972796
development_2023_2024,pullback,10,factor_rank,dip_3pct,A_baseline,1000000,006800,006800:2023-12-28,2024-01-02,2024-01-12,,,130,stop_intraday,-47735.679289323045,-5.019386885214027,dip_50_50,3.0,True,2.0,951026.0990229999,903290.4197336768
development_2023_2024,pullback,10,factor_rank,dip_3pct,A_baseline,1000000,089850,089850:2024-01-15,2024-01-16,2024-01-30,,,53,time_open,2405.3947312500677,0.5378144310003163,dip_50_50,3.0,False,1.0,447253.66085399996,449659.05558525
development_2023_2024,pullback,10,factor_rank,dip_3pct,A_baseline,1000000,163560,163560:2024-02-07,2024-02-08,2024-02-26,,,71,time_open,6208.423357499996,1.3660369319681065,dip_50_50,3.0,False,1.0,454484.2977675,460692.721125
development_2023_2024,pullback,10,factor_rank,dip_3pct,A_baseline,1000000,163560,163560:2024-02-26,2024-02-27,2024-02-28,,,68,take_gap,177616.13464000006,39.033488168493214,dip_50_50,3.0,False,1.0,455035.26067999995,632651.39532
development_2023_2024,pullback,10,factor_rank,dip_3pct,A_baseline,1000000,052220,052220:2024-02-28,2024-02-29,2024-03-15,,,321,time_open,2231.4756712501403,0.21341531872463015,dip_50_50,3.0,True,2.0,1045602.38908125,1047833.8647525001
development_2023_2024,pullback,10,factor_rank,dip_3pct,A_baseline,1000000,016360,016360:2024-03-14,2024-03-15,2024-03-29,,,25,time_open,-18487.336174999946,-1.7875848545296003,dip_50_50,3.0,True,2.0,1034207.4742999999,1015720.1381249999
development_2023_2024,pullback,10,factor_rank,dip_3pct,A_baseline,1000000,003830,003830:2024-03-28,2024-03-29,2024-04-11,,,8,stop_gap,-73073.75249999994,-7.987959068833694,dip_50_50,3.0,True,2.0,914798.7849,841725.0324
development_2023_2024,pullback,10,factor_rank,dip_3pct,A_baseline,1000000,014160,014160:2024-04-09,2024-04-11,2024-04-12,,,333,stop_gap,-51615.53696249996,-10.287946655318725,dip_50_50,3.0,False,1.0,501708.831624,450093.2946615
development_2023_2024,pullback,10,factor_rank,dip_3pct,A_baseline,1000000,094280,094280:2024-04-11,2024-04-12,2024-04-26,,,37,time_open,1697.654997500009,0.3646686224919815,dip_50_50,3.0,False,1.0,465533.60854,467231.2635375
development_2023_2024,pullback,10,factor_rank,dip_3pct,A_baseline,1000000,094280,094280:2024-04-29,2024-04-30,2024-05-17,,,37,time_open,11294.352212500002,2.4164890977707687,dip_50_50,3.0,False,1.0,467386.84742749995,478681.19963999995
development_2023_2024,pullback,10,factor_rank,dip_3pct,A_baseline,1000000,036620,036620:2024-05-16,2024-05-17,2024-05-23,,,126,take_intraday,70661.07862150832,14.712801648763406,dip_50_50,3.0,False,1.0,480269.36207249993,550930.4406940083
development_2023_2024,pullback,10,factor_rank,dip_3pct,A_baseline,1000000,064850,064850:2024-05-23,2024-05-24,2024-06-10,,,68,time_open,11090.979690000066,2.145159283333342,dip_50_50,3.0,False,1.0,517023.59708999994,528114.57678
development_2023_2024,pullback,10,factor_rank,dip_3pct,A_baseline,1000000,026890,026890:2024-06-07,2024-06-10,2024-06-24,,,49,time_open,28019.814917500014,5.3852223643983566,dip_50_50,3.0,False,1.0,520309.3395499999,548329.1544674999
development_2023_2024,pullback,10,factor_rank,dip_3pct,A_baseline,1000000,220100,220100:2024-06-21,2024-06-24,2024-06-25,,,42,stop_intraday,-38361.40574559808,-7.232256057956565,dip_50_50,3.0,False,1.0,530421.0116205,492059.6058749019
development_2023_2024,pullback,10,factor_rank,dip_3pct,A_baseline,1000000,053350,053350:2024-06-25,2024-06-26,2024-07-04,,,284,stop_intraday,-49011.014512160094,-4.816317617785515,dip_50_50,3.0,True,2.0,1017603.4556187501,968592.44110659
development_2023_2024,pullback,10,factor_rank,dip_3pct,A_baseline,1000000,011780,011780:2024-07-04,2024-07-05,2024-07-19,,,3,time_open,15200.86260000011,3.3833436345432233,dip_50_50,3.0,False,1.0,449285.2113749999,464486.073975
development_2023_2024,pullback,10,factor_rank,dip_3pct,A_baseline,1000000,003570,003570:2024-07-18,2024-07-19,2024-07-26,,,23,take_intraday,71526.23209857114,14.712801648763406,dip_50_50,3.0,False,1.0,486149.638975,557675.8710735712
development_2023_2024,pullback,10,factor_rank,dip_3pct,A_baseline,1000000,163560,163560:2024-07-26,2024-07-29,2024-08-02,,,59,stop_intraday,-38684.239288569835,-7.232256057956521,dip_50_50,3.0,False,1.0,534884.8129624999,496200.5736739301
development_2023_2024,pullback,10,factor_rank,dip_3pct,A_baseline,1000000,246250,246250:2024-08-02,2024-08-05,2024-08-06,,,156,stop_gap,-58642.19770499994,-11.37134990460904,dip_50_50,3.0,False,1.0,515701.28609999997,457059.088395
development_2023_2024,pullback,10,factor_rank,dip_3pct,A_baseline,1000000,064850,064850:2024-08-06,2024-08-07,2024-08-22,,,62,time_open,24306.189529999974,5.030207695496647,dip_50_50,3.0,False,1.0,483204.49176999996,507510.68129999994
development_2023_2024,pullback,10,factor_rank,dip_3pct,A_baseline,1000000,127120,127120:2024-08-22,2024-08-23,2024-08-27,,,141,stop_intraday,-36162.28335704992,-7.232256057956543,dip_50_50,3.0,False,1.0,500013.869355,463851.58599795005
development_2023_2024,pullback,10,factor_rank,dip_3pct,A_baseline,1000000,016360,016360:2024-09-04,2024-09-05,2024-09-24,,,20,time_open,9231.884375000023,0.9936118491494339,dip_50_50,3.0,True,2.0,929123.8206249999,938355.705
development_2023_2024,pullback,10,factor_rank,dip_3pct,A_baseline,1000000,081580,081580:2024-09-23,2024-09-24,2024-09-26,,,120,take_intraday,71187.24521658727,14.712801648763385,dip_50_50,3.0,False,1.0,483845.61224999995,555032.8574665872
development_2023_2024,pullback,10,factor_rank,dip_3pct,A_baseline,1000000,006800,006800:2024-09-26,2024-09-27,2024-10-16,,,120,time_open,45319.89672000008,4.454753198158423,dip_50_50,3.0,True,2.0,1017337.9916699999,1062657.88839
development_2023_2024,pullback,10,factor_rank,dip_3pct,A_baseline,1000000,015360,015360:2024-10-15,2024-10-16,2024-10-30,,,57,time_open,60715.02202500007,11.311853485276636,dip_50_50,3.0,False,1.0,536738.0518499999,597453.073875
development_2023_2024,pullback,10,factor_rank,dip_3pct,A_baseline,1000000,001740,001740:2024-10-29,2024-10-30,2024-11-11,,,209,stop_intraday,-61037.98848569952,-5.68882640625572,dip_50_50,3.0,True,2.0,1072945.1758025,1011907.1873168005
development_2023_2024,pullback,10,factor_rank,dip_3pct,A_baseline,1000000,127120,127120:2024-11-25,2024-11-26,2024-11-29,,,146,take_intraday,79832.88456318167,14.712801648763406,dip_50_50,3.0,False,1.0,542608.3112449999,622441.1958081815
development_2023_2024,pullback,10,factor_rank,dip_3pct,A_baseline,1000000,105560,105560:2024-11-29,2024-12-02,2024-12-05,,,6,stop_intraday,-42078.48333889211,-7.232256057956555,dip_50_50,3.0,False,1.0,581816.8356,539738.3522611079
development_2023_2024,pullback,10,factor_rank,dip_3pct,A_baseline,1000000,003530,003530:2024-12-05,2024-12-06,2024-12-09,,,265,stop_intraday,-58864.72022405977,-5.560093005398525,dip_50_50,3.0,True,2.0,1058700.2801374998,999835.55991344
development_2023_2024,pullback,10,factor_rank,dip_3pct,A_baseline,1000000,016090,016090:2024-12-09,2024-12-10,2024-12-24,,,244,time_open,39541.45110999991,7.403748527996856,dip_50_50,3.0,False,1.0,534073.3948550001,573614.845965
development_2023_2024,pullback,10,factor_rank,dip_3pct,A_baseline,1000000,006040,006040:2024-12-23,2024-12-24,2025-01-10,,,29,time_open,-46991.96385624993,-4.569547910290773,dip_50_50,3.0,True,2.0,1028372.2761812499,981380.312325
development_2023_2024,breakout,5,ticker_ascending,all_in,A_baseline,1000000,073640,073640:2023-01-06,2023-01-09,2023-01-11,2202.2,2045.9979539999997,453,stop_intraday,-72202.85209287156,-7.232256057956543,,,,,,
development_2023_2024,breakout,5,ticker_ascending,all_in,A_baseline,1000000,105560,105560:2023-01-16,2023-01-17,2023-01-26,60560.49999999999,57942.0,15,time_open,-40610.65312499995,-4.467182179971962,,,,,,
development_2023_2024,breakout,5,ticker_ascending,all_in,A_baseline,1000000,003830,003830:2023-01-25,2023-01-26,2023-02-02,130230.09999999999,133666.2,6,time_open,19429.06665000005,2.4846413861147942,,,,,,
development_2023_2024,breakout,5,ticker_ascending,all_in,A_baseline,1000000,028670,028670:2023-02-01,2023-02-02,2023-02-07,6356.349999999999,5905.494094499999,142,stop_intraday,-65327.424977064366,-7.232256057956543,,,,,,
development_2023_2024,breakout,5,ticker_ascending,all_in,A_baseline,1000000,105630,105630:2023-02-07,2023-02-08,2023-02-15,17377.359999999997,16783.2,48,time_open,-29749.460159999784,-3.563924169437749,,,,,,
development_2023_2024,breakout,5,ticker_ascending,all_in,A_baseline,1000000,006220,006220:2023-02-16,2023-02-17,2023-02-20,21321.3,24494.975505,38,take_intraday,119293.90533810738,14.712801648763406,,,,,,
development_2023_2024,breakout,5,ticker_ascending,all_in,A_baseline,1000000,008260,008260:2023-02-20,2023-02-21,2023-02-22,6616.61,6043.95,140,stop_gap,-81501.75879999995,-8.791800191518174,,,,,,
development_2023_2024,breakout,5,ticker_ascending,all_in,A_baseline,1000000,001130,001130:2023-02-21,2023-02-22,2023-03-02,15195.179999999998,15384.6,55,time_open,9156.684074999997,1.0948234552270675,,,,,,
development_2023_2024,breakout,5,ticker_ascending,all_in,A_baseline,1000000,001130,001130:2023-03-02,2023-03-03,2023-03-10,15455.439999999999,15444.54,55,time_open,-1874.1241750000045,-0.2203072051915944,,,,,,
development_2023_2024,breakout,5,ticker_ascending,all_in,A_baseline,1000000,115500,115500:2023-03-09,2023-03-10,2023-03-13,9799.789999999999,11848.14,87,take_gap,176793.92256750003,20.720761456807992,,,,,,
development_2023_2024,breakout,5,ticker_ascending,all_in,A_baseline,1000000,115500,115500:2023-03-10,2023-03-13,2023-03-14,11871.859999999999,10529.46,86,stop_gap,-116891.28513999993,-11.440350149303258,,,,,,
development_2023_2024,breakout,5,ticker_ascending,all_in,A_baseline,1000000,000850,000850:2023-03-17,2023-03-20,2023-03-24,37637.6,34967.96503199999,24,stop_intraday,-65378.13940257614,-7.232256057956543,,,,,,
development_2023_2024,breakout,5,ticker_ascending,all_in,A_baseline,1000000,115500,115500:2023-03-24,2023-03-27,2023-03-28,12292.279999999999,11420.3885796,69,stop_intraday,-61387.63860659429,-7.232256057956532,,,,,,
development_2023_2024,breakout,5,ticker_ascending,all_in,A_baseline,1000000,265520,265520:2023-03-28,2023-03-29,2023-04-05,23022.999999999996,22627.35,34,time_open,-14616.18392500002,-1.8658106602474467,,,,,,
development_2023_2024,breakout,5,ticker_ascending,all_in,A_baseline,1000000,004100,004100:2023-04-04,2023-04-05,2023-04-12,1811.8099999999997,1834.164,427,time_open,8377.534826500108,1.0820569423992676,,,,,,
development_2023_2024,breakout,5,ticker_ascending,all_in,A_baseline,1000000,126640,126640:2023-04-11,2023-04-12,2023-04-13,1766.7649999999999,2052.945,443,take_gap,125508.64135250018,16.02380001484358,,,,,,
development_2023_2024,breakout,5,ticker_ascending,all_in,A_baseline,1000000,000430,000430:2023-04-12,2023-04-13,2023-04-20,3913.9099999999994,4115.88,232,time_open,45459.856540000066,5.002690580387115,,,,,,
development_2023_2024,breakout,5,ticker_ascending,all_in,A_baseline,1000000,036620,036620:2023-04-19,2023-04-20,2023-04-24,3028.0249999999996,2813.24718675,314,stop_intraday,-68815.85296047968,-7.232256057956543,,,,,,
development_2023_2024,breakout,5,ticker_ascending,all_in,A_baseline,1000000,064850,064850:2023-04-24,2023-04-25,2023-05-03,7907.899999999999,8371.62,111,time_open,50117.64996000007,5.705332401955521,,,,,,
development_2023_2024,breakout,5,ticker_ascending,all_in,A_baseline,1000000,011230,011230:2023-05-02,2023-05-04,2023-05-08,12122.109999999999,11262.288737699997,77,stop_intraday,-67556.68622420228,-7.232256057956543,,,,,,
development_2023_2024,breakout,5,ticker_ascending,all_in,A_baseline,1000000,000430,000430:2023-05-10,2023-05-11,2023-05-18,4514.509999999999,4695.3,192,time_open,33385.467360000126,3.8487527606276384,,,,,,
development_2023_2024,breakout,5,ticker_ascending,all_in,A_baseline,1000000,168360,168360:2023-05-19,2023-05-22,2023-05-30,6586.579999999999,6398.595,136,time_open,-26890.44784999988,-2.999670534258947,,,,,,
development_2023_2024,breakout,5,ticker_ascending,all_in,A_baseline,1000000,017900,017900:2023-05-30,2023-05-31,2023-06-01,3138.1349999999998,2915.5470844499996,278,stop_intraday,-63141.63323750789,-7.232256057956543,,,,,,
development_2023_2024,breakout,5,ticker_ascending,all_in,A_baseline,1000000,064850,064850:2023-06-02,2023-06-05,2023-06-13,8928.919999999998,8781.21,90,time_open,-14489.333774999948,-1.8016954294846732,,,,,,
development_2023_2024,breakout,5,ticker_ascending,all_in,A_baseline,1000000,001740,001740:2023-06-12,2023-06-13,2023-06-20,5385.379999999999,5154.84,147,time_open,-35051.439254999976,-4.424320385026437,,,,,,
development_2023_2024,breakout,5,ticker_ascending,all_in,A_baseline,1000000,008260,008260:2023-06-19,2023-06-20,2023-06-27,7437.429999999999,7342.65,102,time_open,-10798.236120000016,-1.4223424046944766,,,,,,
development_2023_2024,breakout,5,ticker_ascending,all_in,A_baseline,1000000,026890,026890:2023-06-26,2023-06-27,2023-07-04,6866.86,6873.12,109,time_open,-440.9033650001511,-0.05886174372057296,,,,,,
development_2023_2024,breakout,5,ticker_ascending,all_in,A_baseline,1000000,000430,000430:2023-07-04,2023-07-05,2023-07-07,5935.929999999999,6819.493180499999,126,take_intraday,110123.57325244264,14.712801648763406,,,,,,
development_2023_2024,breakout,5,ticker_ascending,all_in,A_baseline,1000000,036620,036620:2023-07-07,2023-07-10,2023-07-17,4674.669999999999,4410.585,184,time_open,-49845.405189999845,-5.7906957990727985,,,,,,
development_2023_2024,breakout,5,ticker_ascending,all_in,A_baseline,1000000,043910,043910:2023-07-17,2023-07-18,2023-07-19,14884.869999999999,13829.086170899998,54,stop_intraday,-58175.24199632148,-7.232256057956532,,,,,,
development_2023_2024,breakout,5,ticker_ascending,all_in,A_baseline,1000000,001740,001740:2023-07-19,2023-07-20,2023-07-27,5815.8099999999995,5924.07,129,time_open,12829.706609999877,1.7087998848666075,,,,,,
development_2023_2024,breakout,5,ticker_ascending,all_in,A_baseline,1000000,220100,220100:2023-08-01,2023-08-02,2023-08-04,8711.703,10008.439991549998,87,take_intraday,111594.62893465126,14.712801648763406,,,,,,
development_2023_2024,breakout,5,ticker_ascending,all_in,A_baseline,1000000,001740,001740:2023-08-09,2023-08-10,2023-08-18,6506.499999999999,6313.68,134,time_open,-27126.30808999983,-3.1089437091089467,,,,,,
development_2023_2024,breakout,5,ticker_ascending,all_in,A_baseline,1000000,149980,149980:2023-08-17,2023-08-18,2023-08-21,15538.522999999997,17851.432148549997,54,take_intraday,123544.80083818361,14.712801648763406,,,,,,
development_2023_2024,breakout,5,ticker_ascending,all_in,A_baseline,1000000,026890,026890:2023-08-21,2023-08-22,2023-08-29,7267.259999999999,7732.26,133,time_open,60348.797880000086,6.239081886065656,,,,,,
development_2023_2024,breakout,5,ticker_ascending,all_in,A_baseline,1000000,089850,089850:2023-08-28,2023-08-29,2023-09-05,9385.375999999998,8906.085,110,time_open,-54231.05553250015,-5.249018426787099,,,,,,
development_2023_2024,breakout,5,ticker_ascending,all_in,A_baseline,1000000,004100,004100:2023-09-05,2023-09-06,2023-09-07,4074.0699999999997,3785.0962148999997,240,stop_intraday,-70768.35834268201,-7.232256057956532,,,,,,
development_2023_2024,breakout,5,ticker_ascending,all_in,A_baseline,1000000,056080,056080:2023-09-07,2023-09-08,2023-09-11,14114.099999999999,16214.983784999997,64,take_intraday,133000.76621831977,14.712801648763406,,,,,,
development_2023_2024,breakout,5,ticker_ascending,all_in,A_baseline,1000000,003570,003570:2023-09-11,2023-09-12,2023-09-13,12672.659999999998,11773.788226199997,82,stop_intraday,-75210.94201751158,-7.232256057956565,,,,,,
development_2023_2024,breakout,5,ticker_ascending,all_in,A_baseline,1000000,016360,016360:2023-09-13,2023-09-14,2023-09-21,38338.299999999996,38261.7,25,time_open,-3351.25,-0.3493883084190408,,,,,,
development_2023_2024,breakout,5,ticker_ascending,all_in,A_baseline,1000000,220100,220100:2023-10-10,2023-10-11,2023-10-12,12127.114999999998,11266.938733049998,79,stop_intraday,-69340.02277273335,-7.232256057956543,,,,,,
development_2023_2024,breakout,5,ticker_ascending,all_in,A_baseline,1000000,105630,105630:2023-10-31,2023-11-01,2023-11-02,23022.999999999996,21389.978609999995,38,stop_intraday,-63320.58271038509,-7.232256057956543,,,,,,
development_2023_2024,breakout,5,ticker_ascending,all_in,A_baseline,1000000,105630,105630:2023-11-09,2023-11-10,2023-11-15,23723.699999999997,22040.977958999996,34,stop_intraday,-58379.54868195462,-7.232256057956543,,,,,,
development_2023_2024,breakout,5,ticker_ascending,all_in,A_baseline,1000000,003570,003570:2023-11-17,2023-11-20,2023-11-21,15355.339999999998,14266.185733799997,50,stop_intraday,-55568.52052501752,-7.232256057956532,,,,,,
development_2023_2024,breakout,5,ticker_ascending,all_in,A_baseline,1000000,279600,279600:2023-12-11,2023-12-12,2023-12-19,16237.220999999998,16120.863,44,time_open,-6187.568772000028,-0.865426245789902,,,,,,
development_2023_2024,breakout,5,ticker_ascending,all_in,A_baseline,1000000,279600,279600:2023-12-19,2023-12-20,2023-12-22,17207.19,19768.480231499998,41,take_intraday,103875.8976318813,14.712801648763406,,,,,,
development_2023_2024,breakout,5,ticker_ascending,all_in,A_baseline,1000000,279600,279600:2023-12-22,2023-12-26,2024-01-02,21739.717999999997,20197.71980226,37,stop_intraday,-58217.69721539272,-7.232256057956532,,,,,,
development_2023_2024,breakout,5,ticker_ascending,all_in,A_baseline,1000000,326030,326030:2024-01-02,2024-01-03,2024-01-04,103403.29999999999,96068.903931,7,stop_intraday,-52388.001553637674,-7.232256057956521,,,,,,
development_2023_2024,breakout,5,ticker_ascending,all_in,A_baseline,1000000,004540,004540:2024-01-10,2024-01-11,2024-01-12,3088.0849999999996,2869.0471309499994,227,stop_intraday,-50735.79801964434,-7.232256057956543,,,,,,
development_2023_2024,breakout,5,ticker_ascending,all_in,A_baseline,1000000,131370,131370:2024-01-18,2024-01-19,2024-01-26,5285.28,5484.51,123,time_open,23511.776872499962,3.613988292950654,,,,,,
development_2023_2024,breakout,5,ticker_ascending,all_in,A_baseline,1000000,170920,170920:2024-01-25,2024-01-26,2024-01-30,17717.699999999997,16460.983538999997,38,stop_intraday,-48729.31799886143,-7.232256057956521,,,,,,
development_2023_2024,breakout,5,ticker_ascending,all_in,A_baseline,1000000,163560,163560:2024-02-05,2024-02-06,2024-02-15,6656.65,6663.33,94,time_open,-311.13858999998774,-0.04968722062480557,,,,,,
development_2023_2024,breakout,5,ticker_ascending,all_in,A_baseline,1000000,003530,003530:2024-02-15,2024-02-16,2024-02-23,4514.509999999999,4215.78,138,time_open,-42128.325014999835,-6.757077308542847,,,,,,
development_2023_2024,breakout,5,ticker_ascending,all_in,A_baseline,1000000,001130,001130:2024-02-23,2024-02-26,2024-03-05,14234.219999999998,13786.2,41,time_open,-19230.447914999793,-3.2926553204066233,,,,,,
development_2023_2024,breakout,5,ticker_ascending,all_in,A_baseline,1000000,001460,001460:2024-03-05,2024-03-06,2024-03-13,50550.49999999999,47352.6,11,time_open,-35984.60057499999,-6.466554570674498,,,,,,
development_2023_2024,breakout,5,ticker_ascending,all_in,A_baseline,1000000,015860,015860:2024-03-18,2024-03-19,2024-03-26,4524.5199999999995,4345.65,117,time_open,-21706.147417500033,-4.097309544606819,,,,,,
development_2023_2024,breakout,5,ticker_ascending,all_in,A_baseline,1000000,015360,015360:2024-03-25,2024-03-26,2024-03-28,8288.279999999999,7700.392299599998,61,stop_intraday,-36592.63148210681,-7.232256057956555,,,,,,
development_2023_2024,breakout,5,ticker_ascending,all_in,A_baseline,1000000,014830,014830:2024-04-03,2024-04-04,2024-04-12,85485.4,86213.7,5,time_open,2997.628374999971,0.7007937820074472,,,,,,
development_2023_2024,breakout,5,ticker_ascending,all_in,A_baseline,1000000,265520,265520:2024-04-12,2024-04-15,2024-04-18,27427.399999999998,31509.968489999996,17,take_intraday,68652.21288175235,14.712801648763385,,,,,,
development_2023_2024,breakout,5,ticker_ascending,all_in,A_baseline,1000000,265520,265520:2024-04-18,2024-04-19,2024-04-26,32532.499999999996,33466.5,16,time_open,14152.012000000046,2.716784359014235,,,,,,
development_2023_2024,breakout,5,ticker_ascending,all_in,A_baseline,1000000,014830,014830:2024-04-25,2024-04-26,2024-05-07,93793.69999999998,98301.6,5,time_open,21819.142625000095,4.649094882087179,,,,,,
development_2023_2024,breakout,5,ticker_ascending,all_in,A_baseline,1000000,014830,014830:2024-05-07,2024-05-08,2024-05-16,104304.19999999998,102996.9,5,time_open,-7313.879124999919,-1.4013621362572115,,,,,,
development_2023_2024,breakout,5,ticker_ascending,all_in,A_baseline,1000000,026890,026890:2024-05-14,2024-05-16,2024-05-23,9569.56,10859.13,59,time_open,75180.66046749998,13.30566413049008,,,,,,
development_2023_2024,breakout,5,ticker_ascending,all_in,A_baseline,1000000,014830,014830:2024-05-22,2024-05-23,2024-05-27,117016.9,108716.89128299999,5,stop_intraday,-42346.545302311424,-7.232256057956565,,,,,,
development_2023_2024,breakout,5,ticker_ascending,all_in,A_baseline,1000000,094280,094280:2024-05-27,2024-05-28,2024-06-04,13953.939999999999,13366.62,43,time_open,-26135.848059999873,-4.35256926590003,,,,,,
development_2023_2024,breakout,5,ticker_ascending,all_in,A_baseline,1000000,036460,036460:2024-06-03,2024-06-04,2024-06-05,40840.799999999996,37943.962056,14,stop_intraday,-41382.971217588056,-7.232256057956543,,,,,,
development_2023_2024,breakout,5,ticker_ascending,all_in,A_baseline,1000000,204320,204320:2024-06-05,2024-06-07,2024-06-11,49048.99999999999,45569.95442999999,10,stop_intraday,-35500.097858225054,-7.232256057956543,,,,,,
development_2023_2024,breakout,5,ticker_ascending,all_in,A_baseline,1000000,081580,081580:2024-06-11,2024-06-12,2024-06-19,3173.1699999999996,3566.43,158,time_open,61336.437399999995,12.224821368752071,,,,,,
development_2023_2024,breakout,5,ticker_ascending,all_in,A_baseline,1000000,081580,081580:2024-06-18,2024-06-19,2024-06-20,3573.5699999999997,3320.0966798999993,157,stop_intraday,-40607.040507258265,-7.232256057956543,,,,,,
development_2023_2024,breakout,5,ticker_ascending,all_in,A_baseline,1000000,003570,003570:2024-06-20,2024-06-21,2024-06-28,20470.449999999997,21878.1,25,time_open,34397.21468750009,6.716302985116074,,,,,,
development_2023_2024,breakout,5,ticker_ascending,all_in,A_baseline,1000000,270870,270870:2024-06-27,2024-06-28,2024-07-01,10920.909999999998,10146.289853699998,50,stop_intraday,-39521.02730951377,-7.232256057956532,,,,,,
development_2023_2024,breakout,5,ticker_ascending,all_in,A_baseline,1000000,081580,081580:2024-07-02,2024-07-03,2024-07-10,3918.9149999999995,3831.165,132,time_open,-12350.257920000004,-2.3856715613759905,,,,,,
development_2023_2024,breakout,5,ticker_ascending,all_in,A_baseline,1000000,220100,220100:2024-07-09,2024-07-10,2024-07-15,15341.326,17624.882375099998,32,take_intraday,72282.61500219756,14.71280164876343,,,,,,
development_2023_2024,breakout,5,ticker_ascending,all_in,A_baseline,1000000,006360,006360:2024-07-15,2024-07-16,2024-07-23,17277.26,17632.35,33,time_open,10853.957152499934,1.9022767298032317,,,,,,
development_2023_2024,breakout,5,ticker_ascending,all_in,A_baseline,1000000,006360,006360:2024-07-26,2024-07-29,2024-08-05,19239.219999999998,18401.58,30,time_open,-25976.118000000017,-4.497176516185153,,,,,,
development_2023_2024,breakout,5,ticker_ascending,all_in,A_baseline,1000000,053350,053350:2024-08-02,2024-08-05,2024-08-06,3978.9749999999995,3256.74,141,stop_gap,-102600.31186124997,-18.2739637447663,,,,,,
development_2023_2024,breakout,5,ticker_ascending,all_in,A_baseline,1000000,246250,246250:2024-08-09,2024-08-12,2024-08-14,4564.5599999999995,4240.795759199998,100,stop_intraday,-33036.8257619401,-7.232256057956555,,,,,,
development_2023_2024,breakout,5,ticker_ascending,all_in,A_baseline,1000000,000080,000080:2024-08-19,2024-08-20,2024-08-27,22272.249999999996,21428.55,19,time_open,-16653.036399999924,-3.9323316501387873,,,,,,
development_2023_2024,breakout,5,ticker_ascending,all_in,A_baseline,1000000,064850,064850:2024-08-26,2024-08-27,2024-09-02,8688.679999999998,9981.990017999999,47,take_intraday,60127.4297278655,14.71280164876343,,,,,,
development_2023_2024,breakout,5,ticker_ascending,all_in,A_baseline,1000000,064850,064850:2024-09-02,2024-09-03,2024-09-04,11301.289999999999,10299.69,41,stop_gap,-41729.83013499994,-8.999308543826402,,,,,,
development_2023_2024,breakout,5,ticker_ascending,all_in,A_baseline,1000000,064850,064850:2024-09-05,2024-09-06,2024-09-13,13433.419999999998,13236.75,31,time_open,-6716.851452499977,-1.6117283969114826,,,,,,
development_2023_2024,breakout,5,ticker_ascending,all_in,A_baseline,1000000,064850,064850:2024-09-19,2024-09-20,2024-09-23,19169.149999999998,22977.0,21,take_gap,79301.04813750001,19.68480777578916,,,,,,
development_2023_2024,breakout,5,ticker_ascending,all_in,A_baseline,1000000,064850,064850:2024-09-20,2024-09-23,2024-09-24,23022.999999999996,38411.55,21,take_gap,322191.9558375001,66.58982693657778,,,,,,
development_2023_2024,breakout,5,ticker_ascending,all_in,A_baseline,1000000,064850,064850:2024-09-23,2024-09-24,2024-09-26,38488.45,27572.4,21,stop_gap,-230277.50838749995,-28.4692618286701,,,,,,
development_2023_2024,breakout,5,ticker_ascending,all_in,A_baseline,1000000,064850,064850:2024-09-24,2024-09-26,2024-09-27,27627.6,21478.5,21,stop_gap,-129904.52107500006,-22.373617704022088,,,,,,
development_2023_2024,breakout,5,ticker_ascending,all_in,A_baseline,1000000,081580,081580:2024-09-30,2024-10-02,2024-10-11,4659.655,4830.165,99,time_open,16175.870865000004,3.503911391792469,,,,,,
development_2023_2024,breakout,5,ticker_ascending,all_in,A_baseline,1000000,220100,220100:2024-10-11,2024-10-14,2024-10-21,23456.432999999997,23490.486,20,time_open,-23.14378499990562,-0.004929658352104127,,,,,,
development_2023_2024,breakout,5,ticker_ascending,all_in,A_baseline,1000000,015360,015360:2024-10-18,2024-10-21,2024-10-28,9599.589999999998,10189.8,49,time_open,28193.02991750004,5.989180318469867,,,,,,
development_2023_2024,breakout,5,ticker_ascending,all_in,A_baseline,1000000,006800,006800:2024-10-25,2024-10-28,2024-11-04,9129.119999999999,8713.278,55,time_open,-23607.308917499904,-4.698175967766516,,,,,,
development_2023_2024,breakout,5,ticker_ascending,all_in,A_baseline,1000000,003530,003530:2024-11-11,2024-11-12,2024-11-13,4624.62,4165.83,104,stop_gap,-48399.81510000001,-10.055616719936666,,,,,,
development_2023_2024,breakout,5,ticker_ascending,all_in,A_baseline,1000000,127120,127120:2024-11-12,2024-11-13,2024-11-14,3968.9649999999997,3687.446312549999,109,stop_intraday,-31311.448556851014,-7.232256057956543,,,,,,
development_2023_2024,breakout,5,ticker_ascending,all_in,A_baseline,1000000,016090,016090:2024-11-20,2024-11-21,2024-11-28,2187.185,2167.83,184,time_open,-4162.312070000044,-1.0334886175145663,,,,,,
development_2023_2024,breakout,5,ticker_ascending,all_in,A_baseline,1000000,127120,127120:2024-11-27,2024-11-28,2024-12-05,4104.099999999999,4285.71,97,time_open,17005.811322499998,4.268566867532275,,,,,,
development_2023_2024,breakout,5,ticker_ascending,all_in,A_baseline,1000000,015020,015020:2024-12-06,2024-12-09,2024-12-10,2474.4719999999998,4385.61,168,take_gap,320206.81366799993,76.96852157202281,,,,,,
development_2023_2024,breakout,5,ticker_ascending,all_in,A_baseline,1000000,015020,015020:2024-12-09,2024-12-10,2024-12-11,4394.389999999999,5304.69,167,take_gap,150805.29023000016,20.534111180477232,,,,,,
development_2023_2024,breakout,5,ticker_ascending,all_in,A_baseline,1000000,015020,015020:2024-12-10,2024-12-11,2024-12-12,5315.3099999999995,4745.25,166,stop_gap,-95882.49972000008,-10.858680690205357,,,,,,
development_2023_2024,breakout,5,ticker_ascending,all_in,A_baseline,1000000,016090,016090:2024-12-11,2024-12-12,2024-12-19,2227.225,2327.67,355,time_open,34445.23420624994,4.3532248275881535,,,,,,
development_2023_2024,breakout,5,ticker_ascending,all_in,A_baseline,1000000,015360,015360:2024-12-18,2024-12-19,2024-12-27,11071.06,10749.24,74,time_open,-25025.70664999995,-3.0523886255505173,,,,,,
development_2023_2024,breakout,5,ticker_ascending,all_in,A_baseline,1000000,015360,015360:2024-12-26,2024-12-27,2024-12-30,10770.759999999998,10006.789993199998,74,stop_intraday,-57686.934527822654,-7.232256057956543,,,,,,
development_2023_2024,breakout,5,ticker_ascending,cash_half,A_baseline,1000000,073640,073640:2023-01-06,2023-01-09,2023-01-11,,,226,stop_intraday,-36021.731949203066,-7.232256057956543,cash_50_no_add,3.0,False,1.0,498070.4729,462048.7409507969
development_2023_2024,breakout,5,ticker_ascending,cash_half,A_baseline,1000000,105560,105560:2023-01-16,2023-01-17,2023-01-26,,,7,time_open,-18951.638124999998,-4.467182179971962,cash_50_no_add,3.0,False,1.0,424241.44262499997,405289.80449999997
development_2023_2024,breakout,5,ticker_ascending,cash_half,A_baseline,1000000,003830,003830:2023-01-25,2023-01-26,2023-02-02,,,3,time_open,9714.533324999968,2.484641386114772,cash_50_no_add,3.0,False,1.0,390983.317725,400697.85104999994
development_2023_2024,breakout,5,ticker_ascending,cash_half,A_baseline,1000000,028670,028670:2023-02-01,2023-02-02,2023-02-07,,,75,stop_intraday,-34503.921642815636,-7.232256057956532,cash_50_no_add,3.0,False,1.0,477083.79468749993,442579.8730446843
development_2023_2024,breakout,5,ticker_ascending,cash_half,A_baseline,1000000,105630,105630:2023-02-07,2023-02-08,2023-02-15,,,26,time_open,-16114.290919999941,-3.56392416943776,cash_50_no_add,3.0,False,1.0,452150.21851999994,436035.9276
development_2023_2024,breakout,5,ticker_ascending,cash_half,A_baseline,1000000,006220,006220:2023-02-16,2023-02-17,2023-02-20,,,21,take_intraday,65925.57926579617,14.712801648763406,cash_50_no_add,3.0,False,1.0,448083.110475,514008.68974079617
development_2023_2024,breakout,5,ticker_ascending,cash_half,A_baseline,1000000,008260,008260:2023-02-20,2023-02-21,2023-02-22,,,73,stop_gap,-42497.34566000005,-8.791800191518185,cash_50_no_add,3.0,False,1.0,483374.7893975,440877.44373749994
development_2023_2024,breakout,5,ticker_ascending,cash_half,A_baseline,1000000,001130,001130:2023-02-21,2023-02-22,2023-03-02,,,30,time_open,4994.55495000002,1.0948234552270675,cash_50_no_add,3.0,False,1.0,456197.29154999997,461191.8465
development_2023_2024,breakout,5,ticker_ascending,cash_half,A_baseline,1000000,001130,001130:2023-03-02,2023-03-03,2023-03-10,,,30,time_open,-1022.2495499999495,-0.2203072051915833,cash_50_no_add,3.0,False,1.0,464010.94739999995,462988.69785
development_2023_2024,breakout,5,ticker_ascending,cash_half,A_baseline,1000000,115500,115500:2023-03-09,2023-03-10,2023-03-13,,,47,take_gap,95509.36046750005,20.720761456808013,cash_50_no_add,3.0,False,1.0,460935.57259749994,556444.933065
development_2023_2024,breakout,5,ticker_ascending,cash_half,A_baseline,1000000,115500,115500:2023-03-10,2023-03-13,2023-03-14,,,43,stop_gap,-58445.64256999991,-11.440350149303246,cash_50_no_add,3.0,False,1.0,510872.8474849999,452427.204915
development_2023_2024,breakout,5,ticker_ascending,cash_half,A_baseline,1000000,000850,000850:2023-03-17,2023-03-20,2023-03-24,,,12,stop_intraday,-32689.06970128807,-7.232256057956543,cash_50_no_add,3.0,False,1.0,451989.9384,419300.8686987119
development_2023_2024,breakout,5,ticker_ascending,cash_half,A_baseline,1000000,115500,115500:2023-03-24,2023-03-27,2023-03-28,,,38,stop_intraday,-33807.685029718676,-7.232256057956555,cash_50_no_add,3.0,False,1.0,467456.96998,433649.2849502813
development_2023_2024,breakout,5,ticker_ascending,cash_half,A_baseline,1000000,265520,265520:2023-03-28,2023-03-29,2023-04-05,,,19,time_open,-8167.867487499956,-1.8658106602474356,cash_50_no_add,3.0,False,1.0,437765.07774999994,429597.2102625
development_2023_2024,breakout,5,ticker_ascending,cash_half,A_baseline,1000000,004100,004100:2023-04-04,2023-04-05,2023-04-12,,,246,time_open,4826.4017969999695,1.0820569423992454,cash_50_no_add,3.0,False,1.0,446039.538945,450865.94074199995
development_2023_2024,breakout,5,ticker_ascending,cash_half,A_baseline,1000000,126640,126640:2023-04-11,2023-04-12,2023-04-13,,,254,take_gap,71962.06524500006,16.02380001484358,cash_50_no_add,3.0,False,1.0,449094.87873249996,521056.9439775
development_2023_2024,breakout,5,ticker_ascending,cash_half,A_baseline,1000000,000430,000430:2023-04-12,2023-04-13,2023-04-20,,,123,time_open,24101.561872500053,5.002690580387115,cash_50_no_add,3.0,False,1.0,481771.98819749994,505873.55007
development_2023_2024,breakout,5,ticker_ascending,cash_half,A_baseline,1000000,036620,036620:2023-04-19,2023-04-20,2023-04-24,,,164,stop_intraday,-35942.03785197029,-7.232256057956543,cash_50_no_add,3.0,False,1.0,496968.54707499995,461026.50922302966
development_2023_2024,breakout,5,ticker_ascending,cash_half,A_baseline,1000000,064850,064850:2023-04-24,2023-04-25,2023-05-03,,,60,time_open,27090.62160000007,5.705332401955521,cash_50_no_add,3.0,False,1.0,474829.85549999995,501920.4771
development_2023_2024,breakout,5,ticker_ascending,cash_half,A_baseline,1000000,011230,011230:2023-05-02,2023-05-04,2023-05-08,,,40,stop_intraday,-35094.38245413109,-7.232256057956555,cash_50_no_add,3.0,False,1.0,485248.0633,450153.6808458689
development_2023_2024,breakout,5,ticker_ascending,cash_half,A_baseline,1000000,000430,000430:2023-05-10,2023-05-11,2023-05-18,,,105,time_open,18257.677462499996,3.848752760627616,cash_50_no_add,3.0,False,1.0,474379.06766249996,492636.74512499996
development_2023_2024,breakout,5,ticker_ascending,cash_half,A_baseline,1000000,168360,168360:2023-05-19,2023-05-22,2023-05-30,,,73,time_open,-14433.843331249955,-2.999670534258947,cash_50_no_add,3.0,False,1.0,481180.9552549999,466747.11192374997
development_2023_2024,breakout,5,ticker_ascending,cash_half,A_baseline,1000000,017900,017900:2023-05-30,2023-05-31,2023-06-01,,,151,stop_intraday,-34296.35474411404,-7.232256057956555,cash_50_no_add,3.0,False,1.0,474213.77878874994,439917.4240446359
development_2023_2024,breakout,5,ticker_ascending,cash_half,A_baseline,1000000,064850,064850:2023-06-02,2023-06-05,2023-06-13,,,51,time_open,-8210.622472499905,-1.801695429484662,cash_50_no_add,3.0,False,1.0,455716.45118999993,447505.82871750003
development_2023_2024,breakout,5,ticker_ascending,cash_half,A_baseline,1000000,001740,001740:2023-06-12,2023-06-13,2023-06-20,,,84,time_open,-20029.393859999953,-4.424320385026426,cash_50_no_add,3.0,False,1.0,452711.1989399999,432681.80507999996
development_2023_2024,breakout,5,ticker_ascending,cash_half,A_baseline,1000000,008260,008260:2023-06-19,2023-06-20,2023-06-27,,,59,time_open,-6246.03853999998,-1.4223424046944655,cash_50_no_add,3.0,False,1.0,439137.4762774999,432891.43773749995
development_2023_2024,breakout,5,ticker_ascending,cash_half,A_baseline,1000000,026890,026890:2023-06-26,2023-06-27,2023-07-04,,,64,time_open,-258.8790400000289,-0.05886174372055075,cash_50_no_add,3.0,False,1.0,439808.64928,439549.77024
development_2023_2024,breakout,5,ticker_ascending,cash_half,A_baseline,1000000,000430,000430:2023-07-04,2023-07-05,2023-07-07,,,74,take_intraday,64675.74937048217,14.712801648763406,cash_50_no_add,3.0,False,1.0,439588.26411499997,504264.01348548214
development_2023_2024,breakout,5,ticker_ascending,cash_half,A_baseline,1000000,036620,036620:2023-07-07,2023-07-10,2023-07-17,,,101,time_open,-27360.793066249928,-5.7906957990727985,cash_50_no_add,3.0,False,1.0,472495.77625249996,445134.98318625
development_2023_2024,breakout,5,ticker_ascending,cash_half,A_baseline,1000000,043910,043910:2023-07-17,2023-07-18,2023-07-19,,,30,stop_intraday,-32319.578886845382,-7.232256057956565,cash_50_no_add,3.0,False,1.0,446881.009575,414561.4306881546
development_2023_2024,breakout,5,ticker_ascending,cash_half,A_baseline,1000000,001740,001740:2023-07-19,2023-07-20,2023-07-27,,,76,time_open,7558.586840000062,1.708799884866652,cash_50_no_add,3.0,False,1.0,442333.06116999994,449891.64801
development_2023_2024,breakout,5,ticker_ascending,cash_half,A_baseline,1000000,220100,220100:2023-08-01,2023-08-02,2023-08-04,,,51,take_intraday,65417.54109962314,14.712801648763406,cash_50_no_add,3.0,False,1.0,444630.07563975,510047.61673937313
development_2023_2024,breakout,5,ticker_ascending,cash_half,A_baseline,1000000,001740,001740:2023-08-09,2023-08-10,2023-08-18,,,73,time_open,-14777.764854999958,-3.108943709108958,cash_50_no_add,3.0,False,1.0,475330.73087499995,460552.96602
development_2023_2024,breakout,5,ticker_ascending,cash_half,A_baseline,1000000,149980,149980:2023-08-17,2023-08-18,2023-08-21,,,30,take_intraday,68636.00046565762,14.71280164876343,cash_50_no_add,3.0,False,1.0,466505.30676749995,535141.3072331576
development_2023_2024,breakout,5,ticker_ascending,cash_half,A_baseline,1000000,026890,026890:2023-08-21,2023-08-22,2023-08-29,,,69,time_open,31308.77483999991,6.239081886065634,cash_50_no_add,3.0,False,1.0,501817.020705,533125.7955449999
development_2023_2024,breakout,5,ticker_ascending,cash_half,A_baseline,1000000,089850,089850:2023-08-28,2023-08-29,2023-09-05,,,55,time_open,-27115.527766250016,-5.249018426787089,cash_50_no_add,3.0,False,1.0,516582.82675999997,489467.29899374995
development_2023_2024,breakout,5,ticker_ascending,cash_half,A_baseline,1000000,004100,004100:2023-09-05,2023-09-06,2023-09-07,,,125,stop_intraday,-36858.51997014694,-7.232256057956543,cash_50_no_add,3.0,False,1.0,509640.69406249997,472782.17409235303
development_2023_2024,breakout,5,ticker_ascending,cash_half,A_baseline,1000000,056080,056080:2023-09-07,2023-09-08,2023-09-11,,,34,take_intraday,70656.65705348237,14.712801648763406,cash_50_no_add,3.0,False,1.0,480239.30955,550895.9666034824
development_2023_2024,breakout,5,ticker_ascending,cash_half,A_baseline,1000000,003570,003570:2023-09-11,2023-09-12,2023-09-13,,,41,stop_intraday,-37605.47100875579,-7.232256057956565,cash_50_no_add,3.0,False,1.0,519968.744295,482363.2732862442
development_2023_2024,breakout,5,ticker_ascending,cash_half,A_baseline,1000000,016360,016360:2023-09-13,2023-09-14,2023-09-21,,,13,time_open,-1742.649999999965,-0.3493883084190297,cash_50_no_add,3.0,False,1.0,498771.69842499995,497029.048425
development_2023_2024,breakout,5,ticker_ascending,cash_half,A_baseline,1000000,220100,220100:2023-10-10,2023-10-11,2023-10-12,,,41,stop_intraday,-35986.594097241294,-7.232256057956532,cash_50_no_add,3.0,False,1.0,497584.6237862499,461598.0296890086
development_2023_2024,breakout,5,ticker_ascending,cash_half,A_baseline,1000000,105630,105630:2023-10-31,2023-11-01,2023-11-02,,,21,stop_intraday,-34992.9536031076,-7.232256057956555,cash_50_no_add,3.0,False,1.0,483845.61224999995,448852.65864689235
development_2023_2024,breakout,5,ticker_ascending,cash_half,A_baseline,1000000,105630,105630:2023-11-09,2023-11-10,2023-11-15,,,19,stop_intraday,-32623.86543991574,-7.232256057956532,cash_50_no_add,3.0,False,1.0,451088.36272499996,418464.4972850842
development_2023_2024,breakout,5,ticker_ascending,cash_half,A_baseline,1000000,003570,003570:2023-11-17,2023-11-20,2023-11-21,,,29,stop_intraday,-32229.741904510185,-7.232256057956543,cash_50_no_add,3.0,False,1.0,445638.83864499995,413409.09674048977
development_2023_2024,breakout,5,ticker_ascending,cash_half,A_baseline,1000000,279600,279600:2023-12-11,2023-12-12,2023-12-19,,,27,time_open,-3796.9172009999747,-0.8654262457898909,cash_50_no_add,3.0,False,1.0,438733.77072524995,434936.85352425
development_2023_2024,breakout,5,ticker_ascending,cash_half,A_baseline,1000000,279600,279600:2023-12-19,2023-12-20,2023-12-22,,,25,take_intraday,63338.96197065932,14.712801648763406,cash_50_no_add,3.0,False,1.0,430502.3848125,493841.3467831593
development_2023_2024,breakout,5,ticker_ascending,cash_half,A_baseline,1000000,279600,279600:2023-12-22,2023-12-26,2024-01-02,,,21,stop_intraday,-33042.4767979256,-7.232256057956532,cash_50_no_add,3.0,False,1.0,456876.47855849995,423834.00176057435
development_2023_2024,breakout,5,ticker_ascending,cash_half,A_baseline,1000000,326030,326030:2024-01-02,2024-01-03,2024-01-04,,,4,stop_intraday,-29936.000887793023,-7.232256057956543,cash_50_no_add,3.0,False,1.0,413923.40989999997,383987.40901220695
development_2023_2024,breakout,5,ticker_ascending,cash_half,A_baseline,1000000,004540,004540:2024-01-10,2024-01-11,2024-01-12,,,141,stop_intraday,-31514.306258897996,-7.232256057956543,cash_50_no_add,3.0,False,1.0,435746.54998874996,404232.24372985197
development_2023_2024,breakout,5,ticker_ascending,cash_half,A_baseline,1000000,131370,131370:2024-01-18,2024-01-19,2024-01-26,,,79,time_open,15101.059942499967,3.613988292950654,cash_50_no_add,3.0,False,1.0,417850.27284,432951.33278249996
development_2023_2024,breakout,5,ticker_ascending,cash_half,A_baseline,1000000,170920,170920:2024-01-25,2024-01-26,2024-01-30,,,24,stop_intraday,-30776.411367702065,-7.232256057956543,cash_50_no_add,3.0,False,1.0,425543.71859999996,394767.3072322979
development_2023_2024,breakout,5,ticker_ascending,cash_half,A_baseline,1000000,163560,163560:2024-02-05,2024-02-06,2024-02-15,,,62,time_open,-205.21906999999192,-0.04968722062480557,cash_50_no_add,3.0,False,1.0,413021.834225,412816.615155
development_2023_2024,breakout,5,ticker_ascending,cash_half,A_baseline,1000000,003530,003530:2024-02-15,2024-02-16,2024-02-23,,,91,time_open,-27780.272292499954,-6.757077308542858,cash_50_no_add,3.0,False,1.0,411128.5253074999,383348.25301499997
development_2023_2024,breakout,5,ticker_ascending,cash_half,A_baseline,1000000,001130,001130:2024-02-23,2024-02-26,2024-03-05,,,28,time_open,-13132.98881999997,-3.2926553204066566,cash_50_no_add,3.0,False,1.0,398857.0786199999,385724.08979999996
development_2023_2024,breakout,5,ticker_ascending,cash_half,A_baseline,1000000,001460,001460:2024-03-05,2024-03-06,2024-03-13,,,7,time_open,-22899.291274999967,-6.466554570674488,cash_50_no_add,3.0,False,1.0,354118.890125,331219.59885
development_2023_2024,breakout,5,ticker_ascending,cash_half,A_baseline,1000000,015860,015860:2024-03-18,2024-03-19,2024-03-26,,,84,time_open,-15583.900710000016,-4.097309544606819,cash_50_no_add,3.0,False,1.0,380344.72475999995,364760.82404999994
development_2023_2024,breakout,5,ticker_ascending,cash_half,A_baseline,1000000,015360,015360:2024-03-25,2024-03-26,2024-03-28,,,45,stop_intraday,-26994.56420811155,-7.232256057956543,cash_50_no_add,3.0,False,1.0,373252.32944999996,346257.7652418884
development_2023_2024,breakout,5,ticker_ascending,cash_half,A_baseline,1000000,014830,014830:2024-04-03,2024-04-04,2024-04-12,,,4,time_open,2398.1026999999885,0.7007937820074694,cash_50_no_add,3.0,False,1.0,342198.0562,344596.1589
development_2023_2024,breakout,5,ticker_ascending,cash_half,A_baseline,1000000,265520,265520:2024-04-12,2024-04-15,2024-04-18,,,13,take_intraday,52498.75102722249,14.71280164876343,cash_50_no_add,3.0,False,1.0,356823.61714999995,409322.36817722244
development_2023_2024,breakout,5,ticker_ascending,cash_half,A_baseline,1000000,265520,265520:2024-04-18,2024-04-19,2024-04-26,,,11,time_open,9729.508250000072,2.716784359014235,cash_50_no_add,3.0,False,1.0,358125.89312499994,367855.401375
development_2023_2024,breakout,5,ticker_ascending,cash_half,A_baseline,1000000,014830,014830:2024-04-25,2024-04-26,2024-05-07,,,4,time_open,17455.314100000076,4.649094882087179,cash_50_no_add,3.0,False,1.0,375456.1810999999,392911.4952
development_2023_2024,breakout,5,ticker_ascending,cash_half,A_baseline,1000000,014830,014830:2024-05-07,2024-05-08,2024-05-16,,,3,time_open,-4388.327474999998,-1.4013621362572226,cash_50_no_add,3.0,False,1.0,313147.28445,308758.956975
development_2023_2024,breakout,5,ticker_ascending,cash_half,A_baseline,1000000,026890,026890:2024-05-14,2024-05-16,2024-05-23,,,41,time_open,52244.1877825,13.30566413049008,cash_50_no_add,3.0,False,1.0,392646.22397,444890.4117525
development_2023_2024,breakout,5,ticker_ascending,cash_half,A_baseline,1000000,014830,014830:2024-05-22,2024-05-23,2024-05-27,,,3,stop_intraday,-25407.927181386796,-7.232256057956543,cash_50_no_add,3.0,False,1.0,351313.98802499997,325906.0608436132
development_2023_2024,breakout,5,ticker_ascending,cash_half,A_baseline,1000000,094280,094280:2024-05-27,2024-05-28,2024-06-04,,,29,time_open,-17626.502179999952,-4.3525692659000415,cash_50_no_add,3.0,False,1.0,404967.75819499994,387341.256015
development_2023_2024,breakout,5,ticker_ascending,cash_half,A_baseline,1000000,036460,036460:2024-06-03,2024-06-04,2024-06-05,,,9,stop_intraday,-26603.33863987797,-7.232256057956521,cash_50_no_add,3.0,False,1.0,367842.87539999996,341239.536760122
development_2023_2024,breakout,5,ticker_ascending,cash_half,A_baseline,1000000,204320,204320:2024-06-05,2024-06-07,2024-06-11,,,7,stop_intraday,-24850.06850075751,-7.232256057956532,cash_50_no_add,3.0,False,1.0,343600.50724999997,318750.43874924246
development_2023_2024,breakout,5,ticker_ascending,cash_half,A_baseline,1000000,081580,081580:2024-06-11,2024-06-12,2024-06-19,,,119,time_open,46196.43069999997,12.224821368752048,cash_50_no_add,3.0,False,1.0,377890.4354225,424086.8661225
development_2023_2024,breakout,5,ticker_ascending,cash_half,A_baseline,1000000,081580,081580:2024-06-18,2024-06-19,2024-06-20,,,112,stop_intraday,-28968.07985231164,-7.232256057956543,cash_50_no_add,3.0,False,1.0,400540.01988,371571.94002768834
development_2023_2024,breakout,5,ticker_ascending,cash_half,A_baseline,1000000,003570,003570:2024-06-20,2024-06-21,2024-06-28,,,18,time_open,24765.99457499996,6.716302985116029,cash_50_no_add,3.0,False,1.0,368744.451075,393510.44564999995
development_2023_2024,breakout,5,ticker_ascending,cash_half,A_baseline,1000000,270870,270870:2024-06-27,2024-06-28,2024-07-01,,,36,stop_intraday,-28455.139662850008,-7.232256057956565,cash_50_no_add,3.0,False,1.0,393447.62457,364992.48490715
development_2023_2024,breakout,5,ticker_ascending,cash_half,A_baseline,1000000,081580,081580:2024-07-02,2024-07-03,2024-07-10,,,98,time_open,-9169.130880000012,-2.3856715613759905,cash_50_no_add,3.0,False,1.0,384341.71025249996,375172.57937249995
development_2023_2024,breakout,5,ticker_ascending,cash_half,A_baseline,1000000,220100,220100:2024-07-09,2024-07-10,2024-07-15,,,24,take_intraday,54211.96125164814,14.712801648763406,cash_50_no_add,3.0,False,1.0,368467.967868,422679.9291196481
development_2023_2024,breakout,5,ticker_ascending,cash_half,A_baseline,1000000,006360,006360:2024-07-15,2024-07-16,2024-07-23,,,23,time_open,7564.879227500001,1.902276729803254,cash_50_no_add,3.0,False,1.0,397675.012735,405239.8919625
development_2023_2024,breakout,5,ticker_ascending,cash_half,A_baseline,1000000,006360,006360:2024-07-26,2024-07-29,2024-08-05,,,21,time_open,-18183.282599999977,-4.497176516185142,cash_50_no_add,3.0,False,1.0,404326.63771499996,386143.355115
development_2023_2024,breakout,5,ticker_ascending,cash_half,A_baseline,1000000,053350,053350:2024-08-02,2024-08-05,2024-08-06,,,101,stop_gap,-73493.8404112499,-18.273963744766284,cash_50_no_add,3.0,False,1.0,402177.8823562499,328684.041945
development_2023_2024,breakout,5,ticker_ascending,cash_half,A_baseline,1000000,246250,246250:2024-08-09,2024-08-12,2024-08-14,,,80,stop_intraday,-26429.460609551985,-7.232256057956532,cash_50_no_add,3.0,False,1.0,365438.6735999999,339009.21299044794
development_2023_2024,breakout,5,ticker_ascending,cash_half,A_baseline,1000000,000080,000080:2024-08-19,2024-08-20,2024-08-27,,,15,time_open,-13147.133999999962,-3.9323316501387873,cash_50_no_add,3.0,False,1.0,334334.31281249993,321187.1788125
development_2023_2024,breakout,5,ticker_ascending,cash_half,A_baseline,1000000,064850,064850:2024-08-26,2024-08-27,2024-09-02,,,39,take_intraday,49892.973603973514,14.71280164876343,cash_50_no_add,3.0,False,1.0,339112.66388999997,389005.6374939735
development_2023_2024,breakout,5,ticker_ascending,cash_half,A_baseline,1000000,064850,064850:2024-09-02,2024-09-03,2024-09-04,,,32,stop_gap,-32569.623519999965,-8.999308543826412,cash_50_no_add,3.0,False,1.0,361912.51096,329342.88744
development_2023_2024,breakout,5,ticker_ascending,cash_half,A_baseline,1000000,064850,064850:2024-09-05,2024-09-06,2024-09-13,,,26,time_open,-5633.488314999966,-1.6117283969114826,cash_50_no_add,3.0,False,1.0,349530.87168999994,343897.383375
development_2023_2024,breakout,5,ticker_ascending,cash_half,A_baseline,1000000,064850,064850:2024-09-19,2024-09-20,2024-09-23,,,18,take_gap,67972.32697499997,19.68480777578914,cash_50_no_add,3.0,False,1.0,345303.483525,413275.81049999996
development_2023_2024,breakout,5,ticker_ascending,cash_half,A_baseline,1000000,064850,064850:2024-09-20,2024-09-23,2024-09-24,,,16,take_gap,245479.5854000001,66.58982693657778,cash_50_no_add,3.0,False,1.0,368644.27599999995,614123.8614
development_2023_2024,breakout,5,ticker_ascending,cash_half,A_baseline,1000000,064850,064850:2024-09-23,2024-09-24,2024-09-26,,,13,stop_gap,-142552.7432875,-28.4692618286701,cash_50_no_add,3.0,False,1.0,500725.1123875,358172.3691
development_2023_2024,breakout,5,ticker_ascending,cash_half,A_baseline,1000000,064850,064850:2024-09-24,2024-09-26,2024-09-27,,,15,stop_gap,-92788.94362500001,-22.373617704022074,cash_50_no_add,3.0,False,1.0,414724.8105,321935.866875
development_2023_2024,breakout,5,ticker_ascending,cash_half,A_baseline,1000000,081580,081580:2024-09-30,2024-10-02,2024-10-11,,,83,time_open,13561.588705000002,3.503911391792469,cash_50_no_add,3.0,False,1.0,387041.42852375,400603.01722875
development_2023_2024,breakout,5,ticker_ascending,cash_half,A_baseline,1000000,220100,220100:2024-10-11,2024-10-14,2024-10-21,,,16,time_open,-18.515027999936137,-0.004929658352104127,cash_50_no_add,3.0,False,1.0,375584.40519599995,375565.890168
development_2023_2024,breakout,5,ticker_ascending,cash_half,A_baseline,1000000,015360,015360:2024-10-18,2024-10-21,2024-10-28,,,41,time_open,23590.08625750005,5.989180318469867,cash_50_no_add,3.0,False,1.0,393878.37739249994,417468.46365
development_2023_2024,breakout,5,ticker_ascending,cash_half,A_baseline,1000000,006800,006800:2024-10-25,2024-10-28,2024-11-04,,,44,time_open,-18885.847133999923,-4.698175967766516,cash_50_no_add,3.0,False,1.0,401982.54095999995,383096.69382600003
development_2023_2024,breakout,5,ticker_ascending,cash_half,A_baseline,1000000,003530,003530:2024-11-11,2024-11-12,2024-11-13,,,86,stop_gap,-40022.924025000015,-10.055616719936666,cash_50_no_add,3.0,False,1.0,398015.60799,357992.683965
development_2023_2024,breakout,5,ticker_ascending,cash_half,A_baseline,1000000,127120,127120:2024-11-12,2024-11-13,2024-11-14,,,95,stop_intraday,-27289.794613769278,-7.232256057956555,cash_50_no_add,3.0,False,1.0,377334.46375625,350044.6691424807
development_2023_2024,breakout,5,ticker_ascending,cash_half,A_baseline,1000000,016090,016090:2024-11-20,2024-11-21,2024-11-28,,,167,time_open,-3777.7506287500146,-1.0334886175145663,cash_50_no_add,3.0,False,1.0,365533.83992125,361756.0892925
development_2023_2024,breakout,5,ticker_ascending,cash_half,A_baseline,1000000,127120,127120:2024-11-27,2024-11-28,2024-12-05,,,88,time_open,15427.952540000028,4.268566867532275,cash_50_no_add,3.0,False,1.0,361431.67059999995,376859.62314
development_2023_2024,breakout,5,ticker_ascending,cash_half,A_baseline,1000000,015020,015020:2024-12-06,2024-12-09,2024-12-10,,,150,take_gap,285898.9407749999,76.96852157202281,cash_50_no_add,3.0,False,1.0,371449.1781,657348.1188749999
development_2023_2024,breakout,5,ticker_ascending,cash_half,A_baseline,1000000,015020,015020:2024-12-09,2024-12-10,2024-12-11,,,117,take_gap,105654.00573000003,20.53411118047721,cash_50_no_add,3.0,False,1.0,514529.23772249994,620183.2434525
development_2023_2024,breakout,5,ticker_ascending,cash_half,A_baseline,1000000,015020,015020:2024-12-10,2024-12-11,2024-12-12,,,106,stop_gap,-61226.17452,-10.858680690205357,cash_50_no_add,3.0,False,1.0,563845.427145,502619.25262499996
development_2023_2024,breakout,5,ticker_ascending,cash_half,A_baseline,1000000,016090,016090:2024-12-11,2024-12-12,2024-12-19,,,241,time_open,23383.947728749947,4.3532248275881535,cash_50_no_add,3.0,False,1.0,537163.79591875,560547.7436474999
development_2023_2024,breakout,5,ticker_ascending,cash_half,A_baseline,1000000,015360,015360:2024-12-18,2024-12-19,2024-12-27,,,49,time_open,-16571.07602499996,-3.0523886255505173,cash_50_no_add,3.0,False,1.0,542888.801455,526317.72543
development_2023_2024,breakout,5,ticker_ascending,cash_half,A_baseline,1000000,015360,015360:2024-12-26,2024-12-27,2024-12-30,,,50,stop_intraday,-38977.65846474498,-7.232256057956532,cash_50_no_add,3.0,False,1.0,538941.9034999999,499964.2450352549
development_2023_2024,breakout,5,ticker_ascending,dip_3pct,A_baseline,1000000,073640,073640:2023-01-06,2023-01-09,2023-01-11,,,226,stop_intraday,-36021.731949203066,-7.232256057956543,dip_50_50,3.0,False,1.0,498070.4729,462048.7409507969
development_2023_2024,breakout,5,ticker_ascending,dip_3pct,A_baseline,1000000,105560,105560:2023-01-16,2023-01-17,2023-01-26,,,15,time_open,-18171.436325000017,-2.0494495857242834,dip_50_50,3.0,True,2.0,886649.588825,868478.1525
development_2023_2024,breakout,5,ticker_ascending,dip_3pct,A_baseline,1000000,003830,003830:2023-01-25,2023-01-26,2023-02-02,,,3,time_open,9714.533324999968,2.484641386114772,dip_50_50,3.0,False,1.0,390983.317725,400697.85104999994
development_2023_2024,breakout,5,ticker_ascending,dip_3pct,A_baseline,1000000,028670,028670:2023-02-01,2023-02-02,2023-02-07,,,153,stop_intraday,-50853.86052634404,-5.3321762230005625,dip_50_50,3.0,True,2.0,953716.8015374999,902862.9410111558
development_2023_2024,breakout,5,ticker_ascending,dip_3pct,A_baseline,1000000,105630,105630:2023-02-07,2023-02-08,2023-02-15,,,53,time_open,-15808.582002499956,-1.7474784344694294,dip_50_50,3.0,True,2.0,904651.0498024999,888842.4678
development_2023_2024,breakout,5,ticker_ascending,dip_3pct,A_baseline,1000000,006220,006220:2023-02-16,2023-02-17,2023-02-20,,,20,take_intraday,62786.26596742496,14.71280164876343,dip_50_50,3.0,False,1.0,426745.8195,489532.08546742494
development_2023_2024,breakout,5,ticker_ascending,dip_3pct,A_baseline,1000000,008260,008260:2023-02-20,2023-02-21,2023-02-22,,,71,stop_gap,-41333.03482000006,-8.791800191518195,dip_50_50,3.0,False,1.0,470131.64448250004,428798.6096625
development_2023_2024,breakout,5,ticker_ascending,dip_3pct,A_baseline,1000000,001130,001130:2023-02-21,2023-02-22,2023-03-02,,,29,time_open,4828.069785,1.0948234552270675,dip_50_50,3.0,False,1.0,440990.715165,445818.78495
development_2023_2024,breakout,5,ticker_ascending,dip_3pct,A_baseline,1000000,001130,001130:2023-03-02,2023-03-03,2023-03-10,,,29,time_open,-988.1745649999939,-0.2203072051915944,dip_50_50,3.0,False,1.0,448543.91581999994,447555.74125499994
development_2023_2024,breakout,5,ticker_ascending,dip_3pct,A_baseline,1000000,115500,115500:2023-03-09,2023-03-10,2023-03-13,,,46,take_gap,93477.24641499994,20.720761456807992,dip_50_50,3.0,False,1.0,451128.43275499996,544605.6791699999
development_2023_2024,breakout,5,ticker_ascending,dip_3pct,A_baseline,1000000,115500,115500:2023-03-10,2023-03-13,2023-03-14,,,42,stop_gap,-57086.441579999926,-11.440350149303246,dip_50_50,3.0,False,1.0,498992.08358999994,441905.64201
development_2023_2024,breakout,5,ticker_ascending,dip_3pct,A_baseline,1000000,000850,000850:2023-03-17,2023-03-20,2023-03-24,,,25,stop_intraday,-53777.19281935005,-5.799201355168138,dip_50_50,3.0,True,2.0,927320.6692749999,873543.4764556498
development_2023_2024,breakout,5,ticker_ascending,dip_3pct,A_baseline,1000000,115500,115500:2023-03-24,2023-03-27,2023-03-28,,,75,stop_intraday,-38205.8502851025,-4.273142448296374,dip_50_50,3.0,True,2.0,894092.5968974999,855886.7466123974
development_2023_2024,breakout,5,ticker_ascending,dip_3pct,A_baseline,1000000,265520,265520:2023-03-28,2023-03-29,2023-04-05,,,37,time_open,-2582.5622375000967,-0.3077532193751731,dip_50_50,3.0,True,2.0,839166.603275,836584.0410374999
development_2023_2024,breakout,5,ticker_ascending,dip_3pct,A_baseline,1000000,004100,004100:2023-04-04,2023-04-05,2023-04-12,,,236,time_open,4630.206602000049,1.0820569423992676,dip_50_50,3.0,False,1.0,427907.85036999994,432538.056972
development_2023_2024,breakout,5,ticker_ascending,dip_3pct,A_baseline,1000000,126640,126640:2023-04-11,2023-04-12,2023-04-13,,,243,take_gap,68845.59785250004,16.02380001484358,dip_50_50,3.0,False,1.0,429645.88792124996,498491.48577375
development_2023_2024,breakout,5,ticker_ascending,dip_3pct,A_baseline,1000000,000430,000430:2023-04-12,2023-04-13,2023-04-20,,,118,time_open,23121.823585000064,5.002690580387115,dip_50_50,3.0,False,1.0,462187.761035,485309.58462000004
development_2023_2024,breakout,5,ticker_ascending,dip_3pct,A_baseline,1000000,036620,036620:2023-04-19,2023-04-20,2023-04-24,,,323,stop_intraday,-42518.87570199021,-4.473240471755835,dip_50_50,3.0,True,2.0,950516.2078912499,907997.3321892597
development_2023_2024,breakout,5,ticker_ascending,dip_3pct,A_baseline,1000000,064850,064850:2023-04-24,2023-04-25,2023-05-03,,,57,time_open,25736.090520000085,5.705332401955521,dip_50_50,3.0,False,1.0,451088.36272499996,476824.45324500004
development_2023_2024,breakout,5,ticker_ascending,dip_3pct,A_baseline,1000000,011230,011230:2023-05-02,2023-05-04,2023-05-08,,,38,stop_intraday,-33339.66333142453,-7.232256057956555,dip_50_50,3.0,False,1.0,460985.66013499995,427645.9968035754
development_2023_2024,breakout,5,ticker_ascending,dip_3pct,A_baseline,1000000,000430,000430:2023-05-10,2023-05-11,2023-05-18,,,99,time_open,17214.38160750008,3.8487527606276384,dip_50_50,3.0,False,1.0,447271.6923674999,464486.073975
development_2023_2024,breakout,5,ticker_ascending,dip_3pct,A_baseline,1000000,168360,168360:2023-05-19,2023-05-22,2023-05-30,,,141,time_open,-12371.96564624994,-1.353758991860976,dip_50_50,3.0,True,2.0,913897.2092249999,901525.2435787499
development_2023_2024,breakout,5,ticker_ascending,dip_3pct,A_baseline,1000000,017900,017900:2023-05-30,2023-05-31,2023-06-01,,,297,stop_intraday,-41401.5315951613,-4.566330736099977,dip_50_50,3.0,True,2.0,906669.5775637499,865268.0459685886
development_2023_2024,breakout,5,ticker_ascending,dip_3pct,A_baseline,1000000,064850,064850:2023-06-02,2023-06-05,2023-06-13,,,48,time_open,-7727.6446799999685,-1.8016954294846732,dip_50_50,3.0,False,1.0,428909.60111999995,421181.95644
development_2023_2024,breakout,5,ticker_ascending,dip_3pct,A_baseline,1000000,001740,001740:2023-06-12,2023-06-13,2023-06-20,,,164,time_open,-11857.38665999996,-1.3842108266869269,dip_50_50,3.0,True,2.0,856617.1013399999,844759.71468
development_2023_2024,breakout,5,ticker_ascending,dip_3pct,A_baseline,1000000,008260,008260:2023-06-19,2023-06-20,2023-06-27,,,116,time_open,7554.317890000064,0.8955343058164811,dip_50_50,3.0,True,2.0,843554.2715599999,851108.58945
development_2023_2024,breakout,5,ticker_ascending,dip_3pct,A_baseline,1000000,026890,026890:2023-06-26,2023-06-27,2023-07-04,,,126,time_open,15518.343889999902,1.8260199245576203,dip_50_50,3.0,True,2.0,849845.26627,865363.6101599999
development_2023_2024,breakout,5,ticker_ascending,dip_3pct,A_baseline,1000000,000430,000430:2023-07-04,2023-07-05,2023-07-07,,,73,take_intraday,63801.7527573675,14.712801648763406,dip_50_50,3.0,False,1.0,433647.8821675,497449.6349248675
development_2023_2024,breakout,5,ticker_ascending,dip_3pct,A_baseline,1000000,036620,036620:2023-07-07,2023-07-10,2023-07-17,,,99,time_open,-26818.99518374994,-5.7906957990727985,dip_50_50,3.0,False,1.0,463139.4242474999,436320.42906374997
development_2023_2024,breakout,5,ticker_ascending,dip_3pct,A_baseline,1000000,043910,043910:2023-07-17,2023-07-18,2023-07-19,,,62,stop_intraday,-43392.898846147,-4.8206126889898115,dip_50_50,3.0,True,2.0,900153.188935,856760.290088853
development_2023_2024,breakout,5,ticker_ascending,dip_3pct,A_baseline,1000000,001740,001740:2023-07-19,2023-07-20,2023-07-27,,,74,time_open,7359.676659999997,1.7087998848666297,dip_50_50,3.0,False,1.0,430692.717455,438052.394115
development_2023_2024,breakout,5,ticker_ascending,dip_3pct,A_baseline,1000000,220100,220100:2023-08-01,2023-08-02,2023-08-04,,,102,take_intraday,155682.50780224625,18.0102054467566,dip_50_50,3.0,True,2.0,864412.7256765,1020095.2334787463
development_2023_2024,breakout,5,ticker_ascending,dip_3pct,A_baseline,1000000,001740,001740:2023-08-09,2023-08-10,2023-08-18,,,156,time_open,-19859.397284999955,-1.977919705713349,dip_50_50,3.0,True,2.0,1004054.7767249999,984195.3794399999
development_2023_2024,breakout,5,ticker_ascending,dip_3pct,A_baseline,1000000,149980,149980:2023-08-17,2023-08-18,2023-08-21,,,32,take_intraday,73211.73383003473,14.712801648763406,dip_50_50,3.0,False,1.0,497605.6605519999,570817.3943820347
development_2023_2024,breakout,5,ticker_ascending,dip_3pct,A_baseline,1000000,026890,026890:2023-08-21,2023-08-22,2023-08-29,,,74,time_open,33577.52663999994,6.239081886065634,dip_50_50,3.0,False,1.0,538180.57293,571758.09957
development_2023_2024,breakout,5,ticker_ascending,dip_3pct,A_baseline,1000000,089850,089850:2023-08-28,2023-08-29,2023-09-05,,,59,time_open,-29087.566149249906,-5.2490184267870665,dip_50_50,3.0,False,1.0,554152.4868879999,525064.92073875
development_2023_2024,breakout,5,ticker_ascending,dip_3pct,A_baseline,1000000,004100,004100:2023-09-05,2023-09-06,2023-09-07,,,132,stop_intraday,-38922.59708847519,-7.232256057956543,dip_50_50,3.0,False,1.0,538180.57293,499257.97584152484
development_2023_2024,breakout,5,ticker_ascending,dip_3pct,A_baseline,1000000,056080,056080:2023-09-07,2023-09-08,2023-09-11,,,36,take_intraday,74812.93099780491,14.712801648763406,dip_50_50,3.0,False,1.0,508488.68069999997,583301.6116978049
development_2023_2024,breakout,5,ticker_ascending,dip_3pct,A_baseline,1000000,003570,003570:2023-09-11,2023-09-12,2023-09-13,,,85,stop_intraday,-52908.775589920464,-5.024908184805343,dip_50_50,3.0,True,2.0,1052930.1958175,1000021.4202275794
development_2023_2024,breakout,5,ticker_ascending,dip_3pct,A_baseline,1000000,016360,016360:2023-09-13,2023-09-14,2023-09-21,,,13,time_open,-1742.649999999965,-0.3493883084190297,dip_50_50,3.0,False,1.0,498771.69842499995,497029.048425
development_2023_2024,breakout,5,ticker_ascending,dip_3pct,A_baseline,1000000,220100,220100:2023-10-10,2023-10-11,2023-10-12,,,43,stop_intraday,-37742.03771174082,-7.232256057956521,dip_50_50,3.0,False,1.0,521857.0444587499,484115.00674700906
development_2023_2024,breakout,5,ticker_ascending,dip_3pct,A_baseline,1000000,105630,105630:2023-10-31,2023-11-01,2023-11-02,,,22,stop_intraday,-36659.28472706507,-7.232256057956543,dip_50_50,3.0,False,1.0,506885.8795,470226.5947729349
development_2023_2024,breakout,5,ticker_ascending,dip_3pct,A_baseline,1000000,105630,105630:2023-11-09,2023-11-10,2023-11-15,,,42,stop_intraday,-47873.54492770869,-4.920703953964123,dip_50_50,3.0,True,2.0,972900.3284,925026.7834722913
development_2023_2024,breakout,5,ticker_ascending,dip_3pct,A_baseline,1000000,003570,003570:2023-11-17,2023-11-20,2023-11-21,,,62,stop_intraday,-45183.50769102201,-4.8635476510689335,dip_50_50,3.0,True,2.0,929023.64555,883840.137858978
development_2023_2024,breakout,5,ticker_ascending,dip_3pct,A_baseline,1000000,279600,279600:2023-12-11,2023-12-12,2023-12-19,,,27,time_open,-3796.9172009999747,-0.8654262457898909,dip_50_50,3.0,False,1.0,438733.77072524995,434936.85352425
development_2023_2024,breakout,5,ticker_ascending,dip_3pct,A_baseline,1000000,279600,279600:2023-12-19,2023-12-20,2023-12-22,,,25,take_intraday,63338.96197065932,14.712801648763406,dip_50_50,3.0,False,1.0,430502.3848125,493841.3467831593
development_2023_2024,breakout,5,ticker_ascending,dip_3pct,A_baseline,1000000,279600,279600:2023-12-22,2023-12-26,2024-01-02,,,21,stop_intraday,-33042.4767979256,-7.232256057956532,dip_50_50,3.0,False,1.0,456876.47855849995,423834.00176057435
development_2023_2024,breakout,5,ticker_ascending,dip_3pct,A_baseline,1000000,326030,326030:2024-01-02,2024-01-03,2024-01-04,,,4,stop_intraday,-29936.000887793023,-7.232256057956543,dip_50_50,3.0,False,1.0,413923.40989999997,383987.40901220695
development_2023_2024,breakout,5,ticker_ascending,dip_3pct,A_baseline,1000000,004540,004540:2024-01-10,2024-01-11,2024-01-12,,,144,stop_intraday,-32184.823413342587,-7.232256057956532,dip_50_50,3.0,False,1.0,445017.75317999994,412832.92976665735
development_2023_2024,breakout,5,ticker_ascending,dip_3pct,A_baseline,1000000,131370,131370:2024-01-18,2024-01-19,2024-01-26,,,81,time_open,15483.365257499972,3.613988292950654,dip_50_50,3.0,False,1.0,428428.76076000003,443912.1260175
development_2023_2024,breakout,5,ticker_ascending,dip_3pct,A_baseline,1000000,170920,170920:2024-01-25,2024-01-26,2024-01-30,,,24,stop_intraday,-30776.411367702065,-7.232256057956543,dip_50_50,3.0,False,1.0,425543.71859999996,394767.3072322979
development_2023_2024,breakout,5,ticker_ascending,dip_3pct,A_baseline,1000000,163560,163560:2024-02-05,2024-02-06,2024-02-15,,,130,time_open,19704.892025000066,2.329518472015457,dip_50_50,3.0,True,2.0,845878.3332999999,865583.225325
development_2023_2024,breakout,5,ticker_ascending,dip_3pct,A_baseline,1000000,003530,003530:2024-02-15,2024-02-16,2024-02-23,,,95,time_open,-29001.383162499988,-6.757077308542869,dip_50_50,3.0,False,1.0,429200.1088375,400198.725675
development_2023_2024,breakout,5,ticker_ascending,dip_3pct,A_baseline,1000000,001130,001130:2024-02-23,2024-02-26,2024-03-05,,,29,time_open,-13602.024134999956,-3.2926553204066455,dip_50_50,3.0,False,1.0,413101.97428499995,399499.95015
development_2023_2024,breakout,5,ticker_ascending,dip_3pct,A_baseline,1000000,001460,001460:2024-03-05,2024-03-06,2024-03-13,,,16,time_open,-32306.22219999996,-4.0926092552093785,dip_50_50,3.0,True,2.0,789379.5909999999,757073.3687999999
development_2023_2024,breakout,5,ticker_ascending,dip_3pct,A_baseline,1000000,015860,015860:2024-03-18,2024-03-19,2024-03-26,,,87,time_open,-16140.468592499965,-4.097309544606809,dip_50_50,3.0,False,1.0,393928.46492999996,377787.9963375
development_2023_2024,breakout,5,ticker_ascending,dip_3pct,A_baseline,1000000,015360,015360:2024-03-25,2024-03-26,2024-03-28,,,95,stop_intraday,-37354.20973934664,-4.861659211458436,dip_50_50,3.0,True,2.0,768342.82525,730988.6155106534
development_2023_2024,breakout,5,ticker_ascending,dip_3pct,A_baseline,1000000,014830,014830:2024-04-03,2024-04-04,2024-04-12,,,4,time_open,2398.1026999999885,0.7007937820074694,dip_50_50,3.0,False,1.0,342198.0562,344596.1589
development_2023_2024,breakout,5,ticker_ascending,dip_3pct,A_baseline,1000000,265520,265520:2024-04-12,2024-04-15,2024-04-18,,,13,take_intraday,52498.75102722249,14.71280164876343,dip_50_50,3.0,False,1.0,356823.61714999995,409322.36817722244
development_2023_2024,breakout,5,ticker_ascending,dip_3pct,A_baseline,1000000,265520,265520:2024-04-18,2024-04-19,2024-04-26,,,12,time_open,10614.00900000002,2.716784359014235,dip_50_50,3.0,False,1.0,390682.7925,401296.8015
development_2023_2024,breakout,5,ticker_ascending,dip_3pct,A_baseline,1000000,014830,014830:2024-04-25,2024-04-26,2024-05-07,,,4,time_open,17455.314100000076,4.649094882087179,dip_50_50,3.0,False,1.0,375456.1810999999,392911.4952
development_2023_2024,breakout,5,ticker_ascending,dip_3pct,A_baseline,1000000,014830,014830:2024-05-07,2024-05-08,2024-05-16,,,8,time_open,19352.06665000005,2.406958040388707,dip_50_50,3.0,True,2.0,804005.1519499999,823357.2185999999
development_2023_2024,breakout,5,ticker_ascending,dip_3pct,A_baseline,1000000,026890,026890:2024-05-14,2024-05-16,2024-05-23,,,43,time_open,54792.684747500054,13.30566413049008,dip_50_50,3.0,False,1.0,411799.69830999995,466592.3830575
development_2023_2024,breakout,5,ticker_ascending,dip_3pct,A_baseline,1000000,014830,014830:2024-05-22,2024-05-23,2024-05-27,,,7,stop_intraday,-41253.64992323588,-5.145764253687169,dip_50_50,3.0,True,2.0,801701.125225,760447.4753017641
development_2023_2024,breakout,5,ticker_ascending,dip_3pct,A_baseline,1000000,094280,094280:2024-05-27,2024-05-28,2024-06-04,,,61,time_open,-28691.78184249997,-3.401740857234159,dip_50_50,3.0,True,2.0,843444.0789774999,814752.2971349999
development_2023_2024,breakout,5,ticker_ascending,dip_3pct,A_baseline,1000000,036460,036460:2024-06-03,2024-06-04,2024-06-05,,,20,stop_intraday,-41087.01681084011,-5.139750555504441,dip_50_50,3.0,True,2.0,799397.0985,758310.0816891599
development_2023_2024,breakout,5,ticker_ascending,dip_3pct,A_baseline,1000000,204320,204320:2024-06-05,2024-06-07,2024-06-11,,,16,stop_intraday,-38768.643073160085,-5.052335182033851,dip_50_50,3.0,True,2.0,767341.0744999999,728572.4314268398
development_2023_2024,breakout,5,ticker_ascending,dip_3pct,A_baseline,1000000,081580,081580:2024-06-11,2024-06-12,2024-06-19,,,117,time_open,45420.02010000002,12.224821368752071,dip_50_50,3.0,False,1.0,371539.3356675,416959.3557675
development_2023_2024,breakout,5,ticker_ascending,dip_3pct,A_baseline,1000000,081580,081580:2024-06-18,2024-06-19,2024-06-20,,,110,stop_intraday,-28450.79271209176,-7.232256057956532,dip_50_50,3.0,False,1.0,393387.51952499995,364936.7268129082
development_2023_2024,breakout,5,ticker_ascending,dip_3pct,A_baseline,1000000,003570,003570:2024-06-20,2024-06-21,2024-06-28,,,18,time_open,24765.99457499996,6.716302985116029,dip_50_50,3.0,False,1.0,368744.451075,393510.44564999995
development_2023_2024,breakout,5,ticker_ascending,dip_3pct,A_baseline,1000000,270870,270870:2024-06-27,2024-06-28,2024-07-01,,,36,stop_intraday,-28455.139662850008,-7.232256057956565,dip_50_50,3.0,False,1.0,393447.62457,364992.48490715
development_2023_2024,breakout,5,ticker_ascending,dip_3pct,A_baseline,1000000,081580,081580:2024-07-02,2024-07-03,2024-07-10,,,96,time_open,-8982.00575999997,-2.3856715613759794,dip_50_50,3.0,False,1.0,376498.00188,367515.99612
development_2023_2024,breakout,5,ticker_ascending,dip_3pct,A_baseline,1000000,220100,220100:2024-07-09,2024-07-10,2024-07-15,,,24,take_intraday,54211.96125164814,14.712801648763406,dip_50_50,3.0,False,1.0,368467.967868,422679.9291196481
development_2023_2024,breakout,5,ticker_ascending,dip_3pct,A_baseline,1000000,006360,006360:2024-07-15,2024-07-16,2024-07-23,,,23,time_open,7564.879227500001,1.902276729803254,dip_50_50,3.0,False,1.0,397675.012735,405239.8919625
development_2023_2024,breakout,5,ticker_ascending,dip_3pct,A_baseline,1000000,006360,006360:2024-07-26,2024-07-29,2024-08-05,,,21,time_open,-18183.282599999977,-4.497176516185142,dip_50_50,3.0,False,1.0,404326.63771499996,386143.355115
development_2023_2024,breakout,5,ticker_ascending,dip_3pct,A_baseline,1000000,053350,053350:2024-08-02,2024-08-05,2024-08-06,,,99,stop_gap,-72038.51683874999,-18.2739637447663,dip_50_50,3.0,False,1.0,394213.96389375,322175.447055
development_2023_2024,breakout,5,ticker_ascending,dip_3pct,A_baseline,1000000,246250,246250:2024-08-09,2024-08-12,2024-08-14,,,157,stop_intraday,-51472.12489999598,-7.1810443478736,dip_50_50,3.0,True,2.0,716777.70539375,665305.580493754
development_2023_2024,breakout,5,ticker_ascending,dip_3pct,A_baseline,1000000,000080,000080:2024-08-19,2024-08-20,2024-08-27,,,15,time_open,-13147.133999999962,-3.9323316501387873,dip_50_50,3.0,False,1.0,334334.31281249993,321187.1788125
development_2023_2024,breakout,5,ticker_ascending,dip_3pct,A_baseline,1000000,064850,064850:2024-08-26,2024-08-27,2024-09-02,,,37,take_intraday,47334.35957300046,14.712801648763406,dip_50_50,3.0,False,1.0,321722.27086999995,369056.6304430004
development_2023_2024,breakout,5,ticker_ascending,dip_3pct,A_baseline,1000000,064850,064850:2024-09-02,2024-09-03,2024-09-04,,,31,stop_gap,-31551.822784999968,-8.999308543826412,dip_50_50,3.0,False,1.0,350602.7449925,319050.9222075
development_2023_2024,breakout,5,ticker_ascending,dip_3pct,A_baseline,1000000,064850,064850:2024-09-05,2024-09-06,2024-09-13,,,25,time_open,-5416.815687499999,-1.6117283969114937,dip_50_50,3.0,False,1.0,336087.376625,330670.5609375
development_2023_2024,breakout,5,ticker_ascending,dip_3pct,A_baseline,1000000,064850,064850:2024-09-19,2024-09-20,2024-09-23,,,17,take_gap,64196.0865875,19.68480777578916,dip_50_50,3.0,False,1.0,326119.9566625,390316.04325
development_2023_2024,breakout,5,ticker_ascending,dip_3pct,A_baseline,1000000,064850,064850:2024-09-20,2024-09-23,2024-09-24,,,15,take_gap,230137.11131250003,66.58982693657775,dip_50_50,3.0,False,1.0,345604.00875,575741.1200625
development_2023_2024,breakout,5,ticker_ascending,dip_3pct,A_baseline,1000000,064850,064850:2024-09-23,2024-09-24,2024-09-26,,,12,stop_gap,-131587.14765,-28.4692618286701,dip_50_50,3.0,False,1.0,462207.79605,330620.6484
development_2023_2024,breakout,5,ticker_ascending,dip_3pct,A_baseline,1000000,064850,064850:2024-09-24,2024-09-26,2024-09-27,,,15,stop_gap,-92788.94362500001,-22.373617704022074,dip_50_50,3.0,False,1.0,414724.8105,321935.866875
development_2023_2024,breakout,5,ticker_ascending,dip_3pct,A_baseline,1000000,081580,081580:2024-09-30,2024-10-02,2024-10-11,,,79,time_open,12908.018164999958,3.503911391792469,dip_50_50,3.0,False,1.0,368388.82955875003,381296.84772375
development_2023_2024,breakout,5,ticker_ascending,dip_3pct,A_baseline,1000000,220100,220100:2024-10-11,2024-10-14,2024-10-21,,,15,time_open,-17.357838750001974,-0.004929658352115229,dip_50_50,3.0,False,1.0,352110.37987124996,352093.02203249995
development_2023_2024,breakout,5,ticker_ascending,dip_3pct,A_baseline,1000000,015360,015360:2024-10-18,2024-10-21,2024-10-28,,,39,time_open,22439.350342500024,5.989180318469844,dip_50_50,3.0,False,1.0,374664.79800749995,397104.14835
development_2023_2024,breakout,5,ticker_ascending,dip_3pct,A_baseline,1000000,006800,006800:2024-10-25,2024-10-28,2024-11-04,,,42,time_open,-18027.39953700005,-4.698175967766549,dip_50_50,3.0,False,1.0,383710.60728,365683.20774299995
development_2023_2024,breakout,5,ticker_ascending,dip_3pct,A_baseline,1000000,003530,003530:2024-11-11,2024-11-12,2024-11-13,,,81,stop_gap,-37696.009837499994,-10.055616719936666,dip_50_50,3.0,False,1.0,374875.165665,337179.1558275
development_2023_2024,breakout,5,ticker_ascending,dip_3pct,A_baseline,1000000,127120,127120:2024-11-12,2024-11-13,2024-11-14,,,184,stop_intraday,-36377.22341443214,-5.092292535012543,dip_50_50,3.0,True,2.0,714358.4773325,677981.2539180679
development_2023_2024,breakout,5,ticker_ascending,dip_3pct,A_baseline,1000000,016090,016090:2024-11-20,2024-11-21,2024-11-28,,,155,time_open,-3506.29549374996,-1.0334886175145441,dip_50_50,3.0,False,1.0,339267.93525624997,335761.6397625
development_2023_2024,breakout,5,ticker_ascending,dip_3pct,A_baseline,1000000,127120,127120:2024-11-27,2024-11-28,2024-12-05,,,82,time_open,14376.04668499995,4.268566867532253,dip_50_50,3.0,False,1.0,336788.60215,351164.64883499994
development_2023_2024,breakout,5,ticker_ascending,dip_3pct,A_baseline,1000000,015020,015020:2024-12-06,2024-12-09,2024-12-10,,,139,take_gap,264933.01845150004,76.96852157202285,dip_50_50,3.0,False,1.0,344209.57170599996,609142.5901575
development_2023_2024,breakout,5,ticker_ascending,dip_3pct,A_baseline,1000000,015020,015020:2024-12-09,2024-12-10,2024-12-11,,,108,take_gap,97526.77452000004,20.53411118047721,dip_50_50,3.0,False,1.0,474950.06558999995,572476.84011
development_2023_2024,breakout,5,ticker_ascending,dip_3pct,A_baseline,1000000,015020,015020:2024-12-10,2024-12-11,2024-12-12,,,99,stop_gap,-57182.93657999992,-10.858680690205336,dip_50_50,3.0,False,1.0,526610.3517674999,469427.4151875
development_2023_2024,breakout,5,ticker_ascending,dip_3pct,A_baseline,1000000,016090,016090:2024-12-11,2024-12-12,2024-12-19,,,223,time_open,21637.428811249963,4.3532248275881535,dip_50_50,3.0,False,1.0,497043.67838125,518681.10719249997
development_2023_2024,breakout,5,ticker_ascending,dip_3pct,A_baseline,1000000,015360,015360:2024-12-18,2024-12-19,2024-12-27,,,45,time_open,-15218.335125000041,-3.0523886255505395,dip_50_50,3.0,False,1.0,498571.348275,483353.01314999996
development_2023_2024,breakout,5,ticker_ascending,dip_3pct,A_baseline,1000000,015360,015360:2024-12-26,2024-12-27,2024-12-30,,,94,stop_intraday,-49235.97991372063,-4.977510600400592,dip_50_50,3.0,True,2.0,989168.7605799998,939932.7806662791
development_2023_2024,breakout,5,factor_rank,all_in,A_baseline,1000000,073640,073640:2023-01-06,2023-01-09,2023-01-11,2202.2,2045.9979539999997,453,stop_intraday,-72202.85209287156,-7.232256057956543,,,,,,
development_2023_2024,breakout,5,factor_rank,all_in,A_baseline,1000000,105560,105560:2023-01-16,2023-01-17,2023-01-26,60560.49999999999,57942.0,15,time_open,-40610.65312499995,-4.467182179971962,,,,,,
development_2023_2024,breakout,5,factor_rank,all_in,A_baseline,1000000,003830,003830:2023-01-25,2023-01-26,2023-02-02,130230.09999999999,133666.2,6,time_open,19429.06665000005,2.4846413861147942,,,,,,
development_2023_2024,breakout,5,factor_rank,all_in,A_baseline,1000000,028670,028670:2023-02-01,2023-02-02,2023-02-07,6356.349999999999,5905.494094499999,142,stop_intraday,-65327.424977064366,-7.232256057956543,,,,,,
development_2023_2024,breakout,5,factor_rank,all_in,A_baseline,1000000,105630,105630:2023-02-07,2023-02-08,2023-02-15,17377.359999999997,16783.2,48,time_open,-29749.460159999784,-3.563924169437749,,,,,,
development_2023_2024,breakout,5,factor_rank,all_in,A_baseline,1000000,105630,105630:2023-02-16,2023-02-17,2023-02-22,18428.409999999996,17121.282878699996,44,stop_intraday,-58686.73320219724,-7.232256057956555,,,,,,
development_2023_2024,breakout,5,factor_rank,all_in,A_baseline,1000000,000850,000850:2023-02-23,2023-02-24,2023-03-06,33683.649999999994,35464.5,22,time_open,38037.75552500016,5.12917429572437,,,,,,
development_2023_2024,breakout,5,factor_rank,all_in,A_baseline,1000000,056080,056080:2023-03-03,2023-03-06,2023-03-13,7167.159999999999,6763.23,110,time_open,-45581.557174999965,-5.777284755306821,,,,,,
development_2023_2024,breakout,5,factor_rank,all_in,A_baseline,1000000,115500,115500:2023-03-10,2023-03-13,2023-03-14,11871.859999999999,10529.46,62,stop_gap,-84270.46138,-11.440350149303258,,,,,,
development_2023_2024,breakout,5,factor_rank,all_in,A_baseline,1000000,000850,000850:2023-03-17,2023-03-20,2023-03-24,37637.6,34967.96503199999,17,stop_intraday,-46309.515410158085,-7.232256057956543,,,,,,
development_2023_2024,breakout,5,factor_rank,all_in,A_baseline,1000000,115500,115500:2023-03-24,2023-03-27,2023-03-28,12292.279999999999,11420.3885796,49,stop_intraday,-43594.12016990036,-7.232256057956543,,,,,,
development_2023_2024,breakout,5,factor_rank,all_in,A_baseline,1000000,265520,265520:2023-03-28,2023-03-29,2023-04-05,23022.999999999996,22627.35,24,time_open,-10317.306299999938,-1.8658106602474356,,,,,,
development_2023_2024,breakout,5,factor_rank,all_in,A_baseline,1000000,004100,004100:2023-04-04,2023-04-05,2023-04-12,1811.8099999999997,1834.164,309,time_open,6062.431525500026,1.0820569423992676,,,,,,
development_2023_2024,breakout,5,factor_rank,all_in,A_baseline,1000000,126640,126640:2023-04-11,2023-04-12,2023-04-13,1766.7649999999999,2052.945,320,take_gap,90660.86959999998,16.02380001484356,,,,,,
development_2023_2024,breakout,5,factor_rank,all_in,A_baseline,1000000,000430,000430:2023-04-12,2023-04-13,2023-04-20,3913.9099999999994,4115.88,167,time_open,32723.258802500088,5.002690580387115,,,,,,
development_2023_2024,breakout,5,factor_rank,all_in,A_baseline,1000000,319400,319400:2023-04-19,2023-04-20,2023-04-21,4999.995,4645.3453546499995,137,stop_intraday,-49578.06013439025,-7.232256057956532,,,,,,
development_2023_2024,breakout,5,factor_rank,all_in,A_baseline,1000000,119650,119650:2023-04-24,2023-04-25,2023-04-26,7655.647999999999,6391.602,83,stop_gap,-105790.25931250001,-16.636426045667495,,,,,,
development_2023_2024,breakout,5,factor_rank,all_in,A_baseline,1000000,011230,011230:2023-04-25,2023-04-26,2023-04-27,3941.9379999999996,5233.761,135,take_gap,173467.06547625014,32.57225867247151,,,,,,
development_2023_2024,breakout,5,factor_rank,all_in,A_baseline,1000000,011230,011230:2023-04-26,2023-04-27,2023-04-28,5244.239,7320.672,134,take_gap,276979.2484444999,39.38531828133331,,,,,,
development_2023_2024,breakout,5,factor_rank,all_in,A_baseline,1000000,011230,011230:2023-04-27,2023-04-28,2023-05-02,7335.3279999999995,8427.191572799999,134,take_intraday,144725.5855381334,14.712801648763406,,,,,,
development_2023_2024,breakout,5,factor_rank,all_in,A_baseline,1000000,011230,011230:2023-05-02,2023-05-04,2023-05-08,12122.109999999999,11262.288737699997,93,stop_intraday,-81594.4392058549,-7.232256057956565,,,,,,
development_2023_2024,breakout,5,factor_rank,all_in,A_baseline,1000000,000850,000850:2023-05-10,2023-05-11,2023-05-15,39789.74999999999,36967.46303249999,26,stop_intraday,-74876.22680913389,-7.232256057956543,,,,,,
development_2023_2024,breakout,5,factor_rank,all_in,A_baseline,1000000,002700,002700:2023-05-15,2023-05-16,2023-05-17,2237.2349999999997,2078.5479214499996,434,stop_intraday,-70274.97943163209,-7.232256057956543,,,,,,
development_2023_2024,breakout,5,factor_rank,all_in,A_baseline,1000000,168360,168360:2023-05-19,2023-05-22,2023-05-30,6586.579999999999,6398.595,137,time_open,-27088.17173124978,-2.999670534258936,,,,,,
development_2023_2024,breakout,5,factor_rank,all_in,A_baseline,1000000,017900,017900:2023-05-30,2023-05-31,2023-06-01,3138.1349999999998,2915.5470844499996,279,stop_intraday,-63368.76141462126,-7.232256057956543,,,,,,
development_2023_2024,breakout,5,factor_rank,all_in,A_baseline,1000000,064850,064850:2023-06-02,2023-06-05,2023-06-13,8928.919999999998,8781.21,90,time_open,-14489.333774999948,-1.8016954294846732,,,,,,
development_2023_2024,breakout,5,factor_rank,all_in,A_baseline,1000000,001740,001740:2023-06-12,2023-06-13,2023-06-20,5385.379999999999,5154.84,148,time_open,-35289.884419999784,-4.424320385026414,,,,,,
development_2023_2024,breakout,5,factor_rank,all_in,A_baseline,1000000,008260,008260:2023-06-19,2023-06-20,2023-06-27,7437.429999999999,7342.65,102,time_open,-10798.236120000016,-1.4223424046944766,,,,,,
development_2023_2024,breakout,5,factor_rank,all_in,A_baseline,1000000,026890,026890:2023-06-26,2023-06-27,2023-07-04,6866.86,6873.12,109,time_open,-440.9033650001511,-0.05886174372057296,,,,,,
development_2023_2024,breakout,5,factor_rank,all_in,A_baseline,1000000,000430,000430:2023-07-04,2023-07-05,2023-07-07,5935.929999999999,6819.493180499999,126,take_intraday,110123.57325244264,14.712801648763406,,,,,,
development_2023_2024,breakout,5,factor_rank,all_in,A_baseline,1000000,036620,036620:2023-07-07,2023-07-10,2023-07-17,4674.669999999999,4410.585,184,time_open,-49845.405189999845,-5.7906957990727985,,,,,,
development_2023_2024,breakout,5,factor_rank,all_in,A_baseline,1000000,043910,043910:2023-07-17,2023-07-18,2023-07-19,14884.869999999999,13829.086170899998,54,stop_intraday,-58175.24199632148,-7.232256057956532,,,,,,
development_2023_2024,breakout,5,factor_rank,all_in,A_baseline,1000000,001740,001740:2023-07-19,2023-07-20,2023-07-27,5815.8099999999995,5924.07,129,time_open,12829.706609999877,1.7087998848666075,,,,,,
development_2023_2024,breakout,5,factor_rank,all_in,A_baseline,1000000,220100,220100:2023-08-01,2023-08-02,2023-08-04,8711.703,10008.439991549998,87,take_intraday,111594.62893465126,14.712801648763406,,,,,,
development_2023_2024,breakout,5,factor_rank,all_in,A_baseline,1000000,326030,326030:2023-08-09,2023-08-10,2023-08-17,98298.19999999998,91325.90867399998,8,stop_intraday,-56916.075260044076,-7.232256057956543,,,,,,
development_2023_2024,breakout,5,factor_rank,all_in,A_baseline,1000000,149980,149980:2023-08-17,2023-08-18,2023-08-21,15538.522999999997,17851.432148549997,52,take_intraday,118969.06747380656,14.71280164876343,,,,,,
development_2023_2024,breakout,5,factor_rank,all_in,A_baseline,1000000,149980,149980:2023-08-21,2023-08-22,2023-08-23,19931.911999999997,18343.638,47,stop_gap,-75998.0911374999,-8.106441749658,,,,,,
development_2023_2024,breakout,5,factor_rank,all_in,A_baseline,1000000,026890,026890:2023-08-25,2023-08-28,2023-09-04,7757.749999999999,7482.51,111,time_open,-31820.391644999967,-3.6925056038785264,,,,,,
development_2023_2024,breakout,5,factor_rank,all_in,A_baseline,1000000,004100,004100:2023-09-05,2023-09-06,2023-09-07,4074.0699999999997,3785.0962148999997,204,stop_intraday,-60153.10459127964,-7.232256057956521,,,,,,
development_2023_2024,breakout,5,factor_rank,all_in,A_baseline,1000000,056080,056080:2023-09-07,2023-09-08,2023-09-11,14114.099999999999,16214.983784999997,54,take_intraday,112219.39649670722,14.712801648763385,,,,,,
development_2023_2024,breakout,5,factor_rank,all_in,A_baseline,1000000,003570,003570:2023-09-11,2023-09-12,2023-09-13,12672.659999999998,11773.788226199997,69,stop_intraday,-63287.25608790619,-7.232256057956576,,,,,,
development_2023_2024,breakout,5,factor_rank,all_in,A_baseline,1000000,016360,016360:2023-09-13,2023-09-14,2023-09-21,38338.299999999996,38261.7,21,time_open,-2815.0500000000466,-0.3493883084190408,,,,,,
development_2023_2024,breakout,5,factor_rank,all_in,A_baseline,1000000,220100,220100:2023-10-10,2023-10-11,2023-10-12,12127.114999999998,11266.938733049998,67,stop_intraday,-58807.36108573584,-7.232256057956543,,,,,,
development_2023_2024,breakout,5,factor_rank,all_in,A_baseline,1000000,105630,105630:2023-10-31,2023-11-01,2023-11-02,23022.999999999996,21389.978609999995,32,stop_intraday,-53322.595966640045,-7.232256057956543,,,,,,
development_2023_2024,breakout,5,factor_rank,all_in,A_baseline,1000000,105630,105630:2023-11-09,2023-11-10,2023-11-15,23723.699999999997,22040.977958999996,29,stop_intraday,-49794.320934608346,-7.232256057956543,,,,,,
development_2023_2024,breakout,5,factor_rank,all_in,A_baseline,1000000,003570,003570:2023-11-17,2023-11-20,2023-11-21,15355.339999999998,14266.185733799997,42,stop_intraday,-46677.55724101479,-7.232256057956543,,,,,,
development_2023_2024,breakout,5,factor_rank,all_in,A_baseline,1000000,279600,279600:2023-12-11,2023-12-12,2023-12-19,16237.220999999998,16120.863,37,time_open,-5203.182830999955,-0.8654262457898909,,,,,,
development_2023_2024,breakout,5,factor_rank,all_in,A_baseline,1000000,279600,279600:2023-12-19,2023-12-20,2023-12-22,17207.19,19768.480231499998,35,take_intraday,88674.5467589231,14.71280164876343,,,,,,
development_2023_2024,breakout,5,factor_rank,all_in,A_baseline,1000000,279600,279600:2023-12-22,2023-12-26,2024-01-02,21739.717999999997,20197.71980226,31,stop_intraday,-48776.9895588425,-7.232256057956532,,,,,,
development_2023_2024,breakout,5,factor_rank,all_in,A_baseline,1000000,326030,326030:2024-01-02,2024-01-03,2024-01-04,103403.29999999999,96068.903931,6,stop_intraday,-44904.00133168942,-7.232256057956521,,,,,,
development_2023_2024,breakout,5,factor_rank,all_in,A_baseline,1000000,004540,004540:2024-01-10,2024-01-11,2024-01-12,3088.0849999999996,2869.0471309499994,194,stop_intraday,-43360.109320753254,-7.232256057956543,,,,,,
development_2023_2024,breakout,5,factor_rank,all_in,A_baseline,1000000,131370,131370:2024-01-18,2024-01-19,2024-01-26,5285.28,5484.51,105,time_open,20071.029037500033,3.613988292950676,,,,,,
development_2023_2024,breakout,5,factor_rank,all_in,A_baseline,1000000,170920,170920:2024-01-25,2024-01-26,2024-01-30,17717.699999999997,16460.983538999997,32,stop_intraday,-41035.21515693597,-7.232256057956532,,,,,,
development_2023_2024,breakout,5,factor_rank,all_in,A_baseline,1000000,163560,163560:2024-02-05,2024-02-06,2024-02-15,6656.65,6663.33,80,time_open,-264.79879999998957,-0.04968722062480557,,,,,,
development_2023_2024,breakout,5,factor_rank,all_in,A_baseline,1000000,003530,003530:2024-02-15,2024-02-16,2024-02-23,4514.509999999999,4215.78,118,time_open,-36022.77066499996,-6.757077308542858,,,,,,
development_2023_2024,breakout,5,factor_rank,all_in,A_baseline,1000000,001130,001130:2024-02-23,2024-02-26,2024-03-05,14234.219999999998,13786.2,35,time_open,-16416.236024999875,-3.2926553204066344,,,,,,
development_2023_2024,breakout,5,factor_rank,all_in,A_baseline,1000000,001460,001460:2024-03-05,2024-03-06,2024-03-13,50550.49999999999,47352.6,9,time_open,-29441.945925000007,-6.466554570674498,,,,,,
development_2023_2024,breakout,5,factor_rank,all_in,A_baseline,1000000,015860,015860:2024-03-18,2024-03-19,2024-03-26,4524.5199999999995,4345.65,100,time_open,-18552.262750000053,-4.097309544606831,,,,,,
development_2023_2024,breakout,5,factor_rank,all_in,A_baseline,1000000,015360,015360:2024-03-25,2024-03-26,2024-03-28,8288.279999999999,7700.392299599998,52,stop_intraday,-31193.71864048444,-7.232256057956543,,,,,,
development_2023_2024,breakout,5,factor_rank,all_in,A_baseline,1000000,014830,014830:2024-04-03,2024-04-04,2024-04-12,85485.4,86213.7,4,time_open,2398.1026999999885,0.7007937820074694,,,,,,
development_2023_2024,breakout,5,factor_rank,all_in,A_baseline,1000000,265520,265520:2024-04-12,2024-04-15,2024-04-18,27427.399999999998,31509.968489999996,14,take_intraday,56537.11649085494,14.712801648763406,,,,,,
development_2023_2024,breakout,5,factor_rank,all_in,A_baseline,1000000,265520,265520:2024-04-18,2024-04-19,2024-04-26,32532.499999999996,33466.5,14,time_open,12383.010500000033,2.716784359014235,,,,,,
development_2023_2024,breakout,5,factor_rank,all_in,A_baseline,1000000,014830,014830:2024-04-25,2024-04-26,2024-05-07,93793.69999999998,98301.6,5,time_open,21819.142625000095,4.649094882087179,,,,,,
development_2023_2024,breakout,5,factor_rank,all_in,A_baseline,1000000,014830,014830:2024-05-07,2024-05-08,2024-05-16,104304.19999999998,102996.9,4,time_open,-5851.103300000017,-1.4013621362572226,,,,,,
development_2023_2024,breakout,5,factor_rank,all_in,A_baseline,1000000,094280,094280:2024-05-14,2024-05-16,2024-05-23,12982.97,13246.74,37,time_open,9031.615547499969,1.8787286839139217,,,,,,
development_2023_2024,breakout,5,factor_rank,all_in,A_baseline,1000000,026890,026890:2024-05-22,2024-05-23,2024-05-27,10880.869999999999,10109.089890899999,45,stop_intraday,-35438.51605581789,-7.232256057956532,,,,,,
development_2023_2024,breakout,5,factor_rank,all_in,A_baseline,1000000,094280,094280:2024-05-27,2024-05-28,2024-06-04,13953.939999999999,13366.62,33,time_open,-20057.743859999988,-4.352569265900053,,,,,,
development_2023_2024,breakout,5,factor_rank,all_in,A_baseline,1000000,036460,036460:2024-06-03,2024-06-04,2024-06-05,40840.799999999996,37943.962056,10,stop_intraday,-29559.265155420057,-7.232256057956543,,,,,,
development_2023_2024,breakout,5,factor_rank,all_in,A_baseline,1000000,204320,204320:2024-06-05,2024-06-07,2024-06-11,49048.99999999999,45569.95442999999,8,stop_intraday,-28400.078286580043,-7.232256057956543,,,,,,
development_2023_2024,breakout,5,factor_rank,all_in,A_baseline,1000000,081580,081580:2024-06-11,2024-06-12,2024-06-19,3173.1699999999996,3566.43,121,time_open,46972.84129999997,12.224821368752048,,,,,,
development_2023_2024,breakout,5,factor_rank,all_in,A_baseline,1000000,081580,081580:2024-06-18,2024-06-19,2024-06-20,3573.5699999999997,3320.0966798999993,121,stop_intraday,-31295.87198330101,-7.232256057956555,,,,,,
development_2023_2024,breakout,5,factor_rank,all_in,A_baseline,1000000,003570,003570:2024-06-20,2024-06-21,2024-06-28,20470.449999999997,21878.1,19,time_open,26141.883162500046,6.716302985116052,,,,,,
development_2023_2024,breakout,5,factor_rank,all_in,A_baseline,1000000,270870,270870:2024-06-27,2024-06-28,2024-07-01,10920.909999999998,10146.289853699998,39,stop_intraday,-30826.40130142076,-7.232256057956543,,,,,,
development_2023_2024,breakout,5,factor_rank,all_in,A_baseline,1000000,081580,081580:2024-07-02,2024-07-03,2024-07-10,3918.9149999999995,3831.165,101,time_open,-9449.818560000043,-2.3856715613760016,,,,,,
development_2023_2024,breakout,5,factor_rank,all_in,A_baseline,1000000,220100,220100:2024-07-09,2024-07-10,2024-07-15,15341.326,17624.882375099998,25,take_intraday,56470.792970466835,14.712801648763406,,,,,,
development_2023_2024,breakout,5,factor_rank,all_in,A_baseline,1000000,006360,006360:2024-07-15,2024-07-16,2024-07-23,17277.26,17632.35,25,time_open,8222.694812499976,1.9022767298032317,,,,,,
development_2023_2024,breakout,5,factor_rank,all_in,A_baseline,1000000,006360,006360:2024-07-26,2024-07-29,2024-08-05,19239.219999999998,18401.58,23,time_open,-19915.023799999908,-4.497176516185131,,,,,,
development_2023_2024,breakout,5,factor_rank,all_in,A_baseline,1000000,053350,053350:2024-08-02,2024-08-05,2024-08-06,3978.9749999999995,3256.74,108,stop_gap,-78587.47291499993,-18.273963744766284,,,,,,
development_2023_2024,breakout,5,factor_rank,all_in,A_baseline,1000000,246250,246250:2024-08-09,2024-08-12,2024-08-14,4564.5599999999995,4240.795759199998,77,stop_intraday,-25438.355836693896,-7.232256057956565,,,,,,
development_2023_2024,breakout,5,factor_rank,all_in,A_baseline,1000000,000080,000080:2024-08-19,2024-08-20,2024-08-27,22272.249999999996,21428.55,14,time_open,-12270.658399999957,-3.9323316501387873,,,,,,
development_2023_2024,breakout,5,factor_rank,all_in,A_baseline,1000000,064850,064850:2024-08-26,2024-08-27,2024-09-02,8688.679999999998,9981.990017999999,36,take_intraday,46055.05255751405,14.712801648763453,,,,,,
development_2023_2024,breakout,5,factor_rank,all_in,A_baseline,1000000,064850,064850:2024-09-02,2024-09-03,2024-09-04,11301.289999999999,10299.69,32,stop_gap,-32569.623519999965,-8.999308543826412,,,,,,
development_2023_2024,breakout,5,factor_rank,all_in,A_baseline,1000000,064850,064850:2024-09-05,2024-09-06,2024-09-13,13433.419999999998,13236.75,24,time_open,-5200.143059999973,-1.6117283969114826,,,,,,
development_2023_2024,breakout,5,factor_rank,all_in,A_baseline,1000000,064850,064850:2024-09-19,2024-09-20,2024-09-23,19169.149999999998,22977.0,16,take_gap,60419.84620000003,19.68480777578916,,,,,,
development_2023_2024,breakout,5,factor_rank,all_in,A_baseline,1000000,064850,064850:2024-09-20,2024-09-23,2024-09-24,23022.999999999996,38411.55,16,take_gap,245479.5854000001,66.58982693657778,,,,,,
development_2023_2024,breakout,5,factor_rank,all_in,A_baseline,1000000,064850,064850:2024-09-23,2024-09-24,2024-09-26,38488.45,27572.4,16,stop_gap,-175449.53019999998,-28.4692618286701,,,,,,
development_2023_2024,breakout,5,factor_rank,all_in,A_baseline,1000000,081580,081580:2024-09-25,2024-09-26,2024-09-27,4569.565,4245.445754549999,99,stop_intraday,-32742.319848075393,-7.232256057956543,,,,,,
development_2023_2024,breakout,5,factor_rank,all_in,A_baseline,1000000,220100,220100:2024-09-30,2024-10-02,2024-10-04,21841.819999999996,19581.399,19,stop_gap,-43538.27987074992,-10.48342622517512,,,,,,
development_2023_2024,breakout,5,factor_rank,all_in,A_baseline,1000000,081580,081580:2024-10-04,2024-10-07,2024-10-10,4894.889999999999,4547.695452299999,77,stop_intraday,-27279.28948277043,-7.232256057956565,,,,,,
development_2023_2024,breakout,5,factor_rank,all_in,A_baseline,1000000,220100,220100:2024-10-11,2024-10-14,2024-10-21,23456.432999999997,23490.486,14,time_open,-16.200649499951396,-0.004929658352104127,,,,,,
development_2023_2024,breakout,5,factor_rank,all_in,A_baseline,1000000,015360,015360:2024-10-18,2024-10-21,2024-10-28,9599.589999999998,10189.8,36,time_open,20713.246470000013,5.989180318469844,,,,,,
development_2023_2024,breakout,5,factor_rank,all_in,A_baseline,1000000,105560,105560:2024-10-25,2024-10-28,2024-10-31,99499.4,92441.90755799999,3,stop_intraday,-21604.345268005505,-7.232256057956532,,,,,,
development_2023_2024,breakout,5,factor_rank,all_in,A_baseline,1000000,004870,004870:2024-10-31,2024-11-01,2024-11-04,4347.343,3991.005,80,stop_gap,-29007.340880000032,-8.334286505211619,,,,,,
development_2023_2024,breakout,5,factor_rank,all_in,A_baseline,1000000,003530,003530:2024-11-11,2024-11-12,2024-11-13,4624.62,4165.83,69,stop_gap,-32111.41578749998,-10.055616719936655,,,,,,
development_2023_2024,breakout,5,factor_rank,all_in,A_baseline,1000000,127120,127120:2024-11-12,2024-11-13,2024-11-14,3968.9649999999997,3687.446312549999,72,stop_intraday,-20682.791707277705,-7.232256057956532,,,,,,
development_2023_2024,breakout,5,factor_rank,all_in,A_baseline,1000000,016090,016090:2024-11-20,2024-11-21,2024-11-28,2187.185,2167.83,122,time_open,-2759.793872500013,-1.0334886175145663,,,,,,
development_2023_2024,breakout,5,factor_rank,all_in,A_baseline,1000000,127120,127120:2024-11-27,2024-11-28,2024-12-05,4104.099999999999,4285.71,64,time_open,11220.32912000001,4.268566867532275,,,,,,
development_2023_2024,breakout,5,factor_rank,all_in,A_baseline,1000000,015020,015020:2024-12-06,2024-12-09,2024-12-10,2474.4719999999998,4385.61,112,take_gap,213471.20911199995,76.96852157202284,,,,,,
development_2023_2024,breakout,5,factor_rank,all_in,A_baseline,1000000,015020,015020:2024-12-09,2024-12-10,2024-12-11,4394.389999999999,5304.69,111,take_gap,100235.85159000003,20.53411118047721,,,,,,
development_2023_2024,breakout,5,factor_rank,all_in,A_baseline,1000000,015020,015020:2024-12-10,2024-12-11,2024-12-12,5315.3099999999995,4745.25,111,stop_gap,-64114.20161999995,-10.858680690205347,,,,,,
development_2023_2024,breakout,5,factor_rank,all_in,A_baseline,1000000,115500,115500:2024-12-11,2024-12-12,2024-12-13,9279.269999999999,10660.489339499998,56,take_intraday,76510.81311974092,14.712801648763406,,,,,,
development_2023_2024,breakout,5,factor_rank,all_in,A_baseline,1000000,015360,015360:2024-12-17,2024-12-18,2024-12-26,10650.64,10949.04,56,time_open,15803.213439999963,2.6476225695232447,,,,,,
development_2023_2024,breakout,5,factor_rank,all_in,A_baseline,1000000,015360,015360:2024-12-26,2024-12-27,2024-12-30,10770.759999999998,10006.789993199998,57,stop_intraday,-44434.5306498094,-7.232256057956555,,,,,,
development_2023_2024,breakout,5,factor_rank,cash_half,A_baseline,1000000,073640,073640:2023-01-06,2023-01-09,2023-01-11,,,226,stop_intraday,-36021.731949203066,-7.232256057956543,cash_50_no_add,3.0,False,1.0,498070.4729,462048.7409507969
development_2023_2024,breakout,5,factor_rank,cash_half,A_baseline,1000000,105560,105560:2023-01-16,2023-01-17,2023-01-26,,,7,time_open,-18951.638124999998,-4.467182179971962,cash_50_no_add,3.0,False,1.0,424241.44262499997,405289.80449999997
development_2023_2024,breakout,5,factor_rank,cash_half,A_baseline,1000000,003830,003830:2023-01-25,2023-01-26,2023-02-02,,,3,time_open,9714.533324999968,2.484641386114772,cash_50_no_add,3.0,False,1.0,390983.317725,400697.85104999994
development_2023_2024,breakout,5,factor_rank,cash_half,A_baseline,1000000,028670,028670:2023-02-01,2023-02-02,2023-02-07,,,75,stop_intraday,-34503.921642815636,-7.232256057956532,cash_50_no_add,3.0,False,1.0,477083.79468749993,442579.8730446843
development_2023_2024,breakout,5,factor_rank,cash_half,A_baseline,1000000,105630,105630:2023-02-07,2023-02-08,2023-02-15,,,26,time_open,-16114.290919999941,-3.56392416943776,cash_50_no_add,3.0,False,1.0,452150.21851999994,436035.9276
development_2023_2024,breakout,5,factor_rank,cash_half,A_baseline,1000000,105630,105630:2023-02-16,2023-02-17,2023-02-22,,,24,stop_intraday,-32010.94538301666,-7.232256057956543,cash_50_no_add,3.0,False,1.0,442613.5513799999,410602.60599698324
development_2023_2024,breakout,5,factor_rank,cash_half,A_baseline,1000000,000850,000850:2023-02-23,2023-02-24,2023-03-06,,,12,time_open,20747.86665000004,5.129174295724348,cash_50_no_add,3.0,False,1.0,404506.95284999994,425254.8195
development_2023_2024,breakout,5,factor_rank,cash_half,A_baseline,1000000,056080,056080:2023-03-03,2023-03-06,2023-03-13,,,62,time_open,-25691.42313499993,-5.777284755306811,cash_50_no_add,3.0,False,1.0,444697.1929399999,419005.769805
development_2023_2024,breakout,5,factor_rank,cash_half,A_baseline,1000000,115500,115500:2023-03-10,2023-03-13,2023-03-14,,,36,stop_gap,-48931.23564000003,-11.440350149303269,cash_50_no_add,3.0,False,1.0,427707.50022,378776.26457999996
development_2023_2024,breakout,5,factor_rank,cash_half,A_baseline,1000000,000850,000850:2023-03-17,2023-03-20,2023-03-24,,,10,stop_intraday,-27240.891417740087,-7.232256057956555,cash_50_no_add,3.0,False,1.0,376658.282,349417.3905822599
development_2023_2024,breakout,5,factor_rank,cash_half,A_baseline,1000000,115500,115500:2023-03-24,2023-03-27,2023-03-28,,,32,stop_intraday,-28469.62949871045,-7.232256057956543,cash_50_no_add,3.0,False,1.0,393647.97472,365178.34522128955
development_2023_2024,breakout,5,factor_rank,cash_half,A_baseline,1000000,265520,265520:2023-03-28,2023-03-29,2023-04-05,,,16,time_open,-6878.204199999978,-1.8658106602474356,cash_50_no_add,3.0,False,1.0,368644.27599999995,361766.0718
development_2023_2024,breakout,5,factor_rank,cash_half,A_baseline,1000000,004100,004100:2023-04-04,2023-04-05,2023-04-12,,,208,time_open,4080.860056000063,1.0820569423992676,cash_50_no_add,3.0,False,1.0,377139.1223599999,381219.982416
development_2023_2024,breakout,5,factor_rank,cash_half,A_baseline,1000000,126640,126640:2023-04-11,2023-04-12,2023-04-13,,,214,take_gap,60629.456544999965,16.02380001484356,cash_50_no_add,3.0,False,1.0,378371.2757825,439000.73232749995
development_2023_2024,breakout,5,factor_rank,cash_half,A_baseline,1000000,000430,000430:2023-04-12,2023-04-13,2023-04-20,,,104,time_open,20378.556380000082,5.002690580387115,cash_50_no_add,3.0,False,1.0,407351.92497999995,427730.48136000003
development_2023_2024,breakout,5,factor_rank,cash_half,A_baseline,1000000,319400,319400:2023-04-19,2023-04-20,2023-04-21,,,84,stop_intraday,-30398.226651743054,-7.232256057956555,cash_50_no_add,3.0,False,1.0,420314.579685,389916.35303325695
development_2023_2024,breakout,5,factor_rank,cash_half,A_baseline,1000000,119650,119650:2023-04-24,2023-04-25,2023-04-26,,,52,stop_gap,-66278.23474999995,-16.636426045667484,cash_50_no_add,3.0,False,1.0,398392.2662719999,332114.031522
development_2023_2024,breakout,5,factor_rank,cash_half,A_baseline,1000000,011230,011230:2023-04-25,2023-04-26,2023-04-27,,,94,take_gap,120784.47522049997,32.57225867247146,cash_50_no_add,3.0,False,1.0,370820.078629,491604.55384949996
development_2023_2024,breakout,5,factor_rank,cash_half,A_baseline,1000000,011230,011230:2023-04-26,2023-04-27,2023-04-28,,,82,take_gap,169494.7639735,39.38531828133334,cash_50_no_add,3.0,False,1.0,430350.1186985,599844.882672
development_2023_2024,breakout,5,factor_rank,cash_half,A_baseline,1000000,011230,011230:2023-04-27,2023-04-28,2023-05-02,,,70,take_intraday,75602.91781842796,14.71280164876343,cash_50_no_add,3.0,False,1.0,513858.06471999997,589460.9825384279
development_2023_2024,breakout,5,factor_rank,cash_half,A_baseline,1000000,011230,011230:2023-05-02,2023-05-04,2023-05-08,,,45,stop_intraday,-39481.18026089744,-7.232256057956543,cash_50_no_add,3.0,False,1.0,545904.0712125,506422.89095160255
development_2023_2024,breakout,5,factor_rank,cash_half,A_baseline,1000000,000850,000850:2023-05-10,2023-05-11,2023-05-15,,,13,stop_intraday,-37438.113404566946,-7.232256057956543,cash_50_no_add,3.0,False,1.0,517654.7000624999,480216.58665793296
development_2023_2024,breakout,5,factor_rank,cash_half,A_baseline,1000000,002700,002700:2023-05-15,2023-05-16,2023-05-17,,,230,stop_intraday,-37242.500620450184,-7.232256057956543,cash_50_no_add,3.0,False,1.0,514949.97303749993,477707.47241704975
development_2023_2024,breakout,5,factor_rank,cash_half,A_baseline,1000000,168360,168360:2023-05-19,2023-05-22,2023-05-30,,,75,time_open,-14829.291093749984,-2.999670534258947,cash_50_no_add,3.0,False,1.0,494363.99512499996,479534.70403125
development_2023_2024,breakout,5,factor_rank,cash_half,A_baseline,1000000,017900,017900:2023-05-30,2023-05-31,2023-06-01,,,156,stop_intraday,-35431.99562968075,-7.232256057956555,cash_50_no_add,3.0,False,1.0,489916.22179499996,454484.2261653192
development_2023_2024,breakout,5,factor_rank,cash_half,A_baseline,1000000,064850,064850:2023-06-02,2023-06-05,2023-06-13,,,52,time_open,-8371.615069999942,-1.801695429484662,cash_50_no_add,3.0,False,1.0,464652.06787999993,456280.45281
development_2023_2024,breakout,5,factor_rank,cash_half,A_baseline,1000000,001740,001740:2023-06-12,2023-06-13,2023-06-20,,,86,time_open,-20506.284189999977,-4.424320385026426,cash_50_no_add,3.0,False,1.0,463490.03701,442983.75282
development_2023_2024,breakout,5,factor_rank,cash_half,A_baseline,1000000,008260,008260:2023-06-19,2023-06-20,2023-06-27,,,61,time_open,-6457.768660000002,-1.4223424046944655,cash_50_no_add,3.0,False,1.0,454023.4924225,447565.7237625
development_2023_2024,breakout,5,factor_rank,cash_half,A_baseline,1000000,026890,026890:2023-06-26,2023-06-27,2023-07-04,,,66,time_open,-266.9690100000007,-0.05886174372055075,cash_50_no_add,3.0,False,1.0,453552.66956999997,453285.70055999997
development_2023_2024,breakout,5,factor_rank,cash_half,A_baseline,1000000,000430,000430:2023-07-04,2023-07-05,2023-07-07,,,76,take_intraday,66423.74259671144,14.712801648763406,cash_50_no_add,3.0,False,1.0,451469.02800999995,517892.7706067114
development_2023_2024,breakout,5,factor_rank,cash_half,A_baseline,1000000,036620,036620:2023-07-07,2023-07-10,2023-07-17,,,104,time_open,-28173.48988999991,-5.7906957990727985,cash_50_no_add,3.0,False,1.0,486530.30425999995,458356.81437000004
development_2023_2024,breakout,5,factor_rank,cash_half,A_baseline,1000000,043910,043910:2023-07-17,2023-07-18,2023-07-19,,,31,stop_intraday,-33396.8981830735,-7.232256057956555,cash_50_no_add,3.0,False,1.0,461777.0432275,428380.1450444265
development_2023_2024,breakout,5,factor_rank,cash_half,A_baseline,1000000,001740,001740:2023-07-19,2023-07-20,2023-07-27,,,78,time_open,7757.497020000068,1.708799884866652,cash_50_no_add,3.0,False,1.0,453973.40488499997,461730.90190500004
development_2023_2024,breakout,5,factor_rank,cash_half,A_baseline,1000000,220100,220100:2023-08-01,2023-08-02,2023-08-04,,,52,take_intraday,66700.23798392946,14.712801648763406,cash_50_no_add,3.0,False,1.0,453348.312417,520048.55040092947
development_2023_2024,breakout,5,factor_rank,cash_half,A_baseline,1000000,326030,326030:2023-08-09,2023-08-10,2023-08-17,,,5,stop_intraday,-35572.54703752749,-7.232256057956532,cash_50_no_add,3.0,False,1.0,491859.6182499999,456287.0712124724
development_2023_2024,breakout,5,factor_rank,cash_half,A_baseline,1000000,149980,149980:2023-08-17,2023-08-18,2023-08-21,,,30,take_intraday,68636.00046565762,14.71280164876343,cash_50_no_add,3.0,False,1.0,466505.30676749995,535141.3072331576
development_2023_2024,breakout,5,factor_rank,cash_half,A_baseline,1000000,149980,149980:2023-08-21,2023-08-22,2023-08-23,,,25,stop_gap,-40424.51656249992,-8.106441749658,cash_50_no_add,3.0,False,1.0,498671.5233499999,458247.0067875
development_2023_2024,breakout,5,factor_rank,cash_half,A_baseline,1000000,026890,026890:2023-08-25,2023-08-28,2023-09-04,,,63,time_open,-18060.222284999967,-3.6925056038785153,cash_50_no_add,3.0,False,1.0,489104.80368749995,471044.5814025
development_2023_2024,breakout,5,factor_rank,cash_half,A_baseline,1000000,004100,004100:2023-09-05,2023-09-06,2023-09-07,,,118,stop_intraday,-34794.44285181869,-7.232256057956543,cash_50_no_add,3.0,False,1.0,481100.815195,446306.3723431813
development_2023_2024,breakout,5,factor_rank,cash_half,A_baseline,1000000,056080,056080:2023-09-07,2023-09-08,2023-09-11,,,32,take_intraday,66500.38310915988,14.712801648763406,cash_50_no_add,3.0,False,1.0,451989.9384,518490.32150915987
development_2023_2024,breakout,5,factor_rank,cash_half,A_baseline,1000000,003570,003570:2023-09-11,2023-09-12,2023-09-13,,,39,stop_intraday,-35771.05778881651,-7.232256057956565,cash_50_no_add,3.0,False,1.0,494604.415305,458833.35751618346
development_2023_2024,breakout,5,factor_rank,cash_half,A_baseline,1000000,016360,016360:2023-09-13,2023-09-14,2023-09-21,,,12,time_open,-1608.5999999999767,-0.3493883084190297,cash_50_no_add,3.0,False,1.0,460404.6447,458796.0447
development_2023_2024,breakout,5,factor_rank,cash_half,A_baseline,1000000,220100,220100:2023-10-10,2023-10-11,2023-10-12,,,39,stop_intraday,-34231.15048274171,-7.232256057956532,cash_50_no_add,3.0,False,1.0,473312.2031137499,439081.0526310082
development_2023_2024,breakout,5,factor_rank,cash_half,A_baseline,1000000,105630,105630:2023-10-31,2023-11-01,2023-11-02,,,20,stop_intraday,-33326.62247915007,-7.232256057956543,cash_50_no_add,3.0,False,1.0,460805.345,427478.7225208499
development_2023_2024,breakout,5,factor_rank,cash_half,A_baseline,1000000,105630,105630:2023-11-09,2023-11-10,2023-11-15,,,18,stop_intraday,-30906.819890446495,-7.232256057956532,cash_50_no_add,3.0,False,1.0,427346.86994999996,396440.05005955347
development_2023_2024,breakout,5,factor_rank,cash_half,A_baseline,1000000,003570,003570:2023-11-17,2023-11-20,2023-11-21,,,27,stop_intraday,-30007.001083509473,-7.232256057956543,cash_50_no_add,3.0,False,1.0,414905.12563499995,384898.1245514905
development_2023_2024,breakout,5,factor_rank,cash_half,A_baseline,1000000,279600,279600:2023-12-11,2023-12-12,2023-12-19,,,25,time_open,-3515.6640749999788,-0.8654262457898909,cash_50_no_add,3.0,False,1.0,406234.97289375,402719.30881875
development_2023_2024,breakout,5,factor_rank,cash_half,A_baseline,1000000,279600,279600:2023-12-19,2023-12-20,2023-12-22,,,23,take_intraday,58271.84501300659,14.71280164876343,cash_50_no_add,3.0,False,1.0,396062.1940275,454334.0390405066
development_2023_2024,breakout,5,factor_rank,cash_half,A_baseline,1000000,279600,279600:2023-12-22,2023-12-26,2024-01-02,,,20,stop_intraday,-31469.025521833915,-7.232256057956532,cash_50_no_add,3.0,False,1.0,435120.45576999994,403651.430248166
development_2023_2024,breakout,5,factor_rank,cash_half,A_baseline,1000000,326030,326030:2024-01-02,2024-01-03,2024-01-04,,,4,stop_intraday,-29936.000887793023,-7.232256057956543,cash_50_no_add,3.0,False,1.0,413923.40989999997,383987.40901220695
development_2023_2024,breakout,5,factor_rank,cash_half,A_baseline,1000000,004540,004540:2024-01-10,2024-01-11,2024-01-12,,,133,stop_intraday,-29726.260513712245,-7.232256057956532,cash_50_no_add,3.0,False,1.0,411023.34147874994,381297.0809650377
development_2023_2024,breakout,5,factor_rank,cash_half,A_baseline,1000000,131370,131370:2024-01-18,2024-01-19,2024-01-26,,,74,time_open,14145.296655000013,3.613988292950676,cash_50_no_add,3.0,False,1.0,391404.05303999997,405549.349695
development_2023_2024,breakout,5,factor_rank,cash_half,A_baseline,1000000,170920,170920:2024-01-25,2024-01-26,2024-01-30,,,22,stop_intraday,-28211.71042039356,-7.232256057956555,cash_50_no_add,3.0,False,1.0,390081.74204999994,361870.0316296064
development_2023_2024,breakout,5,factor_rank,cash_half,A_baseline,1000000,163560,163560:2024-02-05,2024-02-06,2024-02-15,,,58,time_open,-191.97912999993423,-0.04968722062479447,cash_50_no_add,3.0,False,1.0,386375.26427499996,386183.28514500003
development_2023_2024,breakout,5,factor_rank,cash_half,A_baseline,1000000,003530,003530:2024-02-15,2024-02-16,2024-02-23,,,86,time_open,-26253.883704999927,-6.757077308542847,cash_50_no_add,3.0,False,1.0,388539.04589499993,362285.16219
development_2023_2024,breakout,5,factor_rank,cash_half,A_baseline,1000000,001130,001130:2024-02-23,2024-02-26,2024-03-05,,,26,time_open,-12194.918189999938,-3.2926553204066455,cash_50_no_add,3.0,False,1.0,370367.28728999995,358172.3691
development_2023_2024,breakout,5,factor_rank,cash_half,A_baseline,1000000,001460,001460:2024-03-05,2024-03-06,2024-03-13,,,7,time_open,-22899.291274999967,-6.466554570674488,cash_50_no_add,3.0,False,1.0,354118.890125,331219.59885
development_2023_2024,breakout,5,factor_rank,cash_half,A_baseline,1000000,015860,015860:2024-03-18,2024-03-19,2024-03-26,,,79,time_open,-14656.287572500005,-4.097309544606819,cash_50_no_add,3.0,False,1.0,357705.15780999995,343048.87023749994
development_2023_2024,breakout,5,factor_rank,cash_half,A_baseline,1000000,015360,015360:2024-03-25,2024-03-26,2024-03-28,,,42,stop_intraday,-25194.926594237448,-7.232256057956543,cash_50_no_add,3.0,False,1.0,348368.84082,323173.91422576254
development_2023_2024,breakout,5,factor_rank,cash_half,A_baseline,1000000,014830,014830:2024-04-03,2024-04-04,2024-04-12,,,3,time_open,1798.577025000006,0.7007937820074694,cash_50_no_add,3.0,False,1.0,256648.54215,258447.119175
development_2023_2024,breakout,5,factor_rank,cash_half,A_baseline,1000000,265520,265520:2024-04-12,2024-04-15,2024-04-18,,,12,take_intraday,48460.38556358992,14.712801648763406,cash_50_no_add,3.0,False,1.0,329375.6466,377836.0321635899
development_2023_2024,breakout,5,factor_rank,cash_half,A_baseline,1000000,265520,265520:2024-04-18,2024-04-19,2024-04-26,,,11,time_open,9729.508250000072,2.716784359014235,cash_50_no_add,3.0,False,1.0,358125.89312499994,367855.401375
development_2023_2024,breakout,5,factor_rank,cash_half,A_baseline,1000000,014830,014830:2024-04-25,2024-04-26,2024-05-07,,,3,time_open,13091.485574999999,4.649094882087157,cash_50_no_add,3.0,False,1.0,281592.135825,294683.6214
development_2023_2024,breakout,5,factor_rank,cash_half,A_baseline,1000000,014830,014830:2024-05-07,2024-05-08,2024-05-16,,,3,time_open,-4388.327474999998,-1.4013621362572226,cash_50_no_add,3.0,False,1.0,313147.28445,308758.956975
development_2023_2024,breakout,5,factor_rank,cash_half,A_baseline,1000000,094280,094280:2024-05-14,2024-05-16,2024-05-23,,,28,time_open,6834.736089999962,1.8787286839139217,cash_50_no_add,3.0,False,1.0,363795.80237,370630.53845999995
development_2023_2024,breakout,5,factor_rank,cash_half,A_baseline,1000000,026890,026890:2024-05-22,2024-05-23,2024-05-27,,,34,stop_intraday,-26775.767686617968,-7.232256057956543,cash_50_no_add,3.0,False,1.0,370227.04218499997,343451.274498382
development_2023_2024,breakout,5,factor_rank,cash_half,A_baseline,1000000,094280,094280:2024-05-27,2024-05-28,2024-06-04,,,26,time_open,-15803.07091999997,-4.3525692659000415,cash_50_no_add,3.0,False,1.0,363074.54182999994,347271.47091
development_2023_2024,breakout,5,factor_rank,cash_half,A_baseline,1000000,036460,036460:2024-06-03,2024-06-04,2024-06-05,,,8,stop_intraday,-23647.412124336057,-7.232256057956555,cash_50_no_add,3.0,False,1.0,326971.4448,303324.03267566394
development_2023_2024,breakout,5,factor_rank,cash_half,A_baseline,1000000,204320,204320:2024-06-05,2024-06-07,2024-06-11,,,6,stop_intraday,-21300.058714935032,-7.232256057956543,cash_50_no_add,3.0,False,1.0,294514.72049999994,273214.6617850649
development_2023_2024,breakout,5,factor_rank,cash_half,A_baseline,1000000,081580,081580:2024-06-11,2024-06-12,2024-06-19,,,104,time_open,40373.351200000034,12.224821368752071,cash_50_no_add,3.0,False,1.0,330257.1872599999,370630.53845999995
development_2023_2024,breakout,5,factor_rank,cash_half,A_baseline,1000000,081580,081580:2024-06-18,2024-06-19,2024-06-20,,,98,stop_intraday,-25347.069870772713,-7.232256057956555,cash_50_no_add,3.0,False,1.0,350472.517395,325125.44752422726
development_2023_2024,breakout,5,factor_rank,cash_half,A_baseline,1000000,003570,003570:2024-06-20,2024-06-21,2024-06-28,,,16,time_open,22014.217399999965,6.716302985116029,cash_50_no_add,3.0,False,1.0,327772.8454,349787.06279999996
development_2023_2024,breakout,5,factor_rank,cash_half,A_baseline,1000000,270870,270870:2024-06-27,2024-06-28,2024-07-01,,,32,stop_intraday,-25293.457478088792,-7.232256057956532,cash_50_no_add,3.0,False,1.0,349731.22183999995,324437.76436191116
development_2023_2024,breakout,5,factor_rank,cash_half,A_baseline,1000000,081580,081580:2024-07-02,2024-07-03,2024-07-10,,,86,time_open,-8046.380160000001,-2.3856715613759905,cash_50_no_add,3.0,False,1.0,337279.4600175,329233.0798575
development_2023_2024,breakout,5,factor_rank,cash_half,A_baseline,1000000,220100,220100:2024-07-09,2024-07-10,2024-07-15,,,21,take_intraday,47435.466095192125,14.712801648763406,cash_50_no_add,3.0,False,1.0,322409.47188449994,369844.93797969207
development_2023_2024,breakout,5,factor_rank,cash_half,A_baseline,1000000,006360,006360:2024-07-15,2024-07-16,2024-07-23,,,20,time_open,6578.155849999981,1.9022767298032317,cash_50_no_add,3.0,False,1.0,345804.3589,352382.51475
development_2023_2024,breakout,5,factor_rank,cash_half,A_baseline,1000000,006360,006360:2024-07-26,2024-07-29,2024-08-05,,,18,time_open,-15585.670799999963,-4.497176516185142,cash_50_no_add,3.0,False,1.0,346565.68947,330980.01867
development_2023_2024,breakout,5,factor_rank,cash_half,A_baseline,1000000,053350,053350:2024-08-02,2024-08-05,2024-08-06,,,88,stop_gap,-64034.237189999956,-18.2739637447663,cash_50_no_add,3.0,False,1.0,350412.41234999994,286378.17516
development_2023_2024,breakout,5,factor_rank,cash_half,A_baseline,1000000,246250,246250:2024-08-09,2024-08-12,2024-08-14,,,70,stop_intraday,-23125.778033358045,-7.232256057956543,cash_50_no_add,3.0,False,1.0,319758.83939999994,296633.0613666419
development_2023_2024,breakout,5,factor_rank,cash_half,A_baseline,1000000,000080,000080:2024-08-19,2024-08-20,2024-08-27,,,13,time_open,-11394.182799999893,-3.932331650138765,cash_50_no_add,3.0,False,1.0,289756.40443749994,278362.22163750004
development_2023_2024,breakout,5,factor_rank,cash_half,A_baseline,1000000,064850,064850:2024-08-26,2024-08-27,2024-09-02,,,35,take_intraday,44775.745542027464,14.71280164876343,cash_50_no_add,3.0,False,1.0,304331.87784999993,349107.6233920274
development_2023_2024,breakout,5,factor_rank,cash_half,A_baseline,1000000,064850,064850:2024-09-02,2024-09-03,2024-09-04,,,28,stop_gap,-28498.420580000035,-8.999308543826423,cash_50_no_add,3.0,False,1.0,316673.44709000003,288175.02651
development_2023_2024,breakout,5,factor_rank,cash_half,A_baseline,1000000,064850,064850:2024-09-05,2024-09-06,2024-09-13,,,23,time_open,-4983.470432500006,-1.6117283969114937,cash_50_no_add,3.0,False,1.0,309200.386495,304216.9160625
development_2023_2024,breakout,5,factor_rank,cash_half,A_baseline,1000000,064850,064850:2024-09-19,2024-09-20,2024-09-23,,,16,take_gap,60419.84620000003,19.68480777578916,cash_50_no_add,3.0,False,1.0,306936.4298,367356.276
development_2023_2024,breakout,5,factor_rank,cash_half,A_baseline,1000000,064850,064850:2024-09-20,2024-09-23,2024-09-24,,,14,take_gap,214794.637225,66.58982693657775,cash_50_no_add,3.0,False,1.0,322563.74149999995,537358.378725
development_2023_2024,breakout,5,factor_rank,cash_half,A_baseline,1000000,064850,064850:2024-09-23,2024-09-24,2024-09-26,,,11,stop_gap,-120621.55201249995,-28.46926182867009,cash_50_no_add,3.0,False,1.0,423690.47971249995,303068.9277
development_2023_2024,breakout,5,factor_rank,cash_half,A_baseline,1000000,081580,081580:2024-09-25,2024-09-26,2024-09-27,,,84,stop_intraday,-27781.36229533673,-7.232256057956555,cash_50_no_add,3.0,False,1.0,384131.342595,356349.98029966326
development_2023_2024,breakout,5,factor_rank,cash_half,A_baseline,1000000,220100,220100:2024-09-30,2024-10-02,2024-10-04,,,17,stop_gap,-38955.30304224993,-10.48342622517512,cash_50_no_add,3.0,False,1.0,371589.42320499994,332634.12016275
development_2023_2024,breakout,5,factor_rank,cash_half,A_baseline,1000000,081580,081580:2024-10-04,2024-10-07,2024-10-10,,,72,stop_intraday,-25507.907048824243,-7.232256057956543,cash_50_no_add,3.0,False,1.0,352696.40406,327188.4970111757
development_2023_2024,breakout,5,factor_rank,cash_half,A_baseline,1000000,220100,220100:2024-10-11,2024-10-14,2024-10-21,,,14,time_open,-16.200649499951396,-0.004929658352104127,cash_50_no_add,3.0,False,1.0,328636.35454649996,328620.153897
development_2023_2024,breakout,5,factor_rank,cash_half,A_baseline,1000000,015360,015360:2024-10-18,2024-10-21,2024-10-28,,,35,time_open,20137.87851250003,5.989180318469867,cash_50_no_add,3.0,False,1.0,336237.63923749997,356375.51775
development_2023_2024,breakout,5,factor_rank,cash_half,A_baseline,1000000,105560,105560:2024-10-25,2024-10-28,2024-10-31,,,3,stop_intraday,-21604.345268005447,-7.232256057956521,cash_50_no_add,3.0,False,1.0,298722.07365,277117.72838199453
development_2023_2024,breakout,5,factor_rank,cash_half,A_baseline,1000000,004870,004870:2024-10-31,2024-11-01,2024-11-04,,,78,stop_gap,-28282.157358000055,-8.33428650521163,cash_50_no_add,3.0,False,1.0,339347.07356550003,311064.9162075
development_2023_2024,breakout,5,factor_rank,cash_half,A_baseline,1000000,003530,003530:2024-11-11,2024-11-12,2024-11-13,,,70,stop_gap,-32576.798624999996,-10.055616719936666,cash_50_no_add,3.0,False,1.0,323966.19255,291389.393925
development_2023_2024,breakout,5,factor_rank,cash_half,A_baseline,1000000,127120,127120:2024-11-12,2024-11-13,2024-11-14,,,78,stop_intraday,-22406.357682884205,-7.232256057956543,cash_50_no_add,3.0,False,1.0,309811.4544525,287405.0967696158
development_2023_2024,breakout,5,factor_rank,cash_half,A_baseline,1000000,016090,016090:2024-11-20,2024-11-21,2024-11-28,,,136,time_open,-3076.4915299999993,-1.0334886175145552,cash_50_no_add,3.0,False,1.0,297680.25286999997,294603.76133999997
development_2023_2024,breakout,5,factor_rank,cash_half,A_baseline,1000000,127120,127120:2024-11-27,2024-11-28,2024-12-05,,,72,time_open,12622.870260000054,4.268566867532297,cash_50_no_add,3.0,False,1.0,295716.82139999996,308339.69166
development_2023_2024,breakout,5,factor_rank,cash_half,A_baseline,1000000,015020,015020:2024-12-06,2024-12-09,2024-12-10,,,122,take_gap,232531.13849700004,76.96852157202285,cash_50_no_add,3.0,False,1.0,302111.998188,534643.136685
development_2023_2024,breakout,5,factor_rank,cash_half,A_baseline,1000000,015020,015020:2024-12-09,2024-12-10,2024-12-11,,,95,take_gap,85787.44055000006,20.53411118047721,cash_50_no_add,3.0,False,1.0,417780.15028749994,503567.5908375
development_2023_2024,breakout,5,factor_rank,cash_half,A_baseline,1000000,015020,015020:2024-12-10,2024-12-11,2024-12-12,,,87,stop_gap,-50251.67154000001,-10.858680690205357,cash_50_no_add,3.0,False,1.0,462778.7939775,412527.1224375
development_2023_2024,breakout,5,factor_rank,cash_half,A_baseline,1000000,115500,115500:2024-12-11,2024-12-12,2024-12-13,,,47,take_intraday,64214.43243978254,14.712801648763406,cash_50_no_add,3.0,False,1.0,436452.7842675,500667.2167072825
development_2023_2024,breakout,5,factor_rank,cash_half,A_baseline,1000000,015360,015360:2024-12-17,2024-12-18,2024-12-26,,,44,time_open,12416.810560000013,2.6476225695232447,cash_50_no_add,3.0,False,1.0,468979.63112,481396.44168
development_2023_2024,breakout,5,factor_rank,cash_half,A_baseline,1000000,015360,015360:2024-12-26,2024-12-27,2024-12-30,,,44,stop_intraday,-34300.33944897563,-7.232256057956543,cash_50_no_add,3.0,False,1.0,474268.87507999997,439968.53563102434
development_2023_2024,breakout,5,factor_rank,dip_3pct,A_baseline,1000000,073640,073640:2023-01-06,2023-01-09,2023-01-11,,,226,stop_intraday,-36021.731949203066,-7.232256057956543,dip_50_50,3.0,False,1.0,498070.4729,462048.7409507969
development_2023_2024,breakout,5,factor_rank,dip_3pct,A_baseline,1000000,105560,105560:2023-01-16,2023-01-17,2023-01-26,,,15,time_open,-18171.436325000017,-2.0494495857242834,dip_50_50,3.0,True,2.0,886649.588825,868478.1525
development_2023_2024,breakout,5,factor_rank,dip_3pct,A_baseline,1000000,003830,003830:2023-01-25,2023-01-26,2023-02-02,,,3,time_open,9714.533324999968,2.484641386114772,dip_50_50,3.0,False,1.0,390983.317725,400697.85104999994
development_2023_2024,breakout,5,factor_rank,dip_3pct,A_baseline,1000000,028670,028670:2023-02-01,2023-02-02,2023-02-07,,,153,stop_intraday,-50853.86052634404,-5.3321762230005625,dip_50_50,3.0,True,2.0,953716.8015374999,902862.9410111558
development_2023_2024,breakout,5,factor_rank,dip_3pct,A_baseline,1000000,105630,105630:2023-02-07,2023-02-08,2023-02-15,,,53,time_open,-15808.582002499956,-1.7474784344694294,dip_50_50,3.0,True,2.0,904651.0498024999,888842.4678
development_2023_2024,breakout,5,factor_rank,dip_3pct,A_baseline,1000000,105630,105630:2023-02-16,2023-02-17,2023-02-22,,,49,stop_intraday,-42565.85059449228,-4.832198998478421,dip_50_50,3.0,True,2.0,880879.5045049998,838313.6539105076
development_2023_2024,breakout,5,factor_rank,dip_3pct,A_baseline,1000000,000850,000850:2023-02-23,2023-02-24,2023-03-06,,,12,time_open,20747.86665000004,5.129174295724348,dip_50_50,3.0,False,1.0,404506.95284999994,425254.8195
development_2023_2024,breakout,5,factor_rank,dip_3pct,A_baseline,1000000,056080,056080:2023-03-03,2023-03-06,2023-03-13,,,60,time_open,-24862.667549999955,-5.777284755306811,dip_50_50,3.0,False,1.0,430352.1221999999,405489.45464999997
development_2023_2024,breakout,5,factor_rank,dip_3pct,A_baseline,1000000,115500,115500:2023-03-10,2023-03-13,2023-03-14,,,35,stop_gap,-47572.034650000045,-11.440350149303269,dip_50_50,3.0,False,1.0,415826.736325,368254.70167499996
development_2023_2024,breakout,5,factor_rank,dip_3pct,A_baseline,1000000,000850,000850:2023-03-17,2023-03-20,2023-03-24,,,21,stop_intraday,-45084.68790225405,-5.788539399823134,dip_50_50,3.0,True,2.0,778861.2081249999,733776.5202227458
development_2023_2024,breakout,5,factor_rank,dip_3pct,A_baseline,1000000,115500,115500:2023-03-24,2023-03-27,2023-03-28,,,62,stop_intraday,-31759.00963375147,-4.2958678486257345,dip_50_50,3.0,True,2.0,739292.0534999999,707533.0438662485
development_2023_2024,breakout,5,factor_rank,dip_3pct,A_baseline,1000000,265520,265520:2023-03-28,2023-03-29,2023-04-05,,,31,time_open,-2106.912237499957,-0.29969079617614414,dip_50_50,3.0,True,2.0,703028.67635,700921.7641125
development_2023_2024,breakout,5,factor_rank,dip_3pct,A_baseline,1000000,004100,004100:2023-04-04,2023-04-05,2023-04-12,,,197,time_open,3865.045341500023,1.0820569423992676,dip_50_50,3.0,False,1.0,357194.2649275,361059.310269
development_2023_2024,breakout,5,factor_rank,dip_3pct,A_baseline,1000000,126640,126640:2023-04-11,2023-04-12,2023-04-13,,,203,take_gap,57512.9891525,16.02380001484356,dip_50_50,3.0,False,1.0,358922.28497125,416435.27412375
development_2023_2024,breakout,5,factor_rank,dip_3pct,A_baseline,1000000,000430,000430:2023-04-12,2023-04-13,2023-04-20,,,99,time_open,19398.818092499976,5.0026905803870925,dip_50_50,3.0,False,1.0,387767.6978175,407166.51590999996
development_2023_2024,breakout,5,factor_rank,dip_3pct,A_baseline,1000000,319400,319400:2023-04-19,2023-04-20,2023-04-21,,,79,stop_intraday,-28588.808398663066,-7.232256057956543,dip_50_50,3.0,False,1.0,395295.85470375,366707.04630508693
development_2023_2024,breakout,5,factor_rank,dip_3pct,A_baseline,1000000,119650,119650:2023-04-24,2023-04-25,2023-04-26,,,50,stop_gap,-63729.071874999965,-16.636426045667484,dip_50_50,3.0,False,1.0,383069.48679999996,319340.414925
development_2023_2024,breakout,5,factor_rank,dip_3pct,A_baseline,1000000,011230,011230:2023-04-25,2023-04-26,2023-04-27,,,89,take_gap,114359.76909174997,32.57225867247146,dip_50_50,3.0,False,1.0,351095.6063615,465455.37545324996
development_2023_2024,breakout,5,factor_rank,dip_3pct,A_baseline,1000000,011230,011230:2023-04-26,2023-04-27,2023-04-28,,,77,take_gap,159159.71738974995,39.38531828133331,dip_50_50,3.0,False,1.0,404109.25780225,563268.9751919999
development_2023_2024,breakout,5,factor_rank,dip_3pct,A_baseline,1000000,011230,011230:2023-04-27,2023-04-28,2023-05-02,,,66,take_intraday,71282.75108594628,14.712801648763406,dip_50_50,3.0,False,1.0,484494.746736,555777.4978219463
development_2023_2024,breakout,5,factor_rank,dip_3pct,A_baseline,1000000,011230,011230:2023-05-02,2023-05-04,2023-05-08,,,43,stop_intraday,-37726.461138190934,-7.232256057956555,dip_50_50,3.0,False,1.0,521641.66804749996,483915.206909309
development_2023_2024,breakout,5,factor_rank,dip_3pct,A_baseline,1000000,000850,000850:2023-05-10,2023-05-11,2023-05-15,,,25,stop_intraday,-52462.232306859456,-5.375472884366761,dip_50_50,3.0,True,2.0,975955.6681874997,923493.4358806403
development_2023_2024,breakout,5,factor_rank,dip_3pct,A_baseline,1000000,002700,002700:2023-05-15,2023-05-16,2023-05-17,,,214,stop_intraday,-34651.71796859283,-7.232256057956555,dip_50_50,3.0,False,1.0,479127.36621749995,444475.6482489071
development_2023_2024,breakout,5,factor_rank,dip_3pct,A_baseline,1000000,168360,168360:2023-05-19,2023-05-22,2023-05-30,,,142,time_open,-12569.689527499955,-1.3655451858677892,dip_50_50,3.0,True,2.0,920488.7291599999,907919.0396324999
development_2023_2024,breakout,5,factor_rank,dip_3pct,A_baseline,1000000,017900,017900:2023-05-30,2023-05-31,2023-06-01,,,298,stop_intraday,-41628.65977227478,-4.575532995336761,dip_50_50,3.0,True,2.0,909810.066165,868181.4063927252
development_2023_2024,breakout,5,factor_rank,dip_3pct,A_baseline,1000000,064850,064850:2023-06-02,2023-06-05,2023-06-13,,,48,time_open,-7727.6446799999685,-1.8016954294846732,dip_50_50,3.0,False,1.0,428909.60111999995,421181.95644
development_2023_2024,breakout,5,factor_rank,dip_3pct,A_baseline,1000000,001740,001740:2023-06-12,2023-06-13,2023-06-20,,,165,time_open,-11775.27158499998,-1.3665386381780165,dip_50_50,3.0,True,2.0,861685.960135,849910.68855
development_2023_2024,breakout,5,factor_rank,dip_3pct,A_baseline,1000000,008260,008260:2023-06-19,2023-06-20,2023-06-27,,,116,time_open,7223.740142500028,0.8560101711066359,dip_50_50,3.0,True,2.0,843884.8493075,851108.58945
development_2023_2024,breakout,5,factor_rank,dip_3pct,A_baseline,1000000,026890,026890:2023-06-26,2023-06-27,2023-07-04,,,127,time_open,15764.736592499889,1.8406709845208313,dip_50_50,3.0,True,2.0,856466.8387275,872231.57532
development_2023_2024,breakout,5,factor_rank,dip_3pct,A_baseline,1000000,000430,000430:2023-07-04,2023-07-05,2023-07-07,,,73,take_intraday,63801.7527573675,14.712801648763406,dip_50_50,3.0,False,1.0,433647.8821675,497449.6349248675
development_2023_2024,breakout,5,factor_rank,dip_3pct,A_baseline,1000000,036620,036620:2023-07-07,2023-07-10,2023-07-17,,,100,time_open,-27089.89412499999,-5.790695799072809,dip_50_50,3.0,False,1.0,467817.60024999996,440727.70612499997
development_2023_2024,breakout,5,factor_rank,dip_3pct,A_baseline,1000000,043910,043910:2023-07-17,2023-07-18,2023-07-19,,,62,stop_intraday,-43392.898846147,-4.8206126889898115,dip_50_50,3.0,True,2.0,900153.188935,856760.290088853
development_2023_2024,breakout,5,factor_rank,dip_3pct,A_baseline,1000000,001740,001740:2023-07-19,2023-07-20,2023-07-27,,,74,time_open,7359.676659999997,1.7087998848666297,dip_50_50,3.0,False,1.0,430692.717455,438052.394115
development_2023_2024,breakout,5,factor_rank,dip_3pct,A_baseline,1000000,220100,220100:2023-08-01,2023-08-02,2023-08-04,,,103,take_intraday,156965.20468655264,17.977280778754555,dip_50_50,3.0,True,2.0,873130.96245375,1030096.1671403026
development_2023_2024,breakout,5,factor_rank,dip_3pct,A_baseline,1000000,326030,326030:2023-08-09,2023-08-10,2023-08-17,,,10,stop_intraday,-53113.58057505498,-5.500078266507591,dip_50_50,3.0,True,2.0,965687.7229999998,912574.1424249448
development_2023_2024,breakout,5,factor_rank,dip_3pct,A_baseline,1000000,149980,149980:2023-08-17,2023-08-18,2023-08-21,,,31,take_intraday,70923.86714784603,14.712801648763385,dip_50_50,3.0,False,1.0,482055.48365974997,552979.350807596
development_2023_2024,breakout,5,factor_rank,dip_3pct,A_baseline,1000000,149980,149980:2023-08-21,2023-08-22,2023-08-23,,,26,stop_gap,-42041.497225,-8.10644174965801,dip_50_50,3.0,False,1.0,518618.38428399997,476576.887059
development_2023_2024,breakout,5,factor_rank,dip_3pct,A_baseline,1000000,026890,026890:2023-08-25,2023-08-28,2023-09-04,,,64,time_open,-18346.89247999998,-3.6925056038785264,dip_50_50,3.0,False,1.0,496868.372,478521.47952
development_2023_2024,breakout,5,factor_rank,dip_3pct,A_baseline,1000000,004100,004100:2023-09-05,2023-09-06,2023-09-07,,,121,stop_intraday,-35679.04733110219,-7.232256057956532,dip_50_50,3.0,False,1.0,493332.19185249996,457653.1445213978
development_2023_2024,breakout,5,factor_rank,dip_3pct,A_baseline,1000000,056080,056080:2023-09-07,2023-09-08,2023-09-11,,,33,take_intraday,68578.52008132107,14.712801648763385,dip_50_50,3.0,False,1.0,466114.62397499994,534693.144056321
development_2023_2024,breakout,5,factor_rank,dip_3pct,A_baseline,1000000,003570,003570:2023-09-11,2023-09-12,2023-09-13,,,81,stop_intraday,-49239.94915004191,-4.913178366927018,dip_50_50,3.0,True,2.0,1002201.5378375,952961.5886874581
development_2023_2024,breakout,5,factor_rank,dip_3pct,A_baseline,1000000,016360,016360:2023-09-13,2023-09-14,2023-09-21,,,12,time_open,-1608.5999999999767,-0.3493883084190297,dip_50_50,3.0,False,1.0,460404.6447,458796.0447
development_2023_2024,breakout,5,factor_rank,dip_3pct,A_baseline,1000000,220100,220100:2023-10-10,2023-10-11,2023-10-12,,,39,stop_intraday,-34231.15048274171,-7.232256057956532,dip_50_50,3.0,False,1.0,473312.2031137499,439081.0526310082
development_2023_2024,breakout,5,factor_rank,dip_3pct,A_baseline,1000000,105630,105630:2023-10-31,2023-11-01,2023-11-02,,,20,stop_intraday,-33326.62247915007,-7.232256057956543,dip_50_50,3.0,False,1.0,460805.345,427478.7225208499
development_2023_2024,breakout,5,factor_rank,dip_3pct,A_baseline,1000000,105630,105630:2023-11-09,2023-11-10,2023-11-15,,,38,stop_intraday,-44311.14020483149,-5.02827078071576,dip_50_50,3.0,True,2.0,881240.1347749999,836928.9945701684
development_2023_2024,breakout,5,factor_rank,dip_3pct,A_baseline,1000000,003570,003570:2023-11-17,2023-11-20,2023-11-21,,,57,stop_intraday,-41109.246748519945,-4.815578929282582,dip_50_50,3.0,True,2.0,853671.9541349999,812562.70738648
development_2023_2024,breakout,5,factor_rank,dip_3pct,A_baseline,1000000,279600,279600:2023-12-11,2023-12-12,2023-12-19,,,25,time_open,-3515.6640749999788,-0.8654262457898909,dip_50_50,3.0,False,1.0,406234.97289375,402719.30881875
development_2023_2024,breakout,5,factor_rank,dip_3pct,A_baseline,1000000,279600,279600:2023-12-19,2023-12-20,2023-12-22,,,23,take_intraday,58271.84501300659,14.71280164876343,dip_50_50,3.0,False,1.0,396062.1940275,454334.0390405066
development_2023_2024,breakout,5,factor_rank,dip_3pct,A_baseline,1000000,279600,279600:2023-12-22,2023-12-26,2024-01-02,,,20,stop_intraday,-31469.025521833915,-7.232256057956532,dip_50_50,3.0,False,1.0,435120.45576999994,403651.430248166
development_2023_2024,breakout,5,factor_rank,dip_3pct,A_baseline,1000000,326030,326030:2024-01-02,2024-01-03,2024-01-04,,,4,stop_intraday,-29936.000887793023,-7.232256057956543,dip_50_50,3.0,False,1.0,413923.40989999997,383987.40901220695
development_2023_2024,breakout,5,factor_rank,dip_3pct,A_baseline,1000000,004540,004540:2024-01-10,2024-01-11,2024-01-12,,,131,stop_intraday,-29279.24907741591,-7.232256057956555,dip_50_50,3.0,False,1.0,404842.53935125,375563.2902738341
development_2023_2024,breakout,5,factor_rank,dip_3pct,A_baseline,1000000,131370,131370:2024-01-18,2024-01-19,2024-01-26,,,73,time_open,13954.143997499952,3.613988292950654,dip_50_50,3.0,False,1.0,386114.80908000004,400068.9530775
development_2023_2024,breakout,5,factor_rank,dip_3pct,A_baseline,1000000,170920,170920:2024-01-25,2024-01-26,2024-01-30,,,22,stop_intraday,-28211.71042039356,-7.232256057956555,dip_50_50,3.0,False,1.0,390081.74204999994,361870.0316296064
development_2023_2024,breakout,5,factor_rank,dip_3pct,A_baseline,1000000,163560,163560:2024-02-05,2024-02-06,2024-02-15,,,117,time_open,17644.245255000074,2.3174012999050975,dip_50_50,3.0,True,2.0,761380.6575374999,779024.9027925
development_2023_2024,breakout,5,factor_rank,dip_3pct,A_baseline,1000000,003530,003530:2024-02-15,2024-02-16,2024-02-23,,,86,time_open,-26253.883704999927,-6.757077308542847,dip_50_50,3.0,False,1.0,388539.04589499993,362285.16219
development_2023_2024,breakout,5,factor_rank,dip_3pct,A_baseline,1000000,001130,001130:2024-02-23,2024-02-26,2024-03-05,,,26,time_open,-12194.918189999938,-3.2926553204066455,dip_50_50,3.0,False,1.0,370367.28728999995,358172.3691
development_2023_2024,breakout,5,factor_rank,dip_3pct,A_baseline,1000000,001460,001460:2024-03-05,2024-03-06,2024-03-13,,,15,time_open,-29034.89487499988,-3.930054355641932,dip_50_50,3.0,True,2.0,738791.1781249999,709756.28325
development_2023_2024,breakout,5,factor_rank,dip_3pct,A_baseline,1000000,015860,015860:2024-03-18,2024-03-19,2024-03-26,,,79,time_open,-14656.287572500005,-4.097309544606819,dip_50_50,3.0,False,1.0,357705.15780999995,343048.87023749994
development_2023_2024,breakout,5,factor_rank,dip_3pct,A_baseline,1000000,015360,015360:2024-03-25,2024-03-26,2024-03-28,,,86,stop_intraday,-33958.798397724284,-4.881270725938391,dip_50_50,3.0,True,2.0,695695.8608599999,661737.0624622756
development_2023_2024,breakout,5,factor_rank,dip_3pct,A_baseline,1000000,014830,014830:2024-04-03,2024-04-04,2024-04-12,,,3,time_open,1798.577025000006,0.7007937820074694,dip_50_50,3.0,False,1.0,256648.54215,258447.119175
development_2023_2024,breakout,5,factor_rank,dip_3pct,A_baseline,1000000,265520,265520:2024-04-12,2024-04-15,2024-04-18,,,12,take_intraday,48460.38556358992,14.712801648763406,dip_50_50,3.0,False,1.0,329375.6466,377836.0321635899
development_2023_2024,breakout,5,factor_rank,dip_3pct,A_baseline,1000000,265520,265520:2024-04-18,2024-04-19,2024-04-26,,,11,time_open,9729.508250000072,2.716784359014235,dip_50_50,3.0,False,1.0,358125.89312499994,367855.401375
development_2023_2024,breakout,5,factor_rank,dip_3pct,A_baseline,1000000,014830,014830:2024-04-25,2024-04-26,2024-05-07,,,3,time_open,13091.485574999999,4.649094882087157,dip_50_50,3.0,False,1.0,281592.135825,294683.6214
development_2023_2024,breakout,5,factor_rank,dip_3pct,A_baseline,1000000,014830,014830:2024-05-07,2024-05-08,2024-05-16,,,7,time_open,14603.987825000077,2.0690412401561,dip_50_50,3.0,True,2.0,705833.5784499999,720437.566275
development_2023_2024,breakout,5,factor_rank,dip_3pct,A_baseline,1000000,094280,094280:2024-05-14,2024-05-16,2024-05-23,,,29,time_open,7078.833807499963,1.8787286839139217,dip_50_50,3.0,False,1.0,376788.50959750003,383867.343405
development_2023_2024,breakout,5,factor_rank,dip_3pct,A_baseline,1000000,026890,026890:2024-05-22,2024-05-23,2024-05-27,,,35,stop_intraday,-27563.29026563617,-7.232256057956543,dip_50_50,3.0,False,1.0,381116.07283749996,353552.7825718638
development_2023_2024,breakout,5,factor_rank,dip_3pct,A_baseline,1000000,094280,094280:2024-05-27,2024-05-28,2024-06-04,,,53,time_open,-24911.189292499912,-3.3994029295206896,dip_50_50,3.0,True,2.0,732810.7261474999,707899.536855
development_2023_2024,breakout,5,factor_rank,dip_3pct,A_baseline,1000000,036460,036460:2024-06-03,2024-06-04,2024-06-05,,,17,stop_intraday,-34022.388614214025,-5.013718337464801,dip_50_50,3.0,True,2.0,678585.95805,644563.569435786
development_2023_2024,breakout,5,factor_rank,dip_3pct,A_baseline,1000000,204320,204320:2024-06-05,2024-06-07,2024-06-11,,,14,stop_intraday,-33672.12500151503,-5.0169069488928075,dip_50_50,3.0,True,2.0,671173.0025,637500.8774984849
development_2023_2024,breakout,5,factor_rank,dip_3pct,A_baseline,1000000,081580,081580:2024-06-11,2024-06-12,2024-06-19,,,101,time_open,39208.73529999994,12.224821368752048,dip_50_50,3.0,False,1.0,320730.5376275,359939.27292749996
development_2023_2024,breakout,5,factor_rank,dip_3pct,A_baseline,1000000,081580,081580:2024-06-18,2024-06-19,2024-06-20,,,95,stop_intraday,-24571.139160442923,-7.232256057956543,dip_50_50,3.0,False,1.0,339743.7668625,315172.62770205707
development_2023_2024,breakout,5,factor_rank,dip_3pct,A_baseline,1000000,003570,003570:2024-06-20,2024-06-21,2024-06-28,,,16,time_open,22014.217399999965,6.716302985116029,dip_50_50,3.0,False,1.0,327772.8454,349787.06279999996
development_2023_2024,breakout,5,factor_rank,dip_3pct,A_baseline,1000000,270870,270870:2024-06-27,2024-06-28,2024-07-01,,,31,stop_intraday,-24503.03693189856,-7.232256057956543,dip_50_50,3.0,False,1.0,338802.12115749996,314299.0842256014
development_2023_2024,breakout,5,factor_rank,dip_3pct,A_baseline,1000000,081580,081580:2024-07-02,2024-07-03,2024-07-10,,,83,time_open,-7765.692479999969,-2.3856715613759794,dip_50_50,3.0,False,1.0,325513.89745874994,317748.20497875
development_2023_2024,breakout,5,factor_rank,dip_3pct,A_baseline,1000000,220100,220100:2024-07-09,2024-07-10,2024-07-15,,,21,take_intraday,47435.466095192125,14.712801648763406,dip_50_50,3.0,False,1.0,322409.47188449994,369844.93797969207
development_2023_2024,breakout,5,factor_rank,dip_3pct,A_baseline,1000000,006360,006360:2024-07-15,2024-07-16,2024-07-23,,,20,time_open,6578.155849999981,1.9022767298032317,dip_50_50,3.0,False,1.0,345804.3589,352382.51475
development_2023_2024,breakout,5,factor_rank,dip_3pct,A_baseline,1000000,006360,006360:2024-07-26,2024-07-29,2024-08-05,,,18,time_open,-15585.670799999963,-4.497176516185142,dip_50_50,3.0,False,1.0,346565.68947,330980.01867
development_2023_2024,breakout,5,factor_rank,dip_3pct,A_baseline,1000000,053350,053350:2024-08-02,2024-08-05,2024-08-06,,,86,stop_gap,-62578.91361749993,-18.273963744766284,dip_50_50,3.0,False,1.0,342448.49388749996,279869.58027000003
development_2023_2024,breakout,5,factor_rank,dip_3pct,A_baseline,1000000,246250,246250:2024-08-09,2024-08-12,2024-08-14,,,136,stop_intraday,-44589.48778123851,-7.181368650418407,dip_50_50,3.0,True,2.0,620905.1498649999,576315.6620837614
development_2023_2024,breakout,5,factor_rank,dip_3pct,A_baseline,1000000,000080,000080:2024-08-19,2024-08-20,2024-08-27,,,12,time_open,-10517.707199999946,-3.932331650138776,dip_50_50,3.0,False,1.0,267467.45024999994,256949.74305
development_2023_2024,breakout,5,factor_rank,dip_3pct,A_baseline,1000000,064850,064850:2024-08-26,2024-08-27,2024-09-02,,,32,take_intraday,40937.824495568,14.71280164876343,dip_50_50,3.0,False,1.0,278246.28831999993,319184.11281556793
development_2023_2024,breakout,5,factor_rank,dip_3pct,A_baseline,1000000,064850,064850:2024-09-02,2024-09-03,2024-09-04,,,26,stop_gap,-26462.819109999982,-8.999308543826412,dip_50_50,3.0,False,1.0,294053.915155,267591.096045
development_2023_2024,breakout,5,factor_rank,dip_3pct,A_baseline,1000000,064850,064850:2024-09-05,2024-09-06,2024-09-13,,,21,time_open,-4550.125177499955,-1.6117283969114715,dip_50_50,3.0,False,1.0,282313.39636499994,277763.2711875
development_2023_2024,breakout,5,factor_rank,dip_3pct,A_baseline,1000000,064850,064850:2024-09-19,2024-09-20,2024-09-23,,,15,take_gap,56643.605812500056,19.68480777578918,dip_50_50,3.0,False,1.0,287752.9029374999,344396.50875
development_2023_2024,breakout,5,factor_rank,dip_3pct,A_baseline,1000000,064850,064850:2024-09-20,2024-09-23,2024-09-24,,,13,take_gap,199452.16313750006,66.58982693657778,dip_50_50,3.0,False,1.0,299523.47424999997,498975.6373875
development_2023_2024,breakout,5,factor_rank,dip_3pct,A_baseline,1000000,064850,064850:2024-09-23,2024-09-24,2024-09-26,,,10,stop_gap,-109655.95637500001,-28.4692618286701,dip_50_50,3.0,False,1.0,385173.163375,275517.207
development_2023_2024,breakout,5,factor_rank,dip_3pct,A_baseline,1000000,081580,081580:2024-09-25,2024-09-26,2024-09-27,,,79,stop_intraday,-26127.70977775706,-7.232256057956521,dip_50_50,3.0,False,1.0,361266.38172624994,335138.6719484929
development_2023_2024,breakout,5,factor_rank,dip_3pct,A_baseline,1000000,220100,220100:2024-09-30,2024-10-02,2024-10-04,,,15,stop_gap,-34372.32621375,-10.48342622517514,dip_50_50,3.0,False,1.0,327873.02047499997,293500.69426124997
development_2023_2024,breakout,5,factor_rank,dip_3pct,A_baseline,1000000,081580,081580:2024-10-04,2024-10-07,2024-10-10,,,67,stop_intraday,-23736.524614878057,-7.232256057956532,dip_50_50,3.0,False,1.0,328203.59822249995,304467.0736076219
development_2023_2024,breakout,5,factor_rank,dip_3pct,A_baseline,1000000,220100,220100:2024-10-11,2024-10-14,2024-10-21,,,13,time_open,-15.043460249959026,-0.004929658352104127,dip_50_50,3.0,False,1.0,305162.32922174997,305147.2857615
development_2023_2024,breakout,5,factor_rank,dip_3pct,A_baseline,1000000,015360,015360:2024-10-18,2024-10-21,2024-10-28,,,33,time_open,18987.14259750006,5.989180318469867,dip_50_50,3.0,False,1.0,317024.0598525,336011.20245000004
development_2023_2024,breakout,5,factor_rank,dip_3pct,A_baseline,1000000,105560,105560:2024-10-25,2024-10-28,2024-10-31,,,6,stop_intraday,-30286.10586101096,-5.1813496366157175,dip_50_50,3.0,True,2.0,584521.562625,554235.4567639891
development_2023_2024,breakout,5,factor_rank,dip_3pct,A_baseline,1000000,004870,004870:2024-10-31,2024-11-01,2024-11-04,,,72,stop_gap,-26106.606792000006,-8.334286505211619,dip_50_50,3.0,False,1.0,313243.452522,287136.84573
development_2023_2024,breakout,5,factor_rank,dip_3pct,A_baseline,1000000,003530,003530:2024-11-11,2024-11-12,2024-11-13,,,65,stop_gap,-30249.884437500034,-10.055616719936678,dip_50_50,3.0,False,1.0,300825.750225,270575.8657875
development_2023_2024,breakout,5,factor_rank,dip_3pct,A_baseline,1000000,127120,127120:2024-11-12,2024-11-13,2024-11-14,,,147,stop_intraday,-29079.387808608706,-5.095144374809579,dip_50_50,3.0,True,2.0,570727.4547974999,541648.0669888912
development_2023_2024,breakout,5,factor_rank,dip_3pct,A_baseline,1000000,016090,016090:2024-11-20,2024-11-21,2024-11-28,,,124,time_open,-2805.036395000003,-1.0334886175145552,dip_50_50,3.0,False,1.0,271414.348205,268609.31181
development_2023_2024,breakout,5,factor_rank,dip_3pct,A_baseline,1000000,127120,127120:2024-11-27,2024-11-28,2024-12-05,,,65,time_open,11395.64676250011,4.26856686753232,dip_50_50,3.0,False,1.0,266966.57487499993,278362.22163750004
development_2023_2024,breakout,5,factor_rank,dip_3pct,A_baseline,1000000,015020,015020:2024-12-06,2024-12-09,2024-12-10,,,111,take_gap,211565.2161735,76.96852157202284,dip_50_50,3.0,False,1.0,274872.391794,486437.6079675
development_2023_2024,breakout,5,factor_rank,dip_3pct,A_baseline,1000000,015020,015020:2024-12-09,2024-12-10,2024-12-11,,,86,take_gap,77660.20934000012,20.534111180477232,dip_50_50,3.0,False,1.0,378200.9781549999,455861.187495
development_2023_2024,breakout,5,factor_rank,dip_3pct,A_baseline,1000000,015020,015020:2024-12-10,2024-12-11,2024-12-12,,,79,stop_gap,-45630.82817999995,-10.858680690205347,dip_50_50,3.0,False,1.0,420224.4221174999,374593.5939375
development_2023_2024,breakout,5,factor_rank,dip_3pct,A_baseline,1000000,115500,115500:2024-12-11,2024-12-12,2024-12-13,,,42,take_intraday,57383.10983980569,14.712801648763406,dip_50_50,3.0,False,1.0,390021.63700499997,447404.74684480566
development_2023_2024,breakout,5,factor_rank,dip_3pct,A_baseline,1000000,015360,015360:2024-12-17,2024-12-18,2024-12-26,,,40,time_open,11288.009599999932,2.6476225695232225,dip_50_50,3.0,False,1.0,426345.1192,437633.12879999995
development_2023_2024,breakout,5,factor_rank,dip_3pct,A_baseline,1000000,015360,015360:2024-12-26,2024-12-27,2024-12-30,,,82,stop_intraday,-42886.59413218172,-4.9704687747366805,dip_50_50,3.0,True,2.0,862827.9559899999,819941.3618578182
development_2023_2024,breakout,10,ticker_ascending,all_in,A_baseline,1000000,073640,073640:2023-01-06,2023-01-09,2023-01-11,2202.2,2045.9979539999997,453,stop_intraday,-72202.85209287156,-7.232256057956543,,,,,,
development_2023_2024,breakout,10,ticker_ascending,all_in,A_baseline,1000000,105560,105560:2023-01-16,2023-01-17,2023-01-31,60560.49999999999,56264.94373499999,15,stop_intraday,-65747.63021701877,-7.232256057956532,,,,,,
development_2023_2024,breakout,10,ticker_ascending,all_in,A_baseline,1000000,028670,028670:2023-02-01,2023-02-02,2023-02-07,6356.349999999999,5905.494094499999,135,stop_intraday,-62107.05895706813,-7.232256057956532,,,,,,
development_2023_2024,breakout,10,ticker_ascending,all_in,A_baseline,1000000,105630,105630:2023-02-07,2023-02-08,2023-02-22,17377.359999999997,17482.5,45,time_open,3554.779725000146,0.4542456568356723,,,,,,
development_2023_2024,breakout,10,ticker_ascending,all_in,A_baseline,1000000,001130,001130:2023-02-21,2023-02-22,2023-03-09,15195.179999999998,15634.35,52,time_open,21634.488330000197,2.7359731866431147,,,,,,
development_2023_2024,breakout,10,ticker_ascending,all_in,A_baseline,1000000,115500,115500:2023-03-09,2023-03-10,2023-03-13,9799.789999999999,11848.14,84,take_gap,170697.58041000017,20.720761456808013,,,,,,
development_2023_2024,breakout,10,ticker_ascending,all_in,A_baseline,1000000,115500,115500:2023-03-10,2023-03-13,2023-03-14,11871.859999999999,10529.46,83,stop_gap,-112813.68216999993,-11.440350149303246,,,,,,
development_2023_2024,breakout,10,ticker_ascending,all_in,A_baseline,1000000,000850,000850:2023-03-17,2023-03-20,2023-03-24,37637.6,34967.96503199999,23,stop_intraday,-62654.05026080215,-7.232256057956555,,,,,,
development_2023_2024,breakout,10,ticker_ascending,all_in,A_baseline,1000000,115500,115500:2023-03-24,2023-03-27,2023-03-28,12292.279999999999,11420.3885796,66,stop_intraday,-58718.61084109021,-7.232256057956532,,,,,,
development_2023_2024,breakout,10,ticker_ascending,all_in,A_baseline,1000000,265520,265520:2023-03-28,2023-03-29,2023-04-06,23022.999999999996,21389.978609999995,33,stop_intraday,-54988.92709059769,-7.232256057956555,,,,,,
development_2023_2024,breakout,10,ticker_ascending,all_in,A_baseline,1000000,008260,008260:2023-04-06,2023-04-07,2023-04-10,6576.57,6110.093889899999,107,stop_intraday,-50931.04855786462,-7.232256057956555,,,,,,
development_2023_2024,breakout,10,ticker_ascending,all_in,A_baseline,1000000,126640,126640:2023-04-11,2023-04-12,2023-04-13,1766.7649999999999,2052.945,370,take_gap,104826.63047500013,16.02380001484358,,,,,,
development_2023_2024,breakout,10,ticker_ascending,all_in,A_baseline,1000000,000430,000430:2023-04-12,2023-04-13,2023-04-27,3913.9099999999994,4015.98,194,time_open,18647.781004999997,2.454081585717516,,,,,,
development_2023_2024,breakout,10,ticker_ascending,all_in,A_baseline,1000000,011230,011230:2023-04-26,2023-04-27,2023-04-28,5244.239,7320.672,148,take_gap,305917.37887899985,39.38531828133331,,,,,,
development_2023_2024,breakout,10,ticker_ascending,all_in,A_baseline,1000000,011230,011230:2023-04-27,2023-04-28,2023-05-02,7335.3279999999995,8427.191572799999,147,take_intraday,158766.1274186985,14.712801648763406,,,,,,
development_2023_2024,breakout,10,ticker_ascending,all_in,A_baseline,1000000,011230,011230:2023-05-02,2023-05-04,2023-05-08,12122.109999999999,11262.288737699997,102,stop_intraday,-89490.67525803461,-7.232256057956576,,,,,,
development_2023_2024,breakout,10,ticker_ascending,all_in,A_baseline,1000000,000430,000430:2023-05-10,2023-05-11,2023-05-25,4514.509999999999,4460.535,255,time_open,-15480.102356249932,-1.3436848774037613,,,,,,
development_2023_2024,breakout,10,ticker_ascending,all_in,A_baseline,1000000,036620,036620:2023-05-25,2023-05-26,2023-05-31,3533.5299999999997,3282.8967170999995,322,stop_intraday,-82350.08414597996,-7.232256057956555,,,,,,
development_2023_2024,breakout,10,ticker_ascending,all_in,A_baseline,1000000,064850,064850:2023-06-02,2023-06-05,2023-06-20,8928.919999999998,8661.33,118,time_open,-33132.357124999864,-3.142286618160639,,,,,,
development_2023_2024,breakout,10,ticker_ascending,all_in,A_baseline,1000000,008260,008260:2023-06-19,2023-06-20,2023-07-04,7437.429999999999,7802.19,137,time_open,48406.249044999946,4.747143648889263,,,,,,
development_2023_2024,breakout,10,ticker_ascending,all_in,A_baseline,1000000,000430,000430:2023-07-04,2023-07-05,2023-07-07,5935.929999999999,6819.493180499999,180,take_intraday,157319.39036063245,14.71280164876343,,,,,,
development_2023_2024,breakout,10,ticker_ascending,all_in,A_baseline,1000000,036620,036620:2023-07-07,2023-07-10,2023-07-17,4674.669999999999,4343.095656899998,262,stop_intraday,-88644.46884378116,-7.232256057956555,,,,,,
development_2023_2024,breakout,10,ticker_ascending,all_in,A_baseline,1000000,043910,043910:2023-07-17,2023-07-18,2023-07-19,14884.869999999999,13829.086170899998,76,stop_intraday,-81876.26651334134,-7.232256057956532,,,,,,
development_2023_2024,breakout,10,ticker_ascending,all_in,A_baseline,1000000,001740,001740:2023-07-19,2023-07-20,2023-08-03,5815.8099999999995,6013.98,181,time_open,34262.87600749987,3.252441029830866,,,,,,
development_2023_2024,breakout,10,ticker_ascending,all_in,A_baseline,1000000,326030,326030:2023-08-02,2023-08-03,2023-08-18,92692.59999999999,89210.7,11,time_open,-39801.60222499992,-3.9006520080110074,,,,,,
development_2023_2024,breakout,10,ticker_ascending,all_in,A_baseline,1000000,149980,149980:2023-08-17,2023-08-18,2023-08-21,15538.522999999997,17851.432148549997,67,take_intraday,153287.06770663522,14.712801648763406,,,,,,
development_2023_2024,breakout,10,ticker_ascending,all_in,A_baseline,1000000,026890,026890:2023-08-21,2023-08-22,2023-09-05,7267.259999999999,7402.59,165,time_open,20514.056062499993,1.7095086273574367,,,,,,
development_2023_2024,breakout,10,ticker_ascending,all_in,A_baseline,1000000,004100,004100:2023-09-05,2023-09-06,2023-09-07,4074.0699999999997,3785.0962148999997,300,stop_intraday,-88460.44792835251,-7.232256057956532,,,,,,
development_2023_2024,breakout,10,ticker_ascending,all_in,A_baseline,1000000,056080,056080:2023-09-07,2023-09-08,2023-09-11,14114.099999999999,16214.983784999997,80,take_intraday,166250.95777289942,14.712801648763385,,,,,,
development_2023_2024,breakout,10,ticker_ascending,all_in,A_baseline,1000000,003570,003570:2023-09-11,2023-09-12,2023-09-13,12672.659999999998,11773.788226199997,102,stop_intraday,-93555.07421690458,-7.232256057956555,,,,,,
development_2023_2024,breakout,10,ticker_ascending,all_in,A_baseline,1000000,016360,016360:2023-09-13,2023-09-14,2023-10-04,38338.299999999996,36363.6,31,time_open,-62952.51917500002,-5.292891238288588,,,,,,
development_2023_2024,breakout,10,ticker_ascending,all_in,A_baseline,1000000,220100,220100:2023-10-10,2023-10-11,2023-10-12,12127.114999999998,11266.938733049998,94,stop_intraday,-82505.84988147998,-7.232256057956532,,,,,,
development_2023_2024,breakout,10,ticker_ascending,all_in,A_baseline,1000000,105630,105630:2023-10-31,2023-11-01,2023-11-02,23022.999999999996,21389.978609999995,46,stop_intraday,-76651.23170204519,-7.232256057956555,,,,,,
development_2023_2024,breakout,10,ticker_ascending,all_in,A_baseline,1000000,105630,105630:2023-11-09,2023-11-10,2023-11-15,23723.699999999997,22040.977958999996,41,stop_intraday,-70398.86752823927,-7.232256057956532,,,,,,
development_2023_2024,breakout,10,ticker_ascending,all_in,A_baseline,1000000,003570,003570:2023-11-17,2023-11-20,2023-11-21,15355.339999999998,14266.185733799997,59,stop_intraday,-65570.85421952081,-7.232256057956555,,,,,,
development_2023_2024,breakout,10,ticker_ascending,all_in,A_baseline,1000000,279600,279600:2023-12-11,2023-12-12,2023-12-20,16237.220999999998,18654.131345849997,52,take_intraday,124318.57524271181,14.71280164876343,,,,,,
development_2023_2024,breakout,10,ticker_ascending,all_in,A_baseline,1000000,016360,016360:2023-12-20,2023-12-21,2024-01-03,40440.399999999994,37571.96242799999,24,stop_intraday,-70246.72425170417,-7.232256057956555,,,,,,
development_2023_2024,breakout,10,ticker_ascending,all_in,A_baseline,1000000,326030,326030:2024-01-03,2024-01-04,2024-01-05,102902.79999999999,95603.90439599998,8,stop_intraday,-59582.20505837607,-7.232256057956543,,,,,,
development_2023_2024,breakout,10,ticker_ascending,all_in,A_baseline,1000000,004540,004540:2024-01-10,2024-01-11,2024-01-12,3088.0849999999996,2869.0471309499994,274,stop_intraday,-61240.5667726103,-7.232256057956543,,,,,,
development_2023_2024,breakout,10,ticker_ascending,all_in,A_baseline,1000000,131370,131370:2024-01-18,2024-01-19,2024-01-30,5285.28,4910.3950896,148,stop_intraday,-56614.686674145516,-7.232256057956521,,,,,,
development_2023_2024,breakout,10,ticker_ascending,all_in,A_baseline,1000000,163560,163560:2024-02-05,2024-02-06,2024-02-22,6656.65,6643.35,109,time_open,-2536.9749999999767,-0.3493883084190297,,,,,,
development_2023_2024,breakout,10,ticker_ascending,all_in,A_baseline,1000000,001130,001130:2024-02-23,2024-02-26,2024-03-12,14234.219999999998,13826.16,51,time_open,-21884.36953499983,-3.0123441764078107,,,,,,
development_2023_2024,breakout,10,ticker_ascending,all_in,A_baseline,1000000,015860,015860:2024-03-18,2024-03-19,2024-04-02,4524.5199999999995,4405.59,155,time_open,-19472.2752875,-2.774513814187596,,,,,,
development_2023_2024,breakout,10,ticker_ascending,all_in,A_baseline,1000000,014830,014830:2024-04-03,2024-04-04,2024-04-19,85485.4,83116.8,8,time_open,-19960.41319999995,-2.9165000850171374,,,,,,
development_2023_2024,breakout,10,ticker_ascending,all_in,A_baseline,1000000,265520,265520:2024-04-18,2024-04-19,2024-05-07,32532.499999999996,34265.7,20,time_open,33662.027,5.169722492960838,,,,,,
development_2023_2024,breakout,10,ticker_ascending,all_in,A_baseline,1000000,014830,014830:2024-05-07,2024-05-08,2024-05-23,104304.19999999998,116783.1,6,time_open,73878.50715000008,11.796127703894598,,,,,,
development_2023_2024,breakout,10,ticker_ascending,all_in,A_baseline,1000000,014830,014830:2024-05-22,2024-05-23,2024-05-27,117016.9,108716.89128299999,6,stop_intraday,-50815.85436277359,-7.232256057956543,,,,,,
development_2023_2024,breakout,10,ticker_ascending,all_in,A_baseline,1000000,094280,094280:2024-05-27,2024-05-28,2024-06-05,13953.939999999999,12964.187035799998,51,stop_intraday,-51507.0195333194,-7.232256057956543,,,,,,
development_2023_2024,breakout,10,ticker_ascending,all_in,A_baseline,1000000,204320,204320:2024-06-05,2024-06-07,2024-06-11,49048.99999999999,45569.95442999999,13,stop_intraday,-46150.12721569254,-7.232256057956543,,,,,,
development_2023_2024,breakout,10,ticker_ascending,all_in,A_baseline,1000000,081580,081580:2024-06-11,2024-06-12,2024-06-24,3173.1699999999996,3645.496354499999,196,take_intraday,91573.62152788835,14.712801648763406,,,,,,
development_2023_2024,breakout,10,ticker_ascending,all_in,A_baseline,1000000,003570,003570:2024-06-24,2024-06-25,2024-07-01,22021.999999999996,20459.979539999997,32,stop_intraday,-51004.22222896002,-7.232256057956532,,,,,,
development_2023_2024,breakout,10,ticker_ascending,all_in,A_baseline,1000000,081580,081580:2024-07-02,2024-07-03,2024-07-16,3918.9149999999995,3640.9463590499995,169,stop_intraday,-47934.91274780966,-7.232256057956543,,,,,,
development_2023_2024,breakout,10,ticker_ascending,all_in,A_baseline,1000000,006360,006360:2024-07-16,2024-07-17,2024-07-31,17677.66,19480.5,34,time_open,60349.02692000009,10.03323488028478,,,,,,
development_2023_2024,breakout,10,ticker_ascending,all_in,A_baseline,1000000,053350,053350:2024-08-02,2024-08-05,2024-08-06,3978.9749999999995,3256.74,170,stop_gap,-123702.50366250006,-18.27396374476632,,,,,,
development_2023_2024,breakout,10,ticker_ascending,all_in,A_baseline,1000000,246250,246250:2024-08-09,2024-08-12,2024-08-14,4564.5599999999995,4240.795759199998,121,stop_intraday,-39974.559171947476,-7.232256057956543,,,,,,
development_2023_2024,breakout,10,ticker_ascending,all_in,A_baseline,1000000,000080,000080:2024-08-19,2024-08-20,2024-08-29,22272.249999999996,20692.479307499994,23,stop_intraday,-37075.86750805442,-7.232256057956543,,,,,,
development_2023_2024,breakout,10,ticker_ascending,all_in,A_baseline,1000000,064850,064850:2024-08-29,2024-08-30,2024-09-02,9699.689999999999,11143.488856499998,49,take_intraday,69980.15714552352,14.712801648763406,,,,,,
development_2023_2024,breakout,10,ticker_ascending,all_in,A_baseline,1000000,064850,064850:2024-09-02,2024-09-03,2024-09-04,11301.289999999999,10299.69,48,stop_gap,-48854.43527999992,-8.999308543826402,,,,,,
development_2023_2024,breakout,10,ticker_ascending,all_in,A_baseline,1000000,064850,064850:2024-09-05,2024-09-06,2024-09-13,13433.419999999998,12480.587519399998,37,stop_intraday,-35973.91549086338,-7.232256057956543,,,,,,
development_2023_2024,breakout,10,ticker_ascending,all_in,A_baseline,1000000,064850,064850:2024-09-19,2024-09-20,2024-09-23,19169.149999999998,22977.0,24,take_gap,90629.76929999999,19.68480777578914,,,,,,
development_2023_2024,breakout,10,ticker_ascending,all_in,A_baseline,1000000,064850,064850:2024-09-20,2024-09-23,2024-09-24,23022.999999999996,38411.55,23,take_gap,352876.9040125001,66.58982693657775,,,,,,
development_2023_2024,breakout,10,ticker_ascending,all_in,A_baseline,1000000,064850,064850:2024-09-23,2024-09-24,2024-09-26,38488.45,27572.4,23,stop_gap,-252208.69966249994,-28.46926182867009,,,,,,
development_2023_2024,breakout,10,ticker_ascending,all_in,A_baseline,1000000,064850,064850:2024-09-24,2024-09-26,2024-09-27,27627.6,21478.5,23,stop_gap,-142276.38022500003,-22.373617704022074,,,,,,
development_2023_2024,breakout,10,ticker_ascending,all_in,A_baseline,1000000,081580,081580:2024-09-30,2024-10-02,2024-10-18,4659.655,4820.175,109,time_open,16721.70389750006,3.2898391862251852,,,,,,
development_2023_2024,breakout,10,ticker_ascending,all_in,A_baseline,1000000,015360,015360:2024-10-18,2024-10-21,2024-11-04,9599.589999999998,10089.9,54,time_open,25679.315654999984,4.950070707504461,,,,,,
development_2023_2024,breakout,10,ticker_ascending,all_in,A_baseline,1000000,003530,003530:2024-11-11,2024-11-12,2024-11-13,4624.62,4165.83,119,stop_gap,-55380.55766250001,-10.055616719936666,,,,,,
development_2023_2024,breakout,10,ticker_ascending,all_in,A_baseline,1000000,127120,127120:2024-11-12,2024-11-13,2024-11-14,3968.9649999999997,3687.446312549999,125,stop_intraday,-35907.62449180154,-7.232256057956532,,,,,,
development_2023_2024,breakout,10,ticker_ascending,all_in,A_baseline,1000000,016090,016090:2024-11-20,2024-11-21,2024-12-05,2187.185,2187.81,211,time_open,-560.4679587500286,-0.1213548720538693,,,,,,
development_2023_2024,breakout,10,ticker_ascending,all_in,A_baseline,1000000,015020,015020:2024-12-06,2024-12-09,2024-12-10,2474.4719999999998,4385.61,186,take_gap,354514.686561,76.96852157202284,,,,,,
development_2023_2024,breakout,10,ticker_ascending,all_in,A_baseline,1000000,015020,015020:2024-12-09,2024-12-10,2024-12-11,4394.389999999999,5304.69,185,take_gap,167059.75264999992,20.53411118047719,,,,,,
development_2023_2024,breakout,10,ticker_ascending,all_in,A_baseline,1000000,015020,015020:2024-12-10,2024-12-11,2024-12-12,5315.3099999999995,4745.25,184,stop_gap,-106279.39727999992,-10.858680690205347,,,,,,
development_2023_2024,breakout,10,ticker_ascending,all_in,A_baseline,1000000,016090,016090:2024-12-11,2024-12-12,2024-12-27,2227.225,2267.73,393,time_open,14593.577013750095,1.666017321298341,,,,,,
development_2023_2024,breakout,10,ticker_ascending,all_in,A_baseline,1000000,015360,015360:2024-12-26,2024-12-27,2024-12-30,10770.759999999998,10006.789993199998,82,stop_intraday,-63923.35988218174,-7.232256057956532,,,,,,
development_2023_2024,breakout,10,ticker_ascending,cash_half,A_baseline,1000000,073640,073640:2023-01-06,2023-01-09,2023-01-11,,,226,stop_intraday,-36021.731949203066,-7.232256057956543,cash_50_no_add,3.0,False,1.0,498070.4729,462048.7409507969
development_2023_2024,breakout,10,ticker_ascending,cash_half,A_baseline,1000000,105560,105560:2023-01-16,2023-01-17,2023-01-31,,,7,stop_intraday,-30682.227434608794,-7.232256057956543,cash_50_no_add,3.0,False,1.0,424241.44262499997,393559.2151903912
development_2023_2024,breakout,10,ticker_ascending,cash_half,A_baseline,1000000,028670,028670:2023-02-01,2023-02-02,2023-02-07,,,73,stop_intraday,-33583.81706567394,-7.232256057956543,cash_50_no_add,3.0,False,1.0,464361.5601625,430777.7430968261
development_2023_2024,breakout,10,ticker_ascending,cash_half,A_baseline,1000000,105630,105630:2023-02-07,2023-02-08,2023-02-22,,,25,time_open,1974.8776250000228,0.4542456568356501,cash_50_no_add,3.0,False,1.0,434759.8255,436734.703125
development_2023_2024,breakout,10,ticker_ascending,cash_half,A_baseline,1000000,001130,001130:2023-02-21,2023-02-22,2023-03-09,,,29,time_open,12065.387722500018,2.7359731866430925,cash_50_no_add,3.0,False,1.0,440990.715165,453056.1028875
development_2023_2024,breakout,10,ticker_ascending,cash_half,A_baseline,1000000,115500,115500:2023-03-09,2023-03-10,2023-03-13,,,46,take_gap,93477.24641499994,20.720761456807992,cash_50_no_add,3.0,False,1.0,451128.43275499996,544605.6791699999
development_2023_2024,breakout,10,ticker_ascending,cash_half,A_baseline,1000000,115500,115500:2023-03-10,2023-03-13,2023-03-14,,,42,stop_gap,-57086.441579999926,-11.440350149303246,cash_50_no_add,3.0,False,1.0,498992.08358999994,441905.64201
development_2023_2024,breakout,10,ticker_ascending,cash_half,A_baseline,1000000,000850,000850:2023-03-17,2023-03-20,2023-03-24,,,12,stop_intraday,-32689.06970128807,-7.232256057956543,cash_50_no_add,3.0,False,1.0,451989.9384,419300.8686987119
development_2023_2024,breakout,10,ticker_ascending,cash_half,A_baseline,1000000,115500,115500:2023-03-24,2023-03-27,2023-03-28,,,37,stop_intraday,-32918.00910788396,-7.232256057956543,cash_50_no_add,3.0,False,1.0,455155.47077,422237.46166211605
development_2023_2024,breakout,10,ticker_ascending,cash_half,A_baseline,1000000,265520,265520:2023-03-28,2023-03-29,2023-04-06,,,19,stop_intraday,-31660.291355192545,-7.232256057956543,cash_50_no_add,3.0,False,1.0,437765.07774999994,406104.7863948074
development_2023_2024,breakout,10,ticker_ascending,cash_half,A_baseline,1000000,008260,008260:2023-04-06,2023-04-07,2023-04-10,,,64,stop_intraday,-30463.43091311521,-7.232256057956532,cash_50_no_add,3.0,False,1.0,421216.15536,390752.72444688476
development_2023_2024,breakout,10,ticker_ascending,cash_half,A_baseline,1000000,126640,126640:2023-04-11,2023-04-12,2023-04-13,,,232,take_gap,65729.13045999996,16.02380001484356,cash_50_no_add,3.0,False,1.0,410196.89711,475926.02757
development_2023_2024,breakout,10,ticker_ascending,cash_half,A_baseline,1000000,000430,000430:2023-04-12,2023-04-13,2023-04-27,,,113,time_open,10861.851822500059,2.454081585717538,cash_50_no_add,3.0,False,1.0,442603.53387249995,453465.385695
development_2023_2024,breakout,10,ticker_ascending,cash_half,A_baseline,1000000,011230,011230:2023-04-26,2023-04-27,2023-04-28,,,85,take_gap,175695.79192375002,39.38531828133334,cash_50_no_add,3.0,False,1.0,446094.63523624995,621790.42716
development_2023_2024,breakout,10,ticker_ascending,cash_half,A_baseline,1000000,011230,011230:2023-04-27,2023-04-28,2023-05-02,,,73,take_intraday,78843.04286778916,14.71280164876343,cash_50_no_add,3.0,False,1.0,535880.553208,614723.5960757892
development_2023_2024,breakout,10,ticker_ascending,cash_half,A_baseline,1000000,011230,011230:2023-05-02,2023-05-04,2023-05-08,,,47,stop_intraday,-41235.899383603944,-7.232256057956532,cash_50_no_add,3.0,False,1.0,570166.4743774999,528930.574993896
development_2023_2024,breakout,10,ticker_ascending,cash_half,A_baseline,1000000,000430,000430:2023-05-10,2023-05-11,2023-05-25,,,123,time_open,-7466.872901249793,-1.343684877403728,cash_50_no_add,3.0,False,1.0,555701.1935474998,548234.32064625
development_2023_2024,breakout,10,ticker_ascending,cash_half,A_baseline,1000000,036620,036620:2023-05-25,2023-05-26,2023-05-31,,,156,stop_intraday,-39896.31405830075,-7.232256057956543,cash_50_no_add,3.0,False,1.0,551644.10301,511747.7889516992
development_2023_2024,breakout,10,ticker_ascending,cash_half,A_baseline,1000000,064850,064850:2023-06-02,2023-06-05,2023-06-20,,,59,time_open,-16566.178562499932,-3.142286618160639,cash_50_no_add,3.0,False,1.0,527201.3847099999,510635.20614749996
development_2023_2024,breakout,10,ticker_ascending,cash_half,A_baseline,1000000,008260,008260:2023-06-19,2023-06-20,2023-07-04,,,70,time_open,24733.119950000022,4.747143648889285,cash_50_no_add,3.0,False,1.0,521010.565075,545743.685025
development_2023_2024,breakout,10,ticker_ascending,cash_half,A_baseline,1000000,000430,000430:2023-07-04,2023-07-05,2023-07-07,,,90,take_intraday,78659.69518031622,14.71280164876343,cash_50_no_add,3.0,False,1.0,534634.375275,613294.0704553162
development_2023_2024,breakout,10,ticker_ascending,cash_half,A_baseline,1000000,036620,036620:2023-07-07,2023-07-10,2023-07-17,,,123,stop_intraday,-41615.533083149116,-7.232256057956555,cash_50_no_add,3.0,False,1.0,575415.6483074999,533800.1152243508
development_2023_2024,breakout,10,ticker_ascending,cash_half,A_baseline,1000000,043910,043910:2023-07-17,2023-07-18,2023-07-19,,,37,stop_intraday,-39860.813960442494,-7.232256057956532,cash_50_no_add,3.0,False,1.0,551153.2451424999,511292.4311820574
development_2023_2024,breakout,10,ticker_ascending,cash_half,A_baseline,1000000,001740,001740:2023-07-19,2023-07-20,2023-08-03,,,91,time_open,17226.086832500063,3.252441029830888,cash_50_no_add,3.0,False,1.0,529635.6390325,546861.725865
development_2023_2024,breakout,10,ticker_ascending,cash_half,A_baseline,1000000,326030,326030:2023-08-02,2023-08-03,2023-08-18,,,5,time_open,-18091.637374999933,-3.9006520080109963,cash_50_no_add,3.0,False,1.0,463810.59724999993,445718.959875
development_2023_2024,breakout,10,ticker_ascending,cash_half,A_baseline,1000000,149980,149980:2023-08-17,2023-08-18,2023-08-21,,,34,take_intraday,77787.4671944119,14.712801648763406,cash_50_no_add,3.0,False,1.0,528706.0143364999,606493.4815309118
development_2023_2024,breakout,10,ticker_ascending,cash_half,A_baseline,1000000,026890,026890:2023-08-21,2023-08-22,2023-09-05,,,78,time_open,9697.553775000037,1.7095086273574367,cash_50_no_add,3.0,False,1.0,567271.4147099999,576968.968485
development_2023_2024,breakout,10,ticker_ascending,cash_half,A_baseline,1000000,004100,004100:2023-09-05,2023-09-06,2023-09-07,,,141,stop_intraday,-41576.41052632581,-7.232256057956555,cash_50_no_add,3.0,False,1.0,574874.7029025,533298.2923761742
development_2023_2024,breakout,10,ticker_ascending,cash_half,A_baseline,1000000,056080,056080:2023-09-07,2023-09-08,2023-09-11,,,39,take_intraday,81047.3419142887,14.71280164876343,cash_50_no_add,3.0,False,1.0,550862.7374249999,631910.0793392886
development_2023_2024,breakout,10,ticker_ascending,cash_half,A_baseline,1000000,003570,003570:2023-09-11,2023-09-12,2023-09-13,,,47,stop_intraday,-43108.71066857374,-7.232256057956565,cash_50_no_add,3.0,False,1.0,596061.731265,552953.0205964262
development_2023_2024,breakout,10,ticker_ascending,cash_half,A_baseline,1000000,016360,016360:2023-09-13,2023-09-14,2023-10-04,,,15,time_open,-30460.896374999895,-5.292891238288567,cash_50_no_add,3.0,False,1.0,575505.8058749998,545044.9095
development_2023_2024,breakout,10,ticker_ascending,cash_half,A_baseline,1000000,220100,220100:2023-10-10,2023-10-11,2023-10-12,,,46,stop_intraday,-40375.20313349017,-7.232256057956521,cash_50_no_add,3.0,False,1.0,558265.6754674999,517890.4723340097
development_2023_2024,breakout,10,ticker_ascending,cash_half,A_baseline,1000000,105630,105630:2023-10-31,2023-11-01,2023-11-02,,,23,stop_intraday,-38325.615851022536,-7.232256057956543,cash_50_no_add,3.0,False,1.0,529926.14675,491600.5308989774
development_2023_2024,breakout,10,ticker_ascending,cash_half,A_baseline,1000000,105630,105630:2023-11-09,2023-11-10,2023-11-15,,,21,stop_intraday,-36057.95653885434,-7.232256057956555,cash_50_no_add,3.0,False,1.0,498571.348275,462513.39173614566
development_2023_2024,breakout,10,ticker_ascending,cash_half,A_baseline,1000000,003570,003570:2023-11-17,2023-11-20,2023-11-21,,,32,stop_intraday,-35563.853136011225,-7.232256057956543,cash_50_no_add,3.0,False,1.0,491739.40815999993,456175.5550239887
development_2023_2024,breakout,10,ticker_ascending,cash_half,A_baseline,1000000,279600,279600:2023-12-11,2023-12-12,2023-12-20,,,29,take_intraday,69331.5131161277,14.712801648763406,cash_50_no_add,3.0,False,1.0,471232.56855674996,540564.0816728777
development_2023_2024,breakout,10,ticker_ascending,cash_half,A_baseline,1000000,016360,016360:2023-12-20,2023-12-21,2024-01-03,,,12,stop_intraday,-35123.36212585203,-7.232256057956543,cash_50_no_add,3.0,False,1.0,485648.76359999995,450525.4014741479
development_2023_2024,breakout,10,ticker_ascending,cash_half,A_baseline,1000000,326030,326030:2024-01-03,2024-01-04,2024-01-05,,,4,stop_intraday,-29791.102529188036,-7.232256057956543,cash_50_no_add,3.0,False,1.0,411919.90839999996,382128.8058708119
development_2023_2024,breakout,10,ticker_ascending,cash_half,A_baseline,1000000,004540,004540:2024-01-10,2024-01-11,2024-01-12,,,158,stop_intraday,-35313.90346741764,-7.232256057956543,cash_50_no_add,3.0,False,1.0,488283.3680724999,452969.4646050823
development_2023_2024,breakout,10,ticker_ascending,cash_half,A_baseline,1000000,131370,131370:2024-01-18,2024-01-19,2024-01-30,,,89,stop_intraday,-34045.31833783083,-7.232256057956543,cash_50_no_add,3.0,False,1.0,470742.71244,436697.39410216914
development_2023_2024,breakout,10,ticker_ascending,cash_half,A_baseline,1000000,163560,163560:2024-02-05,2024-02-06,2024-02-22,,,68,time_open,-1582.7000000000116,-0.3493883084190408,cash_50_no_add,3.0,False,1.0,452991.68915,451408.98915
development_2023_2024,breakout,10,ticker_ascending,cash_half,A_baseline,1000000,001130,001130:2024-02-23,2024-02-26,2024-03-12,,,31,time_open,-13302.26383499999,-3.012344176407833,cash_50_no_add,3.0,False,1.0,441591.765615,428289.50178
development_2023_2024,breakout,10,ticker_ascending,cash_half,A_baseline,1000000,015860,015860:2024-03-18,2024-03-19,2024-04-02,,,98,time_open,-12311.503084999975,-2.774513814187596,cash_50_no_add,3.0,False,1.0,443735.51222,431424.009135
development_2023_2024,breakout,10,ticker_ascending,cash_half,A_baseline,1000000,014830,014830:2024-04-03,2024-04-04,2024-04-19,,,5,time_open,-12475.258250000014,-2.9165000850171485,cash_50_no_add,3.0,False,1.0,427747.57025,415272.312
development_2023_2024,breakout,10,ticker_ascending,cash_half,A_baseline,1000000,265520,265520:2024-04-18,2024-04-19,2024-05-07,,,13,time_open,21880.317549999978,5.169722492960838,cash_50_no_add,3.0,False,1.0,423239.69187499996,445120.00942499994
development_2023_2024,breakout,10,ticker_ascending,cash_half,A_baseline,1000000,014830,014830:2024-05-07,2024-05-08,2024-05-23,,,4,time_open,49252.33810000005,11.796127703894598,cash_50_no_add,3.0,False,1.0,417529.71259999997,466782.0507
development_2023_2024,breakout,10,ticker_ascending,cash_half,A_baseline,1000000,014830,014830:2024-05-22,2024-05-23,2024-05-27,,,4,stop_intraday,-33877.23624184902,-7.232256057956532,cash_50_no_add,3.0,False,1.0,468418.6507,434541.414458151
development_2023_2024,breakout,10,ticker_ascending,cash_half,A_baseline,1000000,094280,094280:2024-05-27,2024-05-28,2024-06-05,,,32,stop_intraday,-32318.12990325922,-7.232256057956543,cash_50_no_add,3.0,False,1.0,446860.97455999994,414542.8446567407
development_2023_2024,breakout,10,ticker_ascending,cash_half,A_baseline,1000000,204320,204320:2024-06-05,2024-06-07,2024-06-11,,,8,stop_intraday,-28400.078286580043,-7.232256057956543,cash_50_no_add,3.0,False,1.0,392686.29399999994,364286.2157134199
development_2023_2024,breakout,10,ticker_ascending,cash_half,A_baseline,1000000,081580,081580:2024-06-11,2024-06-12,2024-06-24,,,132,take_intraday,61672.03082490445,14.712801648763406,cash_50_no_add,3.0,False,1.0,419172.58382999996,480844.6146549044
development_2023_2024,breakout,10,ticker_ascending,cash_half,A_baseline,1000000,003570,003570:2024-06-24,2024-06-25,2024-07-01,,,20,stop_intraday,-31877.638893100084,-7.232256057956555,cash_50_no_add,3.0,False,1.0,440770.32999999996,408892.6911068999
development_2023_2024,breakout,10,ticker_ascending,cash_half,A_baseline,1000000,081580,081580:2024-07-02,2024-07-03,2024-07-16,,,111,stop_intraday,-31483.877603590954,-7.232256057956543,cash_50_no_add,3.0,False,1.0,435325.81467374996,403841.937070159
development_2023_2024,breakout,10,ticker_ascending,cash_half,A_baseline,1000000,006360,006360:2024-07-16,2024-07-17,2024-07-31,,,23,time_open,40824.34174,10.033234880284759,cash_50_no_add,3.0,False,1.0,406891.119635,447715.461375
development_2023_2024,breakout,10,ticker_ascending,cash_half,A_baseline,1000000,053350,053350:2024-08-02,2024-08-05,2024-08-06,,,110,stop_gap,-80042.79648749996,-18.2739637447663,cash_50_no_add,3.0,False,1.0,438015.51543749997,357972.71895
development_2023_2024,breakout,10,ticker_ascending,cash_half,A_baseline,1000000,246250,246250:2024-08-09,2024-08-12,2024-08-14,,,87,stop_intraday,-28742.038412887952,-7.232256057956565,cash_50_no_add,3.0,False,1.0,397414.55754,368672.51912711206
development_2023_2024,breakout,10,ticker_ascending,cash_half,A_baseline,1000000,000080,000080:2024-08-19,2024-08-20,2024-08-29,,,17,stop_intraday,-27403.902071170683,-7.232256057956555,cash_50_no_add,3.0,False,1.0,378912.22118749993,351508.31911632925
development_2023_2024,breakout,10,ticker_ascending,cash_half,A_baseline,1000000,064850,064850:2024-08-29,2024-08-30,2024-09-02,,,38,take_intraday,54270.325949589664,14.712801648763406,cash_50_no_add,3.0,False,1.0,368864.661165,423134.98711458966
development_2023_2024,breakout,10,ticker_ascending,cash_half,A_baseline,1000000,064850,064850:2024-09-02,2024-09-03,2024-09-04,,,35,stop_gap,-35623.025724999956,-8.999308543826412,cash_50_no_add,3.0,False,1.0,395841.80886249995,360218.7831375
development_2023_2024,breakout,10,ticker_ascending,cash_half,A_baseline,1000000,064850,064850:2024-09-05,2024-09-06,2024-09-13,,,28,stop_intraday,-27223.503614707442,-7.232256057956543,cash_50_no_add,3.0,False,1.0,376417.86181999993,349194.3582052925
development_2023_2024,breakout,10,ticker_ascending,cash_half,A_baseline,1000000,064850,064850:2024-09-19,2024-09-20,2024-09-23,,,19,take_gap,71748.5673625,19.68480777578916,cash_50_no_add,3.0,False,1.0,364487.0103875,436235.57775
development_2023_2024,breakout,10,ticker_ascending,cash_half,A_baseline,1000000,064850,064850:2024-09-20,2024-09-23,2024-09-24,,,17,take_gap,260822.05948750005,66.58982693657778,cash_50_no_add,3.0,False,1.0,391684.54324999993,652506.6027375
development_2023_2024,breakout,10,ticker_ascending,cash_half,A_baseline,1000000,064850,064850:2024-09-23,2024-09-24,2024-09-26,,,13,stop_gap,-142552.7432875,-28.4692618286701,cash_50_no_add,3.0,False,1.0,500725.1123875,358172.3691
development_2023_2024,breakout,10,ticker_ascending,cash_half,A_baseline,1000000,064850,064850:2024-09-24,2024-09-26,2024-09-27,,,16,stop_gap,-98974.87320000003,-22.373617704022088,cash_50_no_add,3.0,False,1.0,442373.1312,343398.258
development_2023_2024,breakout,10,ticker_ascending,cash_half,A_baseline,1000000,081580,081580:2024-09-30,2024-10-02,2024-10-18,,,88,time_open,13500.09122000006,3.2898391862251852,cash_50_no_add,3.0,False,1.0,410357.17723,423857.26845000003
development_2023_2024,breakout,10,ticker_ascending,cash_half,A_baseline,1000000,015360,015360:2024-10-18,2024-10-21,2024-11-04,,,43,time_open,20448.34394750005,4.950070707504461,cash_50_no_add,3.0,False,1.0,413091.95677749993,433540.300725
development_2023_2024,breakout,10,ticker_ascending,cash_half,A_baseline,1000000,003530,003530:2024-11-11,2024-11-12,2024-11-13,,,93,stop_gap,-43280.60388749995,-10.055616719936655,cash_50_no_add,3.0,False,1.0,430412.22724499996,387131.6233575
development_2023_2024,breakout,10,ticker_ascending,cash_half,A_baseline,1000000,127120,127120:2024-11-12,2024-11-13,2024-11-14,,,103,stop_intraday,-29587.882581244572,-7.232256057956555,cash_50_no_add,3.0,False,1.0,409109.99754625,379522.1149650054
development_2023_2024,breakout,10,ticker_ascending,cash_half,A_baseline,1000000,016090,016090:2024-11-20,2024-11-21,2024-12-05,,,180,time_open,-478.1243250000407,-0.1213548720538693,cash_50_no_add,3.0,False,1.0,393988.569975,393510.44564999995
development_2023_2024,breakout,10,ticker_ascending,cash_half,A_baseline,1000000,015020,015020:2024-12-06,2024-12-09,2024-12-10,,,159,take_gap,303052.87722150004,76.96852157202285,cash_50_no_add,3.0,False,1.0,393736.12878599996,696789.0060075
development_2023_2024,breakout,10,ticker_ascending,cash_half,A_baseline,1000000,015020,015020:2024-12-09,2024-12-10,2024-12-11,,,124,take_gap,111975.18556000013,20.534111180477232,cash_50_no_add,3.0,False,1.0,545313.0382699999,657288.22383
development_2023_2024,breakout,10,ticker_ascending,cash_half,A_baseline,1000000,015020,015020:2024-12-10,2024-12-11,2024-12-12,,,113,stop_gap,-65269.412459999905,-10.858680690205336,cash_50_no_add,3.0,False,1.0,601080.5025224999,535811.0900625
development_2023_2024,breakout,10,ticker_ascending,cash_half,A_baseline,1000000,016090,016090:2024-12-11,2024-12-12,2024-12-27,,,255,time_open,9469.114856250002,1.666017321298341,cash_50_no_add,3.0,False,1.0,568368.33178125,577837.4466375
development_2023_2024,breakout,10,ticker_ascending,cash_half,A_baseline,1000000,015360,015360:2024-12-26,2024-12-27,2024-12-30,,,53,stop_intraday,-41316.31797262968,-7.232256057956532,cash_50_no_add,3.0,False,1.0,571278.41771,529962.0997373703
development_2023_2024,breakout,10,ticker_ascending,dip_3pct,A_baseline,1000000,073640,073640:2023-01-06,2023-01-09,2023-01-11,,,226,stop_intraday,-36021.731949203066,-7.232256057956543,dip_50_50,3.0,False,1.0,498070.4729,462048.7409507969
development_2023_2024,breakout,10,ticker_ascending,dip_3pct,A_baseline,1000000,105560,105560:2023-01-16,2023-01-17,2023-01-31,,,15,stop_intraday,-43308.41341701883,-4.884501607270996,dip_50_50,3.0,True,2.0,886649.588825,843341.1754079812
development_2023_2024,breakout,10,ticker_ascending,dip_3pct,A_baseline,1000000,028670,028670:2023-02-01,2023-02-02,2023-02-07,,,147,stop_intraday,-48844.85985741869,-5.330654222476805,dip_50_50,3.0,True,2.0,916301.4110249999,867456.5511675812
development_2023_2024,breakout,10,ticker_ascending,dip_3pct,A_baseline,1000000,105630,105630:2023-02-07,2023-02-08,2023-02-22,,,51,time_open,20437.42764000001,2.3477766286174706,dip_50_50,3.0,True,2.0,870501.3667349999,890938.7943749999
development_2023_2024,breakout,10,ticker_ascending,dip_3pct,A_baseline,1000000,001130,001130:2023-02-21,2023-02-22,2023-03-09,,,29,time_open,12065.387722500018,2.7359731866430925,dip_50_50,3.0,False,1.0,440990.715165,453056.1028875
development_2023_2024,breakout,10,ticker_ascending,dip_3pct,A_baseline,1000000,115500,115500:2023-03-09,2023-03-10,2023-03-13,,,46,take_gap,93477.24641499994,20.720761456807992,dip_50_50,3.0,False,1.0,451128.43275499996,544605.6791699999
development_2023_2024,breakout,10,ticker_ascending,dip_3pct,A_baseline,1000000,115500,115500:2023-03-10,2023-03-13,2023-03-14,,,41,stop_gap,-55727.24059,-11.440350149303258,dip_50_50,3.0,False,1.0,487111.31969499995,431384.07910499995
development_2023_2024,breakout,10,ticker_ascending,dip_3pct,A_baseline,1000000,000850,000850:2023-03-17,2023-03-20,2023-03-24,,,25,stop_intraday,-53777.19281935005,-5.799201355168138,dip_50_50,3.0,True,2.0,927320.6692749999,873543.4764556498
development_2023_2024,breakout,10,ticker_ascending,dip_3pct,A_baseline,1000000,115500,115500:2023-03-24,2023-03-27,2023-03-28,,,74,stop_intraday,-38047.4524107679,-4.311216741567647,dip_50_50,3.0,True,2.0,882522.375735,844474.9233242321
development_2023_2024,breakout,10,ticker_ascending,dip_3pct,A_baseline,1000000,265520,265520:2023-03-28,2023-03-29,2023-04-06,,,37,stop_intraday,-48330.96661142772,-5.759400627099243,dip_50_50,3.0,True,2.0,839166.603275,790835.6366635723
development_2023_2024,breakout,10,ticker_ascending,dip_3pct,A_baseline,1000000,008260,008260:2023-04-06,2023-04-07,2023-04-10,,,60,stop_intraday,-28559.46648104553,-7.232256057956543,dip_50_50,3.0,False,1.0,394890.14564999996,366330.67916895443
development_2023_2024,breakout,10,ticker_ascending,dip_3pct,A_baseline,1000000,126640,126640:2023-04-11,2023-04-12,2023-04-13,,,218,take_gap,61762.71741500002,16.02380001484356,dip_50_50,3.0,False,1.0,385443.63607749995,447206.35349249997
development_2023_2024,breakout,10,ticker_ascending,dip_3pct,A_baseline,1000000,000430,000430:2023-04-12,2023-04-13,2023-04-27,,,106,time_open,10188.993745000043,2.454081585717516,dip_50_50,3.0,False,1.0,415185.61584499996,425374.60959
development_2023_2024,breakout,10,ticker_ascending,dip_3pct,A_baseline,1000000,011230,011230:2023-04-26,2023-04-27,2023-04-28,,,80,take_gap,165360.74534000002,39.38531828133334,dip_50_50,3.0,False,1.0,419853.77434,585214.51968
development_2023_2024,breakout,10,ticker_ascending,dip_3pct,A_baseline,1000000,011230,011230:2023-04-27,2023-04-28,2023-05-02,,,68,take_intraday,73442.83445218706,14.712801648763406,dip_50_50,3.0,False,1.0,499176.405728,572619.240180187
development_2023_2024,breakout,10,ticker_ascending,dip_3pct,A_baseline,1000000,011230,011230:2023-05-02,2023-05-04,2023-05-08,,,44,stop_intraday,-38603.82069954416,-7.232256057956543,dip_50_50,3.0,False,1.0,533772.86963,495169.0489304558
development_2023_2024,breakout,10,ticker_ascending,dip_3pct,A_baseline,1000000,000430,000430:2023-05-10,2023-05-11,2023-05-25,,,230,time_open,7925.808625000063,0.7791576903531272,dip_50_50,3.0,True,2.0,1017227.7990875,1025153.6077125
development_2023_2024,breakout,10,ticker_ascending,dip_3pct,A_baseline,1000000,036620,036620:2023-05-25,2023-05-26,2023-05-31,,,148,stop_intraday,-37850.34923479811,-7.232256057956532,dip_50_50,3.0,False,1.0,523354.66182999994,485504.31259520183
development_2023_2024,breakout,10,ticker_ascending,dip_3pct,A_baseline,1000000,064850,064850:2023-06-02,2023-06-05,2023-06-20,,,113,time_open,-19166.489282499882,-1.922102448856966,dip_50_50,3.0,True,2.0,997162.7315649999,977996.2422825
development_2023_2024,breakout,10,ticker_ascending,dip_3pct,A_baseline,1000000,008260,008260:2023-06-19,2023-06-20,2023-07-04,,,136,time_open,71193.36108500022,7.197729055003799,dip_50_50,3.0,True,2.0,989108.6555349999,1060302.0166200001
development_2023_2024,breakout,10,ticker_ascending,dip_3pct,A_baseline,1000000,000430,000430:2023-07-04,2023-07-05,2023-07-07,,,89,take_intraday,77785.69856720162,14.71280164876343,dip_50_50,3.0,False,1.0,528693.9933275,606479.6918947016
development_2023_2024,breakout,10,ticker_ascending,dip_3pct,A_baseline,1000000,036620,036620:2023-07-07,2023-07-10,2023-07-17,,,235,stop_intraday,-50643.9039642791,-4.730838322537112,dip_50_50,3.0,True,2.0,1070505.91272625,1019862.0087619709
development_2023_2024,breakout,10,ticker_ascending,dip_3pct,A_baseline,1000000,043910,043910:2023-07-17,2023-07-18,2023-07-19,,,71,stop_intraday,-50894.93836970057,-4.9315670228774255,dip_50_50,3.0,True,2.0,1032023.657665,981128.7192952994
development_2023_2024,breakout,10,ticker_ascending,dip_3pct,A_baseline,1000000,001740,001740:2023-07-19,2023-07-20,2023-08-03,,,89,time_open,16847.491517499962,3.252441029830866,dip_50_50,3.0,False,1.0,517995.29531749996,534842.7868349999
development_2023_2024,breakout,10,ticker_ascending,dip_3pct,A_baseline,1000000,326030,326030:2023-08-02,2023-08-03,2023-08-18,,,5,time_open,-18091.637374999933,-3.9006520080109963,dip_50_50,3.0,False,1.0,463810.59724999993,445718.959875
development_2023_2024,breakout,10,ticker_ascending,dip_3pct,A_baseline,1000000,149980,149980:2023-08-17,2023-08-18,2023-08-21,,,33,take_intraday,75499.60051222332,14.712801648763406,dip_50_50,3.0,False,1.0,513155.8374442499,588655.4379564732
development_2023_2024,breakout,10,ticker_ascending,dip_3pct,A_baseline,1000000,026890,026890:2023-08-21,2023-08-22,2023-09-05,,,76,time_open,9448.898550000042,1.7095086273574367,dip_50_50,3.0,False,1.0,552725.9938199999,562174.8923699999
development_2023_2024,breakout,10,ticker_ascending,dip_3pct,A_baseline,1000000,004100,004100:2023-09-05,2023-09-06,2023-09-07,,,138,stop_intraday,-40691.80604704213,-7.232256057956532,dip_50_50,3.0,False,1.0,562643.3262449999,521951.52019795775
development_2023_2024,breakout,10,ticker_ascending,dip_3pct,A_baseline,1000000,056080,056080:2023-09-07,2023-09-08,2023-09-11,,,38,take_intraday,78969.20494212746,14.71280164876343,dip_50_50,3.0,False,1.0,536738.0518499999,615707.2567921274
development_2023_2024,breakout,10,ticker_ascending,dip_3pct,A_baseline,1000000,003570,003570:2023-09-11,2023-09-12,2023-09-13,,,86,stop_intraday,-53825.98219989019,-5.051178477706964,dip_50_50,3.0,True,2.0,1065612.3603125,1011786.3781126098
development_2023_2024,breakout,10,ticker_ascending,dip_3pct,A_baseline,1000000,016360,016360:2023-09-13,2023-09-14,2023-10-04,,,27,time_open,-33993.19787500007,-3.3488392672596845,dip_50_50,3.0,True,2.0,1015074.034975,981080.8370999999
development_2023_2024,breakout,10,ticker_ascending,dip_3pct,A_baseline,1000000,220100,220100:2023-10-10,2023-10-11,2023-10-12,,,44,stop_intraday,-38619.7595189907,-7.232256057956543,dip_50_50,3.0,False,1.0,533993.254795,495373.49527600926
development_2023_2024,breakout,10,ticker_ascending,dip_3pct,A_baseline,1000000,105630,105630:2023-10-31,2023-11-01,2023-11-02,,,22,stop_intraday,-36659.28472706507,-7.232256057956543,dip_50_50,3.0,False,1.0,506885.8795,470226.5947729349
development_2023_2024,breakout,10,ticker_ascending,dip_3pct,A_baseline,1000000,105630,105630:2023-11-09,2023-11-10,2023-11-15,,,43,stop_intraday,-49590.59047717776,-4.975768568362149,dip_50_50,3.0,True,2.0,996641.8211749999,947051.2306978222
development_2023_2024,breakout,10,ticker_ascending,dip_3pct,A_baseline,1000000,003570,003570:2023-11-17,2023-11-20,2023-11-21,,,63,stop_intraday,-46294.87810152222,-4.902090607728926,dip_50_50,3.0,True,2.0,944390.5020549999,898095.6239534777
development_2023_2024,breakout,10,ticker_ascending,dip_3pct,A_baseline,1000000,279600,279600:2023-12-11,2023-12-12,2023-12-20,,,27,take_intraday,64550.0294529465,14.71280164876343,dip_50_50,3.0,False,1.0,438733.77072524995,503283.80017819646
development_2023_2024,breakout,10,ticker_ascending,dip_3pct,A_baseline,1000000,016360,016360:2023-12-20,2023-12-21,2024-01-03,,,24,stop_intraday,-42598.40355170402,-4.51422024818966,dip_50_50,3.0,True,2.0,943649.2064999999,901050.8029482958
development_2023_2024,breakout,10,ticker_ascending,dip_3pct,A_baseline,1000000,326030,326030:2024-01-03,2024-01-04,2024-01-05,,,9,stop_intraday,-31467.82906567317,-3.5307219341591534,dip_50_50,3.0,True,2.0,891257.6422749999,859789.8132093267
development_2023_2024,breakout,10,ticker_ascending,dip_3pct,A_baseline,1000000,004540,004540:2024-01-10,2024-01-11,2024-01-12,,,145,stop_intraday,-32408.329131490842,-7.232256057956543,dip_50_50,3.0,False,1.0,448108.15424375,415699.82511225913
development_2023_2024,breakout,10,ticker_ascending,dip_3pct,A_baseline,1000000,131370,131370:2024-01-18,2024-01-19,2024-01-30,,,81,stop_intraday,-30985.06500409328,-7.232256057956555,dip_50_50,3.0,False,1.0,428428.76076000003,397443.69575590675
development_2023_2024,breakout,10,ticker_ascending,dip_3pct,A_baseline,1000000,163560,163560:2024-02-05,2024-02-06,2024-02-22,,,128,time_open,16855.464850000106,2.0238160595065224,dip_50_50,3.0,True,2.0,832855.57355,849711.0384000001
development_2023_2024,breakout,10,ticker_ascending,dip_3pct,A_baseline,1000000,001130,001130:2024-02-23,2024-02-26,2024-03-12,,,60,time_open,-12703.522334999987,-1.5093575796986003,dip_50_50,3.0,True,2.0,841650.9451349999,828947.4228
development_2023_2024,breakout,10,ticker_ascending,dip_3pct,A_baseline,1000000,015860,015860:2024-03-18,2024-03-19,2024-04-02,,,92,time_open,-11557.737589999975,-2.774513814187596,dip_50_50,3.0,False,1.0,416568.03187999997,405010.29429
development_2023_2024,breakout,10,ticker_ascending,dip_3pct,A_baseline,1000000,014830,014830:2024-04-03,2024-04-04,2024-04-19,,,4,time_open,-9980.206599999976,-2.9165000850171374,dip_50_50,3.0,False,1.0,342198.0562,332217.8496
development_2023_2024,breakout,10,ticker_ascending,dip_3pct,A_baseline,1000000,265520,265520:2024-04-18,2024-04-19,2024-05-07,,,12,time_open,20197.216200000024,5.169722492960838,dip_50_50,3.0,False,1.0,390682.7925,410880.0087
development_2023_2024,breakout,10,ticker_ascending,dip_3pct,A_baseline,1000000,014830,014830:2024-05-07,2024-05-08,2024-05-23,,,8,time_open,123348.09480000008,15.224099967812222,dip_50_50,3.0,True,2.0,810216.0066,933564.1014
development_2023_2024,breakout,10,ticker_ascending,dip_3pct,A_baseline,1000000,014830,014830:2024-05-22,2024-05-23,2024-05-27,,,8,stop_intraday,-49722.958983698045,-5.411694140210377,dip_50_50,3.0,True,2.0,918805.7879,869082.828916302
development_2023_2024,breakout,10,ticker_ascending,dip_3pct,A_baseline,1000000,094280,094280:2024-05-27,2024-05-28,2024-06-05,,,65,stop_intraday,-56720.602183495415,-6.3109789611057066,dip_50_50,3.0,True,2.0,898760.7553925,842040.1532090046
development_2023_2024,breakout,10,ticker_ascending,dip_3pct,A_baseline,1000000,204320,204320:2024-06-05,2024-06-07,2024-06-11,,,17,stop_intraday,-42318.65285898256,-5.183397909543308,dip_50_50,3.0,True,2.0,816426.8612499998,774108.2083910173
development_2023_2024,breakout,10,ticker_ascending,dip_3pct,A_baseline,1000000,081580,081580:2024-06-11,2024-06-12,2024-06-24,,,127,take_intraday,59335.969051233784,14.712801648763406,dip_50_50,3.0,False,1.0,403294.83444249997,462630.80349373375
development_2023_2024,breakout,10,ticker_ascending,dip_3pct,A_baseline,1000000,003570,003570:2024-06-24,2024-06-25,2024-07-01,,,40,stop_intraday,-49029.54176120018,-5.656287219463496,dip_50_50,3.0,True,2.0,866814.9239749999,817785.3822137997
development_2023_2024,breakout,10,ticker_ascending,dip_3pct,A_baseline,1000000,081580,081580:2024-07-02,2024-07-03,2024-07-16,,,213,stop_intraday,-44582.337770708255,-5.440039806683449,dip_50_50,3.0,True,2.0,819522.2710674999,774939.9332967916
development_2023_2024,breakout,10,ticker_ascending,dip_3pct,A_baseline,1000000,006360,006360:2024-07-16,2024-07-17,2024-07-31,,,21,time_open,37274.39898,10.033234880284759,dip_50_50,3.0,False,1.0,371509.283145,408783.682125
development_2023_2024,breakout,10,ticker_ascending,dip_3pct,A_baseline,1000000,053350,053350:2024-08-02,2024-08-05,2024-08-06,,,102,stop_gap,-74221.50219749997,-18.2739637447663,dip_50_50,3.0,False,1.0,406159.84158749995,331938.33939
development_2023_2024,breakout,10,ticker_ascending,dip_3pct,A_baseline,1000000,246250,246250:2024-08-09,2024-08-12,2024-08-14,,,162,stop_intraday,-53113.948680592934,-7.181368650418407,dip_50_50,3.0,True,2.0,739607.6049862499,686493.656305657
development_2023_2024,breakout,10,ticker_ascending,dip_3pct,A_baseline,1000000,000080,000080:2024-08-19,2024-08-20,2024-08-29,,,31,stop_intraday,-37149.4118238996,-5.478172119027313,dip_50_50,3.0,True,2.0,678135.1702124999,640985.7583886003
development_2023_2024,breakout,10,ticker_ascending,dip_3pct,A_baseline,1000000,064850,064850:2024-08-29,2024-08-30,2024-09-02,,,33,take_intraday,47129.49358780158,14.712801648763406,dip_50_50,3.0,False,1.0,320329.8373275,367459.3309153016
development_2023_2024,breakout,10,ticker_ascending,dip_3pct,A_baseline,1000000,064850,064850:2024-09-02,2024-09-03,2024-09-04,,,30,stop_gap,-30534.02204999997,-8.999308543826412,dip_50_50,3.0,False,1.0,339292.97902499995,308758.956975
development_2023_2024,breakout,10,ticker_ascending,dip_3pct,A_baseline,1000000,064850,064850:2024-09-05,2024-09-06,2024-09-13,,,24,stop_intraday,-23334.43166974926,-7.232256057956555,dip_50_50,3.0,False,1.0,322643.88155999995,299309.4498902507
development_2023_2024,breakout,10,ticker_ascending,dip_3pct,A_baseline,1000000,064850,064850:2024-09-19,2024-09-20,2024-09-23,,,16,take_gap,60419.84620000003,19.68480777578916,dip_50_50,3.0,False,1.0,306936.4298,367356.276
development_2023_2024,breakout,10,ticker_ascending,dip_3pct,A_baseline,1000000,064850,064850:2024-09-20,2024-09-23,2024-09-24,,,15,take_gap,230137.11131250003,66.58982693657775,dip_50_50,3.0,False,1.0,345604.00875,575741.1200625
development_2023_2024,breakout,10,ticker_ascending,dip_3pct,A_baseline,1000000,064850,064850:2024-09-23,2024-09-24,2024-09-26,,,12,stop_gap,-131587.14765,-28.4692618286701,dip_50_50,3.0,False,1.0,462207.79605,330620.6484
development_2023_2024,breakout,10,ticker_ascending,dip_3pct,A_baseline,1000000,064850,064850:2024-09-24,2024-09-26,2024-09-27,,,14,stop_gap,-86603.01405,-22.373617704022074,dip_50_50,3.0,False,1.0,387076.4898,300473.47575
development_2023_2024,breakout,10,ticker_ascending,dip_3pct,A_baseline,1000000,081580,081580:2024-09-30,2024-10-02,2024-10-18,,,76,time_open,11659.16969000001,3.289839186225163,dip_50_50,3.0,False,1.0,354399.380335,366058.550025
development_2023_2024,breakout,10,ticker_ascending,dip_3pct,A_baseline,1000000,015360,015360:2024-10-18,2024-10-21,2024-11-04,,,37,time_open,17595.08665250003,4.950070707504461,dip_50_50,3.0,False,1.0,355451.21862249996,373046.305275
development_2023_2024,breakout,10,ticker_ascending,dip_3pct,A_baseline,1000000,003530,003530:2024-11-11,2024-11-12,2024-11-13,,,80,stop_gap,-37230.62699999998,-10.055616719936655,dip_50_50,3.0,False,1.0,370247.0772,333016.4502
development_2023_2024,breakout,10,ticker_ascending,dip_3pct,A_baseline,1000000,127120,127120:2024-11-12,2024-11-13,2024-11-14,,,182,stop_intraday,-35978.00780381309,-5.091780648188749,dip_50_50,3.0,True,2.0,706589.9002662499,670611.8924624368
development_2023_2024,breakout,10,ticker_ascending,dip_3pct,A_baseline,1000000,016090,016090:2024-11-20,2024-11-21,2024-12-05,,,153,time_open,-406.40567625005497,-0.1213548720538804,dip_50_50,3.0,False,1.0,334890.28447875,334483.87880249997
development_2023_2024,breakout,10,ticker_ascending,dip_3pct,A_baseline,1000000,015020,015020:2024-12-06,2024-12-09,2024-12-10,,,135,take_gap,257309.04669749993,76.96852157202281,dip_50_50,3.0,False,1.0,334304.26029,591613.3069874999
development_2023_2024,breakout,10,ticker_ascending,dip_3pct,A_baseline,1000000,015020,015020:2024-12-09,2024-12-10,2024-12-11,,,105,take_gap,94817.69744999992,20.53411118047719,dip_50_50,3.0,False,1.0,461757.00821249996,556574.7056624999
development_2023_2024,breakout,10,ticker_ascending,dip_3pct,A_baseline,1000000,015020,015020:2024-12-10,2024-12-11,2024-12-12,,,96,stop_gap,-55450.12031999999,-10.858680690205347,dip_50_50,3.0,False,1.0,510652.46232,455202.342
development_2023_2024,breakout,10,ticker_ascending,dip_3pct,A_baseline,1000000,016090,016090:2024-12-11,2024-12-12,2024-12-27,,,217,time_open,8058.031073749997,1.666017321298341,dip_50_50,3.0,False,1.0,483670.30586875,491728.33694249997
development_2023_2024,breakout,10,ticker_ascending,dip_3pct,A_baseline,1000000,015360,015360:2024-12-26,2024-12-27,2024-12-30,,,92,stop_intraday,-48177.74895013089,-4.9764645980964195,dip_50_50,3.0,True,2.0,968111.959815,919934.2108648691
development_2023_2024,breakout,10,factor_rank,all_in,A_baseline,1000000,073640,073640:2023-01-06,2023-01-09,2023-01-11,2202.2,2045.9979539999997,453,stop_intraday,-72202.85209287156,-7.232256057956543,,,,,,
development_2023_2024,breakout,10,factor_rank,all_in,A_baseline,1000000,105560,105560:2023-01-16,2023-01-17,2023-01-31,60560.49999999999,56264.94373499999,15,stop_intraday,-65747.63021701877,-7.232256057956532,,,,,,
development_2023_2024,breakout,10,factor_rank,all_in,A_baseline,1000000,028670,028670:2023-02-01,2023-02-02,2023-02-07,6356.349999999999,5905.494094499999,135,stop_intraday,-62107.05895706813,-7.232256057956532,,,,,,
development_2023_2024,breakout,10,factor_rank,all_in,A_baseline,1000000,105630,105630:2023-02-07,2023-02-08,2023-02-22,17377.359999999997,17482.5,45,time_open,3554.779725000146,0.4542456568356723,,,,,,
development_2023_2024,breakout,10,factor_rank,all_in,A_baseline,1000000,058860,058860:2023-02-21,2023-02-22,2023-02-27,4389.384999999999,4078.045921949999,182,stop_intraday,-57819.51652594621,-7.232256057956543,,,,,,
development_2023_2024,breakout,10,factor_rank,all_in,A_baseline,1000000,001460,001460:2023-03-02,2023-03-03,2023-03-09,55054.99999999999,51149.948849999986,13,stop_intraday,-51801.163201287505,-7.232256057956532,,,,,,
development_2023_2024,breakout,10,factor_rank,all_in,A_baseline,1000000,115500,115500:2023-03-09,2023-03-10,2023-03-13,9799.789999999999,11848.14,70,take_gap,142247.98367500002,20.720761456807992,,,,,,
development_2023_2024,breakout,10,factor_rank,all_in,A_baseline,1000000,115500,115500:2023-03-10,2023-03-13,2023-03-14,11871.859999999999,10529.46,70,stop_gap,-95144.06930000009,-11.440350149303269,,,,,,
development_2023_2024,breakout,10,factor_rank,all_in,A_baseline,1000000,000850,000850:2023-03-17,2023-03-20,2023-03-24,37637.6,34967.96503199999,19,stop_intraday,-51757.693693706184,-7.232256057956555,,,,,,
development_2023_2024,breakout,10,factor_rank,all_in,A_baseline,1000000,115500,115500:2023-03-24,2023-03-27,2023-03-28,12292.279999999999,11420.3885796,56,stop_intraday,-49821.85162274318,-7.232256057956532,,,,,,
development_2023_2024,breakout,10,factor_rank,all_in,A_baseline,1000000,265520,265520:2023-03-28,2023-03-29,2023-04-06,23022.999999999996,21389.978609999995,27,stop_intraday,-44990.94034685253,-7.232256057956543,,,,,,
development_2023_2024,breakout,10,factor_rank,all_in,A_baseline,1000000,008260,008260:2023-04-06,2023-04-07,2023-04-10,6576.57,6110.093889899999,90,stop_intraday,-42839.199721568264,-7.232256057956532,,,,,,
development_2023_2024,breakout,10,factor_rank,all_in,A_baseline,1000000,126640,126640:2023-04-11,2023-04-12,2023-04-13,1766.7649999999999,2052.945,311,take_gap,88111.03264250001,16.02380001484356,,,,,,
development_2023_2024,breakout,10,factor_rank,all_in,A_baseline,1000000,000430,000430:2023-04-12,2023-04-13,2023-04-27,3913.9099999999994,4015.98,163,time_open,15667.980947499978,2.454081585717516,,,,,,
development_2023_2024,breakout,10,factor_rank,all_in,A_baseline,1000000,011230,011230:2023-04-26,2023-04-27,2023-04-28,5244.239,7320.672,124,take_gap,256309.15527700004,39.38531828133334,,,,,,
development_2023_2024,breakout,10,factor_rank,all_in,A_baseline,1000000,011230,011230:2023-04-27,2023-04-28,2023-05-02,7335.3279999999995,8427.191572799999,124,take_intraday,133925.16870692943,14.712801648763406,,,,,,
development_2023_2024,breakout,10,factor_rank,all_in,A_baseline,1000000,011230,011230:2023-05-02,2023-05-04,2023-05-08,12122.109999999999,11262.288737699997,86,stop_intraday,-75452.92227638187,-7.232256057956555,,,,,,
development_2023_2024,breakout,10,factor_rank,all_in,A_baseline,1000000,000850,000850:2023-05-10,2023-05-11,2023-05-15,39789.74999999999,36967.46303249999,24,stop_intraday,-69116.51705458516,-7.232256057956555,,,,,,
development_2023_2024,breakout,10,factor_rank,all_in,A_baseline,1000000,002700,002700:2023-05-15,2023-05-16,2023-05-17,2237.2349999999997,2078.5479214499996,402,stop_intraday,-65093.41412791738,-7.232256057956555,,,,,,
development_2023_2024,breakout,10,factor_rank,all_in,A_baseline,1000000,168360,168360:2023-05-19,2023-05-22,2023-06-07,6586.579999999999,6943.05,126,time_open,43636.66996500024,5.254065540499675,,,,,,
development_2023_2024,breakout,10,factor_rank,all_in,A_baseline,1000000,036620,036620:2023-06-05,2023-06-07,2023-06-09,3908.9049999999997,4490.745509249999,224,take_intraday,128921.13278644567,14.712801648763385,,,,,,
development_2023_2024,breakout,10,factor_rank,all_in,A_baseline,1000000,171120,171120:2023-06-09,2023-06-12,2023-06-14,6206.199999999999,5765.994233999999,162,stop_intraday,-72767.95569143095,-7.232256057956532,,,,,,
development_2023_2024,breakout,10,factor_rank,all_in,A_baseline,1000000,204320,204320:2023-06-15,2023-06-16,2023-06-30,49449.399999999994,52447.5,18,time_open,52590.19185000006,5.903990158056693,,,,,,
development_2023_2024,breakout,10,factor_rank,all_in,A_baseline,1000000,003030,003030:2023-06-29,2023-06-30,2023-07-07,204203.99999999997,189719.81027999998,4,stop_intraday,-59118.53031084011,-7.232256057956543,,,,,,
development_2023_2024,breakout,10,factor_rank,all_in,A_baseline,1000000,036620,036620:2023-07-07,2023-07-10,2023-07-17,4674.669999999999,4343.095656899998,198,stop_intraday,-66990.8581338498,-7.232256057956555,,,,,,
development_2023_2024,breakout,10,factor_rank,all_in,A_baseline,1000000,043910,043910:2023-07-17,2023-07-18,2023-07-19,14884.869999999999,13829.086170899998,57,stop_intraday,-61407.19988500606,-7.232256057956543,,,,,,
development_2023_2024,breakout,10,factor_rank,all_in,A_baseline,1000000,001740,001740:2023-07-19,2023-07-20,2023-08-03,5815.8099999999995,6013.98,137,time_open,25933.779077499872,3.252441029830866,,,,,,
development_2023_2024,breakout,10,factor_rank,all_in,A_baseline,1000000,326030,326030:2023-08-02,2023-08-03,2023-08-18,92692.59999999999,89210.7,8,time_open,-28946.619799999986,-3.9006520080110074,,,,,,
development_2023_2024,breakout,10,factor_rank,all_in,A_baseline,1000000,149980,149980:2023-08-17,2023-08-18,2023-08-21,15538.522999999997,17851.432148549997,51,take_intraday,116681.20079161797,14.71280164876343,,,,,,
development_2023_2024,breakout,10,factor_rank,all_in,A_baseline,1000000,149980,149980:2023-08-21,2023-08-22,2023-08-23,19931.911999999997,18343.638,45,stop_gap,-72764.12981249986,-8.106441749658,,,,,,
development_2023_2024,breakout,10,factor_rank,all_in,A_baseline,1000000,026890,026890:2023-08-25,2023-08-28,2023-09-06,7757.749999999999,7207.492792499998,108,stop_intraday,-60639.96307619254,-7.232256057956543,,,,,,
development_2023_2024,breakout,10,factor_rank,all_in,A_baseline,1000000,003570,003570:2023-09-06,2023-09-07,2023-09-21,11411.4,11438.55,68,time_open,680.8525499998359,0.08767577794752679,,,,,,
development_2023_2024,breakout,10,factor_rank,all_in,A_baseline,1000000,220100,220100:2023-10-10,2023-10-11,2023-10-12,12127.114999999998,11266.938733049998,64,stop_intraday,-56174.195663986495,-7.232256057956543,,,,,,
development_2023_2024,breakout,10,factor_rank,all_in,A_baseline,1000000,105630,105630:2023-10-31,2023-11-01,2023-11-02,23022.999999999996,21389.978609999995,31,stop_intraday,-51656.26484268252,-7.232256057956532,,,,,,
development_2023_2024,breakout,10,factor_rank,all_in,A_baseline,1000000,105630,105630:2023-11-09,2023-11-10,2023-11-15,23723.699999999997,22040.977958999996,28,stop_intraday,-48077.27538513893,-7.232256057956521,,,,,,
development_2023_2024,breakout,10,factor_rank,all_in,A_baseline,1000000,003570,003570:2023-11-17,2023-11-20,2023-11-21,15355.339999999998,14266.185733799997,40,stop_intraday,-44454.81642001413,-7.232256057956555,,,,,,
development_2023_2024,breakout,10,factor_rank,all_in,A_baseline,1000000,279600,279600:2023-12-11,2023-12-12,2023-12-20,16237.220999999998,18654.131345849997,35,take_intraday,83675.96410567139,14.71280164876343,,,,,,
development_2023_2024,breakout,10,factor_rank,all_in,A_baseline,1000000,279600,279600:2023-12-20,2023-12-21,2023-12-22,18636.618,21410.678589299998,35,take_intraday,96040.87909003068,14.712801648763385,,,,,,
development_2023_2024,breakout,10,factor_rank,all_in,A_baseline,1000000,279600,279600:2023-12-22,2023-12-26,2024-01-02,21739.717999999997,20197.71980226,34,stop_intraday,-53497.343387117726,-7.232256057956543,,,,,,
development_2023_2024,breakout,10,factor_rank,all_in,A_baseline,1000000,326030,326030:2024-01-02,2024-01-03,2024-01-04,103403.29999999999,96068.903931,6,stop_intraday,-44904.00133168942,-7.232256057956521,,,,,,
development_2023_2024,breakout,10,factor_rank,all_in,A_baseline,1000000,004540,004540:2024-01-10,2024-01-11,2024-01-12,3088.0849999999996,2869.0471309499994,214,stop_intraday,-47830.223683717544,-7.232256057956543,,,,,,
development_2023_2024,breakout,10,factor_rank,all_in,A_baseline,1000000,131370,131370:2024-01-18,2024-01-19,2024-01-30,5285.28,4910.3950896,116,stop_intraday,-44373.6733391952,-7.232256057956532,,,,,,
development_2023_2024,breakout,10,factor_rank,all_in,A_baseline,1000000,163560,163560:2024-02-05,2024-02-06,2024-02-22,6656.65,6643.35,85,time_open,-1978.375,-0.3493883084190408,,,,,,
development_2023_2024,breakout,10,factor_rank,all_in,A_baseline,1000000,001130,001130:2024-02-23,2024-02-26,2024-03-12,14234.219999999998,13826.16,39,time_open,-16735.106114999973,-3.012344176407833,,,,,,
development_2023_2024,breakout,10,factor_rank,all_in,A_baseline,1000000,015860,015860:2024-03-18,2024-03-19,2024-04-02,4524.5199999999995,4405.59,121,time_open,-15200.937482499983,-2.774513814187596,,,,,,
development_2023_2024,breakout,10,factor_rank,all_in,A_baseline,1000000,014830,014830:2024-04-03,2024-04-04,2024-04-19,85485.4,83116.8,6,time_open,-14970.309899999935,-2.9165000850171263,,,,,,
development_2023_2024,breakout,10,factor_rank,all_in,A_baseline,1000000,265520,265520:2024-04-18,2024-04-19,2024-05-07,32532.499999999996,34265.7,16,time_open,26929.621600000013,5.169722492960838,,,,,,
development_2023_2024,breakout,10,factor_rank,all_in,A_baseline,1000000,014830,014830:2024-05-07,2024-05-08,2024-05-23,104304.19999999998,116783.1,5,time_open,61565.42262500012,11.796127703894598,,,,,,
development_2023_2024,breakout,10,factor_rank,all_in,A_baseline,1000000,026890,026890:2024-05-22,2024-05-23,2024-05-27,10880.869999999999,10109.089890899999,56,stop_intraday,-44101.264425017755,-7.232256057956521,,,,,,
development_2023_2024,breakout,10,factor_rank,all_in,A_baseline,1000000,094280,094280:2024-05-27,2024-05-28,2024-06-05,13953.939999999999,12964.187035799998,40,stop_intraday,-40397.662379074085,-7.232256057956543,,,,,,
development_2023_2024,breakout,10,factor_rank,all_in,A_baseline,1000000,204320,204320:2024-06-05,2024-06-07,2024-06-11,49048.99999999999,45569.95442999999,10,stop_intraday,-35500.097858225054,-7.232256057956543,,,,,,
development_2023_2024,breakout,10,factor_rank,all_in,A_baseline,1000000,081580,081580:2024-06-11,2024-06-12,2024-06-24,3173.1699999999996,3645.496354499999,154,take_intraday,71950.70262905513,14.712801648763406,,,,,,
development_2023_2024,breakout,10,factor_rank,all_in,A_baseline,1000000,003570,003570:2024-06-24,2024-06-25,2024-07-01,22021.999999999996,20459.979539999997,25,stop_intraday,-39847.04861637496,-7.232256057956532,,,,,,
development_2023_2024,breakout,10,factor_rank,all_in,A_baseline,1000000,081580,081580:2024-07-02,2024-07-03,2024-07-16,3918.9149999999995,3640.9463590499995,133,stop_intraday,-37723.92541691533,-7.232256057956555,,,,,,
development_2023_2024,breakout,10,factor_rank,all_in,A_baseline,1000000,006360,006360:2024-07-16,2024-07-17,2024-07-31,17677.66,19480.5,27,time_open,47924.227259999956,10.033234880284736,,,,,,
development_2023_2024,breakout,10,factor_rank,all_in,A_baseline,1000000,053350,053350:2024-08-02,2024-08-05,2024-08-06,3978.9749999999995,3256.74,133,stop_gap,-96779.01757124998,-18.2739637447663,,,,,,
development_2023_2024,breakout,10,factor_rank,all_in,A_baseline,1000000,246250,246250:2024-08-09,2024-08-12,2024-08-14,4564.5599999999995,4240.795759199998,95,stop_intraday,-31384.984473843127,-7.232256057956565,,,,,,
development_2023_2024,breakout,10,factor_rank,all_in,A_baseline,1000000,000080,000080:2024-08-19,2024-08-20,2024-08-29,22272.249999999996,20692.479307499994,18,stop_intraday,-29015.896310651267,-7.232256057956543,,,,,,
development_2023_2024,breakout,10,factor_rank,all_in,A_baseline,1000000,064850,064850:2024-08-29,2024-08-30,2024-09-02,9699.689999999999,11143.488856499998,38,take_intraday,54270.325949589664,14.712801648763406,,,,,,
development_2023_2024,breakout,10,factor_rank,all_in,A_baseline,1000000,064850,064850:2024-09-02,2024-09-03,2024-09-04,11301.289999999999,10299.69,37,stop_gap,-37658.62719499995,-8.999308543826402,,,,,,
development_2023_2024,breakout,10,factor_rank,all_in,A_baseline,1000000,064850,064850:2024-09-05,2024-09-06,2024-09-13,13433.419999999998,12480.587519399998,29,stop_intraday,-28195.77160094696,-7.232256057956532,,,,,,
development_2023_2024,breakout,10,factor_rank,all_in,A_baseline,1000000,064850,064850:2024-09-19,2024-09-20,2024-09-23,19169.149999999998,22977.0,18,take_gap,67972.32697499997,19.68480777578914,,,,,,
development_2023_2024,breakout,10,factor_rank,all_in,A_baseline,1000000,064850,064850:2024-09-20,2024-09-23,2024-09-24,23022.999999999996,38411.55,18,take_gap,276164.53357500007,66.58982693657775,,,,,,
development_2023_2024,breakout,10,factor_rank,all_in,A_baseline,1000000,064850,064850:2024-09-23,2024-09-24,2024-09-26,38488.45,27572.4,18,stop_gap,-197380.72147500003,-28.4692618286701,,,,,,
development_2023_2024,breakout,10,factor_rank,all_in,A_baseline,1000000,081580,081580:2024-09-25,2024-09-26,2024-09-27,4569.565,4245.445754549999,111,stop_intraday,-36711.085890266404,-7.232256057956555,,,,,,
development_2023_2024,breakout,10,factor_rank,all_in,A_baseline,1000000,220100,220100:2024-09-30,2024-10-02,2024-10-04,21841.819999999996,19581.399,21,stop_gap,-48121.25669924996,-10.48342622517513,,,,,,
development_2023_2024,breakout,10,factor_rank,all_in,A_baseline,1000000,081580,081580:2024-10-04,2024-10-07,2024-10-10,4894.889999999999,4547.695452299999,86,stop_intraday,-30467.77786387346,-7.232256057956555,,,,,,
development_2023_2024,breakout,10,factor_rank,all_in,A_baseline,1000000,220100,220100:2024-10-11,2024-10-14,2024-10-21,23456.432999999997,21792.66820731,16,stop_intraday,-27163.225897527707,-7.232256057956532,,,,,,
development_2023_2024,breakout,10,factor_rank,all_in,A_baseline,1000000,015360,015360:2024-10-22,2024-10-23,2024-11-06,10050.039999999999,10089.9,36,time_open,891.1816199999885,0.24613327539519947,,,,,,
development_2023_2024,breakout,10,factor_rank,all_in,A_baseline,1000000,003530,003530:2024-11-11,2024-11-12,2024-11-13,4624.62,4165.83,79,stop_gap,-36765.24416250002,-10.055616719936666,,,,,,
development_2023_2024,breakout,10,factor_rank,all_in,A_baseline,1000000,127120,127120:2024-11-12,2024-11-13,2024-11-14,3968.9649999999997,3687.446312549999,83,stop_intraday,-23842.66266255628,-7.232256057956543,,,,,,
development_2023_2024,breakout,10,factor_rank,all_in,A_baseline,1000000,016090,016090:2024-11-20,2024-11-21,2024-12-05,2187.185,2187.81,140,time_open,-371.8744750000187,-0.1213548720538693,,,,,,
development_2023_2024,breakout,10,factor_rank,all_in,A_baseline,1000000,015020,015020:2024-12-06,2024-12-09,2024-12-10,2474.4719999999998,4385.61,124,take_gap,236343.124374,76.96852157202284,,,,,,
development_2023_2024,breakout,10,factor_rank,all_in,A_baseline,1000000,015020,015020:2024-12-09,2024-12-10,2024-12-11,4394.389999999999,5304.69,123,take_gap,111072.15986999997,20.53411118047719,,,,,,
development_2023_2024,breakout,10,factor_rank,all_in,A_baseline,1000000,015020,015020:2024-12-10,2024-12-11,2024-12-12,5315.3099999999995,4745.25,123,stop_gap,-71045.46665999992,-10.858680690205336,,,,,,
development_2023_2024,breakout,10,factor_rank,all_in,A_baseline,1000000,115500,115500:2024-12-11,2024-12-12,2024-12-13,9279.269999999999,10660.489339499998,62,take_intraday,84708.40023971314,14.712801648763406,,,,,,
development_2023_2024,breakout,10,factor_rank,all_in,A_baseline,1000000,015360,015360:2024-12-17,2024-12-18,2024-12-27,10650.64,9895.190104799998,62,stop_intraday,-47793.274602273246,-7.232256057956543,,,,,,
development_2023_2024,breakout,10,factor_rank,all_in,A_baseline,1000000,115500,115500:2024-12-27,2024-12-30,2025-01-06,13793.779999999999,15846.984152999998,44,take_intraday,89362.8375149509,14.712801648763406,,,,,,
development_2023_2024,breakout,10,factor_rank,cash_half,A_baseline,1000000,073640,073640:2023-01-06,2023-01-09,2023-01-11,,,226,stop_intraday,-36021.731949203066,-7.232256057956543,cash_50_no_add,3.0,False,1.0,498070.4729,462048.7409507969
development_2023_2024,breakout,10,factor_rank,cash_half,A_baseline,1000000,105560,105560:2023-01-16,2023-01-17,2023-01-31,,,7,stop_intraday,-30682.227434608794,-7.232256057956543,cash_50_no_add,3.0,False,1.0,424241.44262499997,393559.2151903912
development_2023_2024,breakout,10,factor_rank,cash_half,A_baseline,1000000,028670,028670:2023-02-01,2023-02-02,2023-02-07,,,73,stop_intraday,-33583.81706567394,-7.232256057956543,cash_50_no_add,3.0,False,1.0,464361.5601625,430777.7430968261
development_2023_2024,breakout,10,factor_rank,cash_half,A_baseline,1000000,105630,105630:2023-02-07,2023-02-08,2023-02-22,,,25,time_open,1974.8776250000228,0.4542456568356501,cash_50_no_add,3.0,False,1.0,434759.8255,436734.703125
development_2023_2024,breakout,10,factor_rank,cash_half,A_baseline,1000000,058860,058860:2023-02-21,2023-02-22,2023-02-27,,,102,stop_intraday,-32404.34442662919,-7.232256057956543,cash_50_no_add,3.0,False,1.0,448053.0579524999,415648.7135258707
development_2023_2024,breakout,10,factor_rank,cash_half,A_baseline,1000000,001460,001460:2023-03-02,2023-03-03,2023-03-09,,,7,stop_intraday,-27892.93403146253,-7.232256057956543,cash_50_no_add,3.0,False,1.0,385674.03874999995,357781.1047185374
development_2023_2024,breakout,10,factor_rank,cash_half,A_baseline,1000000,115500,115500:2023-03-09,2023-03-10,2023-03-13,,,42,take_gap,85348.79020500008,20.720761456808013,cash_50_no_add,3.0,False,1.0,411899.8733849999,497248.66359
development_2023_2024,breakout,10,factor_rank,cash_half,A_baseline,1000000,115500,115500:2023-03-10,2023-03-13,2023-03-14,,,39,stop_gap,-53008.83860999998,-11.440350149303258,cash_50_no_add,3.0,False,1.0,463349.791905,410340.953295
development_2023_2024,breakout,10,factor_rank,cash_half,A_baseline,1000000,000850,000850:2023-03-17,2023-03-20,2023-03-24,,,11,stop_intraday,-29964.98055951408,-7.232256057956555,cash_50_no_add,3.0,False,1.0,414324.1102,384359.1296404859
development_2023_2024,breakout,10,factor_rank,cash_half,A_baseline,1000000,115500,115500:2023-03-24,2023-03-27,2023-03-28,,,34,stop_intraday,-30248.98134237982,-7.232256057956543,cash_50_no_add,3.0,False,1.0,418250.97313999996,388001.99179762014
development_2023_2024,breakout,10,factor_rank,cash_half,A_baseline,1000000,265520,265520:2023-03-28,2023-03-29,2023-04-06,,,17,stop_intraday,-28327.62910727749,-7.232256057956532,cash_50_no_add,3.0,False,1.0,391684.54324999993,363356.91414272244
development_2023_2024,breakout,10,factor_rank,cash_half,A_baseline,1000000,008260,008260:2023-04-06,2023-04-07,2023-04-10,,,59,stop_intraday,-28083.475373028137,-7.232256057956555,cash_50_no_add,3.0,False,1.0,388308.6432225,360225.16784947185
development_2023_2024,breakout,10,factor_rank,cash_half,A_baseline,1000000,126640,126640:2023-04-11,2023-04-12,2023-04-13,,,214,take_gap,60629.456544999965,16.02380001484356,cash_50_no_add,3.0,False,1.0,378371.2757825,439000.73232749995
development_2023_2024,breakout,10,factor_rank,cash_half,A_baseline,1000000,000430,000430:2023-04-12,2023-04-13,2023-04-27,,,104,time_open,9996.748580000014,2.454081585717516,cash_50_no_add,3.0,False,1.0,407351.92497999995,417348.67355999997
development_2023_2024,breakout,10,factor_rank,cash_half,A_baseline,1000000,011230,011230:2023-04-26,2023-04-27,2023-04-28,,,78,take_gap,161226.72670649993,39.38531828133331,cash_50_no_add,3.0,False,1.0,409357.4299815,570584.156688
development_2023_2024,breakout,10,factor_rank,cash_half,A_baseline,1000000,011230,011230:2023-04-27,2023-04-28,2023-05-02,,,67,take_intraday,72362.7927690667,14.712801648763406,cash_50_no_add,3.0,False,1.0,491835.57623199996,564198.3690010667
development_2023_2024,breakout,10,factor_rank,cash_half,A_baseline,1000000,011230,011230:2023-05-02,2023-05-04,2023-05-08,,,43,stop_intraday,-37726.461138190934,-7.232256057956555,cash_50_no_add,3.0,False,1.0,521641.66804749996,483915.206909309
development_2023_2024,breakout,10,factor_rank,cash_half,A_baseline,1000000,000850,000850:2023-05-10,2023-05-11,2023-05-15,,,12,stop_intraday,-34558.25852729258,-7.232256057956555,cash_50_no_add,3.0,False,1.0,477835.1077499999,443276.84922270733
development_2023_2024,breakout,10,factor_rank,cash_half,A_baseline,1000000,002700,002700:2023-05-15,2023-05-16,2023-05-17,,,220,stop_intraday,-35623.26146303932,-7.232256057956543,cash_50_no_add,3.0,False,1.0,492560.84377499996,456937.58231196064
development_2023_2024,breakout,10,factor_rank,cash_half,A_baseline,1000000,168360,168360:2023-05-19,2023-05-22,2023-06-07,,,72,time_open,24935.239979999955,5.254065540499631,cash_50_no_add,3.0,False,1.0,474589.43532,499524.67529999994
development_2023_2024,breakout,10,factor_rank,cash_half,A_baseline,1000000,036620,036620:2023-06-05,2023-06-07,2023-06-09,,,125,take_intraday,71942.5964210077,14.712801648763406,cash_50_no_add,3.0,False,1.0,488979.58484374994,560922.1812647576
development_2023_2024,breakout,10,factor_rank,cash_half,A_baseline,1000000,171120,171120:2023-06-09,2023-06-12,2023-06-14,,,84,stop_intraday,-37731.53258074209,-7.232256057956555,cash_50_no_add,3.0,False,1.0,521711.79059999995,483980.25801925786
development_2023_2024,breakout,10,factor_rank,cash_half,A_baseline,1000000,204320,204320:2023-06-15,2023-06-16,2023-06-30,,,10,time_open,29216.773250000027,5.903990158056693,cash_50_no_add,3.0,False,1.0,494864.87049999996,524081.64375
development_2023_2024,breakout,10,factor_rank,cash_half,A_baseline,1000000,003030,003030:2023-06-29,2023-06-30,2023-07-07,,,2,stop_intraday,-29559.265155420057,-7.232256057956543,cash_50_no_add,3.0,False,1.0,408714.306,379155.0408445799
development_2023_2024,breakout,10,factor_rank,cash_half,A_baseline,1000000,036620,036620:2023-07-07,2023-07-10,2023-07-17,,,108,stop_intraday,-36540.46807300899,-7.232256057956555,cash_50_no_add,3.0,False,1.0,505243.00826999993,468702.54019699094
development_2023_2024,breakout,10,factor_rank,cash_half,A_baseline,1000000,043910,043910:2023-07-17,2023-07-18,2023-07-19,,,32,stop_intraday,-34474.217479301675,-7.232256057956543,cash_50_no_add,3.0,False,1.0,476673.07688,442198.85940069833
development_2023_2024,breakout,10,factor_rank,cash_half,A_baseline,1000000,001740,001740:2023-07-19,2023-07-20,2023-08-03,,,80,time_open,15143.812600000063,3.252441029830888,cash_50_no_add,3.0,False,1.0,465613.74859999993,480757.5612
development_2023_2024,breakout,10,factor_rank,cash_half,A_baseline,1000000,326030,326030:2023-08-02,2023-08-03,2023-08-18,,,5,time_open,-18091.637374999933,-3.9006520080109963,cash_50_no_add,3.0,False,1.0,463810.59724999993,445718.959875
development_2023_2024,breakout,10,factor_rank,cash_half,A_baseline,1000000,149980,149980:2023-08-17,2023-08-18,2023-08-21,,,30,take_intraday,68636.00046565762,14.71280164876343,cash_50_no_add,3.0,False,1.0,466505.30676749995,535141.3072331576
development_2023_2024,breakout,10,factor_rank,cash_half,A_baseline,1000000,149980,149980:2023-08-21,2023-08-22,2023-08-23,,,25,stop_gap,-40424.51656249992,-8.106441749658,cash_50_no_add,3.0,False,1.0,498671.5233499999,458247.0067875
development_2023_2024,breakout,10,factor_rank,cash_half,A_baseline,1000000,026890,026890:2023-08-25,2023-08-28,2023-09-06,,,62,stop_intraday,-34811.83065485128,-7.232256057956543,cash_50_no_add,3.0,False,1.0,481341.23537499993,446529.40472014865
development_2023_2024,breakout,10,factor_rank,cash_half,A_baseline,1000000,003570,003570:2023-09-06,2023-09-07,2023-09-21,,,40,time_open,400.50149999995483,0.087675777947549,cash_50_no_add,3.0,False,1.0,456798.342,457198.84349999996
development_2023_2024,breakout,10,factor_rank,cash_half,A_baseline,1000000,220100,220100:2023-10-10,2023-10-11,2023-10-12,,,38,stop_intraday,-33353.428675491945,-7.232256057956543,cash_50_no_add,3.0,False,1.0,461175.99277749995,427822.564102008
development_2023_2024,breakout,10,factor_rank,cash_half,A_baseline,1000000,105630,105630:2023-10-31,2023-11-01,2023-11-02,,,19,stop_intraday,-31660.291355192545,-7.232256057956543,cash_50_no_add,3.0,False,1.0,437765.07774999994,406104.7863948074
development_2023_2024,breakout,10,factor_rank,cash_half,A_baseline,1000000,105630,105630:2023-11-09,2023-11-10,2023-11-15,,,18,stop_intraday,-30906.819890446495,-7.232256057956532,cash_50_no_add,3.0,False,1.0,427346.86994999996,396440.05005955347
development_2023_2024,breakout,10,factor_rank,cash_half,A_baseline,1000000,003570,003570:2023-11-17,2023-11-20,2023-11-21,,,27,stop_intraday,-30007.001083509473,-7.232256057956543,cash_50_no_add,3.0,False,1.0,414905.12563499995,384898.1245514905
development_2023_2024,breakout,10,factor_rank,cash_half,A_baseline,1000000,279600,279600:2023-12-11,2023-12-12,2023-12-20,,,24,take_intraday,57377.8039581746,14.712801648763406,cash_50_no_add,3.0,False,1.0,389985.573978,447363.37793617457
development_2023_2024,breakout,10,factor_rank,cash_half,A_baseline,1000000,279600,279600:2023-12-20,2023-12-21,2023-12-22,,,23,take_intraday,63112.577687734505,14.712801648763406,cash_50_no_add,3.0,False,1.0,428963.6956605,492076.2733482345
development_2023_2024,breakout,10,factor_rank,cash_half,A_baseline,1000000,279600,279600:2023-12-22,2023-12-26,2024-01-02,,,21,stop_intraday,-33042.4767979256,-7.232256057956532,cash_50_no_add,3.0,False,1.0,456876.47855849995,423834.00176057435
development_2023_2024,breakout,10,factor_rank,cash_half,A_baseline,1000000,326030,326030:2024-01-02,2024-01-03,2024-01-04,,,4,stop_intraday,-29936.000887793023,-7.232256057956543,cash_50_no_add,3.0,False,1.0,413923.40989999997,383987.40901220695
development_2023_2024,breakout,10,factor_rank,cash_half,A_baseline,1000000,004540,004540:2024-01-10,2024-01-11,2024-01-12,,,139,stop_intraday,-31067.294822601543,-7.232256057956532,cash_50_no_add,3.0,False,1.0,429565.74786124995,398498.4530386484
development_2023_2024,breakout,10,factor_rank,cash_half,A_baseline,1000000,131370,131370:2024-01-18,2024-01-19,2024-01-30,,,78,stop_intraday,-29837.47000394168,-7.232256057956555,cash_50_no_add,3.0,False,1.0,412561.02888,382723.5588760583
development_2023_2024,breakout,10,factor_rank,cash_half,A_baseline,1000000,163560,163560:2024-02-05,2024-02-06,2024-02-22,,,60,time_open,-1396.5000000000582,-0.3493883084190519,cash_50_no_add,3.0,False,1.0,399698.54925000004,398302.04925
development_2023_2024,breakout,10,factor_rank,cash_half,A_baseline,1000000,001130,001130:2024-02-23,2024-02-26,2024-03-12,,,28,time_open,-12014.947979999939,-3.012344176407822,cash_50_no_add,3.0,False,1.0,398857.0786199999,386842.13064
development_2023_2024,breakout,10,factor_rank,cash_half,A_baseline,1000000,015860,015860:2024-03-18,2024-03-19,2024-04-02,,,87,time_open,-10929.599677499966,-2.774513814187596,cash_50_no_add,3.0,False,1.0,393928.46492999996,382998.8652525
development_2023_2024,breakout,10,factor_rank,cash_half,A_baseline,1000000,014830,014830:2024-04-03,2024-04-04,2024-04-19,,,4,time_open,-9980.206599999976,-2.9165000850171374,cash_50_no_add,3.0,False,1.0,342198.0562,332217.8496
development_2023_2024,breakout,10,factor_rank,cash_half,A_baseline,1000000,265520,265520:2024-04-18,2024-04-19,2024-05-07,,,11,time_open,18514.11485000007,5.16972249296086,cash_50_no_add,3.0,False,1.0,358125.89312499994,376640.007975
development_2023_2024,breakout,10,factor_rank,cash_half,A_baseline,1000000,014830,014830:2024-05-07,2024-05-08,2024-05-23,,,3,time_open,36939.25357499998,11.796127703894577,cash_50_no_add,3.0,False,1.0,313147.28445,350086.53802499996
development_2023_2024,breakout,10,factor_rank,cash_half,A_baseline,1000000,026890,026890:2024-05-22,2024-05-23,2024-05-27,,,37,stop_intraday,-29138.335423672455,-7.232256057956532,cash_50_no_add,3.0,False,1.0,402894.13414249994,373755.7987188275
development_2023_2024,breakout,10,factor_rank,cash_half,A_baseline,1000000,094280,094280:2024-05-27,2024-05-28,2024-06-05,,,28,stop_intraday,-28278.36366535182,-7.232256057956543,cash_50_no_add,3.0,False,1.0,391003.35273999994,362724.9890746481
development_2023_2024,breakout,10,factor_rank,cash_half,A_baseline,1000000,204320,204320:2024-06-05,2024-06-07,2024-06-11,,,7,stop_intraday,-24850.06850075751,-7.232256057956532,cash_50_no_add,3.0,False,1.0,343600.50724999997,318750.43874924246
development_2023_2024,breakout,10,factor_rank,cash_half,A_baseline,1000000,081580,081580:2024-06-11,2024-06-12,2024-06-24,,,116,take_intraday,54196.63314915844,14.712801648763406,cash_50_no_add,3.0,False,1.0,368363.78579,422560.41893915844
development_2023_2024,breakout,10,factor_rank,cash_half,A_baseline,1000000,003570,003570:2024-06-24,2024-06-25,2024-07-01,,,18,stop_intraday,-28689.875003790075,-7.232256057956555,cash_50_no_add,3.0,False,1.0,396693.29699999996,368003.4219962099
development_2023_2024,breakout,10,factor_rank,cash_half,A_baseline,1000000,081580,081580:2024-07-02,2024-07-03,2024-07-16,,,97,stop_intraday,-27512.938086020877,-7.232256057956532,cash_50_no_add,3.0,False,1.0,380419.85606624995,352906.9179802291
development_2023_2024,breakout,10,factor_rank,cash_half,A_baseline,1000000,006360,006360:2024-07-16,2024-07-17,2024-07-31,,,20,time_open,35499.42759999994,10.033234880284736,cash_50_no_add,3.0,False,1.0,353818.36490000004,389317.7925
development_2023_2024,breakout,10,factor_rank,cash_half,A_baseline,1000000,053350,053350:2024-08-02,2024-08-05,2024-08-06,,,97,stop_gap,-70583.1932662499,-18.273963744766274,cash_50_no_add,3.0,False,1.0,386250.04543124995,315666.85216500005
development_2023_2024,breakout,10,factor_rank,cash_half,A_baseline,1000000,246250,246250:2024-08-09,2024-08-12,2024-08-14,,,77,stop_intraday,-25438.355836693838,-7.232256057956543,cash_50_no_add,3.0,False,1.0,351734.72333999997,326296.36750330613
development_2023_2024,breakout,10,factor_rank,cash_half,A_baseline,1000000,000080,000080:2024-08-19,2024-08-20,2024-08-29,,,15,stop_intraday,-24179.9135922094,-7.232256057956543,cash_50_no_add,3.0,False,1.0,334334.31281249993,310154.39922029054
development_2023_2024,breakout,10,factor_rank,cash_half,A_baseline,1000000,064850,064850:2024-08-29,2024-08-30,2024-09-02,,,33,take_intraday,47129.49358780158,14.712801648763406,cash_50_no_add,3.0,False,1.0,320329.8373275,367459.3309153016
development_2023_2024,breakout,10,factor_rank,cash_half,A_baseline,1000000,064850,064850:2024-09-02,2024-09-03,2024-09-04,,,31,stop_gap,-31551.822784999968,-8.999308543826412,cash_50_no_add,3.0,False,1.0,350602.7449925,319050.9222075
development_2023_2024,breakout,10,factor_rank,cash_half,A_baseline,1000000,064850,064850:2024-09-05,2024-09-06,2024-09-13,,,24,stop_intraday,-23334.43166974926,-7.232256057956555,cash_50_no_add,3.0,False,1.0,322643.88155999995,299309.4498902507
development_2023_2024,breakout,10,factor_rank,cash_half,A_baseline,1000000,064850,064850:2024-09-19,2024-09-20,2024-09-23,,,16,take_gap,60419.84620000003,19.68480777578916,cash_50_no_add,3.0,False,1.0,306936.4298,367356.276
development_2023_2024,breakout,10,factor_rank,cash_half,A_baseline,1000000,064850,064850:2024-09-20,2024-09-23,2024-09-24,,,15,take_gap,230137.11131250003,66.58982693657775,cash_50_no_add,3.0,False,1.0,345604.00875,575741.1200625
development_2023_2024,breakout,10,factor_rank,cash_half,A_baseline,1000000,064850,064850:2024-09-23,2024-09-24,2024-09-26,,,12,stop_gap,-131587.14765,-28.4692618286701,cash_50_no_add,3.0,False,1.0,462207.79605,330620.6484
development_2023_2024,breakout,10,factor_rank,cash_half,A_baseline,1000000,081580,081580:2024-09-25,2024-09-26,2024-09-27,,,88,stop_intraday,-29104.284309400362,-7.232256057956543,cash_50_no_add,3.0,False,1.0,402423.31129,373319.0269805996
development_2023_2024,breakout,10,factor_rank,cash_half,A_baseline,1000000,220100,220100:2024-09-30,2024-10-02,2024-10-04,,,17,stop_gap,-38955.30304224993,-10.48342622517512,cash_50_no_add,3.0,False,1.0,371589.42320499994,332634.12016275
development_2023_2024,breakout,10,factor_rank,cash_half,A_baseline,1000000,081580,081580:2024-10-04,2024-10-07,2024-10-10,,,75,stop_intraday,-26570.73650919192,-7.232256057956543,cash_50_no_add,3.0,False,1.0,367392.0875625,340821.35105330806
development_2023_2024,breakout,10,factor_rank,cash_half,A_baseline,1000000,220100,220100:2024-10-11,2024-10-14,2024-10-21,,,15,stop_intraday,-25465.524278932193,-7.232256057956521,cash_50_no_add,3.0,False,1.0,352110.37987124996,326644.85559231776
development_2023_2024,breakout,10,factor_rank,cash_half,A_baseline,1000000,015360,015360:2024-10-22,2024-10-23,2024-11-06,,,34,time_open,841.6715299999923,0.24613327539519947,cash_50_no_add,3.0,False,1.0,341957.63602,342799.30754999997
development_2023_2024,breakout,10,factor_rank,cash_half,A_baseline,1000000,003530,003530:2024-11-11,2024-11-12,2024-11-13,,,74,stop_gap,-34438.32997500006,-10.055616719936678,cash_50_no_add,3.0,False,1.0,342478.54641,308040.21643499995
development_2023_2024,breakout,10,factor_rank,cash_half,A_baseline,1000000,127120,127120:2024-11-12,2024-11-13,2024-11-14,,,82,stop_intraday,-23555.401666621794,-7.232256057956521,cash_50_no_add,3.0,False,1.0,325699.22134749993,302143.81968087814
development_2023_2024,breakout,10,factor_rank,cash_half,A_baseline,1000000,016090,016090:2024-11-20,2024-11-21,2024-12-05,,,143,time_open,-379.8432137500495,-0.1213548720538804,cash_50_no_add,3.0,False,1.0,313002.03059125005,312622.1873775
development_2023_2024,breakout,10,factor_rank,cash_half,A_baseline,1000000,015020,015020:2024-12-06,2024-12-09,2024-12-10,,,126,take_gap,240155.11025100003,76.96852157202285,cash_50_no_add,3.0,False,1.0,312017.30960399995,552172.419855
development_2023_2024,breakout,10,factor_rank,cash_half,A_baseline,1000000,015020,015020:2024-12-09,2024-12-10,2024-12-11,,,98,take_gap,88496.51762,20.53411118047721,cash_50_no_add,3.0,False,1.0,430973.207665,519469.725285
development_2023_2024,breakout,10,factor_rank,cash_half,A_baseline,1000000,015020,015020:2024-12-10,2024-12-11,2024-12-12,,,89,stop_gap,-51406.882379999966,-10.858680690205347,cash_50_no_add,3.0,False,1.0,473417.38694249996,422010.5045625
development_2023_2024,breakout,10,factor_rank,cash_half,A_baseline,1000000,115500,115500:2024-12-11,2024-12-12,2024-12-13,,,48,take_intraday,65580.69695977791,14.712801648763406,cash_50_no_add,3.0,False,1.0,445739.01372,511319.7106797779
development_2023_2024,breakout,10,factor_rank,cash_half,A_baseline,1000000,015360,015360:2024-12-17,2024-12-18,2024-12-27,,,45,stop_intraday,-34688.667050037126,-7.232256057956555,cash_50_no_add,3.0,False,1.0,479638.2591,444949.5920499629
development_2023_2024,breakout,10,factor_rank,cash_half,A_baseline,1000000,115500,115500:2024-12-27,2024-12-30,2025-01-06,,,33,take_intraday,67022.12813621317,14.712801648763406,cash_50_no_add,3.0,False,1.0,455536.136055,522558.2641912132
development_2023_2024,breakout,10,factor_rank,dip_3pct,A_baseline,1000000,073640,073640:2023-01-06,2023-01-09,2023-01-11,,,226,stop_intraday,-36021.731949203066,-7.232256057956543,dip_50_50,3.0,False,1.0,498070.4729,462048.7409507969
development_2023_2024,breakout,10,factor_rank,dip_3pct,A_baseline,1000000,105560,105560:2023-01-16,2023-01-17,2023-01-31,,,15,stop_intraday,-43308.41341701883,-4.884501607270996,dip_50_50,3.0,True,2.0,886649.588825,843341.1754079812
development_2023_2024,breakout,10,factor_rank,dip_3pct,A_baseline,1000000,028670,028670:2023-02-01,2023-02-02,2023-02-07,,,147,stop_intraday,-48844.85985741869,-5.330654222476805,dip_50_50,3.0,True,2.0,916301.4110249999,867456.5511675812
development_2023_2024,breakout,10,factor_rank,dip_3pct,A_baseline,1000000,105630,105630:2023-02-07,2023-02-08,2023-02-22,,,51,time_open,20437.42764000001,2.3477766286174706,dip_50_50,3.0,True,2.0,870501.3667349999,890938.7943749999
development_2023_2024,breakout,10,factor_rank,dip_3pct,A_baseline,1000000,058860,058860:2023-02-21,2023-02-22,2023-02-27,,,207,stop_intraday,-48241.137189482804,-5.409633356953581,dip_50_50,3.0,True,2.0,891763.52640375,843522.3892142671
development_2023_2024,breakout,10,factor_rank,dip_3pct,A_baseline,1000000,001460,001460:2023-03-02,2023-03-03,2023-03-09,,,7,stop_intraday,-27892.93403146253,-7.232256057956543,dip_50_50,3.0,False,1.0,385674.03874999995,357781.1047185374
development_2023_2024,breakout,10,factor_rank,dip_3pct,A_baseline,1000000,115500,115500:2023-03-09,2023-03-10,2023-03-13,,,41,take_gap,83316.67615250003,20.720761456808013,dip_50_50,3.0,False,1.0,402092.73354249995,485409.409695
development_2023_2024,breakout,10,factor_rank,dip_3pct,A_baseline,1000000,115500,115500:2023-03-10,2023-03-13,2023-03-14,,,37,stop_gap,-50290.43662999995,-11.440350149303246,dip_50_50,3.0,False,1.0,439588.26411499997,389297.827485
development_2023_2024,breakout,10,factor_rank,dip_3pct,A_baseline,1000000,000850,000850:2023-03-17,2023-03-20,2023-03-24,,,22,stop_intraday,-47808.77704402816,-5.855137052069271,dip_50_50,3.0,True,2.0,816527.036325,768718.2592809718
development_2023_2024,breakout,10,factor_rank,dip_3pct,A_baseline,1000000,115500,115500:2023-03-24,2023-03-27,2023-03-28,,,67,stop_intraday,-34013.55510042503,-4.259117414789493,dip_50_50,3.0,True,2.0,798605.7154075,764592.160307075
development_2023_2024,breakout,10,factor_rank,dip_3pct,A_baseline,1000000,265520,265520:2023-03-28,2023-03-29,2023-04-06,,,33,stop_intraday,-43068.093165597646,-5.754627691057457,dip_50_50,3.0,True,2.0,748407.985325,705339.8921594024
development_2023_2024,breakout,10,factor_rank,dip_3pct,A_baseline,1000000,008260,008260:2023-04-06,2023-04-07,2023-04-10,,,55,stop_intraday,-26179.510940958397,-7.232256057956543,dip_50_50,3.0,False,1.0,361982.6335125,335803.1225715416
development_2023_2024,breakout,10,factor_rank,dip_3pct,A_baseline,1000000,126640,126640:2023-04-11,2023-04-12,2023-04-13,,,197,take_gap,55813.0978475,16.02380001484356,dip_50_50,3.0,False,1.0,348313.74452874996,404126.84237624996
development_2023_2024,breakout,10,factor_rank,dip_3pct,A_baseline,1000000,000430,000430:2023-04-12,2023-04-13,2023-04-27,,,96,time_open,9227.767920000013,2.454081585717516,dip_50_50,3.0,False,1.0,376017.16151999997,385244.92944
development_2023_2024,breakout,10,factor_rank,dip_3pct,A_baseline,1000000,011230,011230:2023-04-26,2023-04-27,2023-04-28,,,72,take_gap,148824.670806,39.38531828133334,dip_50_50,3.0,False,1.0,377868.396906,526693.067712
development_2023_2024,breakout,10,factor_rank,dip_3pct,A_baseline,1000000,011230,011230:2023-04-27,2023-04-28,2023-05-02,,,62,take_intraday,66962.58435346471,14.712801648763406,dip_50_50,3.0,False,1.0,455131.428752,522094.0131054647
development_2023_2024,breakout,10,factor_rank,dip_3pct,A_baseline,1000000,011230,011230:2023-05-02,2023-05-04,2023-05-08,,,40,stop_intraday,-35094.38245413109,-7.232256057956555,dip_50_50,3.0,False,1.0,485248.0633,450153.6808458689
development_2023_2024,breakout,10,factor_rank,dip_3pct,A_baseline,1000000,000850,000850:2023-05-10,2023-05-11,2023-05-15,,,24,stop_intraday,-49582.377429585205,-5.296492540706854,dip_50_50,3.0,True,2.0,936136.0758749999,886553.6984454147
development_2023_2024,breakout,10,factor_rank,dip_3pct,A_baseline,1000000,002700,002700:2023-05-15,2023-05-16,2023-05-17,,,199,stop_intraday,-32222.859232476563,-7.232256057956565,dip_50_50,3.0,False,1.0,445543.67232375,413320.8130912734
development_2023_2024,breakout,10,factor_rank,dip_3pct,A_baseline,1000000,168360,168360:2023-05-19,2023-05-22,2023-06-07,,,132,time_open,60144.82618375006,7.029135421388832,dip_50_50,3.0,True,2.0,855650.4118662499,915795.2380499999
development_2023_2024,breakout,10,factor_rank,dip_3pct,A_baseline,1000000,036620,036620:2023-06-05,2023-06-07,2023-06-09,,,117,take_intraday,67338.27025006321,14.712801648763406,dip_50_50,3.0,False,1.0,457684.89141374995,525023.1616638132
development_2023_2024,breakout,10,factor_rank,dip_3pct,A_baseline,1000000,171120,171120:2023-06-09,2023-06-12,2023-06-14,,,160,stop_intraday,-62943.98668558011,-6.391477900795339,dip_50_50,3.0,True,2.0,984811.1448174999,921867.1581319198
development_2023_2024,breakout,10,factor_rank,dip_3pct,A_baseline,1000000,204320,204320:2023-06-15,2023-06-16,2023-06-30,,,9,time_open,26295.09592500003,5.903990158056693,dip_50_50,3.0,False,1.0,445378.38344999996,471673.479375
development_2023_2024,breakout,10,factor_rank,dip_3pct,A_baseline,1000000,003030,003030:2023-06-29,2023-06-30,2023-07-07,,,4,stop_intraday,-43090.51831084001,-5.376901179115667,dip_50_50,3.0,True,2.0,801400.5999999999,758310.0816891599
development_2023_2024,breakout,10,factor_rank,dip_3pct,A_baseline,1000000,036620,036620:2023-07-07,2023-07-10,2023-07-17,,,200,stop_intraday,-41356.55001978518,-4.548053295434706,dip_50_50,3.0,True,2.0,909324.2170512499,867967.6670314647
development_2023_2024,breakout,10,factor_rank,dip_3pct,A_baseline,1000000,043910,043910:2023-07-17,2023-07-18,2023-07-19,,,59,stop_intraday,-41623.49705246254,-4.8572942348608645,dip_50_50,3.0,True,2.0,856927.6440725,815304.1470200375
development_2023_2024,breakout,10,factor_rank,dip_3pct,A_baseline,1000000,001740,001740:2023-07-19,2023-07-20,2023-08-03,,,71,time_open,13440.133682500047,3.252441029830888,dip_50_50,3.0,False,1.0,413232.20188249997,426672.335565
development_2023_2024,breakout,10,factor_rank,dip_3pct,A_baseline,1000000,326030,326030:2023-08-02,2023-08-03,2023-08-18,,,4,time_open,-14473.309899999993,-3.9006520080110074,dip_50_50,3.0,False,1.0,371048.4778,356575.1679
development_2023_2024,breakout,10,factor_rank,dip_3pct,A_baseline,1000000,149980,149980:2023-08-17,2023-08-18,2023-08-21,,,26,take_intraday,59484.53373690322,14.712801648763406,dip_50_50,3.0,False,1.0,404304.5991984999,463789.13293540315
development_2023_2024,breakout,10,factor_rank,dip_3pct,A_baseline,1000000,149980,149980:2023-08-21,2023-08-22,2023-08-23,,,22,stop_gap,-35573.57457499992,-8.106441749658,dip_50_50,3.0,False,1.0,438830.9405479999,403257.365973
development_2023_2024,breakout,10,factor_rank,dip_3pct,A_baseline,1000000,026890,026890:2023-08-25,2023-08-28,2023-09-06,,,111,stop_intraday,-47478.46037997573,-5.606080070327668,dip_50_50,3.0,True,2.0,846910.1365724999,799431.6761925241
development_2023_2024,breakout,10,factor_rank,dip_3pct,A_baseline,1000000,003570,003570:2023-09-06,2023-09-07,2023-09-21,,,71,time_open,16217.991772499983,2.039203918116117,dip_50_50,3.0,True,2.0,795309.95544,811527.9472125
development_2023_2024,breakout,10,factor_rank,dip_3pct,A_baseline,1000000,220100,220100:2023-10-10,2023-10-11,2023-10-12,,,33,stop_intraday,-28964.819639242953,-7.232256057956521,dip_50_50,3.0,False,1.0,400494.9410962499,371530.12145700696
development_2023_2024,breakout,10,factor_rank,dip_3pct,A_baseline,1000000,105630,105630:2023-10-31,2023-11-01,2023-11-02,,,17,stop_intraday,-28327.62910727749,-7.232256057956532,dip_50_50,3.0,False,1.0,391684.54324999993,363356.91414272244
development_2023_2024,breakout,10,factor_rank,dip_3pct,A_baseline,1000000,105630,105630:2023-11-09,2023-11-10,2023-11-15,,,32,stop_intraday,-37314.64438301616,-5.028270780715783,dip_50_50,3.0,True,2.0,742096.9556,704782.3112169838
development_2023_2024,breakout,10,factor_rank,dip_3pct,A_baseline,1000000,003570,003570:2023-11-17,2023-11-20,2023-11-21,,,48,stop_intraday,-34813.390829016804,-4.841401438514604,dip_50_50,3.0,True,2.0,719076.7233649999,684263.3325359831
development_2023_2024,breakout,10,factor_rank,dip_3pct,A_baseline,1000000,279600,279600:2023-12-11,2023-12-12,2023-12-20,,,21,take_intraday,50205.57846340281,14.712801648763406,dip_50_50,3.0,False,1.0,341237.37723074993,391442.95569415274
development_2023_2024,breakout,10,factor_rank,dip_3pct,A_baseline,1000000,279600,279600:2023-12-20,2023-12-21,2023-12-22,,,19,take_intraday,52136.47722030245,14.71280164876343,dip_50_50,3.0,False,1.0,354361.3138065,406497.79102680244
development_2023_2024,breakout,10,factor_rank,dip_3pct,A_baseline,1000000,279600,279600:2023-12-22,2023-12-26,2024-01-02,,,18,stop_intraday,-28322.12296965049,-7.232256057956532,dip_50_50,3.0,False,1.0,391608.41019299993,363286.28722334944
development_2023_2024,breakout,10,factor_rank,dip_3pct,A_baseline,1000000,326030,326030:2024-01-02,2024-01-03,2024-01-04,,,3,stop_intraday,-22452.000665844767,-7.232256057956543,dip_50_50,3.0,False,1.0,310442.55742499995,287990.5567591552
development_2023_2024,breakout,10,factor_rank,dip_3pct,A_baseline,1000000,004540,004540:2024-01-10,2024-01-11,2024-01-12,,,119,stop_intraday,-26597.180459637253,-7.232256057956521,dip_50_50,3.0,False,1.0,367757.72658624995,341160.5461266127
development_2023_2024,breakout,10,factor_rank,dip_3pct,A_baseline,1000000,131370,131370:2024-01-18,2024-01-19,2024-01-30,,,67,stop_intraday,-25629.621670052526,-7.232256057956565,dip_50_50,3.0,False,1.0,354379.34532,328749.7236499475
development_2023_2024,breakout,10,factor_rank,dip_3pct,A_baseline,1000000,163560,163560:2024-02-05,2024-02-06,2024-02-22,,,105,time_open,13784.487149999943,2.0175054814843607,dip_50_50,3.0,True,2.0,683244.0990375,697028.5861874999
development_2023_2024,breakout,10,factor_rank,dip_3pct,A_baseline,1000000,001130,001130:2024-02-23,2024-02-26,2024-03-12,,,50,time_open,-10516.146059999941,-1.4995096409352704,dip_50_50,3.0,True,2.0,701305.6650599999,690789.519
development_2023_2024,breakout,10,factor_rank,dip_3pct,A_baseline,1000000,015860,015860:2024-03-18,2024-03-19,2024-04-02,,,76,time_open,-9547.696269999899,-2.7745138141875736,dip_50_50,3.0,False,1.0,344121.41763999994,334573.72137000004
development_2023_2024,breakout,10,factor_rank,dip_3pct,A_baseline,1000000,014830,014830:2024-04-03,2024-04-04,2024-04-19,,,3,time_open,-7485.1549499999965,-2.9165000850171374,dip_50_50,3.0,False,1.0,256648.54215,249163.3872
development_2023_2024,breakout,10,factor_rank,dip_3pct,A_baseline,1000000,265520,265520:2024-04-18,2024-04-19,2024-05-07,,,10,time_open,16831.0135,5.169722492960838,dip_50_50,3.0,False,1.0,325568.99374999997,342400.00724999997
development_2023_2024,breakout,10,factor_rank,dip_3pct,A_baseline,1000000,014830,014830:2024-05-07,2024-05-08,2024-05-23,,,6,time_open,92511.07109999994,15.224099967812199,dip_50_50,3.0,True,2.0,607662.00495,700173.0760499999
development_2023_2024,breakout,10,factor_rank,dip_3pct,A_baseline,1000000,026890,026890:2024-05-22,2024-05-23,2024-05-27,,,35,stop_intraday,-27563.29026563617,-7.232256057956543,dip_50_50,3.0,False,1.0,381116.07283749996,353552.7825718638
development_2023_2024,breakout,10,factor_rank,dip_3pct,A_baseline,1000000,094280,094280:2024-05-27,2024-05-28,2024-06-05,,,54,stop_intraday,-47234.081244249945,-6.325074208468973,dip_50_50,3.0,True,2.0,746775.1316024999,699541.0503582499
development_2023_2024,breakout,10,factor_rank,dip_3pct,A_baseline,1000000,204320,204320:2024-06-05,2024-06-07,2024-06-11,,,14,stop_intraday,-35675.62650151504,-5.299594725830636,dip_50_50,3.0,True,2.0,673176.504,637500.8774984849
development_2023_2024,breakout,10,factor_rank,dip_3pct,A_baseline,1000000,081580,081580:2024-06-11,2024-06-12,2024-06-24,,,106,take_intraday,49524.509601817175,14.712801648763406,dip_50_50,3.0,False,1.0,336608.28701499995,386132.7966168171
development_2023_2024,breakout,10,factor_rank,dip_3pct,A_baseline,1000000,003570,003570:2024-06-24,2024-06-25,2024-07-01,,,33,stop_intraday,-40677.27024861507,-5.686343506618751,dip_50_50,3.0,True,2.0,715350.2105749999,674672.9403263849
development_2023_2024,breakout,10,factor_rank,dip_3pct,A_baseline,1000000,081580,081580:2024-07-02,2024-07-03,2024-07-16,,,177,stop_intraday,-36985.91989731393,-5.431517001061071,dip_50_50,3.0,True,2.0,680950.0898199999,643964.169922686
development_2023_2024,breakout,10,factor_rank,dip_3pct,A_baseline,1000000,006360,006360:2024-07-16,2024-07-17,2024-07-31,,,18,time_open,31949.48483999999,10.033234880284759,dip_50_50,3.0,False,1.0,318436.52841,350386.01325
development_2023_2024,breakout,10,factor_rank,dip_3pct,A_baseline,1000000,053350,053350:2024-08-02,2024-08-05,2024-08-06,,,85,stop_gap,-61851.251831249974,-18.2739637447663,dip_50_50,3.0,False,1.0,338466.53465625,276615.282825
development_2023_2024,breakout,10,factor_rank,dip_3pct,A_baseline,1000000,246250,246250:2024-08-09,2024-08-12,2024-08-14,,,134,stop_intraday,-43933.76001974975,-7.181368650418407,dip_50_50,3.0,True,2.0,611774.1917787499,567840.4317590002
development_2023_2024,breakout,10,factor_rank,dip_3pct,A_baseline,1000000,000080,000080:2024-08-19,2024-08-20,2024-08-29,,,26,stop_intraday,-30692.241826496203,-5.400775832060378,dip_50_50,3.0,True,2.0,568293.2004749998,537600.9586485036
development_2023_2024,breakout,10,factor_rank,dip_3pct,A_baseline,1000000,064850,064850:2024-08-29,2024-08-30,2024-09-02,,,27,take_intraday,38560.49475365586,14.71280164876343,dip_50_50,3.0,False,1.0,262088.04872249998,300648.54347615584
development_2023_2024,breakout,10,factor_rank,dip_3pct,A_baseline,1000000,064850,064850:2024-09-02,2024-09-03,2024-09-04,,,25,stop_gap,-25445.018375000014,-8.999308543826423,dip_50_50,3.0,False,1.0,282744.1491875,257299.1308125
development_2023_2024,breakout,10,factor_rank,dip_3pct,A_baseline,1000000,064850,064850:2024-09-05,2024-09-06,2024-09-13,,,20,stop_intraday,-19445.359724791022,-7.232256057956543,dip_50_50,3.0,False,1.0,268869.90129999997,249424.54157520895
development_2023_2024,breakout,10,factor_rank,dip_3pct,A_baseline,1000000,064850,064850:2024-09-19,2024-09-20,2024-09-23,,,13,take_gap,49091.125037499995,19.68480777578914,dip_50_50,3.0,False,1.0,249385.84921249998,298476.97424999997
development_2023_2024,breakout,10,factor_rank,dip_3pct,A_baseline,1000000,064850,064850:2024-09-20,2024-09-23,2024-09-24,,,12,take_gap,184109.68905000004,66.58982693657778,dip_50_50,3.0,False,1.0,276483.20699999994,460592.89605
development_2023_2024,breakout,10,factor_rank,dip_3pct,A_baseline,1000000,064850,064850:2024-09-23,2024-09-24,2024-09-26,,,9,stop_gap,-98690.36073750001,-28.4692618286701,dip_50_50,3.0,False,1.0,346655.8470375,247965.4863
development_2023_2024,breakout,10,factor_rank,dip_3pct,A_baseline,1000000,081580,081580:2024-09-25,2024-09-26,2024-09-27,,,73,stop_intraday,-24143.32675666164,-7.232256057956543,dip_50_50,3.0,False,1.0,333828.42868375,309685.10192708834
development_2023_2024,breakout,10,factor_rank,dip_3pct,A_baseline,1000000,220100,220100:2024-09-30,2024-10-02,2024-10-04,,,14,stop_gap,-32080.837799499917,-10.48342622517512,dip_50_50,3.0,False,1.0,306014.8191099999,273933.9813105
development_2023_2024,breakout,10,factor_rank,dip_3pct,A_baseline,1000000,081580,081580:2024-10-04,2024-10-07,2024-10-10,,,62,stop_intraday,-21965.14218093193,-7.232256057956532,dip_50_50,3.0,False,1.0,303710.7923849999,281745.650204068
development_2023_2024,breakout,10,factor_rank,dip_3pct,A_baseline,1000000,220100,220100:2024-10-11,2024-10-14,2024-10-21,,,12,stop_intraday,-20372.419423145795,-7.232256057956532,dip_50_50,3.0,False,1.0,281688.303897,261315.88447385418
development_2023_2024,breakout,10,factor_rank,dip_3pct,A_baseline,1000000,015360,015360:2024-10-22,2024-10-23,2024-11-06,,,28,time_open,693.141260000004,0.24613327539519947,dip_50_50,3.0,False,1.0,281612.17084,282305.3121
development_2023_2024,breakout,10,factor_rank,dip_3pct,A_baseline,1000000,003530,003530:2024-11-11,2024-11-12,2024-11-13,,,61,stop_gap,-28388.3530875,-10.055616719936666,dip_50_50,3.0,False,1.0,282313.396365,253925.0432775
development_2023_2024,breakout,10,factor_rank,dip_3pct,A_baseline,1000000,127120,127120:2024-11-12,2024-11-13,2024-11-14,,,139,stop_intraday,-27482.52536613337,-5.092627652172554,dip_50_50,3.0,True,2.0,539653.1465324999,512170.62116636656
development_2023_2024,breakout,10,factor_rank,dip_3pct,A_baseline,1000000,016090,016090:2024-11-20,2024-11-21,2024-12-05,,,117,time_open,-310.7808112500061,-0.1213548720538693,dip_50_50,3.0,False,1.0,256092.57048375,255781.7896725
development_2023_2024,breakout,10,factor_rank,dip_3pct,A_baseline,1000000,015020,015020:2024-12-06,2024-12-09,2024-12-10,,,103,take_gap,196317.27266550006,76.96852157202285,dip_50_50,3.0,False,1.0,255061.76896199997,451379.04162750003
development_2023_2024,breakout,10,factor_rank,dip_3pct,A_baseline,1000000,015020,015020:2024-12-09,2024-12-10,2024-12-11,,,80,take_gap,72242.0552,20.53411118047721,dip_50_50,3.0,False,1.0,351814.8634,424056.9186
development_2023_2024,breakout,10,factor_rank,dip_3pct,A_baseline,1000000,015020,015020:2024-12-10,2024-12-11,2024-12-12,,,73,stop_gap,-42165.19565999997,-10.858680690205347,dip_50_50,3.0,False,1.0,388308.64322249993,346143.44756249996
development_2023_2024,breakout,10,factor_rank,dip_3pct,A_baseline,1000000,115500,115500:2024-12-11,2024-12-12,2024-12-13,,,39,take_intraday,53284.316279819584,14.712801648763406,dip_50_50,3.0,False,1.0,362162.94864749996,415447.26492731954
development_2023_2024,breakout,10,factor_rank,dip_3pct,A_baseline,1000000,015360,015360:2024-12-17,2024-12-18,2024-12-27,,,37,stop_intraday,-28521.792907808267,-7.232256057956555,dip_50_50,3.0,False,1.0,394369.23526,365847.4423521917
development_2023_2024,breakout,10,factor_rank,dip_3pct,A_baseline,1000000,115500,115500:2024-12-27,2024-12-30,2025-01-06,,,27,take_intraday,54836.286656901706,14.712801648763406,dip_50_50,3.0,False,1.0,372711.38404499996,427547.67070190166
development_2023_2024,regime_switch,5,ticker_ascending,all_in,A_baseline,1000000,036620,036620:2023-01-13,2023-01-16,2023-01-25,2062.06,2097.9,484,time_open,15836.494520000182,1.5855750253980894,,,,,,
development_2023_2024,regime_switch,5,ticker_ascending,all_in,A_baseline,1000000,003830,003830:2023-01-25,2023-01-26,2023-02-02,130230.09999999999,133666.2,7,time_open,22667.244425000157,2.4846413861147942,,,,,,
development_2023_2024,regime_switch,5,ticker_ascending,all_in,A_baseline,1000000,028670,028670:2023-02-01,2023-02-02,2023-02-07,6356.349999999999,5905.494094499999,163,stop_intraday,-74988.52303705283,-7.232256057956555,,,,,,
development_2023_2024,regime_switch,5,ticker_ascending,all_in,A_baseline,1000000,105630,105630:2023-02-07,2023-02-08,2023-02-15,17377.359999999997,16783.2,55,time_open,-34087.9230999999,-3.563924169437771,,,,,,
development_2023_2024,regime_switch,5,ticker_ascending,all_in,A_baseline,1000000,006220,006220:2023-02-16,2023-02-17,2023-02-20,21321.3,24494.975505,43,take_intraday,134990.47182996362,14.712801648763406,,,,,,
development_2023_2024,regime_switch,5,ticker_ascending,all_in,A_baseline,1000000,008260,008260:2023-02-20,2023-02-21,2023-02-22,6616.61,6043.95,160,stop_gap,-93144.86719999998,-8.791800191518174,,,,,,
development_2023_2024,regime_switch,5,ticker_ascending,all_in,A_baseline,1000000,001130,001130:2023-02-21,2023-02-22,2023-03-02,15195.179999999998,15384.6,63,time_open,10488.565395000158,1.0948234552270897,,,,,,
development_2023_2024,regime_switch,5,ticker_ascending,all_in,A_baseline,1000000,001130,001130:2023-02-28,2023-03-02,2023-03-09,15415.399999999998,15634.35,63,time_open,12326.74931250012,1.2683164268339153,,,,,,
development_2023_2024,regime_switch,5,ticker_ascending,all_in,A_baseline,1000000,001130,001130:2023-03-08,2023-03-09,2023-03-14,15665.649999999998,14554.485445499997,63,stop_intraday,-71431.2683332999,-7.232256057956532,,,,,,
development_2023_2024,regime_switch,5,ticker_ascending,all_in,A_baseline,1000000,001460,001460:2023-03-15,2023-03-16,2023-03-23,50850.799999999996,48201.75,18,time_open,-49020.109424999915,-5.351535155142084,,,,,,
development_2023_2024,regime_switch,5,ticker_ascending,all_in,A_baseline,1000000,030210,030210:2023-03-22,2023-03-23,2023-03-30,5095.089999999999,5344.65,171,time_open,41335.863344999845,4.740819754412184,,,,,,
development_2023_2024,regime_switch,5,ticker_ascending,all_in,A_baseline,1000000,001740,001740:2023-03-29,2023-03-30,2023-04-06,4424.419999999999,4550.445,206,time_open,24574.5333575001,2.694238971753693,,,,,,
development_2023_2024,regime_switch,5,ticker_ascending,all_in,A_baseline,1000000,314130,314130:2023-04-05,2023-04-06,2023-04-07,12912.899999999998,11996.988002999997,72,stop_intraday,-67290.79773616209,-7.232256057956543,,,,,,
development_2023_2024,regime_switch,5,ticker_ascending,all_in,A_baseline,1000000,014680,014680:2023-04-07,2023-04-10,2023-04-13,251250.99999999997,233429.76656999998,3,stop_intraday,-54554.232014782494,-7.232256057956532,,,,,,
development_2023_2024,regime_switch,5,ticker_ascending,all_in,A_baseline,1000000,004100,004100:2023-04-13,2023-04-14,2023-04-21,2127.1249999999995,2052.945,384,time_open,-29688.980159999803,-3.631996693553441,,,,,,
development_2023_2024,regime_switch,5,ticker_ascending,all_in,A_baseline,1000000,319400,319400:2023-04-20,2023-04-21,2023-04-24,5065.0599999999995,4175.82,155,stop_gap,-138906.4523,-17.67992947217225,,,,,,
development_2023_2024,regime_switch,5,ticker_ascending,all_in,A_baseline,1000000,064850,064850:2023-04-24,2023-04-25,2023-05-03,7907.899999999999,8371.62,82,time_open,37023.84952000005,5.705332401955521,,,,,,
development_2023_2024,regime_switch,5,ticker_ascending,all_in,A_baseline,1000000,011230,011230:2023-05-02,2023-05-04,2023-05-08,12122.109999999999,11262.288737699997,56,stop_intraday,-49132.13543578354,-7.232256057956555,,,,,,
development_2023_2024,regime_switch,5,ticker_ascending,all_in,A_baseline,1000000,000430,000430:2023-05-10,2023-05-11,2023-05-18,4514.509999999999,4695.3,140,time_open,24343.569950000034,3.848752760627616,,,,,,
development_2023_2024,regime_switch,5,ticker_ascending,all_in,A_baseline,1000000,015360,015360:2023-05-17,2023-05-18,2023-05-25,6616.61,6693.3,99,time_open,6604.049182499992,1.0074278870790376,,,,,,
development_2023_2024,regime_switch,5,ticker_ascending,all_in,A_baseline,1000000,036620,036620:2023-05-24,2023-05-25,2023-06-02,3183.18,3506.49,209,time_open,66523.18422749988,9.991712904858208,,,,,,
development_2023_2024,regime_switch,5,ticker_ascending,all_in,A_baseline,1000000,064850,064850:2023-06-02,2023-06-05,2023-06-13,8928.919999999998,8781.21,82,time_open,-13201.392994999886,-1.801695429484662,,,,,,
development_2023_2024,regime_switch,5,ticker_ascending,all_in,A_baseline,1000000,001740,001740:2023-06-12,2023-06-13,2023-06-20,5385.379999999999,5154.84,133,time_open,-31713.206944999984,-4.424320385026437,,,,,,
development_2023_2024,regime_switch,5,ticker_ascending,all_in,A_baseline,1000000,008260,008260:2023-06-19,2023-06-20,2023-06-27,7437.429999999999,7342.65,92,time_open,-9739.58552000008,-1.4223424046944766,,,,,,
development_2023_2024,regime_switch,5,ticker_ascending,all_in,A_baseline,1000000,026890,026890:2023-06-26,2023-06-27,2023-07-04,6866.86,6873.12,98,time_open,-396.40852999989875,-0.05886174372052855,,,,,,
development_2023_2024,regime_switch,5,ticker_ascending,all_in,A_baseline,1000000,014680,014680:2023-07-03,2023-07-04,2023-07-06,241240.99999999997,224129.77586999995,2,stop_intraday,-34920.50442380505,-7.232256057956543,,,,,,
development_2023_2024,regime_switch,5,ticker_ascending,all_in,A_baseline,1000000,126640,126640:2023-07-06,2023-07-07,2023-07-14,1995.9939999999997,1937.061,322,time_open,-19926.258782499935,-3.098026043141666,,,,,,
development_2023_2024,regime_switch,5,ticker_ascending,all_in,A_baseline,1000000,204320,204320:2023-07-14,2023-07-17,2023-07-24,51851.799999999996,49500.45,12,time_open,-29128.370250000036,-4.67784151896069,,,,,,
development_2023_2024,regime_switch,5,ticker_ascending,all_in,A_baseline,1000000,001740,001740:2023-07-25,2023-07-26,2023-07-28,6176.169999999999,5738.094261899999,96,stop_intraday,-42913.09788445686,-7.232256057956543,,,,,,
development_2023_2024,regime_switch,5,ticker_ascending,all_in,A_baseline,1000000,220100,220100:2023-08-01,2023-08-02,2023-08-04,8711.703,10008.439991549998,63,take_intraday,80809.90371129906,14.712801648763385,,,,,,
development_2023_2024,regime_switch,5,ticker_ascending,all_in,A_baseline,1000000,326030,326030:2023-08-10,2023-08-11,2023-08-16,99899.79999999999,92813.90718599998,6,stop_intraday,-43382.56856633711,-7.232256057956555,,,,,,
development_2023_2024,regime_switch,5,ticker_ascending,all_in,A_baseline,1000000,085310,085310:2023-08-28,2023-08-29,2023-09-05,10920.909999999998,10299.69,53,time_open,-33768.17884999991,-5.829715257543544,,,,,,
development_2023_2024,regime_switch,5,ticker_ascending,all_in,A_baseline,1000000,105630,105630:2023-09-05,2023-09-06,2023-09-13,20820.8,21228.75,26,time_open,9786.733774999972,1.8065143483699808,,,,,,
development_2023_2024,regime_switch,5,ticker_ascending,all_in,A_baseline,1000000,016360,016360:2023-09-20,2023-09-21,2023-10-04,38338.299999999996,36363.6,14,time_open,-28430.16995000001,-5.292891238288588,,,,,,
development_2023_2024,regime_switch,5,ticker_ascending,all_in,A_baseline,1000000,105630,105630:2023-11-16,2023-11-17,2023-11-23,23673.649999999998,21994.478005499997,22,stop_intraday,-37695.307991090755,-7.232256057956532,,,,,,
development_2023_2024,regime_switch,5,ticker_ascending,all_in,A_baseline,1000000,015360,015360:2023-11-28,2023-11-29,2023-12-06,7117.109999999999,7062.93,70,time_open,-4537.052099999855,-0.9100105964166438,,,,,,
development_2023_2024,regime_switch,5,ticker_ascending,all_in,A_baseline,1000000,015360,015360:2023-12-05,2023-12-06,2023-12-13,7077.069999999999,7032.96,69,time_open,-3773.784052499919,-0.7722339025841407,,,,,,
development_2023_2024,regime_switch,5,ticker_ascending,all_in,A_baseline,1000000,215200,215200:2023-12-12,2023-12-13,2023-12-20,65865.79999999999,62937.0,7,time_open,-21177.814699999988,-4.589839869762901,,,,,,
development_2023_2024,regime_switch,5,ticker_ascending,all_in,A_baseline,1000000,279600,279600:2023-12-19,2023-12-20,2023-12-22,17207.19,19768.480231499998,27,take_intraday,68406.07892831205,14.712801648763406,,,,,,
development_2023_2024,regime_switch,5,ticker_ascending,all_in,A_baseline,1000000,279600,279600:2023-12-22,2023-12-26,2024-01-02,21739.717999999997,20197.71980226,24,stop_intraday,-37762.83062620071,-7.232256057956543,,,,,,
development_2023_2024,regime_switch,5,ticker_ascending,all_in,A_baseline,1000000,326030,326030:2024-01-02,2024-01-03,2024-01-04,103403.29999999999,96068.903931,4,stop_intraday,-29936.000887793023,-7.232256057956543,,,,,,
development_2023_2024,regime_switch,5,ticker_ascending,all_in,A_baseline,1000000,004540,004540:2024-01-10,2024-01-11,2024-01-12,3088.0849999999996,2869.0471309499994,152,stop_intraday,-33972.869158528396,-7.232256057956555,,,,,,
development_2023_2024,regime_switch,5,ticker_ascending,all_in,A_baseline,1000000,003530,003530:2024-01-18,2024-01-19,2024-01-26,3618.615,3496.5,120,time_open,-15294.16035000002,-3.5194630925218906,,,,,,
development_2023_2024,regime_switch,5,ticker_ascending,all_in,A_baseline,1000000,163560,163560:2024-02-07,2024-02-08,2024-02-19,6396.389999999999,6713.28,65,time_open,19958.753587500018,4.796887412742423,,,,,,
development_2023_2024,regime_switch,5,ticker_ascending,all_in,A_baseline,1000000,006800,006800:2024-02-16,2024-02-19,2024-02-26,8919.910999999998,8902.089,49,time_open,-1528.2364999999409,-0.3493883084190186,,,,,,
development_2023_2024,regime_switch,5,ticker_ascending,all_in,A_baseline,1000000,001130,001130:2024-02-23,2024-02-26,2024-03-05,14234.219999999998,13786.2,30,time_open,-14071.059449999942,-3.2926553204066455,,,,,,
development_2023_2024,regime_switch,5,ticker_ascending,all_in,A_baseline,1000000,001460,001460:2024-03-05,2024-03-06,2024-03-13,50550.49999999999,47352.6,8,time_open,-26170.618599999987,-6.466554570674498,,,,,,
development_2023_2024,regime_switch,5,ticker_ascending,all_in,A_baseline,1000000,015860,015860:2024-03-18,2024-03-19,2024-03-26,4524.5199999999995,4345.65,88,time_open,-16325.991220000025,-4.097309544606819,,,,,,
development_2023_2024,regime_switch,5,ticker_ascending,all_in,A_baseline,1000000,015360,015360:2024-03-25,2024-03-26,2024-03-28,8288.279999999999,7700.392299599998,46,stop_intraday,-27594.443412736233,-7.232256057956543,,,,,,
development_2023_2024,regime_switch,5,ticker_ascending,all_in,A_baseline,1000000,014830,014830:2024-04-03,2024-04-04,2024-04-12,85485.4,86213.7,4,time_open,2398.1026999999885,0.7007937820074694,,,,,,
development_2023_2024,regime_switch,5,ticker_ascending,all_in,A_baseline,1000000,094280,094280:2024-04-11,2024-04-12,2024-04-19,12572.56,12537.45,28,time_open,-1510.3902099999832,-0.4287279674091482,,,,,,
development_2023_2024,regime_switch,5,ticker_ascending,all_in,A_baseline,1000000,099220,099220:2024-04-19,2024-04-22,2024-04-23,14514.499999999998,16674.983324999997,24,take_intraday,51290.18910015002,14.71280164876343,,,,,,
development_2023_2024,regime_switch,5,ticker_ascending,all_in,A_baseline,1000000,064850,064850:2024-04-23,2024-04-24,2024-04-25,7587.579999999999,7049.392950599999,53,stop_intraday,-29105.733292986348,-7.232256057956532,,,,,,
development_2023_2024,regime_switch,5,ticker_ascending,all_in,A_baseline,1000000,094280,094280:2024-04-29,2024-04-30,2024-05-09,12622.609999999999,12787.2,30,time_open,4365.979274999991,1.15208799779829,,,,,,
development_2023_2024,regime_switch,5,ticker_ascending,all_in,A_baseline,1000000,094280,094280:2024-05-08,2024-05-09,2024-05-17,12812.8,12947.04,29,time_open,3332.683480000007,0.8962443377257268,,,,,,
development_2023_2024,regime_switch,5,ticker_ascending,all_in,A_baseline,1000000,036620,036620:2024-05-16,2024-05-17,2024-05-23,3808.8049999999994,4375.745624249999,101,take_intraday,56641.02333946305,14.71280164876343,,,,,,
development_2023_2024,regime_switch,5,ticker_ascending,all_in,A_baseline,1000000,064850,064850:2024-05-23,2024-05-24,2024-05-31,7597.589999999999,7792.2,58,time_open,10617.92413499998,2.407743240359883,,,,,,
development_2023_2024,regime_switch,5,ticker_ascending,all_in,A_baseline,1000000,051630,051630:2024-05-30,2024-05-31,2024-06-10,3219.2159999999994,3362.634,140,time_open,19387.425750000053,4.29849469958381,,,,,,
development_2023_2024,regime_switch,5,ticker_ascending,all_in,A_baseline,1000000,003080,003080:2024-06-07,2024-06-10,2024-06-17,3002.9999999999995,2997.0,157,time_open,-1648.4999999999418,-0.3493883084190186,,,,,,
development_2023_2024,regime_switch,5,ticker_ascending,all_in,A_baseline,1000000,051630,051630:2024-06-14,2024-06-17,2024-06-24,3286.2829999999994,3293.703,143,time_open,355.35650150006404,0.07556099516980996,,,,,,
development_2023_2024,regime_switch,5,ticker_ascending,all_in,A_baseline,1000000,220100,220100:2024-06-21,2024-06-24,2024-06-25,12619.606999999998,11724.498275489997,37,stop_intraday,-33794.57172826491,-7.232256057956543,,,,,,
development_2023_2024,regime_switch,5,ticker_ascending,all_in,A_baseline,1000000,053350,053350:2024-06-25,2024-06-26,2024-07-03,3673.6699999999996,3636.36,119,time_open,-5092.310177499952,-1.1639709652984331,,,,,,
development_2023_2024,regime_switch,5,ticker_ascending,all_in,A_baseline,1000000,003570,003570:2024-07-04,2024-07-05,2024-07-12,20320.3,19860.12,21,time_open,-10296.621615000011,-2.4111251020379587,,,,,,
development_2023_2024,regime_switch,5,ticker_ascending,all_in,A_baseline,1000000,011780,011780:2024-07-11,2024-07-12,2024-07-19,164364.19999999998,154944.9,2,time_open,-19317.563649999967,-5.87204705624721,,,,,,
development_2023_2024,regime_switch,5,ticker_ascending,all_in,A_baseline,1000000,003570,003570:2024-07-18,2024-07-19,2024-07-26,21121.1,20779.2,19,time_open,-7093.179275000002,-1.766221650005495,,,,,,
development_2023_2024,regime_switch,5,ticker_ascending,all_in,A_baseline,1000000,053350,053350:2024-07-25,2024-07-26,2024-08-02,3708.7049999999995,3906.09,106,time_open,20317.433797500096,5.164343242667124,,,,,,
development_2023_2024,regime_switch,5,ticker_ascending,all_in,A_baseline,1000000,003570,003570:2024-08-01,2024-08-02,2024-08-05,21221.199999999997,19715.980283999997,19,stop_intraday,-29182.52942304703,-7.232256057956543,,,,,,
development_2023_2024,regime_switch,5,ticker_ascending,all_in,A_baseline,1000000,006800,006800:2024-10-08,2024-10-10,2024-10-17,8789.780999999999,9030.96,44,time_open,10023.791547000059,2.589856473282315,,,,,,
development_2023_2024,regime_switch,5,ticker_ascending,all_in,A_baseline,1000000,015360,015360:2024-10-16,2024-10-17,2024-10-24,9349.339999999998,10269.72,42,time_open,38037.95961000008,9.679688242982065,,,,,,
development_2023_2024,regime_switch,5,ticker_ascending,cash_half,A_baseline,1000000,036620,036620:2023-01-13,2023-01-16,2023-01-25,,,242,time_open,7918.247260000033,1.5855750253980672,cash_50_no_add,3.0,False,1.0,499392.78388999996,507311.03115
development_2023_2024,regime_switch,5,ticker_ascending,cash_half,A_baseline,1000000,003830,003830:2023-01-25,2023-01-26,2023-02-02,,,3,time_open,9714.533324999968,2.484641386114772,cash_50_no_add,3.0,False,1.0,390983.317725,400697.85104999994
development_2023_2024,regime_switch,5,ticker_ascending,cash_half,A_baseline,1000000,028670,028670:2023-02-01,2023-02-02,2023-02-07,,,79,stop_intraday,-36344.130797099264,-7.232256057956565,cash_50_no_add,3.0,False,1.0,502528.2637375,466184.13294040074
development_2023_2024,regime_switch,5,ticker_ascending,cash_half,A_baseline,1000000,105630,105630:2023-02-07,2023-02-08,2023-02-15,,,28,time_open,-17353.851759999932,-3.56392416943776,cash_50_no_add,3.0,False,1.0,486931.0045599999,469577.1528
development_2023_2024,regime_switch,5,ticker_ascending,cash_half,A_baseline,1000000,006220,006220:2023-02-16,2023-02-17,2023-02-20,,,22,take_intraday,69064.8925641675,14.71280164876343,cash_50_no_add,3.0,False,1.0,469420.40145,538485.2940141675
development_2023_2024,regime_switch,5,ticker_ascending,cash_half,A_baseline,1000000,008260,008260:2023-02-20,2023-02-21,2023-02-22,,,78,stop_gap,-45408.12276,-8.791800191518185,cash_50_no_add,3.0,False,1.0,516482.651685,471074.528925
development_2023_2024,regime_switch,5,ticker_ascending,cash_half,A_baseline,1000000,001130,001130:2023-02-21,2023-02-22,2023-03-02,,,32,time_open,5327.52528000006,1.0948234552270675,cash_50_no_add,3.0,False,1.0,486610.44431999995,491937.9696
development_2023_2024,regime_switch,5,ticker_ascending,cash_half,A_baseline,1000000,001130,001130:2023-02-28,2023-03-02,2023-03-09,,,32,time_open,6261.206000000064,1.2683164268339153,cash_50_no_add,3.0,False,1.0,493662.76959999994,499923.9756
development_2023_2024,regime_switch,5,ticker_ascending,cash_half,A_baseline,1000000,001130,001130:2023-03-08,2023-03-09,2023-03-14,,,31,stop_intraday,-35148.719338607916,-7.232256057956543,cash_50_no_add,3.0,False,1.0,485999.3763624999,450850.657023892
development_2023_2024,regime_switch,5,ticker_ascending,cash_half,A_baseline,1000000,001460,001460:2023-03-15,2023-03-16,2023-03-23,,,9,time_open,-24510.054712499958,-5.351535155142084,cash_50_no_add,3.0,False,1.0,458000.44289999997,433490.3881875
development_2023_2024,regime_switch,5,ticker_ascending,cash_half,A_baseline,1000000,030210,030210:2023-03-22,2023-03-23,2023-03-30,,,92,time_open,22239.177940000023,4.740819754412229,cash_50_no_add,3.0,False,1.0,469099.8412099999,491339.01914999995
development_2023_2024,regime_switch,5,ticker_ascending,cash_half,A_baseline,1000000,001740,001740:2023-03-29,2023-03-30,2023-04-06,,,108,time_open,12883.735935000062,2.694238971753693,cash_50_no_add,3.0,False,1.0,478195.73801999993,491079.473955
development_2023_2024,regime_switch,5,ticker_ascending,cash_half,A_baseline,1000000,314130,314130:2023-04-05,2023-04-06,2023-04-07,,,37,stop_intraday,-34579.9932810833,-7.232256057956543,cash_50_no_add,3.0,False,1.0,478135.63297499996,443555.63969391666
development_2023_2024,regime_switch,5,ticker_ascending,cash_half,A_baseline,1000000,014680,014680:2023-04-07,2023-04-10,2023-04-13,,,1,stop_intraday,-18184.744004927517,-7.232256057956543,cash_50_no_add,3.0,False,1.0,251439.43824999998,233254.69424507246
development_2023_2024,regime_switch,5,ticker_ascending,cash_half,A_baseline,1000000,004100,004100:2023-04-13,2023-04-14,2023-04-21,,,216,time_open,-16700.051339999947,-3.631996693553452,cash_50_no_add,3.0,False,1.0,459803.5942499999,443103.54290999996
development_2023_2024,regime_switch,5,ticker_ascending,cash_half,A_baseline,1000000,319400,319400:2023-04-20,2023-04-21,2023-04-24,,,89,stop_gap,-79759.18874000001,-17.67992947217225,cash_50_no_add,3.0,False,1.0,451128.43275499996,371369.24401499995
development_2023_2024,regime_switch,5,ticker_ascending,cash_half,A_baseline,1000000,064850,064850:2023-04-24,2023-04-25,2023-05-03,,,52,time_open,23478.53872000007,5.705332401955521,cash_50_no_add,3.0,False,1.0,411519.20809999993,434997.74682
development_2023_2024,regime_switch,5,ticker_ascending,cash_half,A_baseline,1000000,011230,011230:2023-05-02,2023-05-04,2023-05-08,,,34,stop_intraday,-29830.2250860114,-7.232256057956543,cash_50_no_add,3.0,False,1.0,412460.85380499996,382630.62871898856
development_2023_2024,regime_switch,5,ticker_ascending,cash_half,A_baseline,1000000,000430,000430:2023-05-10,2023-05-11,2023-05-18,,,90,time_open,15649.437824999972,3.848752760627616,cash_50_no_add,3.0,False,1.0,406610.629425,422260.06724999996
development_2023_2024,regime_switch,5,ticker_ascending,cash_half,A_baseline,1000000,015360,015360:2023-05-17,2023-05-18,2023-05-25,,,63,time_open,4202.5767525000265,1.0074278870790376,cash_50_no_add,3.0,False,1.0,417159.0648225,421361.641575
development_2023_2024,regime_switch,5,ticker_ascending,cash_half,A_baseline,1000000,036620,036620:2023-05-24,2023-05-25,2023-06-02,,,131,time_open,41696.34992250003,9.991712904858252,cash_50_no_add,3.0,False,1.0,417309.327435,459005.6773575
development_2023_2024,regime_switch,5,ticker_ascending,cash_half,A_baseline,1000000,064850,064850:2023-06-02,2023-06-05,2023-06-13,,,49,time_open,-7888.637277499947,-1.801695429484662,cash_50_no_add,3.0,False,1.0,437845.2178099999,429956.58053249994
development_2023_2024,regime_switch,5,ticker_ascending,cash_half,A_baseline,1000000,001740,001740:2023-06-12,2023-06-13,2023-06-20,,,80,time_open,-19075.613199999905,-4.424320385026414,cash_50_no_add,3.0,False,1.0,431153.5227999999,412077.9096
development_2023_2024,regime_switch,5,ticker_ascending,cash_half,A_baseline,1000000,008260,008260:2023-06-19,2023-06-20,2023-06-27,,,57,time_open,-6034.308420000016,-1.4223424046944766,cash_50_no_add,3.0,False,1.0,424251.4601325,418217.15171249997
development_2023_2024,regime_switch,5,ticker_ascending,cash_half,A_baseline,1000000,026890,026890:2023-06-26,2023-06-27,2023-07-04,,,61,time_open,-246.744085000013,-0.05886174372055075,cash_50_no_add,3.0,False,1.0,419192.618845,418945.87476
development_2023_2024,regime_switch,5,ticker_ascending,cash_half,A_baseline,1000000,014680,014680:2023-07-03,2023-07-04,2023-07-06,,,1,stop_intraday,-17460.252211902523,-7.232256057956543,cash_50_no_add,3.0,False,1.0,241421.93074999997,223961.67853809745
development_2023_2024,regime_switch,5,ticker_ascending,cash_half,A_baseline,1000000,126640,126640:2023-07-06,2023-07-07,2023-07-14,,,207,time_open,-12809.737788749975,-3.0980260431416773,cash_50_no_add,3.0,False,1.0,413480.63606849994,400670.89827974996
development_2023_2024,regime_switch,5,ticker_ascending,cash_half,A_baseline,1000000,204320,204320:2023-07-14,2023-07-17,2023-07-24,,,7,time_open,-16991.549312499992,-4.67784151896068,cash_50_no_add,3.0,False,1.0,363234.82195,346243.2726375
development_2023_2024,regime_switch,5,ticker_ascending,cash_half,A_baseline,1000000,001740,001740:2023-07-25,2023-07-26,2023-07-28,,,64,stop_intraday,-28608.73192297126,-7.232256057956543,cash_50_no_add,3.0,False,1.0,395571.33615999995,366962.6042370287
development_2023_2024,regime_switch,5,ticker_ascending,cash_half,A_baseline,1000000,220100,220100:2023-08-01,2023-08-02,2023-08-04,,,44,take_intraday,56438.662909478706,14.712801648763385,cash_50_no_add,3.0,False,1.0,383602.418199,440041.0811084787
development_2023_2024,regime_switch,5,ticker_ascending,cash_half,A_baseline,1000000,326030,326030:2023-08-10,2023-08-11,2023-08-16,,,4,stop_intraday,-28921.712377557997,-7.232256057956532,cash_50_no_add,3.0,False,1.0,399898.89939999994,370977.18702244194
development_2023_2024,regime_switch,5,ticker_ascending,cash_half,A_baseline,1000000,085310,085310:2023-08-28,2023-08-29,2023-09-05,,,36,time_open,-22936.8762,-5.829715257543566,cash_50_no_add,3.0,False,1.0,393447.62457,370510.74837
development_2023_2024,regime_switch,5,ticker_ascending,cash_half,A_baseline,1000000,105630,105630:2023-09-05,2023-09-06,2023-09-13,,,18,time_open,6775.4310750000295,1.8065143483699808,cash_50_no_add,3.0,False,1.0,375055.48079999996,381830.911875
development_2023_2024,regime_switch,5,ticker_ascending,cash_half,A_baseline,1000000,016360,016360:2023-09-20,2023-09-21,2023-10-04,,,10,time_open,-20307.26424999995,-5.292891238288577,cash_50_no_add,3.0,False,1.0,383670.53724999994,363363.273
development_2023_2024,regime_switch,5,ticker_ascending,cash_half,A_baseline,1000000,105630,105630:2023-11-16,2023-11-17,2023-11-23,,,16,stop_intraday,-27414.769448066014,-7.232256057956532,cash_50_no_add,3.0,False,1.0,379062.4838,351647.714351934
development_2023_2024,regime_switch,5,ticker_ascending,cash_half,A_baseline,1000000,015360,015360:2023-11-28,2023-11-29,2023-12-06,,,51,time_open,-3305.5665299999528,-0.910010596416666,cash_50_no_add,3.0,False,1.0,363244.8394574999,359939.27292749996
development_2023_2024,regime_switch,5,ticker_ascending,cash_half,A_baseline,1000000,015360,015360:2023-12-05,2023-12-06,2023-12-13,,,51,time_open,-2789.318647499953,-0.7722339025841518,cash_50_no_add,3.0,False,1.0,361201.26792749995,358411.94928
development_2023_2024,regime_switch,5,ticker_ascending,cash_half,A_baseline,1000000,215200,215200:2023-12-12,2023-12-13,2023-12-20,,,5,time_open,-15127.010499999917,-4.58983986976288,cash_50_no_add,3.0,False,1.0,329575.99674999993,314448.98625
development_2023_2024,regime_switch,5,ticker_ascending,cash_half,A_baseline,1000000,279600,279600:2023-12-19,2023-12-20,2023-12-22,,,20,take_intraday,50671.16957652749,14.71280164876343,cash_50_no_add,3.0,False,1.0,344401.90785,395073.0774265275
development_2023_2024,regime_switch,5,ticker_ascending,cash_half,A_baseline,1000000,279600,279600:2023-12-22,2023-12-26,2024-01-02,,,17,stop_intraday,-26748.671693558863,-7.232256057956543,cash_50_no_add,3.0,False,1.0,369852.3874045,343103.7157109411
development_2023_2024,regime_switch,5,ticker_ascending,cash_half,A_baseline,1000000,326030,326030:2024-01-02,2024-01-03,2024-01-04,,,3,stop_intraday,-22452.000665844767,-7.232256057956543,cash_50_no_add,3.0,False,1.0,310442.55742499995,287990.5567591552
development_2023_2024,regime_switch,5,ticker_ascending,cash_half,A_baseline,1000000,004540,004540:2024-01-10,2024-01-11,2024-01-12,,,115,stop_intraday,-25703.157587044465,-7.232256057956543,cash_50_no_add,3.0,False,1.0,355396.12233125,329692.9647442055
development_2023_2024,regime_switch,5,ticker_ascending,cash_half,A_baseline,1000000,003530,003530:2024-01-18,2024-01-19,2024-01-26,,,95,time_open,-12107.876943749958,-3.5194630925218795,cash_50_no_add,3.0,False,1.0,344026.25131875,331918.374375
development_2023_2024,regime_switch,5,ticker_ascending,cash_half,A_baseline,1000000,163560,163560:2024-02-07,2024-02-08,2024-02-19,,,52,time_open,15967.002870000026,4.796887412742423,cash_50_no_add,3.0,False,1.0,332861.73920999997,348828.74208
development_2023_2024,regime_switch,5,ticker_ascending,cash_half,A_baseline,1000000,006800,006800:2024-02-16,2024-02-19,2024-02-26,,,38,time_open,-1185.1629999999423,-0.3493883084190186,cash_50_no_add,3.0,False,1.0,339210.83546349994,338025.6724635
development_2023_2024,regime_switch,5,ticker_ascending,cash_half,A_baseline,1000000,001130,001130:2024-02-23,2024-02-26,2024-03-05,,,24,time_open,-11256.847559999907,-3.2926553204066344,cash_50_no_add,3.0,False,1.0,341877.4959599999,330620.6484
development_2023_2024,regime_switch,5,ticker_ascending,cash_half,A_baseline,1000000,001460,001460:2024-03-05,2024-03-06,2024-03-13,,,6,time_open,-19627.963949999947,-6.466554570674488,cash_50_no_add,3.0,False,1.0,303530.47724999994,283902.5133
development_2023_2024,regime_switch,5,ticker_ascending,cash_half,A_baseline,1000000,015860,015860:2024-03-18,2024-03-19,2024-03-26,,,73,time_open,-13543.151807499991,-4.097309544606809,cash_50_no_add,3.0,False,1.0,330537.67747,316994.5256625
development_2023_2024,regime_switch,5,ticker_ascending,cash_half,A_baseline,1000000,015360,015360:2024-03-25,2024-03-26,2024-03-28,,,39,stop_intraday,-23395.288980363286,-7.232256057956532,cash_50_no_add,3.0,False,1.0,323485.35218999995,300090.06320963666
development_2023_2024,regime_switch,5,ticker_ascending,cash_half,A_baseline,1000000,014830,014830:2024-04-03,2024-04-04,2024-04-12,,,3,time_open,1798.577025000006,0.7007937820074694,cash_50_no_add,3.0,False,1.0,256648.54215,258447.119175
development_2023_2024,regime_switch,5,ticker_ascending,cash_half,A_baseline,1000000,094280,094280:2024-04-11,2024-04-12,2024-04-19,,,24,time_open,-1294.6201800000272,-0.4287279674091593,cash_50_no_add,3.0,False,1.0,301967.74608,300673.1259
development_2023_2024,regime_switch,5,ticker_ascending,cash_half,A_baseline,1000000,099220,099220:2024-04-19,2024-04-22,2024-04-23,,,21,take_intraday,44878.91546263121,14.712801648763406,cash_50_no_add,3.0,False,1.0,305033.10337499995,349912.01883763116
development_2023_2024,regime_switch,5,ticker_ascending,cash_half,A_baseline,1000000,064850,064850:2024-04-23,2024-04-24,2024-04-25,,,44,stop_intraday,-24163.250280969893,-7.232256057956565,cash_50_no_add,3.0,False,1.0,334103.91014,309940.6598590301
development_2023_2024,regime_switch,5,ticker_ascending,cash_half,A_baseline,1000000,094280,094280:2024-04-29,2024-04-30,2024-05-09,,,25,time_open,3638.31606250006,1.1520879977983123,cash_50_no_add,3.0,False,1.0,315801.92393749993,319440.24
development_2023_2024,regime_switch,5,ticker_ascending,cash_half,A_baseline,1000000,094280,094280:2024-05-08,2024-05-09,2024-05-17,,,25,time_open,2873.003000000026,0.8962443377257268,cash_50_no_add,3.0,False,1.0,320560.24,323433.243
development_2023_2024,regime_switch,5,ticker_ascending,cash_half,A_baseline,1000000,036620,036620:2024-05-16,2024-05-17,2024-05-23,,,85,take_intraday,47668.18795895402,14.712801648763406,cash_50_no_add,3.0,False,1.0,323991.23631874996,371659.424277704
development_2023_2024,regime_switch,5,ticker_ascending,cash_half,A_baseline,1000000,064850,064850:2024-05-23,2024-05-24,2024-05-31,,,46,time_open,8421.112245000026,2.407743240359883,cash_50_no_add,3.0,False,1.0,349751.256855,358172.3691
development_2023_2024,regime_switch,5,ticker_ascending,cash_half,A_baseline,1000000,051630,051630:2024-05-30,2024-05-31,2024-06-10,,,109,time_open,15094.49576249998,4.29849469958381,cash_50_no_add,3.0,False,1.0,351157.71490799997,366252.21067049995
development_2023_2024,regime_switch,5,ticker_ascending,cash_half,A_baseline,1000000,003080,003080:2024-06-07,2024-06-10,2024-06-17,,,120,time_open,-1259.9999999999418,-0.3493883084190186,cash_50_no_add,3.0,False,1.0,360630.26999999996,359370.27
development_2023_2024,regime_switch,5,ticker_ascending,cash_half,A_baseline,1000000,051630,051630:2024-06-14,2024-06-17,2024-06-24,,,109,time_open,270.86614450003253,0.07556099516980996,cash_50_no_add,3.0,False,1.0,358473.50063524995,358744.36677975
development_2023_2024,regime_switch,5,ticker_ascending,cash_half,A_baseline,1000000,220100,220100:2024-06-21,2024-06-24,2024-06-25,,,28,stop_intraday,-25574.27049706527,-7.232256057956532,cash_50_no_add,3.0,False,1.0,353614.0077469999,328039.73724993464
development_2023_2024,regime_switch,5,ticker_ascending,cash_half,A_baseline,1000000,053350,053350:2024-06-25,2024-06-26,2024-07-03,,,94,time_open,-4022.4971149999765,-1.1639709652984331,cash_50_no_add,3.0,False,1.0,345583.973735,341561.47662000003
development_2023_2024,regime_switch,5,ticker_ascending,cash_half,A_baseline,1000000,003570,003570:2024-07-04,2024-07-05,2024-07-12,,,17,time_open,-8335.36035500007,-2.41112510203797,cash_50_no_add,3.0,False,1.0,345704.183825,337368.82346999994
development_2023_2024,regime_switch,5,ticker_ascending,cash_half,A_baseline,1000000,011780,011780:2024-07-11,2024-07-12,2024-07-19,,,2,time_open,-19317.563649999967,-5.87204705624721,cash_50_no_add,3.0,False,1.0,328974.94629999995,309657.38265
development_2023_2024,regime_switch,5,ticker_ascending,cash_half,A_baseline,1000000,003570,003570:2024-07-18,2024-07-19,2024-07-26,,,15,time_open,-5599.878375000029,-1.7662216500055061,cash_50_no_add,3.0,False,1.0,317054.112375,311454.234
development_2023_2024,regime_switch,5,ticker_ascending,cash_half,A_baseline,1000000,053350,053350:2024-07-25,2024-07-26,2024-08-02,,,88,time_open,16867.303529999976,5.16434324266708,cash_50_no_add,3.0,False,1.0,326610.81453,343478.11805999995
development_2023_2024,regime_switch,5,ticker_ascending,cash_half,A_baseline,1000000,003570,003570:2024-08-01,2024-08-02,2024-08-05,,,15,stop_intraday,-23038.839018195053,-7.232256057956555,cash_50_no_add,3.0,False,1.0,318556.7385,295517.8994818049
development_2023_2024,regime_switch,5,ticker_ascending,cash_half,A_baseline,1000000,006800,006800:2024-10-08,2024-10-10,2024-10-17,,,37,time_open,8429.097437250079,2.589856473282337,cash_50_no_add,3.0,False,1.0,325465.8134227499,333894.91086
development_2023_2024,regime_switch,5,ticker_ascending,cash_half,A_baseline,1000000,015360,015360:2024-10-16,2024-10-17,2024-10-24,,,35,time_open,31698.299675000017,9.679688242982042,cash_50_no_add,3.0,False,1.0,327472.320175,359170.61985
development_2023_2024,regime_switch,5,ticker_ascending,dip_3pct,A_baseline,1000000,036620,036620:2023-01-13,2023-01-16,2023-01-25,,,242,time_open,7918.247260000033,1.5855750253980672,dip_50_50,3.0,False,1.0,499392.78388999996,507311.03115
development_2023_2024,regime_switch,5,ticker_ascending,dip_3pct,A_baseline,1000000,003830,003830:2023-01-25,2023-01-26,2023-02-02,,,3,time_open,9714.533324999968,2.484641386114772,dip_50_50,3.0,False,1.0,390983.317725,400697.85104999994
development_2023_2024,regime_switch,5,ticker_ascending,dip_3pct,A_baseline,1000000,028670,028670:2023-02-01,2023-02-02,2023-02-07,,,160,stop_intraday,-53322.91348384018,-5.345691343091996,dip_50_50,3.0,True,2.0,997493.3093125001,944170.3958286599
development_2023_2024,regime_switch,5,ticker_ascending,dip_3pct,A_baseline,1000000,105630,105630:2023-02-07,2023-02-08,2023-02-15,,,56,time_open,-16405.717317500035,-1.7168693670765345,dip_50_50,3.0,True,2.0,955560.0229175,939154.3056
development_2023_2024,regime_switch,5,ticker_ascending,dip_3pct,A_baseline,1000000,006220,006220:2023-02-16,2023-02-17,2023-02-20,,,22,take_intraday,69064.8925641675,14.71280164876343,dip_50_50,3.0,False,1.0,469420.40145,538485.2940141675
development_2023_2024,regime_switch,5,ticker_ascending,dip_3pct,A_baseline,1000000,008260,008260:2023-02-20,2023-02-21,2023-02-22,,,76,stop_gap,-44243.81192000001,-8.791800191518185,dip_50_50,3.0,False,1.0,503239.50677,458995.69484999997
development_2023_2024,regime_switch,5,ticker_ascending,dip_3pct,A_baseline,1000000,001130,001130:2023-02-21,2023-02-22,2023-03-02,,,31,time_open,5161.040114999982,1.0948234552270675,dip_50_50,3.0,False,1.0,471403.867935,476564.90804999997
development_2023_2024,regime_switch,5,ticker_ascending,dip_3pct,A_baseline,1000000,001130,001130:2023-02-28,2023-03-02,2023-03-09,,,31,time_open,6065.543312500056,1.2683164268339153,dip_50_50,3.0,False,1.0,478235.80804999993,484301.3513625
development_2023_2024,regime_switch,5,ticker_ascending,dip_3pct,A_baseline,1000000,001130,001130:2023-03-08,2023-03-09,2023-03-14,,,64,stop_intraday,-42813.10071438411,-4.3973944517432635,dip_50_50,3.0,True,2.0,973601.5539249999,930788.4532106158
development_2023_2024,regime_switch,5,ticker_ascending,dip_3pct,A_baseline,1000000,001460,001460:2023-03-15,2023-03-16,2023-03-23,,,18,time_open,-31890.171599999885,-3.547803127005378,dip_50_50,3.0,True,2.0,898870.9479749999,866980.776375
development_2023_2024,regime_switch,5,ticker_ascending,dip_3pct,A_baseline,1000000,030210,030210:2023-03-22,2023-03-23,2023-03-30,,,89,time_open,21513.98735500005,4.740819754412229,dip_50_50,3.0,False,1.0,453803.10725749994,475317.0946125
development_2023_2024,regime_switch,5,ticker_ascending,dip_3pct,A_baseline,1000000,001740,001740:2023-03-29,2023-03-30,2023-04-06,,,105,time_open,12525.854381250043,2.694238971753693,dip_50_50,3.0,False,1.0,464912.5230749999,477438.37745624996
development_2023_2024,regime_switch,5,ticker_ascending,dip_3pct,A_baseline,1000000,314130,314130:2023-04-05,2023-04-06,2023-04-07,,,74,stop_intraday,-52981.7119496665,-5.635794803053229,dip_50_50,3.0,True,2.0,940092.9913374998,887111.2793878333
development_2023_2024,regime_switch,5,ticker_ascending,dip_3pct,A_baseline,1000000,014680,014680:2023-04-07,2023-04-10,2023-04-13,,,3,stop_intraday,-29510.463264782564,-4.04655056544131,dip_50_50,3.0,True,2.0,729274.546,699764.0827352174
development_2023_2024,regime_switch,5,ticker_ascending,dip_3pct,A_baseline,1000000,004100,004100:2023-04-13,2023-04-14,2023-04-21,,,414,time_open,-10771.3158349999,-1.252401247631063,dip_50_50,3.0,True,2.0,860053.1064124999,849281.7905775
development_2023_2024,regime_switch,5,ticker_ascending,dip_3pct,A_baseline,1000000,319400,319400:2023-04-20,2023-04-21,2023-04-24,,,83,stop_gap,-74382.16477999999,-17.67992947217225,dip_50_50,3.0,False,1.0,420715.279985,346333.115205
development_2023_2024,regime_switch,5,ticker_ascending,dip_3pct,A_baseline,1000000,064850,064850:2023-04-24,2023-04-25,2023-05-03,,,49,time_open,22124.007640000025,5.705332401955521,dip_50_50,3.0,False,1.0,387777.71532499994,409901.72296499996
development_2023_2024,regime_switch,5,ticker_ascending,dip_3pct,A_baseline,1000000,011230,011230:2023-05-02,2023-05-04,2023-05-08,,,32,stop_intraday,-28075.505963304895,-7.232256057956555,dip_50_50,3.0,False,1.0,388198.45064,360122.9446766951
development_2023_2024,regime_switch,5,ticker_ascending,dip_3pct,A_baseline,1000000,000430,000430:2023-05-10,2023-05-11,2023-05-18,,,85,time_open,14780.024612500041,3.848752760627616,dip_50_50,3.0,False,1.0,384021.15001249994,398801.174625
development_2023_2024,regime_switch,5,ticker_ascending,dip_3pct,A_baseline,1000000,015360,015360:2023-05-17,2023-05-18,2023-05-25,,,59,time_open,3935.7464824999915,1.0074278870790376,dip_50_50,3.0,False,1.0,390672.7749925,394608.521475
development_2023_2024,regime_switch,5,ticker_ascending,dip_3pct,A_baseline,1000000,036620,036620:2023-05-24,2023-05-25,2023-06-02,,,123,time_open,39150.00794250006,9.991712904858252,dip_50_50,3.0,False,1.0,391824.78835499997,430974.7962975
development_2023_2024,regime_switch,5,ticker_ascending,dip_3pct,A_baseline,1000000,064850,064850:2023-06-02,2023-06-05,2023-06-13,,,46,time_open,-7405.659485000011,-1.8016954294846843,dip_50_50,3.0,False,1.0,411038.36773999996,403632.70825499995
development_2023_2024,regime_switch,5,ticker_ascending,dip_3pct,A_baseline,1000000,001740,001740:2023-06-12,2023-06-13,2023-06-20,,,156,time_open,-11552.626539999968,-1.4173183717739013,dip_50_50,3.0,True,2.0,815104.5502599999,803551.92372
development_2023_2024,regime_switch,5,ticker_ascending,dip_3pct,A_baseline,1000000,008260,008260:2023-06-19,2023-06-20,2023-06-27,,,111,time_open,7091.909947499982,0.8784389872150244,dip_50_50,3.0,True,2.0,807330.96444,814422.8743875
development_2023_2024,regime_switch,5,ticker_ascending,dip_3pct,A_baseline,1000000,026890,026890:2023-06-26,2023-06-27,2023-07-04,,,120,time_open,14791.300737500074,1.8275202829002524,dip_50_50,3.0,True,2.0,809364.5184625,824155.8192
development_2023_2024,regime_switch,5,ticker_ascending,dip_3pct,A_baseline,1000000,014680,014680:2023-07-03,2023-07-04,2023-07-06,,,1,stop_intraday,-17460.252211902523,-7.232256057956543,dip_50_50,3.0,False,1.0,241421.93074999997,223961.67853809745
development_2023_2024,regime_switch,5,ticker_ascending,dip_3pct,A_baseline,1000000,126640,126640:2023-07-06,2023-07-07,2023-07-14,,,203,time_open,-12562.20662375004,-3.0980260431416884,dip_50_50,3.0,False,1.0,405490.6720865,392928.46546274994
development_2023_2024,regime_switch,5,ticker_ascending,dip_3pct,A_baseline,1000000,204320,204320:2023-07-14,2023-07-17,2023-07-24,,,15,time_open,-21985.252012499957,-2.877895174708156,dip_50_50,3.0,True,2.0,763935.12195,741949.8699375
development_2023_2024,regime_switch,5,ticker_ascending,dip_3pct,A_baseline,1000000,001740,001740:2023-07-25,2023-07-26,2023-07-28,,,128,stop_intraday,-41349.73196594254,-5.3335571432858275,dip_50_50,3.0,True,2.0,775274.9404399999,733925.2084740574
development_2023_2024,regime_switch,5,ticker_ascending,dip_3pct,A_baseline,1000000,220100,220100:2023-08-01,2023-08-02,2023-08-04,,,86,take_intraday,130939.98349434487,17.958132535975246,dip_50_50,3.0,True,2.0,729140.3113994999,860080.2948938448
development_2023_2024,regime_switch,5,ticker_ascending,dip_3pct,A_baseline,1000000,326030,326030:2023-08-10,2023-08-11,2023-08-16,,,8,stop_intraday,-37007.009155116044,-4.750814347572662,dip_50_50,3.0,True,2.0,778961.3831999999,741954.3740448839
development_2023_2024,regime_switch,5,ticker_ascending,dip_3pct,A_baseline,1000000,085310,085310:2023-08-28,2023-08-29,2023-09-05,,,77,time_open,-30697.33840249991,-3.72912222406675,dip_50_50,3.0,True,2.0,823178.6613049998,792481.3229024999
development_2023_2024,regime_switch,5,ticker_ascending,dip_3pct,A_baseline,1000000,105630,105630:2023-09-05,2023-09-06,2023-09-13,,,19,time_open,7151.843912499957,1.8065143483699586,dip_50_50,3.0,False,1.0,395891.8964,403043.7403125
development_2023_2024,regime_switch,5,ticker_ascending,dip_3pct,A_baseline,1000000,016360,016360:2023-09-20,2023-09-21,2023-10-04,,,21,time_open,-25014.441724999924,-3.1741101092608415,dip_50_50,3.0,True,2.0,788077.3150249999,763062.8733
development_2023_2024,regime_switch,5,ticker_ascending,dip_3pct,A_baseline,1000000,105630,105630:2023-11-16,2023-11-17,2023-11-23,,,16,stop_intraday,-27414.769448066014,-7.232256057956532,dip_50_50,3.0,False,1.0,379062.4838,351647.714351934
development_2023_2024,regime_switch,5,ticker_ascending,dip_3pct,A_baseline,1000000,015360,015360:2023-11-28,2023-11-29,2023-12-06,,,53,time_open,-3435.196590000007,-0.9100105964166771,dip_50_50,3.0,False,1.0,377489.7351225,374054.5385325
development_2023_2024,regime_switch,5,ticker_ascending,dip_3pct,A_baseline,1000000,015360,015360:2023-12-05,2023-12-06,2023-12-13,,,53,time_open,-2898.7036924999557,-0.7722339025841518,dip_50_50,3.0,False,1.0,375366.02353249997,372467.31984
development_2023_2024,regime_switch,5,ticker_ascending,dip_3pct,A_baseline,1000000,215200,215200:2023-12-12,2023-12-13,2023-12-20,,,11,time_open,-15247.909599999897,-2.15659690809632,dip_50_50,3.0,True,2.0,707035.6793499999,691787.76975
development_2023_2024,regime_switch,5,ticker_ascending,dip_3pct,A_baseline,1000000,279600,279600:2023-12-19,2023-12-20,2023-12-22,,,21,take_intraday,53204.7280553538,14.712801648763406,dip_50_50,3.0,False,1.0,361622.0032425,414826.7312978538
development_2023_2024,regime_switch,5,ticker_ascending,dip_3pct,A_baseline,1000000,279600,279600:2023-12-22,2023-12-26,2024-01-02,,,18,stop_intraday,-28322.12296965049,-7.232256057956532,dip_50_50,3.0,False,1.0,391608.41019299993,363286.28722334944
development_2023_2024,regime_switch,5,ticker_ascending,dip_3pct,A_baseline,1000000,326030,326030:2024-01-02,2024-01-03,2024-01-04,,,3,stop_intraday,-22452.000665844767,-7.232256057956543,dip_50_50,3.0,False,1.0,310442.55742499995,287990.5567591552
development_2023_2024,regime_switch,5,ticker_ascending,dip_3pct,A_baseline,1000000,004540,004540:2024-01-10,2024-01-11,2024-01-12,,,119,stop_intraday,-26597.180459637253,-7.232256057956521,dip_50_50,3.0,False,1.0,367757.72658624995,341160.5461266127
development_2023_2024,regime_switch,5,ticker_ascending,dip_3pct,A_baseline,1000000,003530,003530:2024-01-18,2024-01-19,2024-01-26,,,202,time_open,-2604.7275974999648,-0.3677082489107475,dip_50_50,3.0,True,2.0,708368.0078474999,705763.28025
development_2023_2024,regime_switch,5,ticker_ascending,dip_3pct,A_baseline,1000000,163560,163560:2024-02-07,2024-02-08,2024-02-19,,,55,time_open,16888.176112500078,4.7968874127424455,dip_50_50,3.0,False,1.0,352065.30108749995,368953.4772
development_2023_2024,regime_switch,5,ticker_ascending,dip_3pct,A_baseline,1000000,006800,006800:2024-02-16,2024-02-19,2024-02-26,,,40,time_open,-1247.539999999979,-0.3493883084190297,dip_50_50,3.0,False,1.0,357064.03732999996,355816.49733
development_2023_2024,regime_switch,5,ticker_ascending,dip_3pct,A_baseline,1000000,001130,001130:2024-02-23,2024-02-26,2024-03-05,,,25,time_open,-11725.882874999952,-3.2926553204066455,dip_50_50,3.0,False,1.0,356122.39162499993,344396.50875
development_2023_2024,regime_switch,5,ticker_ascending,dip_3pct,A_baseline,1000000,001460,001460:2024-03-05,2024-03-06,2024-03-13,,,14,time_open,-28267.944424999994,-4.092609255209389,dip_50_50,3.0,True,2.0,690707.142125,662439.1977
development_2023_2024,regime_switch,5,ticker_ascending,dip_3pct,A_baseline,1000000,015860,015860:2024-03-18,2024-03-19,2024-03-26,,,75,time_open,-13914.197062499938,-4.097309544606798,dip_50_50,3.0,False,1.0,339593.50424999994,325679.3071875
development_2023_2024,regime_switch,5,ticker_ascending,dip_3pct,A_baseline,1000000,015360,015360:2024-03-25,2024-03-26,2024-03-28,,,82,stop_intraday,-32360.682179225492,-4.878598183384952,dip_50_50,3.0,True,2.0,663319.2766199999,630958.5944407744
development_2023_2024,regime_switch,5,ticker_ascending,dip_3pct,A_baseline,1000000,014830,014830:2024-04-03,2024-04-04,2024-04-12,,,3,time_open,1798.577025000006,0.7007937820074694,dip_50_50,3.0,False,1.0,256648.54215,258447.119175
development_2023_2024,regime_switch,5,ticker_ascending,dip_3pct,A_baseline,1000000,094280,094280:2024-04-11,2024-04-12,2024-04-19,,,25,time_open,-1348.5626875000307,-0.4287279674091593,dip_50_50,3.0,False,1.0,314549.7355,313201.1728125
development_2023_2024,regime_switch,5,ticker_ascending,dip_3pct,A_baseline,1000000,099220,099220:2024-04-19,2024-04-22,2024-04-23,,,21,take_intraday,44878.91546263121,14.712801648763406,dip_50_50,3.0,False,1.0,305033.10337499995,349912.01883763116
development_2023_2024,regime_switch,5,ticker_ascending,dip_3pct,A_baseline,1000000,064850,064850:2024-04-23,2024-04-24,2024-04-25,,,92,stop_intraday,-32732.066358391545,-4.807954803673608,dip_50_50,3.0,True,2.0,680789.8097,648057.7433416084
development_2023_2024,regime_switch,5,ticker_ascending,dip_3pct,A_baseline,1000000,094280,094280:2024-04-29,2024-04-30,2024-05-09,,,25,time_open,3638.31606250006,1.1520879977983123,dip_50_50,3.0,False,1.0,315801.92393749993,319440.24
development_2023_2024,regime_switch,5,ticker_ascending,dip_3pct,A_baseline,1000000,094280,094280:2024-05-08,2024-05-09,2024-05-17,,,25,time_open,2873.003000000026,0.8962443377257268,dip_50_50,3.0,False,1.0,320560.24,323433.243
development_2023_2024,regime_switch,5,ticker_ascending,dip_3pct,A_baseline,1000000,036620,036620:2024-05-16,2024-05-17,2024-05-23,,,85,take_intraday,47668.18795895402,14.712801648763406,dip_50_50,3.0,False,1.0,323991.23631874996,371659.424277704
development_2023_2024,regime_switch,5,ticker_ascending,dip_3pct,A_baseline,1000000,064850,064850:2024-05-23,2024-05-24,2024-05-31,,,46,time_open,8421.112245000026,2.407743240359883,dip_50_50,3.0,False,1.0,349751.256855,358172.3691
development_2023_2024,regime_switch,5,ticker_ascending,dip_3pct,A_baseline,1000000,051630,051630:2024-05-30,2024-05-31,2024-06-10,,,110,time_open,15232.977375000017,4.29849469958381,dip_50_50,3.0,False,1.0,354379.34531999996,369612.322695
development_2023_2024,regime_switch,5,ticker_ascending,dip_3pct,A_baseline,1000000,003080,003080:2024-06-07,2024-06-10,2024-06-17,,,120,time_open,-1259.9999999999418,-0.3493883084190186,dip_50_50,3.0,False,1.0,360630.26999999996,359370.27
development_2023_2024,regime_switch,5,ticker_ascending,dip_3pct,A_baseline,1000000,051630,051630:2024-06-14,2024-06-17,2024-06-24,,,110,time_open,273.3511550000985,0.07556099516983217,dip_50_50,3.0,False,1.0,361762.24834749993,362035.59950250003
development_2023_2024,regime_switch,5,ticker_ascending,dip_3pct,A_baseline,1000000,220100,220100:2024-06-21,2024-06-24,2024-06-25,,,28,stop_intraday,-25574.27049706527,-7.232256057956532,dip_50_50,3.0,False,1.0,353614.0077469999,328039.73724993464
development_2023_2024,regime_switch,5,ticker_ascending,dip_3pct,A_baseline,1000000,053350,053350:2024-06-25,2024-06-26,2024-07-03,,,195,time_open,10187.846987499972,1.4588025226768497,dip_50_50,3.0,True,2.0,698370.5353625,708558.38235
development_2023_2024,regime_switch,5,ticker_ascending,dip_3pct,A_baseline,1000000,003570,003570:2024-07-04,2024-07-05,2024-07-12,,,17,time_open,-8335.36035500007,-2.41112510203797,dip_50_50,3.0,False,1.0,345704.183825,337368.82346999994
development_2023_2024,regime_switch,5,ticker_ascending,dip_3pct,A_baseline,1000000,011780,011780:2024-07-11,2024-07-12,2024-07-19,,,2,time_open,-19317.563649999967,-5.87204705624721,dip_50_50,3.0,False,1.0,328974.94629999995,309657.38265
development_2023_2024,regime_switch,5,ticker_ascending,dip_3pct,A_baseline,1000000,003570,003570:2024-07-18,2024-07-19,2024-07-26,,,16,time_open,-5973.20359999995,-1.766221650005484,dip_50_50,3.0,False,1.0,338191.05319999997,332217.8496
development_2023_2024,regime_switch,5,ticker_ascending,dip_3pct,A_baseline,1000000,053350,053350:2024-07-25,2024-07-26,2024-08-02,,,91,time_open,17442.325241249986,5.16434324266708,dip_50_50,3.0,False,1.0,337745.27411625,355187.5993575
development_2023_2024,regime_switch,5,ticker_ascending,dip_3pct,A_baseline,1000000,003570,003570:2024-08-01,2024-08-02,2024-08-05,,,16,stop_intraday,-24574.761619407975,-7.232256057956521,dip_50_50,3.0,False,1.0,339793.85439999995,315219.092780592
development_2023_2024,regime_switch,5,ticker_ascending,dip_3pct,A_baseline,1000000,006800,006800:2024-10-08,2024-10-10,2024-10-17,,,38,time_open,8656.91088150005,2.589856473282315,dip_50_50,3.0,False,1.0,334262.18675849994,342919.09764
development_2023_2024,regime_switch,5,ticker_ascending,dip_3pct,A_baseline,1000000,015360,015360:2024-10-16,2024-10-17,2024-10-24,,,36,time_open,32603.96538000001,9.679688242982042,dip_50_50,3.0,False,1.0,336828.67217999994,369432.63755999994
development_2023_2024,regime_switch,5,factor_rank,all_in,A_baseline,1000000,036620,036620:2023-01-13,2023-01-16,2023-01-25,2062.06,2097.9,484,time_open,15836.494520000182,1.5855750253980894,,,,,,
development_2023_2024,regime_switch,5,factor_rank,all_in,A_baseline,1000000,003830,003830:2023-01-25,2023-01-26,2023-02-02,130230.09999999999,133666.2,7,time_open,22667.244425000157,2.4846413861147942,,,,,,
development_2023_2024,regime_switch,5,factor_rank,all_in,A_baseline,1000000,028670,028670:2023-02-01,2023-02-02,2023-02-07,6356.349999999999,5905.494094499999,163,stop_intraday,-74988.52303705283,-7.232256057956555,,,,,,
development_2023_2024,regime_switch,5,factor_rank,all_in,A_baseline,1000000,105630,105630:2023-02-07,2023-02-08,2023-02-15,17377.359999999997,16783.2,55,time_open,-34087.9230999999,-3.563924169437771,,,,,,
development_2023_2024,regime_switch,5,factor_rank,all_in,A_baseline,1000000,105630,105630:2023-02-16,2023-02-17,2023-02-22,18428.409999999996,17121.282878699996,50,stop_intraday,-66689.46954795124,-7.232256057956532,,,,,,
development_2023_2024,regime_switch,5,factor_rank,all_in,A_baseline,1000000,000850,000850:2023-02-23,2023-02-24,2023-03-06,33683.649999999994,35464.5,25,time_open,43224.7221875001,5.129174295724348,,,,,,
development_2023_2024,regime_switch,5,factor_rank,all_in,A_baseline,1000000,115500,115500:2023-03-03,2023-03-06,2023-03-07,6356.349999999999,7482.51,142,take_gap,158440.88141000003,17.540642766919913,,,,,,
development_2023_2024,regime_switch,5,factor_rank,all_in,A_baseline,1000000,006800,006800:2023-03-06,2023-03-07,2023-03-10,7165.157999999999,6656.933343059999,148,stop_intraday,-76751.50136619969,-7.232256057956532,,,,,,
development_2023_2024,regime_switch,5,factor_rank,all_in,A_baseline,1000000,048770,048770:2023-03-10,2023-03-13,2023-03-14,4044.0399999999995,3757.1962427999993,244,stop_intraday,-71417.50298923254,-7.232256057956543,,,,,,
development_2023_2024,regime_switch,5,factor_rank,all_in,A_baseline,1000000,001460,001460:2023-03-15,2023-03-16,2023-03-23,50850.799999999996,48201.75,18,time_open,-49020.109424999915,-5.351535155142084,,,,,,
development_2023_2024,regime_switch,5,factor_rank,all_in,A_baseline,1000000,030210,030210:2023-03-22,2023-03-23,2023-03-30,5095.089999999999,5344.65,170,time_open,41094.13315000001,4.740819754412207,,,,,,
development_2023_2024,regime_switch,5,factor_rank,all_in,A_baseline,1000000,004360,004360:2023-03-29,2023-03-30,2023-04-06,45395.35,45554.4,19,time_open,1725.9160624998622,0.1999535421409293,,,,,,
development_2023_2024,regime_switch,5,factor_rank,all_in,A_baseline,1000000,314130,314130:2023-04-05,2023-04-06,2023-04-07,12912.899999999998,11996.988002999997,70,stop_intraday,-65421.608910157694,-7.232256057956555,,,,,,
development_2023_2024,regime_switch,5,factor_rank,all_in,A_baseline,1000000,014680,014680:2023-04-07,2023-04-10,2023-04-13,251250.99999999997,233429.76656999998,3,stop_intraday,-54554.232014782494,-7.232256057956532,,,,,,
development_2023_2024,regime_switch,5,factor_rank,all_in,A_baseline,1000000,008260,008260:2023-04-13,2023-04-14,2023-04-21,7197.19,7052.94,109,time_open,-16888.19812750013,-2.1511378939413794,,,,,,
development_2023_2024,regime_switch,5,factor_rank,all_in,A_baseline,1000000,319400,319400:2023-04-20,2023-04-21,2023-04-24,5065.0599999999995,4175.82,152,stop_gap,-136217.94032000005,-17.67992947217225,,,,,,
development_2023_2024,regime_switch,5,factor_rank,all_in,A_baseline,1000000,119650,119650:2023-04-24,2023-04-25,2023-04-26,7655.647999999999,6391.602,83,stop_gap,-105790.25931250001,-16.636426045667495,,,,,,
development_2023_2024,regime_switch,5,factor_rank,all_in,A_baseline,1000000,011230,011230:2023-04-25,2023-04-26,2023-04-27,3941.9379999999996,5233.761,134,take_gap,172182.1242505001,32.57225867247151,,,,,,
development_2023_2024,regime_switch,5,factor_rank,all_in,A_baseline,1000000,011230,011230:2023-04-26,2023-04-27,2023-04-28,5244.239,7320.672,134,take_gap,276979.2484444999,39.38531828133331,,,,,,
development_2023_2024,regime_switch,5,factor_rank,all_in,A_baseline,1000000,011230,011230:2023-04-27,2023-04-28,2023-05-02,7335.3279999999995,8427.191572799999,133,take_intraday,143645.54385501298,14.712801648763406,,,,,,
development_2023_2024,regime_switch,5,factor_rank,all_in,A_baseline,1000000,011230,011230:2023-05-02,2023-05-04,2023-05-08,12122.109999999999,11262.288737699997,92,stop_intraday,-80717.07964450156,-7.232256057956555,,,,,,
development_2023_2024,regime_switch,5,factor_rank,all_in,A_baseline,1000000,000850,000850:2023-05-10,2023-05-11,2023-05-15,39789.74999999999,36967.46303249999,26,stop_intraday,-74876.22680913389,-7.232256057956543,,,,,,
development_2023_2024,regime_switch,5,factor_rank,all_in,A_baseline,1000000,064850,064850:2023-05-15,2023-05-16,2023-05-23,8298.289999999999,7952.04,116,time_open,-41578.77870999987,-4.316179847408375,,,,,,
development_2023_2024,regime_switch,5,factor_rank,all_in,A_baseline,1000000,319400,319400:2023-05-22,2023-05-23,2023-05-25,5004.999999999999,4649.995349999998,185,stop_intraday,-67015.49085481267,-7.232256057956555,,,,,,
development_2023_2024,regime_switch,5,factor_rank,all_in,A_baseline,1000000,119650,119650:2023-05-25,2023-05-26,2023-05-30,7271.263999999999,6755.513244479999,118,stop_intraday,-62099.95893749653,-7.232256057956543,,,,,,
development_2023_2024,regime_switch,5,factor_rank,all_in,A_baseline,1000000,017900,017900:2023-05-30,2023-05-31,2023-06-01,3138.1349999999998,2915.5470844499996,253,stop_intraday,-57463.42880967434,-7.232256057956532,,,,,,
development_2023_2024,regime_switch,5,factor_rank,all_in,A_baseline,1000000,064850,064850:2023-06-02,2023-06-05,2023-06-13,8928.919999999998,8781.21,82,time_open,-13201.392994999886,-1.801695429484662,,,,,,
development_2023_2024,regime_switch,5,factor_rank,all_in,A_baseline,1000000,001740,001740:2023-06-12,2023-06-13,2023-06-20,5385.379999999999,5154.84,134,time_open,-31951.652109999908,-4.424320385026426,,,,,,
development_2023_2024,regime_switch,5,factor_rank,all_in,A_baseline,1000000,008260,008260:2023-06-19,2023-06-20,2023-06-27,7437.429999999999,7342.65,93,time_open,-9845.450580000179,-1.4223424046944988,,,,,,
development_2023_2024,regime_switch,5,factor_rank,all_in,A_baseline,1000000,026890,026890:2023-06-26,2023-06-27,2023-07-04,6866.86,6873.12,99,time_open,-400.45351499994285,-0.05886174372053965,,,,,,
development_2023_2024,regime_switch,5,factor_rank,all_in,A_baseline,1000000,073640,073640:2023-07-03,2023-07-04,2023-07-06,6766.759999999999,6286.793713199999,101,stop_intraday,-49465.40166057495,-7.232256057956543,,,,,,
development_2023_2024,regime_switch,5,factor_rank,all_in,A_baseline,1000000,126640,126640:2023-07-06,2023-07-07,2023-07-14,1995.9939999999997,1937.061,318,time_open,-19678.7276175,-3.0980260431416773,,,,,,
development_2023_2024,regime_switch,5,factor_rank,all_in,A_baseline,1000000,204320,204320:2023-07-14,2023-07-17,2023-07-24,51851.799999999996,49500.45,11,time_open,-26701.006062499946,-4.677841518960668,,,,,,
development_2023_2024,regime_switch,5,factor_rank,all_in,A_baseline,1000000,001740,001740:2023-07-25,2023-07-26,2023-07-28,6176.169999999999,5738.094261899999,95,stop_intraday,-42466.086448160466,-7.232256057956543,,,,,,
development_2023_2024,regime_switch,5,factor_rank,all_in,A_baseline,1000000,220100,220100:2023-08-01,2023-08-02,2023-08-04,8711.703,10008.439991549998,62,take_intraday,79527.2068269928,14.712801648763406,,,,,,
development_2023_2024,regime_switch,5,factor_rank,all_in,A_baseline,1000000,326030,326030:2023-08-10,2023-08-11,2023-08-16,99899.79999999999,92813.90718599998,6,stop_intraday,-43382.56856633711,-7.232256057956555,,,,,,
development_2023_2024,regime_switch,5,factor_rank,all_in,A_baseline,1000000,085310,085310:2023-08-28,2023-08-29,2023-09-05,10920.909999999998,10299.69,53,time_open,-33768.17884999991,-5.829715257543544,,,,,,
development_2023_2024,regime_switch,5,factor_rank,all_in,A_baseline,1000000,105630,105630:2023-09-05,2023-09-06,2023-09-13,20820.8,21228.75,26,time_open,9786.733774999972,1.8065143483699808,,,,,,
development_2023_2024,regime_switch,5,factor_rank,all_in,A_baseline,1000000,089850,089850:2023-09-20,2023-09-21,2023-09-26,9233.223999999998,8578.311421679999,60,stop_intraday,-40096.2737931757,-7.232256057956555,,,,,,
development_2023_2024,regime_switch,5,factor_rank,all_in,A_baseline,1000000,105630,105630:2023-11-16,2023-11-17,2023-11-23,23673.649999999998,21994.478005499997,21,stop_intraday,-35981.88490058668,-7.232256057956543,,,,,,
development_2023_2024,regime_switch,5,factor_rank,all_in,A_baseline,1000000,015360,015360:2023-11-28,2023-11-29,2023-12-06,7117.109999999999,7062.93,67,time_open,-4342.607009999978,-0.9100105964166771,,,,,,
development_2023_2024,regime_switch,5,factor_rank,all_in,A_baseline,1000000,016450,016450:2023-12-05,2023-12-06,2023-12-13,4934.929999999999,5034.96,96,time_open,8885.0479200001,1.874053331758252,,,,,,
development_2023_2024,regime_switch,5,factor_rank,all_in,A_baseline,1000000,215200,215200:2023-12-12,2023-12-13,2023-12-20,65865.79999999999,62937.0,7,time_open,-21177.814699999988,-4.589839869762901,,,,,,
development_2023_2024,regime_switch,5,factor_rank,all_in,A_baseline,1000000,279600,279600:2023-12-19,2023-12-20,2023-12-22,17207.19,19768.480231499998,27,take_intraday,68406.07892831205,14.712801648763406,,,,,,
development_2023_2024,regime_switch,5,factor_rank,all_in,A_baseline,1000000,279600,279600:2023-12-22,2023-12-26,2024-01-02,21739.717999999997,20197.71980226,24,stop_intraday,-37762.83062620071,-7.232256057956543,,,,,,
development_2023_2024,regime_switch,5,factor_rank,all_in,A_baseline,1000000,326030,326030:2024-01-02,2024-01-03,2024-01-04,103403.29999999999,96068.903931,4,stop_intraday,-29936.000887793023,-7.232256057956543,,,,,,
development_2023_2024,regime_switch,5,factor_rank,all_in,A_baseline,1000000,004540,004540:2024-01-10,2024-01-11,2024-01-12,3088.0849999999996,2869.0471309499994,151,stop_intraday,-33749.36344038014,-7.232256057956543,,,,,,
development_2023_2024,regime_switch,5,factor_rank,all_in,A_baseline,1000000,003530,003530:2024-01-18,2024-01-19,2024-01-26,3618.615,3496.5,119,time_open,-15166.70901375002,-3.5194630925218906,,,,,,
development_2023_2024,regime_switch,5,factor_rank,all_in,A_baseline,1000000,163560,163560:2024-02-07,2024-02-08,2024-02-19,6396.389999999999,6713.28,65,time_open,19958.753587500018,4.796887412742423,,,,,,
development_2023_2024,regime_switch,5,factor_rank,all_in,A_baseline,1000000,006800,006800:2024-02-16,2024-02-19,2024-02-26,8919.910999999998,8902.089,49,time_open,-1528.2364999999409,-0.3493883084190186,,,,,,
development_2023_2024,regime_switch,5,factor_rank,all_in,A_baseline,1000000,001130,001130:2024-02-23,2024-02-26,2024-03-05,14234.219999999998,13786.2,30,time_open,-14071.059449999942,-3.2926553204066455,,,,,,
development_2023_2024,regime_switch,5,factor_rank,all_in,A_baseline,1000000,001460,001460:2024-03-05,2024-03-06,2024-03-13,50550.49999999999,47352.6,8,time_open,-26170.618599999987,-6.466554570674498,,,,,,
development_2023_2024,regime_switch,5,factor_rank,all_in,A_baseline,1000000,015860,015860:2024-03-18,2024-03-19,2024-03-26,4524.5199999999995,4345.65,87,time_open,-16140.468592499965,-4.097309544606809,,,,,,
development_2023_2024,regime_switch,5,factor_rank,all_in,A_baseline,1000000,015360,015360:2024-03-25,2024-03-26,2024-03-28,8288.279999999999,7700.392299599998,45,stop_intraday,-26994.56420811155,-7.232256057956543,,,,,,
development_2023_2024,regime_switch,5,factor_rank,all_in,A_baseline,1000000,014830,014830:2024-04-03,2024-04-04,2024-04-12,85485.4,86213.7,4,time_open,2398.1026999999885,0.7007937820074694,,,,,,
development_2023_2024,regime_switch,5,factor_rank,all_in,A_baseline,1000000,094280,094280:2024-04-11,2024-04-12,2024-04-19,12572.56,12537.45,28,time_open,-1510.3902099999832,-0.4287279674091482,,,,,,
development_2023_2024,regime_switch,5,factor_rank,all_in,A_baseline,1000000,099220,099220:2024-04-19,2024-04-22,2024-04-23,14514.499999999998,16674.983324999997,24,take_intraday,51290.18910015002,14.71280164876343,,,,,,
development_2023_2024,regime_switch,5,factor_rank,all_in,A_baseline,1000000,064850,064850:2024-04-23,2024-04-24,2024-04-25,7587.579999999999,7049.392950599999,53,stop_intraday,-29105.733292986348,-7.232256057956532,,,,,,
development_2023_2024,regime_switch,5,factor_rank,all_in,A_baseline,1000000,094280,094280:2024-04-29,2024-04-30,2024-05-09,12622.609999999999,12787.2,29,time_open,4220.446632500098,1.1520879977983123,,,,,,
development_2023_2024,regime_switch,5,factor_rank,all_in,A_baseline,1000000,094280,094280:2024-05-08,2024-05-09,2024-05-17,12812.8,12947.04,29,time_open,3332.683480000007,0.8962443377257268,,,,,,
development_2023_2024,regime_switch,5,factor_rank,all_in,A_baseline,1000000,036620,036620:2024-05-16,2024-05-17,2024-05-23,3808.8049999999994,4375.745624249999,100,take_intraday,56080.221128181205,14.712801648763406,,,,,,
development_2023_2024,regime_switch,5,factor_rank,all_in,A_baseline,1000000,064850,064850:2024-05-23,2024-05-24,2024-05-31,7597.589999999999,7792.2,57,time_open,10434.856477499998,2.407743240359883,,,,,,
development_2023_2024,regime_switch,5,factor_rank,all_in,A_baseline,1000000,064850,064850:2024-05-30,2024-05-31,2024-06-10,7807.799999999999,7772.22,57,time_open,-2694.1058549999143,-0.6049026973717897,,,,,,
development_2023_2024,regime_switch,5,factor_rank,all_in,A_baseline,1000000,026890,026890:2024-06-07,2024-06-10,2024-06-17,10610.599999999999,10819.17,42,time_open,8084.902245000063,1.8128419452662303,,,,,,
development_2023_2024,regime_switch,5,factor_rank,all_in,A_baseline,1000000,051630,051630:2024-06-14,2024-06-17,2024-06-24,3286.2829999999994,3293.703,138,time_open,342.9314490000834,0.07556099516980996,,,,,,
development_2023_2024,regime_switch,5,factor_rank,all_in,A_baseline,1000000,220100,220100:2024-06-21,2024-06-24,2024-06-25,12619.606999999998,11724.498275489997,36,stop_intraday,-32881.20492479828,-7.232256057956543,,,,,,
development_2023_2024,regime_switch,5,factor_rank,all_in,A_baseline,1000000,053350,053350:2024-06-25,2024-06-26,2024-07-03,3673.6699999999996,3636.36,115,time_open,-4921.1400874999235,-1.163970965298422,,,,,,
development_2023_2024,regime_switch,5,factor_rank,all_in,A_baseline,1000000,011780,011780:2024-07-04,2024-07-05,2024-07-12,149649.49999999997,164035.8,2,time_open,28302.072050000017,9.449033041856826,,,,,,
development_2023_2024,regime_switch,5,factor_rank,all_in,A_baseline,1000000,011780,011780:2024-07-11,2024-07-12,2024-07-19,164364.19999999998,154944.9,2,time_open,-19317.563649999967,-5.87204705624721,,,,,,
development_2023_2024,regime_switch,5,factor_rank,all_in,A_baseline,1000000,003570,003570:2024-07-18,2024-07-19,2024-07-26,21121.1,20779.2,20,time_open,-7466.504500000039,-1.7662216500055061,,,,,,
development_2023_2024,regime_switch,5,factor_rank,all_in,A_baseline,1000000,053350,053350:2024-07-25,2024-07-26,2024-08-02,3708.7049999999995,3906.09,112,time_open,21467.47722000006,5.164343242667102,,,,,,
development_2023_2024,regime_switch,5,factor_rank,all_in,A_baseline,1000000,003570,003570:2024-08-01,2024-08-02,2024-08-05,21221.199999999997,19715.980283999997,20,stop_intraday,-30718.45202426007,-7.232256057956555,,,,,,
development_2023_2024,regime_switch,5,factor_rank,all_in,A_baseline,1000000,220100,220100:2024-10-08,2024-10-10,2024-10-15,21074.052999999996,24210.925789049994,19,take_intraday,58955.27204420598,14.712801648763406,,,,,,
development_2023_2024,regime_switch,5,factor_rank,all_in,A_baseline,1000000,015360,015360:2024-10-16,2024-10-17,2024-10-24,9349.339999999998,10269.72,50,time_open,45283.28524999996,9.679688242982042,,,,,,
development_2023_2024,regime_switch,5,factor_rank,cash_half,A_baseline,1000000,036620,036620:2023-01-13,2023-01-16,2023-01-25,,,242,time_open,7918.247260000033,1.5855750253980672,cash_50_no_add,3.0,False,1.0,499392.78388999996,507311.03115
development_2023_2024,regime_switch,5,factor_rank,cash_half,A_baseline,1000000,003830,003830:2023-01-25,2023-01-26,2023-02-02,,,3,time_open,9714.533324999968,2.484641386114772,cash_50_no_add,3.0,False,1.0,390983.317725,400697.85104999994
development_2023_2024,regime_switch,5,factor_rank,cash_half,A_baseline,1000000,028670,028670:2023-02-01,2023-02-02,2023-02-07,,,79,stop_intraday,-36344.130797099264,-7.232256057956565,cash_50_no_add,3.0,False,1.0,502528.2637375,466184.13294040074
development_2023_2024,regime_switch,5,factor_rank,cash_half,A_baseline,1000000,105630,105630:2023-02-07,2023-02-08,2023-02-15,,,28,time_open,-17353.851759999932,-3.56392416943776,cash_50_no_add,3.0,False,1.0,486931.0045599999,469577.1528
development_2023_2024,regime_switch,5,factor_rank,cash_half,A_baseline,1000000,105630,105630:2023-02-16,2023-02-17,2023-02-22,,,26,stop_intraday,-34678.52416493476,-7.232256057956555,cash_50_no_add,3.0,False,1.0,479498.0139949999,444819.48983006517
development_2023_2024,regime_switch,5,factor_rank,cash_half,A_baseline,1000000,000850,000850:2023-02-23,2023-02-24,2023-03-06,,,13,time_open,22476.8555375,5.129174295724348,cash_50_no_add,3.0,False,1.0,438215.8655875,460692.721125
development_2023_2024,regime_switch,5,factor_rank,cash_half,A_baseline,1000000,115500,115500:2023-03-03,2023-03-06,2023-03-07,,,74,take_gap,82567.78327000001,17.540642766919913,cash_50_no_add,3.0,False,1.0,470722.677425,553290.460695
development_2023_2024,regime_switch,5,factor_rank,cash_half,A_baseline,1000000,006800,006800:2023-03-06,2023-03-07,2023-03-10,,,72,stop_intraday,-37338.56823220523,-7.232256057956532,cash_50_no_add,3.0,False,1.0,516278.29453199997,478939.72629979474
development_2023_2024,regime_switch,5,factor_rank,cash_half,A_baseline,1000000,048770,048770:2023-03-10,2023-03-13,2023-03-14,,,123,stop_intraday,-36001.44617899833,-7.232256057956543,cash_50_no_add,3.0,False,1.0,497789.9826899999,461788.5365110016
development_2023_2024,regime_switch,5,factor_rank,cash_half,A_baseline,1000000,001460,001460:2023-03-15,2023-03-16,2023-03-23,,,9,time_open,-24510.054712499958,-5.351535155142084,cash_50_no_add,3.0,False,1.0,458000.44289999997,433490.3881875
development_2023_2024,regime_switch,5,factor_rank,cash_half,A_baseline,1000000,030210,030210:2023-03-22,2023-03-23,2023-03-30,,,91,time_open,21997.44774500007,4.740819754412229,cash_50_no_add,3.0,False,1.0,464000.92989249993,485998.3776375
development_2023_2024,regime_switch,5,factor_rank,cash_half,A_baseline,1000000,004360,004360:2023-03-29,2023-03-30,2023-04-06,,,10,time_open,908.3768750000163,0.1999535421409515,cash_50_no_add,3.0,False,1.0,454293.965125,455202.342
development_2023_2024,regime_switch,5,factor_rank,cash_half,A_baseline,1000000,314130,314130:2023-04-05,2023-04-06,2023-04-07,,,37,stop_intraday,-34579.9932810833,-7.232256057956543,cash_50_no_add,3.0,False,1.0,478135.63297499996,443555.63969391666
development_2023_2024,regime_switch,5,factor_rank,cash_half,A_baseline,1000000,014680,014680:2023-04-07,2023-04-10,2023-04-13,,,1,stop_intraday,-18184.744004927517,-7.232256057956543,cash_50_no_add,3.0,False,1.0,251439.43824999998,233254.69424507246
development_2023_2024,regime_switch,5,factor_rank,cash_half,A_baseline,1000000,008260,008260:2023-04-13,2023-04-14,2023-04-21,,,62,time_open,-9606.13104499993,-2.151137893941346,cash_50_no_add,3.0,False,1.0,446560.44933499995,436954.31829
development_2023_2024,regime_switch,5,factor_rank,cash_half,A_baseline,1000000,319400,319400:2023-04-20,2023-04-21,2023-04-24,,,88,stop_gap,-78863.01808000007,-17.67992947217226,cash_50_no_add,3.0,False,1.0,446059.57396,367196.55587999994
development_2023_2024,regime_switch,5,factor_rank,cash_half,A_baseline,1000000,119650,119650:2023-04-24,2023-04-25,2023-04-26,,,53,stop_gap,-67552.81618750002,-16.636426045667495,cash_50_no_add,3.0,False,1.0,406053.656008,338500.8398205
development_2023_2024,regime_switch,5,factor_rank,cash_half,A_baseline,1000000,011230,011230:2023-04-25,2023-04-26,2023-04-27,,,95,take_gap,122069.41644624999,32.57225867247146,cash_50_no_add,3.0,False,1.0,374764.9730825,496834.38952875
development_2023_2024,regime_switch,5,factor_rank,cash_half,A_baseline,1000000,011230,011230:2023-04-26,2023-04-27,2023-04-28,,,83,take_gap,171561.77329024993,39.38531828133331,cash_50_no_add,3.0,False,1.0,435598.29087774997,607160.0641679999
development_2023_2024,regime_switch,5,factor_rank,cash_half,A_baseline,1000000,011230,011230:2023-04-27,2023-04-28,2023-05-02,,,71,take_intraday,76682.95950154844,14.71280164876343,cash_50_no_add,3.0,False,1.0,521198.894216,597881.8537175484
development_2023_2024,regime_switch,5,factor_rank,cash_half,A_baseline,1000000,011230,011230:2023-05-02,2023-05-04,2023-05-08,,,46,stop_intraday,-40358.53982225072,-7.232256057956543,cash_50_no_add,3.0,False,1.0,558035.272795,517676.7329727493
development_2023_2024,regime_switch,5,factor_rank,cash_half,A_baseline,1000000,000850,000850:2023-05-10,2023-05-11,2023-05-15,,,13,stop_intraday,-37438.113404566946,-7.232256057956543,cash_50_no_add,3.0,False,1.0,517654.7000624999,480216.58665793296
development_2023_2024,regime_switch,5,factor_rank,cash_half,A_baseline,1000000,064850,064850:2023-05-15,2023-05-16,2023-05-23,,,62,time_open,-22223.140344999963,-4.316179847408375,cash_50_no_add,3.0,False,1.0,514879.85048499994,492656.71014
development_2023_2024,regime_switch,5,factor_rank,cash_half,A_baseline,1000000,319400,319400:2023-05-22,2023-05-23,2023-05-25,,,101,stop_intraday,-36586.835547762574,-7.232256057956543,cash_50_no_add,3.0,False,1.0,505884.1287499999,469297.29320223734
development_2023_2024,regime_switch,5,factor_rank,cash_half,A_baseline,1000000,119650,119650:2023-05-25,2023-05-26,2023-05-30,,,67,stop_intraday,-35260.1461763751,-7.232256057956532,cash_50_no_add,3.0,False,1.0,487540.06901599996,452279.92283962487
development_2023_2024,regime_switch,5,factor_rank,cash_half,A_baseline,1000000,017900,017900:2023-05-30,2023-05-31,2023-06-01,,,151,stop_intraday,-34296.35474411404,-7.232256057956555,cash_50_no_add,3.0,False,1.0,474213.77878874994,439917.4240446359
development_2023_2024,regime_switch,5,factor_rank,cash_half,A_baseline,1000000,064850,064850:2023-06-02,2023-06-05,2023-06-13,,,51,time_open,-8210.622472499905,-1.801695429484662,cash_50_no_add,3.0,False,1.0,455716.45118999993,447505.82871750003
development_2023_2024,regime_switch,5,factor_rank,cash_half,A_baseline,1000000,001740,001740:2023-06-12,2023-06-13,2023-06-20,,,84,time_open,-20029.393859999953,-4.424320385026426,cash_50_no_add,3.0,False,1.0,452711.1989399999,432681.80507999996
development_2023_2024,regime_switch,5,factor_rank,cash_half,A_baseline,1000000,008260,008260:2023-06-19,2023-06-20,2023-06-27,,,59,time_open,-6246.03853999998,-1.4223424046944655,cash_50_no_add,3.0,False,1.0,439137.4762774999,432891.43773749995
development_2023_2024,regime_switch,5,factor_rank,cash_half,A_baseline,1000000,026890,026890:2023-06-26,2023-06-27,2023-07-04,,,64,time_open,-258.8790400000289,-0.05886174372055075,cash_50_no_add,3.0,False,1.0,439808.64928,439549.77024
development_2023_2024,regime_switch,5,factor_rank,cash_half,A_baseline,1000000,073640,073640:2023-07-03,2023-07-04,2023-07-06,,,64,stop_intraday,-31344.41293343366,-7.232256057956543,cash_50_no_add,3.0,False,1.0,433397.44447999995,402053.0315465663
development_2023_2024,regime_switch,5,factor_rank,cash_half,A_baseline,1000000,126640,126640:2023-07-06,2023-07-07,2023-07-14,,,212,time_open,-13119.151744999981,-3.0980260431416773,cash_50_no_add,3.0,False,1.0,423468.09104599996,410348.939301
development_2023_2024,regime_switch,5,factor_rank,cash_half,A_baseline,1000000,204320,204320:2023-07-14,2023-07-17,2023-07-24,,,8,time_open,-19418.913500000024,-4.67784151896069,cash_50_no_add,3.0,False,1.0,415125.5108,395706.59729999996
development_2023_2024,regime_switch,5,factor_rank,cash_half,A_baseline,1000000,001740,001740:2023-07-25,2023-07-26,2023-07-28,,,66,stop_intraday,-29502.754795564106,-7.232256057956543,cash_50_no_add,3.0,False,1.0,407932.94041499996,378430.18561943586
development_2023_2024,regime_switch,5,factor_rank,cash_half,A_baseline,1000000,220100,220100:2023-08-01,2023-08-02,2023-08-04,,,45,take_intraday,57721.359793785145,14.712801648763406,cash_50_no_add,3.0,False,1.0,392320.65497624996,450042.0147700351
development_2023_2024,regime_switch,5,factor_rank,cash_half,A_baseline,1000000,326030,326030:2023-08-10,2023-08-11,2023-08-16,,,4,stop_intraday,-28921.712377557997,-7.232256057956532,cash_50_no_add,3.0,False,1.0,399898.89939999994,370977.18702244194
development_2023_2024,regime_switch,5,factor_rank,cash_half,A_baseline,1000000,085310,085310:2023-08-28,2023-08-29,2023-09-05,,,37,time_open,-23574.011649999884,-5.829715257543533,cash_50_no_add,3.0,False,1.0,404376.7252524999,380802.71360250004
development_2023_2024,regime_switch,5,factor_rank,cash_half,A_baseline,1000000,105630,105630:2023-09-05,2023-09-06,2023-09-13,,,19,time_open,7151.843912499957,1.8065143483699586,cash_50_no_add,3.0,False,1.0,395891.8964,403043.7403125
development_2023_2024,regime_switch,5,factor_rank,cash_half,A_baseline,1000000,089850,089850:2023-09-20,2023-09-21,2023-09-26,,,43,stop_intraday,-28735.662885109195,-7.232256057956543,cash_50_no_add,3.0,False,1.0,397326.40347399993,368590.74058889074
development_2023_2024,regime_switch,5,factor_rank,cash_half,A_baseline,1000000,105630,105630:2023-11-16,2023-11-17,2023-11-23,,,16,stop_intraday,-27414.769448066014,-7.232256057956532,cash_50_no_add,3.0,False,1.0,379062.4838,351647.714351934
development_2023_2024,regime_switch,5,factor_rank,cash_half,A_baseline,1000000,015360,015360:2023-11-28,2023-11-29,2023-12-06,,,52,time_open,-3370.3815599999507,-0.910010596416666,cash_50_no_add,3.0,False,1.0,370367.28728999995,366996.90573
development_2023_2024,regime_switch,5,factor_rank,cash_half,A_baseline,1000000,016450,016450:2023-12-05,2023-12-06,2023-12-13,,,74,time_open,6848.891104999988,1.8740533317582297,cash_50_no_add,3.0,False,1.0,365458.70861499995,372307.59971999994
development_2023_2024,regime_switch,5,factor_rank,cash_half,A_baseline,1000000,215200,215200:2023-12-12,2023-12-13,2023-12-20,,,5,time_open,-15127.010499999917,-4.58983986976288,cash_50_no_add,3.0,False,1.0,329575.99674999993,314448.98625
development_2023_2024,regime_switch,5,factor_rank,cash_half,A_baseline,1000000,279600,279600:2023-12-19,2023-12-20,2023-12-22,,,21,take_intraday,53204.7280553538,14.712801648763406,cash_50_no_add,3.0,False,1.0,361622.0032425,414826.7312978538
development_2023_2024,regime_switch,5,factor_rank,cash_half,A_baseline,1000000,279600,279600:2023-12-22,2023-12-26,2024-01-02,,,18,stop_intraday,-28322.12296965049,-7.232256057956532,cash_50_no_add,3.0,False,1.0,391608.41019299993,363286.28722334944
development_2023_2024,regime_switch,5,factor_rank,cash_half,A_baseline,1000000,326030,326030:2024-01-02,2024-01-03,2024-01-04,,,3,stop_intraday,-22452.000665844767,-7.232256057956543,cash_50_no_add,3.0,False,1.0,310442.55742499995,287990.5567591552
development_2023_2024,regime_switch,5,factor_rank,cash_half,A_baseline,1000000,004540,004540:2024-01-10,2024-01-11,2024-01-12,,,118,stop_intraday,-26373.674741489056,-7.232256057956532,cash_50_no_add,3.0,False,1.0,364667.3255225,338293.6507810109
development_2023_2024,regime_switch,5,factor_rank,cash_half,A_baseline,1000000,003530,003530:2024-01-18,2024-01-19,2024-01-26,,,97,time_open,-12362.779616249958,-3.5194630925218795,cash_50_no_add,3.0,False,1.0,351268.90924124996,338906.129625
development_2023_2024,regime_switch,5,factor_rank,cash_half,A_baseline,1000000,163560,163560:2024-02-07,2024-02-08,2024-02-19,,,54,time_open,16581.11836500006,4.7968874127424455,cash_50_no_add,3.0,False,1.0,345664.11379499995,362245.23216
development_2023_2024,regime_switch,5,factor_rank,cash_half,A_baseline,1000000,006800,006800:2024-02-16,2024-02-19,2024-02-26,,,39,time_open,-1216.3514999999315,-0.3493883084190186,cash_50_no_add,3.0,False,1.0,348137.4363967499,346921.08489675
development_2023_2024,regime_switch,5,factor_rank,cash_half,A_baseline,1000000,001130,001130:2024-02-23,2024-02-26,2024-03-05,,,24,time_open,-11256.847559999907,-3.2926553204066344,cash_50_no_add,3.0,False,1.0,341877.4959599999,330620.6484
development_2023_2024,regime_switch,5,factor_rank,cash_half,A_baseline,1000000,001460,001460:2024-03-05,2024-03-06,2024-03-13,,,6,time_open,-19627.963949999947,-6.466554570674488,cash_50_no_add,3.0,False,1.0,303530.47724999994,283902.5133
development_2023_2024,regime_switch,5,factor_rank,cash_half,A_baseline,1000000,015860,015860:2024-03-18,2024-03-19,2024-03-26,,,75,time_open,-13914.197062499938,-4.097309544606798,cash_50_no_add,3.0,False,1.0,339593.50424999994,325679.3071875
development_2023_2024,regime_switch,5,factor_rank,cash_half,A_baseline,1000000,015360,015360:2024-03-25,2024-03-26,2024-03-28,,,40,stop_intraday,-23995.168184988026,-7.232256057956543,cash_50_no_add,3.0,False,1.0,331779.84839999996,307784.68021501193
development_2023_2024,regime_switch,5,factor_rank,cash_half,A_baseline,1000000,014830,014830:2024-04-03,2024-04-04,2024-04-12,,,3,time_open,1798.577025000006,0.7007937820074694,cash_50_no_add,3.0,False,1.0,256648.54215,258447.119175
development_2023_2024,regime_switch,5,factor_rank,cash_half,A_baseline,1000000,094280,094280:2024-04-11,2024-04-12,2024-04-19,,,25,time_open,-1348.5626875000307,-0.4287279674091593,cash_50_no_add,3.0,False,1.0,314549.7355,313201.1728125
development_2023_2024,regime_switch,5,factor_rank,cash_half,A_baseline,1000000,099220,099220:2024-04-19,2024-04-22,2024-04-23,,,22,take_intraday,47016.00667513744,14.712801648763406,cash_50_no_add,3.0,False,1.0,319558.4892499999,366574.49592513737
development_2023_2024,regime_switch,5,factor_rank,cash_half,A_baseline,1000000,064850,064850:2024-04-23,2024-04-24,2024-04-25,,,45,stop_intraday,-24712.4150600828,-7.232256057956543,cash_50_no_add,3.0,False,1.0,341697.180825,316984.7657649172
development_2023_2024,regime_switch,5,factor_rank,cash_half,A_baseline,1000000,094280,094280:2024-04-29,2024-04-30,2024-05-09,,,26,time_open,3783.8487050000113,1.15208799779829,cash_50_no_add,3.0,False,1.0,328434.000895,332217.8496
development_2023_2024,regime_switch,5,factor_rank,cash_half,A_baseline,1000000,094280,094280:2024-05-08,2024-05-09,2024-05-17,,,26,time_open,2987.923119999992,0.8962443377257268,cash_50_no_add,3.0,False,1.0,333382.6496,336370.57272
development_2023_2024,regime_switch,5,factor_rank,cash_half,A_baseline,1000000,036620,036620:2024-05-16,2024-05-17,2024-05-23,,,88,take_intraday,49350.59459279949,14.71280164876343,cash_50_no_add,3.0,False,1.0,335426.22112999996,384776.81572279945
development_2023_2024,regime_switch,5,factor_rank,cash_half,A_baseline,1000000,064850,064850:2024-05-23,2024-05-24,2024-05-31,,,47,time_open,8604.179902500007,2.407743240359883,cash_50_no_add,3.0,False,1.0,357354.5450475,365958.72495
development_2023_2024,regime_switch,5,factor_rank,cash_half,A_baseline,1000000,064850,064850:2024-05-30,2024-05-31,2024-06-10,,,46,time_open,-2174.1906900000176,-0.6049026973718119,cash_50_no_add,3.0,False,1.0,359428.1691,357253.97841
development_2023_2024,regime_switch,5,factor_rank,cash_half,A_baseline,1000000,026890,026890:2024-06-07,2024-06-10,2024-06-17,,,34,time_open,6544.920865000051,1.8128419452662303,cash_50_no_add,3.0,False,1.0,361030.9703,367575.89116500004
development_2023_2024,regime_switch,5,factor_rank,cash_half,A_baseline,1000000,051630,051630:2024-06-14,2024-06-17,2024-06-24,,,111,time_open,275.8361654999899,0.07556099516978776,cash_50_no_add,3.0,False,1.0,365050.99605975,365326.83222524996
development_2023_2024,regime_switch,5,factor_rank,cash_half,A_baseline,1000000,220100,220100:2024-06-21,2024-06-24,2024-06-25,,,29,stop_intraday,-26487.63730053202,-7.232256057956565,cash_50_no_add,3.0,False,1.0,366243.07945225,339755.44215171796
development_2023_2024,regime_switch,5,factor_rank,cash_half,A_baseline,1000000,053350,053350:2024-06-25,2024-06-26,2024-07-03,,,96,time_open,-4108.082159999991,-1.1639709652984442,cash_50_no_add,3.0,False,1.0,352936.82424,348828.74208
development_2023_2024,regime_switch,5,factor_rank,cash_half,A_baseline,1000000,011780,011780:2024-07-04,2024-07-05,2024-07-12,,,2,time_open,28302.072050000017,9.449033041856826,cash_50_no_add,3.0,False,1.0,299523.47424999997,327825.5463
development_2023_2024,regime_switch,5,factor_rank,cash_half,A_baseline,1000000,011780,011780:2024-07-11,2024-07-12,2024-07-19,,,2,time_open,-19317.563649999967,-5.87204705624721,cash_50_no_add,3.0,False,1.0,328974.94629999995,309657.38265
development_2023_2024,regime_switch,5,factor_rank,cash_half,A_baseline,1000000,003570,003570:2024-07-18,2024-07-19,2024-07-26,,,16,time_open,-5973.20359999995,-1.766221650005484,cash_50_no_add,3.0,False,1.0,338191.05319999997,332217.8496
development_2023_2024,regime_switch,5,factor_rank,cash_half,A_baseline,1000000,053350,053350:2024-07-25,2024-07-26,2024-08-02,,,95,time_open,18209.02085625002,5.164343242667102,cash_50_no_add,3.0,False,1.0,352591.22023125,370800.2410875
development_2023_2024,regime_switch,5,factor_rank,cash_half,A_baseline,1000000,003570,003570:2024-08-01,2024-08-02,2024-08-05,,,17,stop_intraday,-26110.68422062107,-7.232256057956555,cash_50_no_add,3.0,False,1.0,361030.9703,334920.2860793789
development_2023_2024,regime_switch,5,factor_rank,cash_half,A_baseline,1000000,220100,220100:2024-10-08,2024-10-10,2024-10-15,,,16,take_intraday,49646.54487933137,14.71280164876343,cash_50_no_add,3.0,False,1.0,337437.7366359999,387084.2815153313
development_2023_2024,regime_switch,5,factor_rank,cash_half,A_baseline,1000000,015360,015360:2024-10-16,2024-10-17,2024-10-24,,,39,time_open,35320.96249500004,9.679688242982065,cash_50_no_add,3.0,False,1.0,364897.728195,400218.69069
development_2023_2024,regime_switch,5,factor_rank,dip_3pct,A_baseline,1000000,036620,036620:2023-01-13,2023-01-16,2023-01-25,,,242,time_open,7918.247260000033,1.5855750253980672,dip_50_50,3.0,False,1.0,499392.78388999996,507311.03115
development_2023_2024,regime_switch,5,factor_rank,dip_3pct,A_baseline,1000000,003830,003830:2023-01-25,2023-01-26,2023-02-02,,,3,time_open,9714.533324999968,2.484641386114772,dip_50_50,3.0,False,1.0,390983.317725,400697.85104999994
development_2023_2024,regime_switch,5,factor_rank,dip_3pct,A_baseline,1000000,028670,028670:2023-02-01,2023-02-02,2023-02-07,,,160,stop_intraday,-53322.91348384018,-5.345691343091996,dip_50_50,3.0,True,2.0,997493.3093125001,944170.3958286599
development_2023_2024,regime_switch,5,factor_rank,dip_3pct,A_baseline,1000000,105630,105630:2023-02-07,2023-02-08,2023-02-15,,,56,time_open,-16405.717317500035,-1.7168693670765345,dip_50_50,3.0,True,2.0,955560.0229175,939154.3056
development_2023_2024,regime_switch,5,factor_rank,dip_3pct,A_baseline,1000000,105630,105630:2023-02-16,2023-02-17,2023-02-22,,,52,stop_intraday,-44744.03240236943,-4.788617924849059,dip_50_50,3.0,True,2.0,934383.0120624998,889638.9796601303
development_2023_2024,regime_switch,5,factor_rank,dip_3pct,A_baseline,1000000,000850,000850:2023-02-23,2023-02-24,2023-03-06,,,13,time_open,22476.8555375,5.129174295724348,dip_50_50,3.0,False,1.0,438215.8655875,460692.721125
development_2023_2024,regime_switch,5,factor_rank,dip_3pct,A_baseline,1000000,115500,115500:2023-03-03,2023-03-06,2023-03-07,,,72,take_gap,80336.22156000003,17.540642766919913,dip_50_50,3.0,False,1.0,458000.44289999997,538336.66446
development_2023_2024,regime_switch,5,factor_rank,dip_3pct,A_baseline,1000000,006800,006800:2023-03-06,2023-03-07,2023-03-10,,,142,stop_intraday,-52867.65046151576,-5.300316780682024,dip_50_50,3.0,True,2.0,997443.2217749999,944575.5713134841
development_2023_2024,regime_switch,5,factor_rank,dip_3pct,A_baseline,1000000,048770,048770:2023-03-10,2023-03-13,2023-03-14,,,239,stop_intraday,-52233.058799822,-5.500941225400657,dip_50_50,3.0,True,2.0,949529.4834024999,897296.4246026779
development_2023_2024,regime_switch,5,factor_rank,dip_3pct,A_baseline,1000000,001460,001460:2023-03-15,2023-03-16,2023-03-23,,,18,time_open,-29986.845174999908,-3.3431357447642696,dip_50_50,3.0,True,2.0,896967.6215499999,866980.776375
development_2023_2024,regime_switch,5,factor_rank,dip_3pct,A_baseline,1000000,030210,030210:2023-03-22,2023-03-23,2023-03-30,,,85,time_open,20547.066575000063,4.740819754412229,dip_50_50,3.0,False,1.0,433407.4619874999,453954.52856249997
development_2023_2024,regime_switch,5,factor_rank,dip_3pct,A_baseline,1000000,004360,004360:2023-03-29,2023-03-30,2023-04-06,,,9,time_open,817.5391874999623,0.1999535421409293,dip_50_50,3.0,False,1.0,408864.5686125,409682.10779999994
development_2023_2024,regime_switch,5,factor_rank,dip_3pct,A_baseline,1000000,314130,314130:2023-04-05,2023-04-06,2023-04-07,,,70,stop_intraday,-50094.82243515772,-5.633352732155872,dip_50_50,3.0,True,2.0,889254.140775,839159.3183398423
development_2023_2024,regime_switch,5,factor_rank,dip_3pct,A_baseline,1000000,014680,014680:2023-04-07,2023-04-10,2023-04-13,,,3,stop_intraday,-29510.463264782564,-4.04655056544131,dip_50_50,3.0,True,2.0,729274.546,699764.0827352174
development_2023_2024,regime_switch,5,factor_rank,dip_3pct,A_baseline,1000000,008260,008260:2023-04-13,2023-04-14,2023-04-21,,,56,time_open,-8676.505459999957,-2.151137893941346,dip_50_50,3.0,False,1.0,403344.92198,394668.41652
development_2023_2024,regime_switch,5,factor_rank,dip_3pct,A_baseline,1000000,319400,319400:2023-04-20,2023-04-21,2023-04-24,,,79,stop_gap,-70797.48213999992,-17.67992947217223,dip_50_50,3.0,False,1.0,400439.84480499994,329642.362665
development_2023_2024,regime_switch,5,factor_rank,dip_3pct,A_baseline,1000000,119650,119650:2023-04-24,2023-04-25,2023-04-26,,,47,stop_gap,-59905.327562499966,-16.636426045667484,dip_50_50,3.0,False,1.0,360085.31759199995,300179.9900295
development_2023_2024,regime_switch,5,factor_rank,dip_3pct,A_baseline,1000000,011230,011230:2023-04-25,2023-04-26,2023-04-27,,,85,take_gap,109220.00418875,32.57225867247149,dip_50_50,3.0,False,1.0,335316.02854749997,444536.03273624997
development_2023_2024,regime_switch,5,factor_rank,dip_3pct,A_baseline,1000000,011230,011230:2023-04-26,2023-04-27,2023-04-28,,,74,take_gap,152958.68943949993,39.38531828133331,dip_50_50,3.0,False,1.0,388364.7412645,541323.4307039999
development_2023_2024,regime_switch,5,factor_rank,dip_3pct,A_baseline,1000000,011230,011230:2023-04-27,2023-04-28,2023-05-02,,,63,take_intraday,68042.62603658513,14.712801648763406,dip_50_50,3.0,False,1.0,462472.258248,530514.8842845851
development_2023_2024,regime_switch,5,factor_rank,dip_3pct,A_baseline,1000000,011230,011230:2023-05-02,2023-05-04,2023-05-08,,,41,stop_intraday,-35971.74201548437,-7.232256057956555,dip_50_50,3.0,False,1.0,497379.2648825,461407.5228670156
development_2023_2024,regime_switch,5,factor_rank,dip_3pct,A_baseline,1000000,000850,000850:2023-05-10,2023-05-11,2023-05-15,,,24,stop_intraday,-51085.00355458516,-5.448260982148023,dip_50_50,3.0,True,2.0,937638.7019999998,886553.6984454147
development_2023_2024,regime_switch,5,factor_rank,dip_3pct,A_baseline,1000000,064850,064850:2023-05-15,2023-05-16,2023-05-23,,,113,time_open,-18424.87893749983,-2.010722066245485,dip_50_50,3.0,True,2.0,916331.4635474999,897906.58461
development_2023_2024,regime_switch,5,factor_rank,dip_3pct,A_baseline,1000000,319400,319400:2023-05-22,2023-05-23,2023-05-25,,,185,stop_intraday,-34799.18673481268,-3.890771978864982,dip_50_50,3.0,True,2.0,894403.1396299999,859603.9528951872
development_2023_2024,regime_switch,5,factor_rank,dip_3pct,A_baseline,1000000,119650,119650:2023-05-25,2023-05-26,2023-05-30,,,121,stop_intraday,-40947.04343385657,-4.77376761584738,dip_50_50,3.0,True,2.0,857751.0831889999,816804.0397551433
development_2023_2024,regime_switch,5,factor_rank,dip_3pct,A_baseline,1000000,017900,017900:2023-05-30,2023-05-31,2023-06-01,,,269,stop_intraday,-37426.109420987894,-4.557933861807428,dip_50_50,3.0,True,2.0,821120.06351375,783693.9540927621
development_2023_2024,regime_switch,5,factor_rank,dip_3pct,A_baseline,1000000,064850,064850:2023-06-02,2023-06-05,2023-06-13,,,43,time_open,-6922.681692499958,-1.801695429484662,dip_50_50,3.0,False,1.0,384231.51767,377308.8359775
development_2023_2024,regime_switch,5,factor_rank,dip_3pct,A_baseline,1000000,001740,001740:2023-06-12,2023-06-13,2023-06-20,,,148,time_open,-10927.306179999956,-1.413126830984357,dip_50_50,3.0,True,2.0,773271.4389399999,762344.13276
development_2023_2024,regime_switch,5,factor_rank,dip_3pct,A_baseline,1000000,008260,008260:2023-06-19,2023-06-20,2023-06-27,,,105,time_open,6735.367065000115,0.8819796846216477,dip_50_50,3.0,True,2.0,763664.6492474999,770400.0163125
development_2023_2024,regime_switch,5,factor_rank,dip_3pct,A_baseline,1000000,026890,026890:2023-06-26,2023-06-27,2023-07-04,,,114,time_open,14064.257585000014,1.8291786251410702,dip_50_50,3.0,True,2.0,768883.770655,782948.02824
development_2023_2024,regime_switch,5,factor_rank,dip_3pct,A_baseline,1000000,073640,073640:2023-07-03,2023-07-04,2023-07-06,,,58,stop_intraday,-28405.87422092416,-7.232256057956521,dip_50_50,3.0,False,1.0,392766.43405999994,364360.5598390758
development_2023_2024,regime_switch,5,factor_rank,dip_3pct,A_baseline,1000000,126640,126640:2023-07-06,2023-07-07,2023-07-14,,,190,time_open,-11757.730337499932,-3.098026043141666,dip_50_50,3.0,False,1.0,379523.28914499993,367765.5588075
development_2023_2024,regime_switch,5,factor_rank,dip_3pct,A_baseline,1000000,204320,204320:2023-07-14,2023-07-17,2023-07-24,,,14,time_open,-21361.039174999925,-2.992380956427554,dip_50_50,3.0,True,2.0,713847.58445,692486.545275
development_2023_2024,regime_switch,5,factor_rank,dip_3pct,A_baseline,1000000,001740,001740:2023-07-25,2023-07-26,2023-07-28,,,119,stop_intraday,-38528.72993927449,-5.344903855575279,dip_50_50,3.0,True,2.0,720849.8221924999,682321.0922532254
development_2023_2024,regime_switch,5,factor_rank,dip_3pct,A_baseline,1000000,220100,220100:2023-08-01,2023-08-02,2023-08-04,,,81,take_intraday,123588.86037081329,18.003094371678195,dip_50_50,3.0,True,2.0,686486.7662152499,810075.6265860632
development_2023_2024,regime_switch,5,factor_rank,dip_3pct,A_baseline,1000000,326030,326030:2023-08-10,2023-08-11,2023-08-16,,,8,stop_intraday,-37007.009155116044,-4.750814347572662,dip_50_50,3.0,True,2.0,778961.3831999999,741954.3740448839
development_2023_2024,regime_switch,5,factor_rank,dip_3pct,A_baseline,1000000,085310,085310:2023-08-28,2023-08-29,2023-09-05,,,72,time_open,-28453.306857499876,-3.697756797814966,dip_50_50,3.0,True,2.0,769474.8035974998,741021.49674
development_2023_2024,regime_switch,5,factor_rank,dip_3pct,A_baseline,1000000,105630,105630:2023-09-05,2023-09-06,2023-09-13,,,17,time_open,6399.018237499986,1.8065143483699808,dip_50_50,3.0,False,1.0,354219.0652,360618.0834375
development_2023_2024,regime_switch,5,factor_rank,dip_3pct,A_baseline,1000000,089850,089850:2023-09-20,2023-09-21,2023-09-26,,,83,stop_intraday,-32378.160794559517,-4.352815967704338,dip_50_50,3.0,True,2.0,743844.0089079998,711465.8481134403
development_2023_2024,regime_switch,5,factor_rank,dip_3pct,A_baseline,1000000,105630,105630:2023-11-16,2023-11-17,2023-11-23,,,15,stop_intraday,-25701.34635756188,-7.232256057956532,dip_50_50,3.0,False,1.0,355371.07856249996,329669.7322049381
development_2023_2024,regime_switch,5,factor_rank,dip_3pct,A_baseline,1000000,015360,015360:2023-11-28,2023-11-29,2023-12-06,,,48,time_open,-3111.1214399999008,-0.9100105964166438,dip_50_50,3.0,False,1.0,341877.4959599999,338766.37452
development_2023_2024,regime_switch,5,factor_rank,dip_3pct,A_baseline,1000000,016450,016450:2023-12-05,2023-12-06,2023-12-13,,,69,time_open,6386.128192500037,1.8740533317582297,dip_50_50,3.0,False,1.0,340765.5526275,347151.68082
development_2023_2024,regime_switch,5,factor_rank,dip_3pct,A_baseline,1000000,215200,215200:2023-12-12,2023-12-13,2023-12-20,,,10,time_open,-15227.759749999852,-2.364097409492971,dip_50_50,3.0,True,2.0,644125.7322499999,628897.9725
development_2023_2024,regime_switch,5,factor_rank,dip_3pct,A_baseline,1000000,279600,279600:2023-12-19,2023-12-20,2023-12-22,,,19,take_intraday,48137.611097701185,14.712801648763453,dip_50_50,3.0,False,1.0,327181.81245749997,375319.42355520115
development_2023_2024,regime_switch,5,factor_rank,dip_3pct,A_baseline,1000000,279600,279600:2023-12-22,2023-12-26,2024-01-02,,,16,stop_intraday,-25175.22041746712,-7.232256057956532,dip_50_50,3.0,False,1.0,348096.364616,322921.14419853286
development_2023_2024,regime_switch,5,factor_rank,dip_3pct,A_baseline,1000000,326030,326030:2024-01-02,2024-01-03,2024-01-04,,,3,stop_intraday,-22452.000665844767,-7.232256057956543,dip_50_50,3.0,False,1.0,310442.55742499995,287990.5567591552
development_2023_2024,regime_switch,5,factor_rank,dip_3pct,A_baseline,1000000,004540,004540:2024-01-10,2024-01-11,2024-01-12,,,110,stop_intraday,-24585.62899630342,-7.232256057956543,dip_50_50,3.0,False,1.0,339944.1170125,315358.4880161966
development_2023_2024,regime_switch,5,factor_rank,dip_3pct,A_baseline,1000000,003530,003530:2024-01-18,2024-01-19,2024-01-26,,,187,time_open,-2456.0388737499015,-0.3745039796846483,dip_50_50,3.0,True,2.0,655811.1547487499,653355.115875
development_2023_2024,regime_switch,5,factor_rank,dip_3pct,A_baseline,1000000,163560,163560:2024-02-07,2024-02-08,2024-02-19,,,51,time_open,15659.945122500067,4.7968874127424455,dip_50_50,3.0,False,1.0,326460.5519175,342120.49704000005
development_2023_2024,regime_switch,5,factor_rank,dip_3pct,A_baseline,1000000,006800,006800:2024-02-16,2024-02-19,2024-02-26,,,37,time_open,-1153.974499999953,-0.3493883084190186,dip_50_50,3.0,False,1.0,330284.23453024996,329130.26003025
development_2023_2024,regime_switch,5,factor_rank,dip_3pct,A_baseline,1000000,001130,001130:2024-02-23,2024-02-26,2024-03-05,,,23,time_open,-10787.81224499998,-3.2926553204066566,dip_50_50,3.0,False,1.0,327632.60029499995,316844.78805
development_2023_2024,regime_switch,5,factor_rank,dip_3pct,A_baseline,1000000,001460,001460:2024-03-05,2024-03-06,2024-03-13,,,13,time_open,-24996.6170999998,-3.9049969884941915,dip_50_50,3.0,True,2.0,640118.7292499999,615122.1121500001
development_2023_2024,regime_switch,5,factor_rank,dip_3pct,A_baseline,1000000,015860,015860:2024-03-18,2024-03-19,2024-03-26,,,70,time_open,-12986.583924999984,-4.097309544606809,dip_50_50,3.0,False,1.0,316953.9373,303967.353375
development_2023_2024,regime_switch,5,factor_rank,dip_3pct,A_baseline,1000000,015360,015360:2024-03-25,2024-03-26,2024-03-28,,,76,stop_intraday,-29963.507851477247,-4.874061550239361,dip_50_50,3.0,True,2.0,614754.40026,584790.8924085228
development_2023_2024,regime_switch,5,factor_rank,dip_3pct,A_baseline,1000000,014830,014830:2024-04-03,2024-04-04,2024-04-12,,,3,time_open,1798.577025000006,0.7007937820074694,dip_50_50,3.0,False,1.0,256648.54215,258447.119175
development_2023_2024,regime_switch,5,factor_rank,dip_3pct,A_baseline,1000000,094280,094280:2024-04-11,2024-04-12,2024-04-19,,,23,time_open,-1240.6776725000236,-0.4287279674091593,dip_50_50,3.0,False,1.0,289385.75666,288145.0789875
development_2023_2024,regime_switch,5,factor_rank,dip_3pct,A_baseline,1000000,099220,099220:2024-04-19,2024-04-22,2024-04-23,,,20,take_intraday,42741.82425012492,14.712801648763406,dip_50_50,3.0,False,1.0,290507.71749999997,333249.5417501249
development_2023_2024,regime_switch,5,factor_rank,dip_3pct,A_baseline,1000000,064850,064850:2024-04-23,2024-04-24,2024-04-25,,,85,stop_intraday,-30370.504014600767,-4.827461829466251,dip_50_50,3.0,True,2.0,629119.5060149999,598749.0020003992
development_2023_2024,regime_switch,5,factor_rank,dip_3pct,A_baseline,1000000,094280,094280:2024-04-29,2024-04-30,2024-05-09,,,23,time_open,3347.250777499983,1.1520879977982679,dip_50_50,3.0,False,1.0,290537.77002249996,293885.02079999994
development_2023_2024,regime_switch,5,factor_rank,dip_3pct,A_baseline,1000000,094280,094280:2024-05-08,2024-05-09,2024-05-17,,,23,time_open,2643.1627600000356,0.896244337725749,dip_50_50,3.0,False,1.0,294915.42079999996,297558.58356
development_2023_2024,regime_switch,5,factor_rank,dip_3pct,A_baseline,1000000,036620,036620:2024-05-16,2024-05-17,2024-05-23,,,80,take_intraday,44864.17690254492,14.712801648763406,dip_50_50,3.0,False,1.0,304932.92829999997,349797.1052025449
development_2023_2024,regime_switch,5,factor_rank,dip_3pct,A_baseline,1000000,064850,064850:2024-05-23,2024-05-24,2024-05-31,,,43,time_open,7871.909272499965,2.407743240359883,dip_50_50,3.0,False,1.0,326941.3922775,334813.30155
development_2023_2024,regime_switch,5,factor_rank,dip_3pct,A_baseline,1000000,064850,064850:2024-05-30,2024-05-31,2024-06-10,,,42,time_open,-1985.1306299999706,-0.6049026973718008,dip_50_50,3.0,False,1.0,328173.54569999996,326188.41507
development_2023_2024,regime_switch,5,factor_rank,dip_3pct,A_baseline,1000000,026890,026890:2024-06-07,2024-06-10,2024-06-17,,,31,time_open,5967.427847500017,1.8128419452662081,dip_50_50,3.0,False,1.0,329175.29644999997,335142.7242975
development_2023_2024,regime_switch,5,factor_rank,dip_3pct,A_baseline,1000000,051630,051630:2024-06-14,2024-06-17,2024-06-24,,,101,time_open,250.98606050002854,0.07556099516980996,dip_50_50,3.0,False,1.0,332163.51893724996,332414.50499775
development_2023_2024,regime_switch,5,factor_rank,dip_3pct,A_baseline,1000000,220100,220100:2024-06-21,2024-06-24,2024-06-25,,,26,stop_intraday,-23747.53689013212,-7.232256057956555,dip_50_50,3.0,False,1.0,328355.86433649994,304608.3274463678
development_2023_2024,regime_switch,5,factor_rank,dip_3pct,A_baseline,1000000,053350,053350:2024-06-25,2024-06-26,2024-07-03,,,179,time_open,9389.936237499933,1.4648193554819944,dip_50_50,3.0,True,2.0,641030.3224325,650420.2586699999
development_2023_2024,regime_switch,5,factor_rank,dip_3pct,A_baseline,1000000,011780,011780:2024-07-04,2024-07-05,2024-07-12,,,2,time_open,28302.072050000017,9.449033041856826,dip_50_50,3.0,False,1.0,299523.47424999997,327825.5463
development_2023_2024,regime_switch,5,factor_rank,dip_3pct,A_baseline,1000000,011780,011780:2024-07-11,2024-07-12,2024-07-19,,,2,time_open,-19317.563649999967,-5.87204705624721,dip_50_50,3.0,False,1.0,328974.94629999995,309657.38265
development_2023_2024,regime_switch,5,factor_rank,dip_3pct,A_baseline,1000000,003570,003570:2024-07-18,2024-07-19,2024-07-26,,,15,time_open,-5599.878375000029,-1.7662216500055061,dip_50_50,3.0,False,1.0,317054.112375,311454.234
development_2023_2024,regime_switch,5,factor_rank,dip_3pct,A_baseline,1000000,053350,053350:2024-07-25,2024-07-26,2024-08-02,,,88,time_open,16867.303529999976,5.16434324266708,dip_50_50,3.0,False,1.0,326610.81453,343478.11805999995
development_2023_2024,regime_switch,5,factor_rank,dip_3pct,A_baseline,1000000,003570,003570:2024-08-01,2024-08-02,2024-08-05,,,15,stop_intraday,-23038.839018195053,-7.232256057956555,dip_50_50,3.0,False,1.0,318556.7385,295517.8994818049
development_2023_2024,regime_switch,5,factor_rank,dip_3pct,A_baseline,1000000,220100,220100:2024-10-08,2024-10-10,2024-10-15,,,15,take_intraday,46543.63582437311,14.712801648763406,dip_50_50,3.0,False,1.0,316347.87809624994,362891.51392062305
development_2023_2024,regime_switch,5,factor_rank,dip_3pct,A_baseline,1000000,015360,015360:2024-10-16,2024-10-17,2024-10-24,,,37,time_open,33509.631085,9.679688242982042,dip_50_50,3.0,False,1.0,346185.024185,379694.65527
development_2023_2024,regime_switch,10,ticker_ascending,all_in,A_baseline,1000000,036620,036620:2023-01-13,2023-01-16,2023-02-01,2062.06,2112.885,484,time_open,23083.794965000125,2.311186275579491,,,,,,
development_2023_2024,regime_switch,10,ticker_ascending,all_in,A_baseline,1000000,028670,028670:2023-02-01,2023-02-02,2023-02-07,6356.349999999999,5905.494094499999,160,stop_intraday,-73608.36617134011,-7.232256057956543,,,,,,
development_2023_2024,regime_switch,10,ticker_ascending,all_in,A_baseline,1000000,105630,105630:2023-02-07,2023-02-08,2023-02-22,17377.359999999997,17482.5,54,time_open,4265.735670000082,0.4542456568356501,,,,,,
development_2023_2024,regime_switch,10,ticker_ascending,all_in,A_baseline,1000000,001130,001130:2023-02-21,2023-02-22,2023-03-09,15195.179999999998,15634.35,62,time_open,25794.966855000122,2.7359731866430925,,,,,,
development_2023_2024,regime_switch,10,ticker_ascending,all_in,A_baseline,1000000,001130,001130:2023-03-08,2023-03-09,2023-03-14,15665.649999999998,14554.485445499997,62,stop_intraday,-70297.43867721583,-7.232256057956543,,,,,,
development_2023_2024,regime_switch,10,ticker_ascending,all_in,A_baseline,1000000,001460,001460:2023-03-15,2023-03-16,2023-03-23,50850.799999999996,47243.95275599999,17,stop_intraday,-62567.11124563916,-7.232256057956555,,,,,,
development_2023_2024,regime_switch,10,ticker_ascending,all_in,A_baseline,1000000,265520,265520:2023-03-23,2023-03-24,2023-04-07,20970.949999999997,21528.45,40,time_open,21025.018000000156,2.50456715768832,,,,,,
development_2023_2024,regime_switch,10,ticker_ascending,all_in,A_baseline,1000000,008260,008260:2023-04-06,2023-04-07,2023-04-10,6576.57,6110.093889899999,131,stop_intraday,-62354.83515028271,-7.232256057956532,,,,,,
development_2023_2024,regime_switch,10,ticker_ascending,all_in,A_baseline,1000000,126640,126640:2023-04-11,2023-04-12,2023-04-13,1766.7649999999999,2052.945,455,take_gap,128908.42396250006,16.02380001484356,,,,,,
development_2023_2024,regime_switch,10,ticker_ascending,all_in,A_baseline,1000000,000430,000430:2023-04-12,2023-04-13,2023-04-27,3913.9099999999994,4015.98,238,time_open,22877.174635000178,2.454081585717538,,,,,,
development_2023_2024,regime_switch,10,ticker_ascending,all_in,A_baseline,1000000,011230,011230:2023-04-26,2023-04-27,2023-04-28,5244.239,7320.672,182,take_gap,376195.6956484999,39.38531828133331,,,,,,
development_2023_2024,regime_switch,10,ticker_ascending,all_in,A_baseline,1000000,011230,011230:2023-04-27,2023-04-28,2023-05-02,7335.3279999999995,8427.191572799999,181,take_intraday,195487.54464479187,14.712801648763385,,,,,,
development_2023_2024,regime_switch,10,ticker_ascending,all_in,A_baseline,1000000,011230,011230:2023-05-02,2023-05-04,2023-05-08,12122.109999999999,11262.288737699997,126,stop_intraday,-110547.3047305129,-7.232256057956555,,,,,,
development_2023_2024,regime_switch,10,ticker_ascending,all_in,A_baseline,1000000,000430,000430:2023-05-10,2023-05-11,2023-05-25,4514.509999999999,4460.535,313,time_open,-19001.066813750193,-1.3436848774037835,,,,,,
development_2023_2024,regime_switch,10,ticker_ascending,all_in,A_baseline,1000000,036620,036620:2023-05-24,2023-05-25,2023-06-02,3183.18,3656.996343,439,take_intraday,205753.24651606707,14.712801648763406,,,,,,
development_2023_2024,regime_switch,10,ticker_ascending,all_in,A_baseline,1000000,064850,064850:2023-06-02,2023-06-05,2023-06-20,8928.919999999998,8661.33,179,time_open,-50260.101062499685,-3.142286618160639,,,,,,
development_2023_2024,regime_switch,10,ticker_ascending,all_in,A_baseline,1000000,008260,008260:2023-06-19,2023-06-20,2023-07-04,7437.429999999999,7802.19,208,time_open,73492.69928000006,4.747143648889285,,,,,,
development_2023_2024,regime_switch,10,ticker_ascending,all_in,A_baseline,1000000,014680,014680:2023-07-03,2023-07-04,2023-07-06,241240.99999999997,224129.77586999995,6,stop_intraday,-104761.51327141537,-7.232256057956555,,,,,,
development_2023_2024,regime_switch,10,ticker_ascending,all_in,A_baseline,1000000,126640,126640:2023-07-06,2023-07-07,2023-07-18,1995.9939999999997,1854.4181455799994,762,stop_intraday,-110081.31160923955,-7.232256057956576,,,,,,
development_2023_2024,regime_switch,10,ticker_ascending,all_in,A_baseline,1000000,026890,026890:2023-07-19,2023-07-20,2023-07-25,7027.0199999999995,6528.5934713999995,200,stop_intraday,-101718.64774071006,-7.232256057956532,,,,,,
development_2023_2024,regime_switch,10,ticker_ascending,all_in,A_baseline,1000000,001740,001740:2023-07-25,2023-07-26,2023-07-28,6176.169999999999,5738.094261899999,212,stop_intraday,-94766.42449484207,-7.232256057956532,,,,,,
development_2023_2024,regime_switch,10,ticker_ascending,all_in,A_baseline,1000000,220100,220100:2023-08-01,2023-08-02,2023-08-04,8711.703,10008.439991549998,139,take_intraday,178294.8669185806,14.712801648763406,,,,,,
development_2023_2024,regime_switch,10,ticker_ascending,all_in,A_baseline,1000000,326030,326030:2023-08-10,2023-08-11,2023-08-16,99899.79999999999,92813.90718599998,13,stop_intraday,-93995.5652270636,-7.232256057956543,,,,,,
development_2023_2024,regime_switch,10,ticker_ascending,all_in,A_baseline,1000000,085310,085310:2023-08-28,2023-08-29,2023-09-12,10920.909999999998,10239.75,119,time_open,-82946.62890499993,-6.377747952456014,,,,,,
development_2023_2024,regime_switch,10,ticker_ascending,all_in,A_baseline,1000000,016360,016360:2023-09-11,2023-09-12,2023-09-26,37637.6,37612.35,32,time_open,-2613.998799999943,-0.21687419712703715,,,,,,
development_2023_2024,regime_switch,10,ticker_ascending,all_in,A_baseline,1000000,105630,105630:2023-11-16,2023-11-17,2023-11-23,23673.649999999998,21994.478005499997,51,stop_intraday,-87384.57761571044,-7.232256057956543,,,,,,
development_2023_2024,regime_switch,10,ticker_ascending,all_in,A_baseline,1000000,015360,015360:2023-11-28,2023-11-29,2023-12-13,7117.109999999999,7032.96,158,time_open,-14972.483294999925,-1.3304773124149016,,,,,,
development_2023_2024,regime_switch,10,ticker_ascending,all_in,A_baseline,1000000,215200,215200:2023-12-12,2023-12-13,2023-12-22,65865.79999999999,61193.93880599999,16,stop_intraday,-76274.4959696721,-7.232256057956543,,,,,,
development_2023_2024,regime_switch,10,ticker_ascending,all_in,A_baseline,1000000,279600,279600:2023-12-22,2023-12-26,2024-01-02,21739.717999999997,20197.71980226,47,stop_intraday,-73952.20997630968,-7.232256057956532,,,,,,
development_2023_2024,regime_switch,10,ticker_ascending,all_in,A_baseline,1000000,326030,326030:2024-01-02,2024-01-03,2024-01-04,103403.29999999999,96068.903931,9,stop_intraday,-67356.0019975343,-7.232256057956543,,,,,,
development_2023_2024,regime_switch,10,ticker_ascending,all_in,A_baseline,1000000,004540,004540:2024-01-10,2024-01-11,2024-01-12,3088.0849999999996,2869.0471309499994,289,stop_intraday,-64593.15254483337,-7.232256057956532,,,,,,
development_2023_2024,regime_switch,10,ticker_ascending,all_in,A_baseline,1000000,003530,003530:2024-01-18,2024-01-19,2024-02-02,3618.615,3961.035,229,time_open,77112.37511249993,9.298665382328775,,,,,,
development_2023_2024,regime_switch,10,ticker_ascending,all_in,A_baseline,1000000,163560,163560:2024-02-07,2024-02-08,2024-02-26,6396.389999999999,6493.5,141,time_open,12329.404132500058,1.3660369319681287,,,,,,
development_2023_2024,regime_switch,10,ticker_ascending,all_in,A_baseline,1000000,001130,001130:2024-02-23,2024-02-26,2024-03-12,14234.219999999998,13826.16,64,time_open,-27462.73823999986,-3.012344176407822,,,,,,
development_2023_2024,regime_switch,10,ticker_ascending,all_in,A_baseline,1000000,015860,015860:2024-03-18,2024-03-19,2024-04-02,4524.5199999999995,4405.59,197,time_open,-24748.63375249994,-2.774513814187596,,,,,,
development_2023_2024,regime_switch,10,ticker_ascending,all_in,A_baseline,1000000,014830,014830:2024-04-03,2024-04-04,2024-04-19,85485.4,83116.8,10,time_open,-24950.516500000027,-2.9165000850171485,,,,,,
development_2023_2024,regime_switch,10,ticker_ascending,all_in,A_baseline,1000000,099220,099220:2024-04-19,2024-04-22,2024-04-23,14514.499999999998,16674.983324999997,58,take_intraday,123951.29032536247,14.71280164876343,,,,,,
development_2023_2024,regime_switch,10,ticker_ascending,all_in,A_baseline,1000000,064850,064850:2024-04-23,2024-04-24,2024-04-25,7587.579999999999,7049.392950599999,127,stop_intraday,-69743.9269473448,-7.232256057956543,,,,,,
development_2023_2024,regime_switch,10,ticker_ascending,all_in,A_baseline,1000000,094280,094280:2024-04-29,2024-04-30,2024-05-17,12622.609999999999,12947.04,71,time_open,21672.946137499996,2.4164890977707687,,,,,,
development_2023_2024,regime_switch,10,ticker_ascending,all_in,A_baseline,1000000,036620,036620:2024-05-16,2024-05-17,2024-05-23,3808.8049999999994,4375.745624249999,241,take_intraday,135153.3329189167,14.712801648763406,,,,,,
development_2023_2024,regime_switch,10,ticker_ascending,all_in,A_baseline,1000000,064850,064850:2024-05-23,2024-05-24,2024-06-10,7597.589999999999,7772.22,138,time_open,22508.16466500028,2.145159283333342,,,,,,
development_2023_2024,regime_switch,10,ticker_ascending,all_in,A_baseline,1000000,003080,003080:2024-06-07,2024-06-10,2024-06-24,3002.9999999999995,2967.03,358,time_open,-14480.21305499971,-1.3458944253348148,,,,,,
development_2023_2024,regime_switch,10,ticker_ascending,all_in,A_baseline,1000000,220100,220100:2024-06-21,2024-06-24,2024-06-25,12619.606999999998,11724.498275489997,84,stop_intraday,-76722.81149119604,-7.232256057956555,,,,,,
development_2023_2024,regime_switch,10,ticker_ascending,all_in,A_baseline,1000000,053350,053350:2024-06-25,2024-06-26,2024-07-04,3673.6699999999996,3413.0965868999992,268,stop_intraday,-71258.11479476711,-7.232256057956555,,,,,,
development_2023_2024,regime_switch,10,ticker_ascending,all_in,A_baseline,1000000,003570,003570:2024-07-04,2024-07-05,2024-07-19,20320.3,21078.9,44,time_open,32012.22640000016,3.577729393712259,,,,,,
development_2023_2024,regime_switch,10,ticker_ascending,all_in,A_baseline,1000000,003570,003570:2024-07-18,2024-07-19,2024-07-26,21121.1,24264.975734999996,44,take_intraday,136832.7918407449,14.71280164876343,,,,,,
development_2023_2024,regime_switch,10,ticker_ascending,all_in,A_baseline,1000000,053350,053350:2024-07-26,2024-07-29,2024-08-05,3753.7499999999995,3487.4965124999994,288,stop_intraday,-78245.11364670005,-7.232256057956543,,,,,,
development_2023_2024,regime_switch,10,ticker_ascending,all_in,A_baseline,1000000,006800,006800:2024-10-08,2024-10-10,2024-10-24,8789.780999999999,8972.019,114,time_open,19256.498099999968,1.9202987816978156,,,,,,
development_2023_2024,regime_switch,10,ticker_ascending,cash_half,A_baseline,1000000,036620,036620:2023-01-13,2023-01-16,2023-02-01,,,242,time_open,11541.897482500004,2.311186275579491,cash_50_no_add,3.0,False,1.0,499392.78388999996,510934.68137249997
development_2023_2024,regime_switch,10,ticker_ascending,cash_half,A_baseline,1000000,028670,028670:2023-02-01,2023-02-02,2023-02-07,,,79,stop_intraday,-36344.130797099264,-7.232256057956565,cash_50_no_add,3.0,False,1.0,502528.2637375,466184.13294040074
development_2023_2024,regime_switch,10,ticker_ascending,cash_half,A_baseline,1000000,105630,105630:2023-02-07,2023-02-08,2023-02-22,,,28,time_open,2211.862940000079,0.4542456568356723,cash_50_no_add,3.0,False,1.0,486931.0045599999,489142.8675
development_2023_2024,regime_switch,10,ticker_ascending,cash_half,A_baseline,1000000,001130,001130:2023-02-21,2023-02-22,2023-03-09,,,32,time_open,13313.531280000054,2.7359731866430925,cash_50_no_add,3.0,False,1.0,486610.44431999995,499923.9756
development_2023_2024,regime_switch,10,ticker_ascending,cash_half,A_baseline,1000000,001130,001130:2023-03-08,2023-03-09,2023-03-14,,,31,stop_intraday,-35148.719338607916,-7.232256057956543,cash_50_no_add,3.0,False,1.0,485999.3763624999,450850.657023892
development_2023_2024,regime_switch,10,ticker_ascending,cash_half,A_baseline,1000000,001460,001460:2023-03-15,2023-03-16,2023-03-23,,,9,stop_intraday,-33123.76477710309,-7.232256057956555,cash_50_no_add,3.0,False,1.0,458000.44289999997,424876.6781228969
development_2023_2024,regime_switch,10,ticker_ascending,cash_half,A_baseline,1000000,265520,265520:2023-03-23,2023-03-24,2023-04-07,,,21,time_open,11038.13445000007,2.50456715768832,cash_50_no_add,3.0,False,1.0,440720.24246249994,451758.3769125
development_2023_2024,regime_switch,10,ticker_ascending,cash_half,A_baseline,1000000,008260,008260:2023-04-06,2023-04-07,2023-04-10,,,70,stop_intraday,-33319.37756121979,-7.232256057956543,cash_50_no_add,3.0,False,1.0,460705.169925,427385.7923637802
development_2023_2024,regime_switch,10,ticker_ascending,cash_half,A_baseline,1000000,126640,126640:2023-04-11,2023-04-12,2023-04-13,,,254,take_gap,71962.06524500006,16.02380001484358,cash_50_no_add,3.0,False,1.0,449094.87873249996,521056.9439775
development_2023_2024,regime_switch,10,ticker_ascending,cash_half,A_baseline,1000000,000430,000430:2023-04-12,2023-04-13,2023-04-27,,,124,time_open,11919.200230000075,2.454081585717538,cash_50_no_add,3.0,False,1.0,485688.83362999995,497608.03386
development_2023_2024,regime_switch,10,ticker_ascending,cash_half,A_baseline,1000000,011230,011230:2023-04-26,2023-04-27,2023-04-28,,,93,take_gap,192231.86645775003,39.38531828133334,cash_50_no_add,3.0,False,1.0,488080.01267024997,680311.879128
development_2023_2024,regime_switch,10,ticker_ascending,cash_half,A_baseline,1000000,011230,011230:2023-04-27,2023-04-28,2023-05-02,,,80,take_intraday,86403.33464963187,14.712801648763406,cash_50_no_add,3.0,False,1.0,587266.35968,673669.6943296319
development_2023_2024,regime_switch,10,ticker_ascending,cash_half,A_baseline,1000000,011230,011230:2023-05-02,2023-05-04,2023-05-08,,,52,stop_intraday,-45622.69719037053,-7.232256057956565,cash_50_no_add,3.0,False,1.0,630822.48229,585199.7850996294
development_2023_2024,regime_switch,10,ticker_ascending,cash_half,A_baseline,1000000,000430,000430:2023-05-10,2023-05-11,2023-05-25,,,134,time_open,-8134.642022499931,-1.3436848774037613,cash_50_no_add,3.0,False,1.0,605398.0482549999,597263.4062325
development_2023_2024,regime_switch,10,ticker_ascending,cash_half,A_baseline,1000000,036620,036620:2023-05-24,2023-05-25,2023-06-02,,,189,take_intraday,88581.69383037975,14.71280164876343,cash_50_no_add,3.0,False,1.0,602072.235765,690653.9295953797
development_2023_2024,regime_switch,10,ticker_ascending,cash_half,A_baseline,1000000,064850,064850:2023-06-02,2023-06-05,2023-06-20,,,72,time_open,-20216.353499999852,-3.142286618160628,cash_50_no_add,3.0,False,1.0,643364.4016799999,623148.04818
development_2023_2024,regime_switch,10,ticker_ascending,cash_half,A_baseline,1000000,008260,008260:2023-06-19,2023-06-20,2023-07-04,,,85,time_open,30033.074225000106,4.747143648889285,cash_50_no_add,3.0,False,1.0,632655.6861625,662688.7603875
development_2023_2024,regime_switch,10,ticker_ascending,cash_half,A_baseline,1000000,014680,014680:2023-07-03,2023-07-04,2023-07-06,,,2,stop_intraday,-34920.50442380505,-7.232256057956543,cash_50_no_add,3.0,False,1.0,482843.86149999994,447923.3570761949
development_2023_2024,regime_switch,10,ticker_ascending,cash_half,A_baseline,1000000,126640,126640:2023-07-06,2023-07-07,2023-07-18,,,318,stop_intraday,-45939.44500228099,-7.232256057956555,cash_50_no_add,3.0,False,1.0,635202.136569,589262.691566719
development_2023_2024,regime_switch,10,ticker_ascending,cash_half,A_baseline,1000000,026890,026890:2023-07-19,2023-07-20,2023-07-25,,,87,stop_intraday,-44247.6117672089,-7.232256057956543,cash_50_no_add,3.0,False,1.0,611809.253055,567561.6412877911
development_2023_2024,regime_switch,10,ticker_ascending,cash_half,A_baseline,1000000,001740,001740:2023-07-25,2023-07-26,2023-07-28,,,95,stop_intraday,-42466.086448160466,-7.232256057956543,cash_50_no_add,3.0,False,1.0,587176.2021125,544710.1156643395
development_2023_2024,regime_switch,10,ticker_ascending,cash_half,A_baseline,1000000,220100,220100:2023-08-01,2023-08-02,2023-08-04,,,65,take_intraday,83375.29747991182,14.712801648763406,cash_50_no_add,3.0,False,1.0,566685.39052125,650060.6880011618
development_2023_2024,regime_switch,10,ticker_ascending,cash_half,A_baseline,1000000,326030,326030:2023-08-10,2023-08-11,2023-08-16,,,6,stop_intraday,-43382.56856633723,-7.232256057956565,cash_50_no_add,3.0,False,1.0,599848.3491,556465.7805336628
development_2023_2024,regime_switch,10,ticker_ascending,cash_half,A_baseline,1000000,085310,085310:2023-08-28,2023-08-29,2023-09-12,,,53,time_open,-36942.616234999965,-6.377747952456003,cash_50_no_add,3.0,False,1.0,579242.3361724999,542299.7199375
development_2023_2024,regime_switch,10,ticker_ascending,cash_half,A_baseline,1000000,016360,016360:2023-09-11,2023-09-12,2023-09-26,,,15,time_open,-1225.3119375001406,-0.21687419712705935,cash_50_no_add,3.0,False,1.0,564987.4230000001,563762.1110624999
development_2023_2024,regime_switch,10,ticker_ascending,cash_half,A_baseline,1000000,105630,105630:2023-11-16,2023-11-17,2023-11-23,,,24,stop_intraday,-41122.15417209908,-7.232256057956543,cash_50_no_add,3.0,False,1.0,568593.7257,527471.5715279009
development_2023_2024,regime_switch,10,ticker_ascending,cash_half,A_baseline,1000000,015360,015360:2023-11-28,2023-11-29,2023-12-13,,,77,time_open,-7296.716542499838,-1.3304773124148794,cash_50_no_add,3.0,False,1.0,548428.4831024999,541131.76656
development_2023_2024,regime_switch,10,ticker_ascending,cash_half,A_baseline,1000000,215200,215200:2023-12-12,2023-12-13,2023-12-22,,,8,stop_intraday,-38137.24798483605,-7.232256057956543,cash_50_no_add,3.0,False,1.0,527321.5948,489184.3468151639
development_2023_2024,regime_switch,10,ticker_ascending,cash_half,A_baseline,1000000,279600,279600:2023-12-22,2023-12-26,2024-01-02,,,24,stop_intraday,-37762.83062620071,-7.232256057956543,cash_50_no_add,3.0,False,1.0,522144.54692399997,484381.71629779926
development_2023_2024,regime_switch,10,ticker_ascending,cash_half,A_baseline,1000000,326030,326030:2024-01-02,2024-01-03,2024-01-04,,,4,stop_intraday,-29936.000887793023,-7.232256057956543,cash_50_no_add,3.0,False,1.0,413923.40989999997,383987.40901220695
development_2023_2024,regime_switch,10,ticker_ascending,cash_half,A_baseline,1000000,004540,004540:2024-01-10,2024-01-11,2024-01-12,,,159,stop_intraday,-35537.40918556583,-7.232256057956543,cash_50_no_add,3.0,False,1.0,491373.76913624996,455836.3599506841
development_2023_2024,regime_switch,10,ticker_ascending,cash_half,A_baseline,1000000,003530,003530:2024-01-18,2024-01-19,2024-02-02,,,131,time_open,44112.3193875,9.298665382328775,cash_50_no_add,3.0,False,1.0,474394.09392375,518506.41331125
development_2023_2024,regime_switch,10,ticker_ascending,cash_half,A_baseline,1000000,163560,163560:2024-02-07,2024-02-08,2024-02-26,,,77,time_open,6733.07885250001,1.3660369319681287,cash_50_no_add,3.0,False,1.0,492891.4215225,499624.500375
development_2023_2024,regime_switch,10,ticker_ascending,cash_half,A_baseline,1000000,001130,001130:2024-02-23,2024-02-26,2024-03-12,,,35,time_open,-15018.684974999924,-3.012344176407822,cash_50_no_add,3.0,False,1.0,498571.3482749999,483552.66329999996
development_2023_2024,regime_switch,10,ticker_ascending,cash_half,A_baseline,1000000,015860,015860:2024-03-18,2024-03-19,2024-04-02,,,109,time_open,-13693.406492499926,-2.7745138141875847,cash_50_no_add,3.0,False,1.0,493542.55950999993,479849.1530175
development_2023_2024,regime_switch,10,ticker_ascending,cash_half,A_baseline,1000000,014830,014830:2024-04-03,2024-04-04,2024-04-19,,,5,time_open,-12475.258250000014,-2.9165000850171485,cash_50_no_add,3.0,False,1.0,427747.57025,415272.312
development_2023_2024,regime_switch,10,ticker_ascending,cash_half,A_baseline,1000000,099220,099220:2024-04-19,2024-04-22,2024-04-23,,,33,take_intraday,70524.01001270622,14.71280164876343,cash_50_no_add,3.0,False,1.0,479337.733875,549861.7438877062
development_2023_2024,regime_switch,10,ticker_ascending,cash_half,A_baseline,1000000,064850,064850:2024-04-23,2024-04-24,2024-04-25,,,67,stop_intraday,-36794.040200567746,-7.232256057956555,cash_50_no_add,3.0,False,1.0,508749.13589499996,471955.0956944322
development_2023_2024,regime_switch,10,ticker_ascending,cash_half,A_baseline,1000000,094280,094280:2024-04-29,2024-04-30,2024-05-17,,,39,time_open,11904.857737499988,2.4164890977707687,cash_50_no_add,3.0,False,1.0,492651.0013425,504555.85907999997
development_2023_2024,regime_switch,10,ticker_ascending,cash_half,A_baseline,1000000,036620,036620:2024-05-16,2024-05-17,2024-05-23,,,132,take_intraday,74025.89188919932,14.712801648763453,cash_50_no_add,3.0,False,1.0,503139.3316949999,577165.2235841992
development_2023_2024,regime_switch,10,ticker_ascending,cash_half,A_baseline,1000000,064850,064850:2024-05-23,2024-05-24,2024-06-10,,,71,time_open,11580.287617500057,2.145159283333342,cash_50_no_add,3.0,False,1.0,539833.4616675,551413.749285
development_2023_2024,regime_switch,10,ticker_ascending,cash_half,A_baseline,1000000,003080,003080:2024-06-07,2024-06-10,2024-06-24,,,181,time_open,-7321.001572499867,-1.345894425334826,cash_50_no_add,3.0,False,1.0,543950.6572499999,536629.6556775001
development_2023_2024,regime_switch,10,ticker_ascending,cash_half,A_baseline,1000000,220100,220100:2024-06-21,2024-06-24,2024-06-25,,,42,stop_intraday,-38361.40574559808,-7.232256057956565,cash_50_no_add,3.0,False,1.0,530421.0116205,492059.6058749019
development_2023_2024,regime_switch,10,ticker_ascending,cash_half,A_baseline,1000000,053350,053350:2024-06-25,2024-06-26,2024-07-04,,,142,stop_intraday,-37756.165301704954,-7.232256057956555,cash_50_no_add,3.0,False,1.0,522052.38585499994,484296.220553295
development_2023_2024,regime_switch,10,ticker_ascending,cash_half,A_baseline,1000000,003570,003570:2024-07-04,2024-07-05,2024-07-19,,,24,time_open,17461.214399999997,3.5777293937122367,cash_50_no_add,3.0,False,1.0,488052.9654,505514.1798
development_2023_2024,regime_switch,10,ticker_ascending,cash_half,A_baseline,1000000,003570,003570:2024-07-18,2024-07-19,2024-07-26,,,24,take_intraday,74636.06827676989,14.712801648763406,cash_50_no_add,3.0,False,1.0,507286.5798,581922.6480767699
development_2023_2024,regime_switch,10,ticker_ascending,cash_half,A_baseline,1000000,053350,053350:2024-07-26,2024-07-29,2024-08-05,,,146,stop_intraday,-39665.92566811881,-7.232256057956543,cash_50_no_add,3.0,False,1.0,548458.5356249999,508792.6099568811
development_2023_2024,regime_switch,10,ticker_ascending,cash_half,A_baseline,1000000,006800,006800:2024-10-08,2024-10-10,2024-10-24,,,60,time_open,10134.999000000069,1.9202987816978379,cash_50_no_add,3.0,False,1.0,527782.400145,537917.399145
development_2023_2024,regime_switch,10,ticker_ascending,dip_3pct,A_baseline,1000000,036620,036620:2023-01-13,2023-01-16,2023-02-01,,,242,time_open,11541.897482500004,2.311186275579491,dip_50_50,3.0,False,1.0,499392.78388999996,510934.68137249997
development_2023_2024,regime_switch,10,ticker_ascending,dip_3pct,A_baseline,1000000,028670,028670:2023-02-01,2023-02-02,2023-02-07,,,160,stop_intraday,-53322.91348384018,-5.345691343091996,dip_50_50,3.0,True,2.0,997493.3093125001,944170.3958286599
development_2023_2024,regime_switch,10,ticker_ascending,dip_3pct,A_baseline,1000000,105630,105630:2023-02-07,2023-02-08,2023-02-22,,,56,time_open,22725.712082499987,2.3782610759619516,dip_50_50,3.0,True,2.0,955560.0229175,978285.735
development_2023_2024,regime_switch,10,ticker_ascending,dip_3pct,A_baseline,1000000,001130,001130:2023-02-21,2023-02-22,2023-03-09,,,32,time_open,13313.531280000054,2.7359731866430925,dip_50_50,3.0,False,1.0,486610.44431999995,499923.9756
development_2023_2024,regime_switch,10,ticker_ascending,dip_3pct,A_baseline,1000000,001130,001130:2023-03-08,2023-03-09,2023-03-14,,,64,stop_intraday,-42813.10071438411,-4.3973944517432635,dip_50_50,3.0,True,2.0,973601.5539249999,930788.4532106158
development_2023_2024,regime_switch,10,ticker_ascending,dip_3pct,A_baseline,1000000,001460,001460:2023-03-15,2023-03-16,2023-03-23,,,19,stop_intraday,-50894.683612773195,-5.369449954702665,dip_50_50,3.0,True,2.0,947856.55965,896961.8760372268
development_2023_2024,regime_switch,10,ticker_ascending,dip_3pct,A_baseline,1000000,265520,265520:2023-03-23,2023-03-24,2023-04-07,,,21,time_open,11038.13445000007,2.50456715768832,dip_50_50,3.0,False,1.0,440720.24246249994,451758.3769125
development_2023_2024,regime_switch,10,ticker_ascending,dip_3pct,A_baseline,1000000,008260,008260:2023-04-06,2023-04-07,2023-04-10,,,69,stop_intraday,-32843.386453202285,-7.232256057956521,dip_50_50,3.0,False,1.0,454123.66749749996,421280.2810442977
development_2023_2024,regime_switch,10,ticker_ascending,dip_3pct,A_baseline,1000000,126640,126640:2023-04-11,2023-04-12,2023-04-13,,,248,take_gap,70262.17394000001,16.02380001484356,dip_50_50,3.0,False,1.0,438486.33829,508748.51223
development_2023_2024,regime_switch,10,ticker_ascending,dip_3pct,A_baseline,1000000,000430,000430:2023-04-12,2023-04-13,2023-04-27,,,121,time_open,11630.83248250006,2.454081585717516,dip_50_50,3.0,False,1.0,473938.29733249993,485569.129815
development_2023_2024,regime_switch,10,ticker_ascending,dip_3pct,A_baseline,1000000,011230,011230:2023-04-26,2023-04-27,2023-04-28,,,91,take_gap,188097.84782424994,39.38531828133331,dip_50_50,3.0,False,1.0,477583.66831175,665681.5161359999
development_2023_2024,regime_switch,10,ticker_ascending,dip_3pct,A_baseline,1000000,011230,011230:2023-04-27,2023-04-28,2023-05-02,,,78,take_intraday,84243.25128339103,14.712801648763406,dip_50_50,3.0,False,1.0,572584.700688,656827.951971391
development_2023_2024,regime_switch,10,ticker_ascending,dip_3pct,A_baseline,1000000,011230,011230:2023-05-02,2023-05-04,2023-05-08,,,50,stop_intraday,-43867.97806766385,-7.232256057956555,dip_50_50,3.0,False,1.0,606560.0791249999,562692.1010573361
development_2023_2024,regime_switch,10,ticker_ascending,dip_3pct,A_baseline,1000000,000430,000430:2023-05-10,2023-05-11,2023-05-25,,,246,time_open,6954.508085000096,0.6383127921917087,dip_50_50,3.0,True,2.0,1089514.1332075,1096468.6412925
development_2023_2024,regime_switch,10,ticker_ascending,dip_3pct,A_baseline,1000000,036620,036620:2023-05-24,2023-05-25,2023-06-02,,,187,take_intraday,87644.32140889415,14.712801648763406,dip_50_50,3.0,False,1.0,595701.100995,683345.4224038941
development_2023_2024,regime_switch,10,ticker_ascending,dip_3pct,A_baseline,1000000,064850,064850:2023-06-02,2023-06-05,2023-06-20,,,128,time_open,-23378.229594999924,-2.0666806903447577,dip_50_50,3.0,True,2.0,1131196.981915,1107818.75232
development_2023_2024,regime_switch,10,ticker_ascending,dip_3pct,A_baseline,1000000,008260,008260:2023-06-19,2023-06-20,2023-07-04,,,154,time_open,77553.30621499987,6.90539523506144,dip_50_50,3.0,True,2.0,1123082.8008400002,1200636.107055
development_2023_2024,regime_switch,10,ticker_ascending,dip_3pct,A_baseline,1000000,014680,014680:2023-07-03,2023-07-04,2023-07-06,,,2,stop_intraday,-34920.50442380505,-7.232256057956543,dip_50_50,3.0,False,1.0,482843.86149999994,447923.3570761949
development_2023_2024,regime_switch,10,ticker_ascending,dip_3pct,A_baseline,1000000,126640,126640:2023-07-06,2023-07-07,2023-07-18,,,587,stop_intraday,-63360.700940131675,-5.504419730465915,dip_50_50,3.0,True,2.0,1151087.7448069998,1087727.0438668681
development_2023_2024,regime_switch,10,ticker_ascending,dip_3pct,A_baseline,1000000,026890,026890:2023-07-19,2023-07-20,2023-07-25,,,163,stop_intraday,-52096.86234617862,-4.6704397058646485,dip_50_50,3.0,True,2.0,1115459.4776325,1063362.6152863214
development_2023_2024,regime_switch,10,ticker_ascending,dip_3pct,A_baseline,1000000,001740,001740:2023-07-25,2023-07-26,2023-07-28,,,180,stop_intraday,-60266.76341335662,-5.517170663187832,dip_50_50,3.0,True,2.0,1092349.0878299999,1032082.3244166432
development_2023_2024,regime_switch,10,ticker_ascending,dip_3pct,A_baseline,1000000,220100,220100:2023-08-01,2023-08-02,2023-08-04,,,124,take_intraday,187183.57471398567,17.777362572352672,dip_50_50,3.0,True,2.0,1052932.199319,1240115.7740329856
development_2023_2024,regime_switch,10,ticker_ascending,dip_3pct,A_baseline,1000000,326030,326030:2023-08-10,2023-08-11,2023-08-16,,,11,stop_intraday,-53489.18953828467,-4.981872271342325,dip_50_50,3.0,True,2.0,1073676.45385,1020187.2643117153
development_2023_2024,regime_switch,10,ticker_ascending,dip_3pct,A_baseline,1000000,085310,085310:2023-08-28,2023-08-29,2023-09-12,,,104,time_open,-50362.49741249974,-4.5188512307533735,dip_50_50,3.0,True,2.0,1114497.7969124997,1064135.2995
development_2023_2024,regime_switch,10,ticker_ascending,dip_3pct,A_baseline,1000000,016360,016360:2023-09-11,2023-09-12,2023-09-26,,,16,time_open,-1306.9993999999715,-0.21687419712703715,dip_50_50,3.0,False,1.0,602653.2511999999,601346.2518
development_2023_2024,regime_switch,10,ticker_ascending,dip_3pct,A_baseline,1000000,105630,105630:2023-11-16,2023-11-17,2023-11-23,,,25,stop_intraday,-42835.57726260321,-7.232256057956543,dip_50_50,3.0,False,1.0,592285.1309375,549449.5536748968
development_2023_2024,regime_switch,10,ticker_ascending,dip_3pct,A_baseline,1000000,015360,015360:2023-11-28,2023-11-29,2023-12-13,,,81,time_open,-7675.766752499854,-1.3304773124148794,dip_50_50,3.0,False,1.0,576918.2744324999,569242.50768
development_2023_2024,regime_switch,10,ticker_ascending,dip_3pct,A_baseline,1000000,215200,215200:2023-12-12,2023-12-13,2023-12-22,,,15,stop_intraday,-50470.57422156772,-5.215565972259961,dip_50_50,3.0,True,2.0,967691.2245,917220.6502784323
development_2023_2024,regime_switch,10,ticker_ascending,dip_3pct,A_baseline,1000000,279600,279600:2023-12-22,2023-12-26,2024-01-02,,,25,stop_intraday,-39336.281902292394,-7.232256057956532,dip_50_50,3.0,False,1.0,543900.5697125,504564.2878102076
development_2023_2024,regime_switch,10,ticker_ascending,dip_3pct,A_baseline,1000000,326030,326030:2024-01-02,2024-01-03,2024-01-04,,,5,stop_intraday,-37420.00110974122,-7.232256057956532,dip_50_50,3.0,False,1.0,517404.26237499993,479984.2612652587
development_2023_2024,regime_switch,10,ticker_ascending,dip_3pct,A_baseline,1000000,004540,004540:2024-01-10,2024-01-11,2024-01-12,,,166,stop_intraday,-37101.94921260327,-7.232256057956532,dip_50_50,3.0,False,1.0,513006.57658249995,475904.6273698967
development_2023_2024,regime_switch,10,ticker_ascending,dip_3pct,A_baseline,1000000,003530,003530:2024-01-18,2024-01-19,2024-02-02,,,283,time_open,127472.31337750005,12.841489644589199,dip_50_50,3.0,True,2.0,992659.86194375,1120132.17532125
development_2023_2024,regime_switch,10,ticker_ascending,dip_3pct,A_baseline,1000000,163560,163560:2024-02-07,2024-02-08,2024-02-26,,,87,time_open,7607.50467750011,1.3660369319681287,dip_50_50,3.0,False,1.0,556903.2944474999,564510.799125
development_2023_2024,regime_switch,10,ticker_ascending,dip_3pct,A_baseline,1000000,001130,001130:2024-02-23,2024-02-26,2024-03-12,,,75,time_open,-17036.425034999847,-1.6175550839267805,dip_50_50,3.0,True,2.0,1053220.7035349999,1036184.2785
development_2023_2024,regime_switch,10,ticker_ascending,dip_3pct,A_baseline,1000000,015860,015860:2024-03-18,2024-03-19,2024-04-02,,,122,time_open,-15326.565064999973,-2.774513814187596,dip_50_50,3.0,False,1.0,552405.43358,537078.868515
development_2023_2024,regime_switch,10,ticker_ascending,dip_3pct,A_baseline,1000000,014830,014830:2024-04-03,2024-04-04,2024-04-19,,,6,time_open,-14970.309899999993,-2.9165000850171374,dip_50_50,3.0,False,1.0,513297.0843,498326.7744
development_2023_2024,regime_switch,10,ticker_ascending,dip_3pct,A_baseline,1000000,099220,099220:2024-04-19,2024-04-22,2024-04-23,,,37,take_intraday,79072.3748627312,14.71280164876343,dip_50_50,3.0,False,1.0,537439.277375,616511.6522377311
development_2023_2024,regime_switch,10,ticker_ascending,dip_3pct,A_baseline,1000000,064850,064850:2024-04-23,2024-04-24,2024-04-25,,,145,stop_intraday,-54054.19632387778,-5.026195435137004,dip_50_50,3.0,True,2.0,1075449.5526774998,1021395.356353622
development_2023_2024,regime_switch,10,ticker_ascending,dip_3pct,A_baseline,1000000,094280,094280:2024-04-29,2024-04-30,2024-05-17,,,43,time_open,13125.86878749996,2.4164890977707465,dip_50_50,3.0,False,1.0,543179.3091725,556305.17796
development_2023_2024,regime_switch,10,ticker_ascending,dip_3pct,A_baseline,1000000,036620,036620:2024-05-16,2024-05-17,2024-05-23,,,146,take_intraday,81877.12284714461,14.71280164876343,dip_50_50,3.0,False,1.0,556502.5941474999,638379.7169946445
development_2023_2024,regime_switch,10,ticker_ascending,dip_3pct,A_baseline,1000000,064850,064850:2024-05-23,2024-05-24,2024-06-10,,,79,time_open,12885.108757499955,2.14515928333332,dip_50_50,3.0,False,1.0,600659.7672075001,613544.875965
development_2023_2024,regime_switch,10,ticker_ascending,dip_3pct,A_baseline,1000000,003080,003080:2024-06-07,2024-06-10,2024-06-24,,,202,time_open,-8170.399544999818,-1.3458944253348148,dip_50_50,3.0,False,1.0,607060.9544999999,598890.554955
development_2023_2024,regime_switch,10,ticker_ascending,dip_3pct,A_baseline,1000000,220100,220100:2024-06-21,2024-06-24,2024-06-25,,,47,stop_intraday,-42928.239762931014,-7.232256057956532,dip_50_50,3.0,False,1.0,593566.3701467499,550638.1303838189
development_2023_2024,regime_switch,10,ticker_ascending,dip_3pct,A_baseline,1000000,053350,053350:2024-06-25,2024-06-26,2024-07-04,,,301,stop_intraday,-53531.118808842846,-4.956113854419442,dip_50_50,3.0,True,2.0,1080102.68491125,1026571.566102407
development_2023_2024,regime_switch,10,ticker_ascending,dip_3pct,A_baseline,1000000,003570,003570:2024-07-04,2024-07-05,2024-07-19,,,27,time_open,19643.866200000048,3.5777293937122367,dip_50_50,3.0,False,1.0,549059.586075,568703.452275
development_2023_2024,regime_switch,10,ticker_ascending,dip_3pct,A_baseline,1000000,003570,003570:2024-07-18,2024-07-19,2024-07-26,,,26,take_intraday,80855.74063316744,14.71280164876343,dip_50_50,3.0,False,1.0,549560.46145,630416.2020831674
development_2023_2024,regime_switch,10,ticker_ascending,dip_3pct,A_baseline,1000000,053350,053350:2024-07-26,2024-07-29,2024-08-05,,,161,stop_intraday,-43741.19200388447,-7.232256057956555,dip_50_50,3.0,False,1.0,604807.0153125,561065.8233086155
development_2023_2024,regime_switch,10,ticker_ascending,dip_3pct,A_baseline,1000000,006800,006800:2024-10-08,2024-10-10,2024-10-24,,,66,time_open,11148.498900000006,1.9202987816978379,dip_50_50,3.0,False,1.0,580560.6401595,591709.1390595
development_2023_2024,regime_switch,10,factor_rank,all_in,A_baseline,1000000,036620,036620:2023-01-13,2023-01-16,2023-02-01,2062.06,2112.885,484,time_open,23083.794965000125,2.311186275579491,,,,,,
development_2023_2024,regime_switch,10,factor_rank,all_in,A_baseline,1000000,028670,028670:2023-02-01,2023-02-02,2023-02-07,6356.349999999999,5905.494094499999,160,stop_intraday,-73608.36617134011,-7.232256057956543,,,,,,
development_2023_2024,regime_switch,10,factor_rank,all_in,A_baseline,1000000,105630,105630:2023-02-07,2023-02-08,2023-02-22,17377.359999999997,17482.5,54,time_open,4265.735670000082,0.4542456568356501,,,,,,
development_2023_2024,regime_switch,10,factor_rank,all_in,A_baseline,1000000,058860,058860:2023-02-21,2023-02-22,2023-02-27,4389.384999999999,4078.045921949999,217,stop_intraday,-68938.6543193974,-7.232256057956543,,,,,,
development_2023_2024,regime_switch,10,factor_rank,all_in,A_baseline,1000000,001130,001130:2023-02-28,2023-03-02,2023-03-14,15415.399999999998,14321.985677999997,57,stop_intraday,-63595.88959173462,-7.232256057956543,,,,,,
development_2023_2024,regime_switch,10,factor_rank,all_in,A_baseline,1000000,001460,001460:2023-03-15,2023-03-16,2023-03-23,50850.799999999996,47243.95275599999,16,stop_intraday,-58886.692937072134,-7.232256057956555,,,,,,
development_2023_2024,regime_switch,10,factor_rank,all_in,A_baseline,1000000,265520,265520:2023-03-23,2023-03-24,2023-04-07,20970.949999999997,21528.45,36,time_open,18922.51620000007,2.5045671576882977,,,,,,
development_2023_2024,regime_switch,10,factor_rank,all_in,A_baseline,1000000,008260,008260:2023-04-06,2023-04-07,2023-04-10,6576.57,6110.093889899999,118,stop_intraday,-56166.95074605616,-7.232256057956532,,,,,,
development_2023_2024,regime_switch,10,factor_rank,all_in,A_baseline,1000000,126640,126640:2023-04-11,2023-04-12,2023-04-13,1766.7649999999999,2052.945,410,take_gap,116159.23917500011,16.02380001484358,,,,,,
development_2023_2024,regime_switch,10,factor_rank,all_in,A_baseline,1000000,000430,000430:2023-04-12,2023-04-13,2023-04-27,3913.9099999999994,4015.98,214,time_open,20570.232655000058,2.454081585717516,,,,,,
development_2023_2024,regime_switch,10,factor_rank,all_in,A_baseline,1000000,011230,011230:2023-04-26,2023-04-27,2023-04-28,5244.239,7320.672,164,take_gap,338989.52794699976,39.38531828133329,,,,,,
development_2023_2024,regime_switch,10,factor_rank,all_in,A_baseline,1000000,011230,011230:2023-04-27,2023-04-28,2023-05-02,7335.3279999999995,8427.191572799999,163,take_intraday,176046.794348625,14.712801648763406,,,,,,
development_2023_2024,regime_switch,10,factor_rank,all_in,A_baseline,1000000,011230,011230:2023-05-02,2023-05-04,2023-05-08,12122.109999999999,11262.288737699997,113,stop_intraday,-99141.63043292053,-7.232256057956565,,,,,,
development_2023_2024,regime_switch,10,factor_rank,all_in,A_baseline,1000000,000850,000850:2023-05-10,2023-05-11,2023-05-15,39789.74999999999,36967.46303249999,32,stop_intraday,-92155.35607278021,-7.232256057956555,,,,,,
development_2023_2024,regime_switch,10,factor_rank,all_in,A_baseline,1000000,064850,064850:2023-05-15,2023-05-16,2023-05-25,8298.289999999999,7709.692290299999,142,stop_intraday,-85285.72489131708,-7.232256057956543,,,,,,
development_2023_2024,regime_switch,10,factor_rank,all_in,A_baseline,1000000,119650,119650:2023-05-25,2023-05-26,2023-05-30,7271.263999999999,6755.513244479999,151,stop_intraday,-79466.8966064573,-7.232256057956532,,,,,,
development_2023_2024,regime_switch,10,factor_rank,all_in,A_baseline,1000000,017900,017900:2023-05-30,2023-05-31,2023-06-01,3138.1349999999998,2915.5470844499996,325,stop_intraday,-73816.65756183479,-7.232256057956543,,,,,,
development_2023_2024,regime_switch,10,factor_rank,all_in,A_baseline,1000000,064850,064850:2023-06-02,2023-06-05,2023-06-20,8928.919999999998,8661.33,105,time_open,-29482.182187499944,-3.14228661816065,,,,,,
development_2023_2024,regime_switch,10,factor_rank,all_in,A_baseline,1000000,008260,008260:2023-06-19,2023-06-20,2023-07-04,7437.429999999999,7802.19,123,time_open,43459.62505499995,4.747143648889263,,,,,,
development_2023_2024,regime_switch,10,factor_rank,all_in,A_baseline,1000000,073640,073640:2023-07-03,2023-07-04,2023-07-06,6766.759999999999,6286.793713199999,141,stop_intraday,-69055.65974397107,-7.232256057956555,,,,,,
development_2023_2024,regime_switch,10,factor_rank,all_in,A_baseline,1000000,126640,126640:2023-07-06,2023-07-07,2023-07-18,1995.9939999999997,1854.4181455799994,446,stop_intraday,-64430.79393401672,-7.232256057956555,,,,,,
development_2023_2024,regime_switch,10,factor_rank,all_in,A_baseline,1000000,026890,026890:2023-07-19,2023-07-20,2023-07-25,7027.0199999999995,6528.5934713999995,117,stop_intraday,-59505.40892831539,-7.232256057956532,,,,,,
development_2023_2024,regime_switch,10,factor_rank,all_in,A_baseline,1000000,001740,001740:2023-07-25,2023-07-26,2023-07-28,6176.169999999999,5738.094261899999,124,stop_intraday,-55429.41810075671,-7.232256057956532,,,,,,
development_2023_2024,regime_switch,10,factor_rank,all_in,A_baseline,1000000,220100,220100:2023-08-01,2023-08-02,2023-08-04,8711.703,10008.439991549998,81,take_intraday,103898.44762881321,14.712801648763406,,,,,,
development_2023_2024,regime_switch,10,factor_rank,all_in,A_baseline,1000000,326030,326030:2023-08-10,2023-08-11,2023-08-16,99899.79999999999,92813.90718599998,8,stop_intraday,-57843.42475511599,-7.232256057956532,,,,,,
development_2023_2024,regime_switch,10,factor_rank,all_in,A_baseline,1000000,085310,085310:2023-08-28,2023-08-29,2023-09-12,10920.909999999998,10239.75,69,time_open,-48095.10415499995,-6.377747952456003,,,,,,
development_2023_2024,regime_switch,10,factor_rank,all_in,A_baseline,1000000,016360,016360:2023-09-11,2023-09-12,2023-09-26,37637.6,37612.35,18,time_open,-1470.3743249999825,-0.21687419712703715,,,,,,
development_2023_2024,regime_switch,10,factor_rank,all_in,A_baseline,1000000,105630,105630:2023-11-16,2023-11-17,2023-11-23,23673.649999999998,21994.478005499997,29,stop_intraday,-49689.269624619745,-7.232256057956555,,,,,,
development_2023_2024,regime_switch,10,factor_rank,all_in,A_baseline,1000000,015360,015360:2023-11-28,2023-11-29,2023-12-13,7117.109999999999,7032.96,92,time_open,-8718.154830000014,-1.3304773124149127,,,,,,
development_2023_2024,regime_switch,10,factor_rank,all_in,A_baseline,1000000,215200,215200:2023-12-12,2023-12-13,2023-12-22,65865.79999999999,61193.93880599999,9,stop_intraday,-42904.403982940596,-7.232256057956555,,,,,,
development_2023_2024,regime_switch,10,factor_rank,all_in,A_baseline,1000000,279600,279600:2023-12-22,2023-12-26,2024-01-02,21739.717999999997,20197.71980226,27,stop_intraday,-42483.18445447588,-7.232256057956555,,,,,,
development_2023_2024,regime_switch,10,factor_rank,all_in,A_baseline,1000000,326030,326030:2024-01-02,2024-01-03,2024-01-04,103403.29999999999,96068.903931,5,stop_intraday,-37420.00110974122,-7.232256057956532,,,,,,
development_2023_2024,regime_switch,10,factor_rank,all_in,A_baseline,1000000,004540,004540:2024-01-10,2024-01-11,2024-01-12,3088.0849999999996,2869.0471309499994,170,stop_intraday,-37995.97208519629,-7.232256057956565,,,,,,
development_2023_2024,regime_switch,10,factor_rank,all_in,A_baseline,1000000,003530,003530:2024-01-18,2024-01-19,2024-02-02,3618.615,3961.035,135,time_open,45459.260437499965,9.298665382328775,,,,,,
development_2023_2024,regime_switch,10,factor_rank,all_in,A_baseline,1000000,163560,163560:2024-02-07,2024-02-08,2024-02-26,6396.389999999999,6493.5,83,time_open,7257.734347499907,1.3660369319681065,,,,,,
development_2023_2024,regime_switch,10,factor_rank,all_in,A_baseline,1000000,001130,001130:2024-02-23,2024-02-26,2024-03-12,14234.219999999998,13826.16,38,time_open,-16306.000829999917,-3.012344176407822,,,,,,
development_2023_2024,regime_switch,10,factor_rank,all_in,A_baseline,1000000,015860,015860:2024-03-18,2024-03-19,2024-04-02,4524.5199999999995,4405.59,116,time_open,-14572.799569999974,-2.774513814187596,,,,,,
development_2023_2024,regime_switch,10,factor_rank,all_in,A_baseline,1000000,014830,014830:2024-04-03,2024-04-04,2024-04-19,85485.4,83116.8,5,time_open,-12475.258250000014,-2.9165000850171485,,,,,,
development_2023_2024,regime_switch,10,factor_rank,all_in,A_baseline,1000000,099220,099220:2024-04-19,2024-04-22,2024-04-23,14514.499999999998,16674.983324999997,34,take_intraday,72661.10122521245,14.71280164876343,,,,,,
development_2023_2024,regime_switch,10,factor_rank,all_in,A_baseline,1000000,064850,064850:2024-04-23,2024-04-24,2024-04-25,7587.579999999999,7049.392950599999,75,stop_intraday,-41187.358433471294,-7.232256057956543,,,,,,
development_2023_2024,regime_switch,10,factor_rank,all_in,A_baseline,1000000,094280,094280:2024-04-29,2024-04-30,2024-05-17,12622.609999999999,12947.04,42,time_open,12820.616025000112,2.416489097770791,,,,,,
development_2023_2024,regime_switch,10,factor_rank,all_in,A_baseline,1000000,036620,036620:2024-05-16,2024-05-17,2024-05-23,3808.8049999999994,4375.745624249999,142,take_intraday,79633.91400201735,14.71280164876343,,,,,,
development_2023_2024,regime_switch,10,factor_rank,all_in,A_baseline,1000000,064850,064850:2024-05-23,2024-05-24,2024-06-10,7597.589999999999,7772.22,81,time_open,13211.314042500104,2.145159283333342,,,,,,
development_2023_2024,regime_switch,10,factor_rank,all_in,A_baseline,1000000,026890,026890:2024-06-07,2024-06-10,2024-06-24,10610.599999999999,11198.79,59,time_open,33738.14449250023,5.385222364398401,,,,,,
development_2023_2024,regime_switch,10,factor_rank,all_in,A_baseline,1000000,220100,220100:2024-06-21,2024-06-24,2024-06-25,12619.606999999998,11724.498275489997,53,stop_intraday,-48408.440583730815,-7.232256057956543,,,,,,
development_2023_2024,regime_switch,10,factor_rank,all_in,A_baseline,1000000,053350,053350:2024-06-25,2024-06-26,2024-07-04,3673.6699999999996,3413.0965868999992,169,stop_intraday,-44935.15447878966,-7.232256057956543,,,,,,
development_2023_2024,regime_switch,10,factor_rank,all_in,A_baseline,1000000,011780,011780:2024-07-04,2024-07-05,2024-07-19,149649.49999999997,154944.9,3,time_open,15200.862600000051,3.383343634543201,,,,,,
development_2023_2024,regime_switch,10,factor_rank,all_in,A_baseline,1000000,003570,003570:2024-07-18,2024-07-19,2024-07-26,21121.1,24264.975734999996,28,take_intraday,87075.41298956494,14.71280164876343,,,,,,
development_2023_2024,regime_switch,10,factor_rank,all_in,A_baseline,1000000,163560,163560:2024-07-26,2024-07-29,2024-08-02,9059.05,8416.4915835,74,stop_intraday,-48519.215378884226,-7.232256057956532,,,,,,
development_2023_2024,regime_switch,10,factor_rank,all_in,A_baseline,1000000,246250,246250:2024-08-02,2024-08-05,2024-08-06,3303.2999999999997,2932.065,190,stop_gap,-71423.18951250007,-11.371349904609062,,,,,,
development_2023_2024,regime_switch,10,factor_rank,all_in,A_baseline,1000000,220100,220100:2024-10-08,2024-10-10,2024-10-15,21074.052999999996,24210.925789049994,26,take_intraday,80675.6354289134,14.712801648763406,,,,,,
development_2023_2024,regime_switch,10,factor_rank,all_in,A_baseline,1000000,015360,015360:2024-10-16,2024-10-17,2024-10-31,9349.339999999998,10109.88,68,time_open,50724.29978,7.972611383169093,,,,,,
development_2023_2024,regime_switch,10,factor_rank,cash_half,A_baseline,1000000,036620,036620:2023-01-13,2023-01-16,2023-02-01,,,242,time_open,11541.897482500004,2.311186275579491,cash_50_no_add,3.0,False,1.0,499392.78388999996,510934.68137249997
development_2023_2024,regime_switch,10,factor_rank,cash_half,A_baseline,1000000,028670,028670:2023-02-01,2023-02-02,2023-02-07,,,79,stop_intraday,-36344.130797099264,-7.232256057956565,cash_50_no_add,3.0,False,1.0,502528.2637375,466184.13294040074
development_2023_2024,regime_switch,10,factor_rank,cash_half,A_baseline,1000000,105630,105630:2023-02-07,2023-02-08,2023-02-22,,,28,time_open,2211.862940000079,0.4542456568356723,cash_50_no_add,3.0,False,1.0,486931.0045599999,489142.8675
development_2023_2024,regime_switch,10,factor_rank,cash_half,A_baseline,1000000,058860,058860:2023-02-21,2023-02-22,2023-02-27,,,111,stop_intraday,-35263.5512878024,-7.232256057956543,cash_50_no_add,3.0,False,1.0,487587.1513012499,452323.6000134475
development_2023_2024,regime_switch,10,factor_rank,cash_half,A_baseline,1000000,001130,001130:2023-02-28,2023-03-02,2023-03-14,,,30,stop_intraday,-33471.520837755,-7.232256057956532,cash_50_no_add,3.0,False,1.0,462808.8464999999,429337.3256622449
development_2023_2024,regime_switch,10,factor_rank,cash_half,A_baseline,1000000,001460,001460:2023-03-15,2023-03-16,2023-03-23,,,8,stop_intraday,-29443.346468536067,-7.232256057956555,cash_50_no_add,3.0,False,1.0,407111.5048,377668.1583314639
development_2023_2024,regime_switch,10,factor_rank,cash_half,A_baseline,1000000,265520,265520:2023-03-23,2023-03-24,2023-04-07,,,20,time_open,10512.509000000078,2.50456715768832,cash_50_no_add,3.0,False,1.0,419733.56424999994,430246.07325
development_2023_2024,regime_switch,10,factor_rank,cash_half,A_baseline,1000000,008260,008260:2023-04-06,2023-04-07,2023-04-10,,,67,stop_intraday,-31891.40423716756,-7.232256057956555,cash_50_no_add,3.0,False,1.0,440960.6626425,409069.25840533245
development_2023_2024,regime_switch,10,factor_rank,cash_half,A_baseline,1000000,126640,126640:2023-04-11,2023-04-12,2023-04-13,,,242,take_gap,68562.28263500001,16.02380001484356,cash_50_no_add,3.0,False,1.0,427877.79784749995,496440.08048249997
development_2023_2024,regime_switch,10,factor_rank,cash_half,A_baseline,1000000,000430,000430:2023-04-12,2023-04-13,2023-04-27,,,118,time_open,11342.464735000045,2.454081585717516,cash_50_no_add,3.0,False,1.0,462187.761035,473530.22577
development_2023_2024,regime_switch,10,factor_rank,cash_half,A_baseline,1000000,011230,011230:2023-04-26,2023-04-27,2023-04-28,,,89,take_gap,183963.82919075002,39.38531828133334,cash_50_no_add,3.0,False,1.0,467087.32395324996,651051.153144
development_2023_2024,regime_switch,10,factor_rank,cash_half,A_baseline,1000000,011230,011230:2023-04-27,2023-04-28,2023-05-02,,,76,take_intraday,82083.16791715019,14.712801648763385,cash_50_no_add,3.0,False,1.0,557903.041696,639986.2096131502
development_2023_2024,regime_switch,10,factor_rank,cash_half,A_baseline,1000000,011230,011230:2023-05-02,2023-05-04,2023-05-08,,,49,stop_intraday,-42990.61850631051,-7.232256057956543,cash_50_no_add,3.0,False,1.0,594428.8775424999,551438.2590361894
development_2023_2024,regime_switch,10,factor_rank,cash_half,A_baseline,1000000,000850,000850:2023-05-10,2023-05-11,2023-05-15,,,14,stop_intraday,-40317.968281841255,-7.232256057956532,cash_50_no_add,3.0,False,1.0,557474.2923749998,517156.3240931586
development_2023_2024,regime_switch,10,factor_rank,cash_half,A_baseline,1000000,064850,064850:2023-05-15,2023-05-16,2023-05-25,,,67,stop_intraday,-40240.447659987665,-7.232256057956555,cash_50_no_add,3.0,False,1.0,556402.4190725,516161.9714125123
development_2023_2024,regime_switch,10,factor_rank,cash_half,A_baseline,1000000,119650,119650:2023-05-25,2023-05-26,2023-05-30,,,74,stop_intraday,-38944.04204554873,-7.232256057956555,cash_50_no_add,3.0,False,1.0,538477.091152,499533.0491064513
development_2023_2024,regime_switch,10,factor_rank,cash_half,A_baseline,1000000,017900,017900:2023-05-30,2023-05-31,2023-06-01,,,165,stop_intraday,-37476.149223700806,-7.232256057956555,cash_50_no_add,3.0,False,1.0,518180.61920625,480704.4699825492
development_2023_2024,regime_switch,10,factor_rank,cash_half,A_baseline,1000000,064850,064850:2023-06-02,2023-06-05,2023-06-20,,,56,time_open,-15723.830499999924,-3.142286618160639,cash_50_no_add,3.0,False,1.0,500394.5346399999,484670.70414
development_2023_2024,regime_switch,10,factor_rank,cash_half,A_baseline,1000000,008260,008260:2023-06-19,2023-06-20,2023-07-04,,,66,time_open,23319.79880999995,4.747143648889263,cash_50_no_add,3.0,False,1.0,491238.532785,514558.33159499994
development_2023_2024,regime_switch,10,factor_rank,cash_half,A_baseline,1000000,073640,073640:2023-07-03,2023-07-04,2023-07-06,,,74,stop_intraday,-36241.977454282576,-7.232256057956532,cash_50_no_add,3.0,False,1.0,501115.79517999996,464873.8177257174
development_2023_2024,regime_switch,10,factor_rank,cash_half,A_baseline,1000000,126640,126640:2023-07-06,2023-07-07,2023-07-18,,,244,stop_intraday,-35249.13390112121,-7.232256057956543,cash_50_no_add,3.0,False,1.0,487387.8029019999,452138.6690008787
development_2023_2024,regime_switch,10,factor_rank,cash_half,A_baseline,1000000,026890,026890:2023-07-19,2023-07-20,2023-07-25,,,66,stop_intraday,-33567.153754434374,-7.232256057956555,cash_50_no_add,3.0,False,1.0,464131.15748999995,430564.0037355656
development_2023_2024,regime_switch,10,factor_rank,cash_half,A_baseline,1000000,001740,001740:2023-07-25,2023-07-26,2023-07-28,,,73,stop_intraday,-32631.83484963904,-7.232256057956532,cash_50_no_add,3.0,False,1.0,451198.55530749995,418566.7204578609
development_2023_2024,regime_switch,10,factor_rank,cash_half,A_baseline,1000000,220100,220100:2023-08-01,2023-08-02,2023-08-04,,,50,take_intraday,64134.844215316814,14.712801648763406,cash_50_no_add,3.0,False,1.0,435911.8388625,500046.6830778168
development_2023_2024,regime_switch,10,factor_rank,cash_half,A_baseline,1000000,326030,326030:2023-08-10,2023-08-11,2023-08-16,,,4,stop_intraday,-28921.712377557997,-7.232256057956532,cash_50_no_add,3.0,False,1.0,399898.89939999994,370977.18702244194
development_2023_2024,regime_switch,10,factor_rank,cash_half,A_baseline,1000000,085310,085310:2023-08-28,2023-08-29,2023-09-12,,,41,time_open,-28578.250294999976,-6.377747952456014,cash_50_no_add,3.0,False,1.0,448093.12798249995,419514.8776875
development_2023_2024,regime_switch,10,factor_rank,cash_half,A_baseline,1000000,016360,016360:2023-09-11,2023-09-12,2023-09-26,,,11,time_open,-898.5620875000022,-0.21687419712703715,cash_50_no_add,3.0,False,1.0,414324.1102,413425.5481125
development_2023_2024,regime_switch,10,factor_rank,cash_half,A_baseline,1000000,105630,105630:2023-11-16,2023-11-17,2023-11-23,,,18,stop_intraday,-30841.61562907434,-7.232256057956555,cash_50_no_add,3.0,False,1.0,426445.294275,395603.67864592565
development_2023_2024,regime_switch,10,factor_rank,cash_half,A_baseline,1000000,015360,015360:2023-11-28,2023-11-29,2023-12-13,,,59,time_open,-5590.990597499942,-1.3304773124149016,cash_50_no_add,3.0,False,1.0,420224.4221174999,414633.43152
development_2023_2024,regime_switch,10,factor_rank,cash_half,A_baseline,1000000,215200,215200:2023-12-12,2023-12-13,2023-12-22,,,6,stop_intraday,-28602.935988627025,-7.232256057956543,cash_50_no_add,3.0,False,1.0,395491.19609999994,366888.2601113729
development_2023_2024,regime_switch,10,factor_rank,cash_half,A_baseline,1000000,279600,279600:2023-12-22,2023-12-26,2024-01-02,,,18,stop_intraday,-28322.12296965049,-7.232256057956532,cash_50_no_add,3.0,False,1.0,391608.41019299993,363286.28722334944
development_2023_2024,regime_switch,10,factor_rank,cash_half,A_baseline,1000000,326030,326030:2024-01-02,2024-01-03,2024-01-04,,,3,stop_intraday,-22452.000665844767,-7.232256057956543,cash_50_no_add,3.0,False,1.0,310442.55742499995,287990.5567591552
development_2023_2024,regime_switch,10,factor_rank,cash_half,A_baseline,1000000,004540,004540:2024-01-10,2024-01-11,2024-01-12,,,123,stop_intraday,-27491.203332230216,-7.232256057956555,cash_50_no_add,3.0,False,1.0,380119.33084124996,352628.12750901975
development_2023_2024,regime_switch,10,factor_rank,cash_half,A_baseline,1000000,003530,003530:2024-01-18,2024-01-19,2024-02-02,,,101,time_open,34010.26151249994,9.298665382328753,cash_50_no_add,3.0,False,1.0,365754.22508625,399764.48659874994
development_2023_2024,regime_switch,10,factor_rank,cash_half,A_baseline,1000000,163560,163560:2024-02-07,2024-02-08,2024-02-26,,,60,time_open,5246.55495000002,1.3660369319681287,cash_50_no_add,3.0,False,1.0,384071.23754999996,389317.7925
development_2023_2024,regime_switch,10,factor_rank,cash_half,A_baseline,1000000,001130,001130:2024-02-23,2024-02-26,2024-03-12,,,27,time_open,-11585.842695,-3.012344176407833,cash_50_no_add,3.0,False,1.0,384612.18295499997,373026.34025999997
development_2023_2024,regime_switch,10,factor_rank,cash_half,A_baseline,1000000,015860,015860:2024-03-18,2024-03-19,2024-04-02,,,84,time_open,-10552.716929999995,-2.774513814187596,cash_50_no_add,3.0,False,1.0,380344.72475999995,369792.00782999996
development_2023_2024,regime_switch,10,factor_rank,cash_half,A_baseline,1000000,014830,014830:2024-04-03,2024-04-04,2024-04-19,,,4,time_open,-9980.206599999976,-2.9165000850171374,cash_50_no_add,3.0,False,1.0,342198.0562,332217.8496
development_2023_2024,regime_switch,10,factor_rank,cash_half,A_baseline,1000000,099220,099220:2024-04-19,2024-04-22,2024-04-23,,,25,take_intraday,53427.280312656134,14.712801648763406,cash_50_no_add,3.0,False,1.0,363134.646875,416561.9271876561
development_2023_2024,regime_switch,10,factor_rank,cash_half,A_baseline,1000000,064850,064850:2024-04-23,2024-04-24,2024-04-25,,,52,stop_intraday,-28556.56851387344,-7.232256057956543,cash_50_no_add,3.0,False,1.0,394850.07561999996,366293.5071061265
development_2023_2024,regime_switch,10,factor_rank,cash_half,A_baseline,1000000,094280,094280:2024-04-29,2024-04-30,2024-05-17,,,30,time_open,9157.582874999964,2.4164890977707465,cash_50_no_add,3.0,False,1.0,378962.308725,388119.8916
development_2023_2024,regime_switch,10,factor_rank,cash_half,A_baseline,1000000,036620,036620:2024-05-16,2024-05-17,2024-05-23,,,101,take_intraday,56641.02333946305,14.71280164876343,cash_50_no_add,3.0,False,1.0,384977.82197874994,441618.845318213
development_2023_2024,regime_switch,10,factor_rank,cash_half,A_baseline,1000000,064850,064850:2024-05-23,2024-05-24,2024-06-10,,,54,time_open,8807.542694999953,2.14515928333332,cash_50_no_add,3.0,False,1.0,410577.562395,419385.10508999997
development_2023_2024,regime_switch,10,factor_rank,cash_half,A_baseline,1000000,026890,026890:2024-06-07,2024-06-10,2024-06-24,,,39,time_open,22301.485342499975,5.3852223643983566,cash_50_no_add,3.0,False,1.0,414123.76005,436425.24539249996
development_2023_2024,regime_switch,10,factor_rank,cash_half,A_baseline,1000000,220100,220100:2024-06-21,2024-06-24,2024-06-25,,,34,stop_intraday,-31054.471317865013,-7.232256057956543,cash_50_no_add,3.0,False,1.0,429388.4379784999,398333.9666606349
development_2023_2024,regime_switch,10,factor_rank,cash_half,A_baseline,1000000,053350,053350:2024-06-25,2024-06-26,2024-07-04,,,113,stop_intraday,-30045.399148539873,-7.232256057956555,cash_50_no_add,3.0,False,1.0,415436.0535325,385390.6543839601
development_2023_2024,regime_switch,10,factor_rank,cash_half,A_baseline,1000000,011780,011780:2024-07-04,2024-07-05,2024-07-19,,,2,time_open,10133.908400000015,3.383343634543201,cash_50_no_add,3.0,False,1.0,299523.47424999997,309657.38265
development_2023_2024,regime_switch,10,factor_rank,cash_half,A_baseline,1000000,003570,003570:2024-07-18,2024-07-19,2024-07-26,,,19,take_intraday,59086.88738577615,14.712801648763406,cash_50_no_add,3.0,False,1.0,401601.87567499996,460688.7630607761
development_2023_2024,regime_switch,10,factor_rank,cash_half,A_baseline,1000000,163560,163560:2024-07-26,2024-07-29,2024-08-02,,,48,stop_intraday,-31471.92348900606,-7.232256057956543,cash_50_no_add,3.0,False,1.0,435160.5258,403688.60231099394
development_2023_2024,regime_switch,10,factor_rank,cash_half,A_baseline,1000000,246250,246250:2024-08-02,2024-08-05,2024-08-06,,,127,stop_gap,-47740.76351624995,-11.37134990460904,cash_50_no_add,3.0,False,1.0,419833.739325,372092.97580875
development_2023_2024,regime_switch,10,factor_rank,cash_half,A_baseline,1000000,220100,220100:2024-10-08,2024-10-10,2024-10-15,,,18,take_intraday,55852.362989247835,14.71280164876343,cash_50_no_add,3.0,False,1.0,379617.4537154999,435469.81670474773
development_2023_2024,regime_switch,10,factor_rank,cash_half,A_baseline,1000000,015360,015360:2024-10-16,2024-10-17,2024-10-31,,,45,time_open,33567.55132500001,7.972611383169093,cash_50_no_add,3.0,False,1.0,421035.84022499993,454603.39154999994
development_2023_2024,regime_switch,10,factor_rank,dip_3pct,A_baseline,1000000,036620,036620:2023-01-13,2023-01-16,2023-02-01,,,242,time_open,11541.897482500004,2.311186275579491,dip_50_50,3.0,False,1.0,499392.78388999996,510934.68137249997
development_2023_2024,regime_switch,10,factor_rank,dip_3pct,A_baseline,1000000,028670,028670:2023-02-01,2023-02-02,2023-02-07,,,160,stop_intraday,-53322.91348384018,-5.345691343091996,dip_50_50,3.0,True,2.0,997493.3093125001,944170.3958286599
development_2023_2024,regime_switch,10,factor_rank,dip_3pct,A_baseline,1000000,105630,105630:2023-02-07,2023-02-08,2023-02-22,,,56,time_open,22725.712082499987,2.3782610759619516,dip_50_50,3.0,True,2.0,955560.0229175,978285.735
development_2023_2024,regime_switch,10,factor_rank,dip_3pct,A_baseline,1000000,058860,058860:2023-02-21,2023-02-22,2023-02-27,,,227,stop_intraday,-52942.04147681198,-5.413494956552989,dip_50_50,3.0,True,2.0,977964.1784412498,925022.1369644378
development_2023_2024,regime_switch,10,factor_rank,dip_3pct,A_baseline,1000000,001130,001130:2023-02-28,2023-03-02,2023-03-14,,,61,stop_intraday,-47873.4814242688,-5.198783074076041,dip_50_50,3.0,True,2.0,920859.3769375,872985.8955132312
development_2023_2024,regime_switch,10,factor_rank,dip_3pct,A_baseline,1000000,001460,001460:2023-03-15,2023-03-16,2023-03-23,,,17,stop_intraday,-45437.17342063913,-5.358270917485264,dip_50_50,3.0,True,2.0,847982.009875,802544.8364543609
development_2023_2024,regime_switch,10,factor_rank,dip_3pct,A_baseline,1000000,265520,265520:2023-03-23,2023-03-24,2023-04-07,,,19,time_open,9986.883550000028,2.5045671576882977,dip_50_50,3.0,False,1.0,398746.88603749993,408733.76958749996
development_2023_2024,regime_switch,10,factor_rank,dip_3pct,A_baseline,1000000,008260,008260:2023-04-06,2023-04-07,2023-04-10,,,64,stop_intraday,-30463.43091311521,-7.232256057956532,dip_50_50,3.0,False,1.0,421216.15536,390752.72444688476
development_2023_2024,regime_switch,10,factor_rank,dip_3pct,A_baseline,1000000,126640,126640:2023-04-11,2023-04-12,2023-04-13,,,230,take_gap,65162.500025000016,16.02380001484356,dip_50_50,3.0,False,1.0,406660.71696249995,471823.21698749997
development_2023_2024,regime_switch,10,factor_rank,dip_3pct,A_baseline,1000000,000430,000430:2023-04-12,2023-04-13,2023-04-27,,,112,time_open,10765.729240000073,2.454081585717538,dip_50_50,3.0,False,1.0,438686.68843999994,449452.41768
development_2023_2024,regime_switch,10,factor_rank,dip_3pct,A_baseline,1000000,011230,011230:2023-04-26,2023-04-27,2023-04-28,,,84,take_gap,173628.78260699997,39.38531828133334,dip_50_50,3.0,False,1.0,440846.46305699996,614475.2456639999
development_2023_2024,regime_switch,10,factor_rank,dip_3pct,A_baseline,1000000,011230,011230:2023-04-27,2023-04-28,2023-05-02,,,72,take_intraday,77763.00118466874,14.712801648763406,dip_50_50,3.0,False,1.0,528539.723712,606302.7248966687
development_2023_2024,regime_switch,10,factor_rank,dip_3pct,A_baseline,1000000,011230,011230:2023-05-02,2023-05-04,2023-05-08,,,47,stop_intraday,-41235.899383603944,-7.232256057956532,dip_50_50,3.0,False,1.0,570166.4743774999,528930.574993896
development_2023_2024,regime_switch,10,factor_rank,dip_3pct,A_baseline,1000000,000850,000850:2023-05-10,2023-05-11,2023-05-15,,,26,stop_intraday,-55342.08718413394,-5.448260982148023,dip_50_50,3.0,True,2.0,1015775.2604999999,960433.1733158659
development_2023_2024,regime_switch,10,factor_rank,dip_3pct,A_baseline,1000000,064850,064850:2023-05-15,2023-05-16,2023-05-25,,,125,stop_intraday,-51093.54909721564,-5.03840260400219,dip_50_50,3.0,True,2.0,1014082.3017324999,962988.7526352842
development_2023_2024,regime_switch,10,factor_rank,dip_3pct,A_baseline,1000000,119650,119650:2023-05-25,2023-05-26,2023-05-30,,,140,stop_intraday,-47279.78161947057,-4.764462956789661,dip_50_50,3.0,True,2.0,992342.3069559999,945062.5253365294
development_2023_2024,regime_switch,10,factor_rank,dip_3pct,A_baseline,1000000,017900,017900:2023-05-30,2023-05-31,2023-06-01,,,310,stop_intraday,-43162.11450513487,-4.561126395940384,dip_50_50,3.0,True,2.0,946303.8459874999,903141.731482365
development_2023_2024,regime_switch,10,factor_rank,dip_3pct,A_baseline,1000000,064850,064850:2023-06-02,2023-06-05,2023-06-20,,,102,time_open,-17179.805544999894,-1.9089248181959895,dip_50_50,3.0,True,2.0,899972.8738,882793.068255
development_2023_2024,regime_switch,10,factor_rank,dip_3pct,A_baseline,1000000,008260,008260:2023-06-19,2023-06-20,2023-07-04,,,121,time_open,63248.784830000135,7.186478658115969,dip_50_50,3.0,True,2.0,880108.1564274998,943356.9412575
development_2023_2024,regime_switch,10,factor_rank,dip_3pct,A_baseline,1000000,073640,073640:2023-07-03,2023-07-04,2023-07-06,,,70,stop_intraday,-34282.951645943045,-7.232256057956543,dip_50_50,3.0,False,1.0,474028.45489999995,439745.5032540569
development_2023_2024,regime_switch,10,factor_rank,dip_3pct,A_baseline,1000000,126640,126640:2023-07-06,2023-07-07,2023-07-18,,,468,stop_intraday,-47976.68333315884,-5.242244908828864,dip_50_50,3.0,True,2.0,915193.4746955,867216.7913623411
development_2023_2024,regime_switch,10,factor_rank,dip_3pct,A_baseline,1000000,026890,026890:2023-07-19,2023-07-20,2023-07-25,,,127,stop_intraday,-37483.96602035093,-4.328435089198801,dip_50_50,3.0,True,2.0,865993.48836,828509.522339649
development_2023_2024,regime_switch,10,factor_rank,dip_3pct,A_baseline,1000000,001740,001740:2023-07-25,2023-07-26,2023-07-28,,,136,stop_intraday,-44204.56291631388,-5.364630790887592,dip_50_50,3.0,True,2.0,824000.0969199999,779795.534003686
development_2023_2024,regime_switch,10,factor_rank,dip_3pct,A_baseline,1000000,220100,220100:2023-08-01,2023-08-02,2023-08-04,,,92,take_intraday,140042.62285318295,17.95318638327079,dip_50_50,3.0,True,2.0,780043.2740099998,920085.8968631828
development_2023_2024,regime_switch,10,factor_rank,dip_3pct,A_baseline,1000000,326030,326030:2023-08-10,2023-08-11,2023-08-16,,,9,stop_intraday,-39028.333349505556,-4.4668796047426795,dip_50_50,3.0,True,2.0,873727.0041499999,834698.6708004944
development_2023_2024,regime_switch,10,factor_rank,dip_3pct,A_baseline,1000000,085310,085310:2023-08-28,2023-08-29,2023-09-12,,,82,time_open,-37381.94078499987,-4.265340244634908,dip_50_50,3.0,True,2.0,876411.6961599998,839029.755375
development_2023_2024,regime_switch,10,factor_rank,dip_3pct,A_baseline,1000000,016360,016360:2023-09-11,2023-09-12,2023-09-26,,,11,time_open,-898.5620875000022,-0.21687419712703715,dip_50_50,3.0,False,1.0,414324.1102,413425.5481125
development_2023_2024,regime_switch,10,factor_rank,dip_3pct,A_baseline,1000000,105630,105630:2023-11-16,2023-11-17,2023-11-23,,,17,stop_intraday,-29128.192538570205,-7.232256057956555,dip_50_50,3.0,False,1.0,402753.8890375,373625.6964989298
development_2023_2024,regime_switch,10,factor_rank,dip_3pct,A_baseline,1000000,015360,015360:2023-11-28,2023-11-29,2023-12-13,,,57,time_open,-5401.465492499934,-1.3304773124148905,dip_50_50,3.0,False,1.0,405979.5264524999,400578.06096
development_2023_2024,regime_switch,10,factor_rank,dip_3pct,A_baseline,1000000,215200,215200:2023-12-12,2023-12-13,2023-12-22,,,12,stop_intraday,-39174.358477254165,-5.068156277037961,dip_50_50,3.0,True,2.0,772950.8787,733776.5202227458
development_2023_2024,regime_switch,10,factor_rank,dip_3pct,A_baseline,1000000,279600,279600:2023-12-22,2023-12-26,2024-01-02,,,17,stop_intraday,-26748.671693558863,-7.232256057956543,dip_50_50,3.0,False,1.0,369852.3874045,343103.7157109411
development_2023_2024,regime_switch,10,factor_rank,dip_3pct,A_baseline,1000000,326030,326030:2024-01-02,2024-01-03,2024-01-04,,,3,stop_intraday,-22452.000665844767,-7.232256057956543,dip_50_50,3.0,False,1.0,310442.55742499995,287990.5567591552
development_2023_2024,regime_switch,10,factor_rank,dip_3pct,A_baseline,1000000,004540,004540:2024-01-10,2024-01-11,2024-01-12,,,117,stop_intraday,-26150.16902334086,-7.232256057956532,dip_50_50,3.0,False,1.0,361576.92445874994,335426.7554354091
development_2023_2024,regime_switch,10,factor_rank,dip_3pct,A_baseline,1000000,003530,003530:2024-01-18,2024-01-19,2024-02-02,,,199,time_open,89709.98923249997,12.853450638439256,dip_50_50,3.0,True,2.0,697944.7912937499,787654.7805262499
development_2023_2024,regime_switch,10,factor_rank,dip_3pct,A_baseline,1000000,163560,163560:2024-02-07,2024-02-08,2024-02-26,,,61,time_open,5333.997532499954,1.3660369319681065,dip_50_50,3.0,False,1.0,390472.4248425,395806.42237499997
development_2023_2024,regime_switch,10,factor_rank,dip_3pct,A_baseline,1000000,001130,001130:2024-02-23,2024-02-26,2024-03-12,,,56,time_open,-11828.571824999992,-1.505840684771964,dip_50_50,3.0,True,2.0,785512.833105,773684.26128
development_2023_2024,regime_switch,10,factor_rank,dip_3pct,A_baseline,1000000,015860,015860:2024-03-18,2024-03-19,2024-04-02,,,86,time_open,-10803.972094999976,-2.774513814187596,dip_50_50,3.0,False,1.0,389400.55153999996,378596.579445
development_2023_2024,regime_switch,10,factor_rank,dip_3pct,A_baseline,1000000,014830,014830:2024-04-03,2024-04-04,2024-04-19,,,4,time_open,-9980.206599999976,-2.9165000850171374,dip_50_50,3.0,False,1.0,342198.0562,332217.8496
development_2023_2024,regime_switch,10,factor_rank,dip_3pct,A_baseline,1000000,099220,099220:2024-04-19,2024-04-22,2024-04-23,,,26,take_intraday,55564.37152516242,14.712801648763406,dip_50_50,3.0,False,1.0,377660.03274999995,433224.4042751624
development_2023_2024,regime_switch,10,factor_rank,dip_3pct,A_baseline,1000000,064850,064850:2024-04-23,2024-04-24,2024-04-25,,,110,stop_intraday,-39281.2023849244,-4.8249130700054765,dip_50_50,3.0,True,2.0,814132.8520324999,774851.6496475755
development_2023_2024,regime_switch,10,factor_rank,dip_3pct,A_baseline,1000000,094280,094280:2024-04-29,2024-04-30,2024-05-17,,,30,time_open,9157.582874999964,2.4164890977707465,dip_50_50,3.0,False,1.0,378962.308725,388119.8916
development_2023_2024,regime_switch,10,factor_rank,dip_3pct,A_baseline,1000000,036620,036620:2024-05-16,2024-05-17,2024-05-23,,,103,take_intraday,57762.62776202668,14.71280164876343,dip_50_50,3.0,False,1.0,392601.1451862499,450363.7729482766
development_2023_2024,regime_switch,10,factor_rank,dip_3pct,A_baseline,1000000,064850,064850:2024-05-23,2024-05-24,2024-06-10,,,55,time_open,8970.64533749997,2.14515928333332,dip_50_50,3.0,False,1.0,418180.85058749997,427151.49592499994
development_2023_2024,regime_switch,10,factor_rank,dip_3pct,A_baseline,1000000,026890,026890:2024-06-07,2024-06-10,2024-06-24,,,40,time_open,22873.318299999984,5.3852223643983566,dip_50_50,3.0,False,1.0,424742.31799999997,447615.63629999995
development_2023_2024,regime_switch,10,factor_rank,dip_3pct,A_baseline,1000000,220100,220100:2024-06-21,2024-06-24,2024-06-25,,,34,stop_intraday,-31054.471317865013,-7.232256057956543,dip_50_50,3.0,False,1.0,429388.4379784999,398333.9666606349
development_2023_2024,regime_switch,10,factor_rank,dip_3pct,A_baseline,1000000,053350,053350:2024-06-25,2024-06-26,2024-07-04,,,236,stop_intraday,-40325.492638731375,-4.771049697970708,dip_50_50,3.0,True,2.0,845212.1690512499,804886.6764125185
development_2023_2024,regime_switch,10,factor_rank,dip_3pct,A_baseline,1000000,011780,011780:2024-07-04,2024-07-05,2024-07-19,,,2,time_open,10133.908400000015,3.383343634543201,dip_50_50,3.0,False,1.0,299523.47424999997,309657.38265
development_2023_2024,regime_switch,10,factor_rank,dip_3pct,A_baseline,1000000,003570,003570:2024-07-18,2024-07-19,2024-07-26,,,19,take_intraday,59086.88738577615,14.712801648763406,dip_50_50,3.0,False,1.0,401601.87567499996,460688.7630607761
development_2023_2024,regime_switch,10,factor_rank,dip_3pct,A_baseline,1000000,163560,163560:2024-07-26,2024-07-29,2024-08-02,,,48,stop_intraday,-31471.92348900606,-7.232256057956543,dip_50_50,3.0,False,1.0,435160.5258,403688.60231099394
development_2023_2024,regime_switch,10,factor_rank,dip_3pct,A_baseline,1000000,246250,246250:2024-08-02,2024-08-05,2024-08-06,,,127,stop_gap,-47740.76351624995,-11.37134990460904,dip_50_50,3.0,False,1.0,419833.739325,372092.97580875
development_2023_2024,regime_switch,10,factor_rank,dip_3pct,A_baseline,1000000,220100,220100:2024-10-08,2024-10-10,2024-10-15,,,18,take_intraday,55852.362989247835,14.71280164876343,dip_50_50,3.0,False,1.0,379617.4537154999,435469.81670474773
development_2023_2024,regime_switch,10,factor_rank,dip_3pct,A_baseline,1000000,015360,015360:2024-10-16,2024-10-17,2024-10-31,,,45,time_open,33567.55132500001,7.972611383169093,dip_50_50,3.0,False,1.0,421035.84022499993,454603.39154999994
later_2025,pullback,5,ticker_ascending,all_in,A_baseline,1000000,204320,204320:2025-01-02,2025-01-03,2025-01-10,42041.99999999999,41308.65,23,time_open,-18304.848712499836,-1.891600156026818,,,,,,
later_2025,pullback,5,ticker_ascending,all_in,A_baseline,1000000,081150,081150:2025-01-09,2025-01-10,2025-01-17,3203.2,3151.845,306,time_open,-17173.11282749998,-1.7507250353318904,,,,,,
later_2025,pullback,5,ticker_ascending,all_in,A_baseline,1000000,081150,081150:2025-01-17,2025-01-20,2025-01-31,3183.18,3071.925,302,time_open,-35015.791282500024,-3.6397386944618026,,,,,,
later_2025,pullback,5,ticker_ascending,all_in,A_baseline,1000000,136480,136480:2025-01-31,2025-02-03,2025-02-10,2922.9199999999996,2927.07,317,time_open,-75.28512249991763,-0.008119090297176168,,,,,,
later_2025,pullback,5,ticker_ascending,all_in,A_baseline,1000000,016090,016090:2025-02-07,2025-02-10,2025-02-14,2282.2799999999997,2120.397879599999,406,stop_intraday,-67064.75629673852,-7.232256057956565,,,,,,
later_2025,pullback,5,ticker_ascending,all_in,A_baseline,1000000,025980,025980:2025-02-14,2025-02-17,2025-02-24,6096.089999999999,6013.98,141,time_open,-12858.149902500096,-1.4947976382073347,,,,,,
later_2025,pullback,5,ticker_ascending,all_in,A_baseline,1000000,015360,015360:2025-02-21,2025-02-24,2025-02-27,10770.759999999998,9890.1,78,stop_gap,-69900.14030999993,-8.314028276333495,,,,,,
later_2025,pullback,5,ticker_ascending,all_in,A_baseline,1000000,136480,136480:2025-02-28,2025-03-04,2025-03-11,2927.9249999999997,3136.86,266,time_open,54366.78539250011,6.975357508227109,,,,,,
later_2025,pullback,5,ticker_ascending,all_in,A_baseline,1000000,014830,014830:2025-03-10,2025-03-11,2025-03-18,81080.99999999999,78221.7,10,time_open,-29787.770249999943,-3.6710753648050654,,,,,,
later_2025,pullback,5,ticker_ascending,all_in,A_baseline,1000000,006040,006040:2025-03-17,2025-03-18,2025-03-25,36436.399999999994,37762.2,22,time_open,27943.323100000038,3.4833275258725482,,,,,,
later_2025,pullback,5,ticker_ascending,all_in,A_baseline,1000000,052220,052220:2025-03-26,2025-03-27,2025-03-28,4934.929999999999,4185.81,168,stop_gap,-127001.37323999987,-15.307086615066057,,,,,,
later_2025,pullback,5,ticker_ascending,all_in,A_baseline,1000000,310200,310200:2025-04-01,2025-04-02,2025-04-09,3113.1099999999997,3091.905,226,time_open,-5844.0800424999325,-0.8300182683462665,,,,,,
later_2025,pullback,5,ticker_ascending,all_in,A_baseline,1000000,096870,096870:2025-04-08,2025-04-09,2025-04-16,2652.6499999999996,2697.3,263,time_open,10687.672362500103,1.5308119121768549,,,,,,
later_2025,pullback,5,ticker_ascending,all_in,A_baseline,1000000,002700,002700:2025-04-15,2025-04-16,2025-04-23,1516.5149999999999,1553.445,467,time_open,16171.056510000024,2.281650944163971,,,,,,
later_2025,pullback,5,ticker_ascending,all_in,A_baseline,1000000,002700,002700:2025-04-22,2025-04-23,2025-04-30,1556.5549999999998,1523.475,466,time_open,-16491.75048499985,-2.271908148127977,,,,,,
later_2025,pullback,5,ticker_ascending,all_in,A_baseline,1000000,025980,025980:2025-04-29,2025-04-30,2025-05-02,6956.949999999999,6463.493536499999,101,stop_intraday,-50855.701411389746,-7.232256057956521,,,,,,
later_2025,pullback,5,ticker_ascending,all_in,A_baseline,1000000,099220,099220:2025-05-02,2025-05-07,2025-05-09,14334.319999999998,13317.586682399997,45,stop_intraday,-46686.25114253105,-7.232256057956543,,,,,,
later_2025,pullback,5,ticker_ascending,all_in,A_baseline,1000000,000850,000850:2025-05-09,2025-05-12,2025-05-19,29229.199999999997,29370.6,20,time_open,1949.003000000026,0.33315012782466624,,,,,,
later_2025,pullback,5,ticker_ascending,all_in,A_baseline,1000000,003570,003570:2025-05-16,2025-05-19,2025-05-21,34884.85,40077.45992249999,17,take_intraday,87318.59923098795,14.712801648763406,,,,,,
later_2025,pullback,5,ticker_ascending,all_in,A_baseline,1000000,036460,036460:2025-05-21,2025-05-22,2025-05-29,38438.399999999994,40909.05,18,time_open,43400.509425000055,6.268035124225024,,,,,,
later_2025,pullback,5,ticker_ascending,all_in,A_baseline,1000000,001130,001130:2025-05-28,2025-05-29,2025-06-09,13613.599999999999,14875.11,54,time_open,66967.7472450001,9.10276530056182,,,,,,
later_2025,pullback,5,ticker_ascending,all_in,A_baseline,1000000,053350,053350:2025-06-11,2025-06-12,2025-06-13,9409.4,11188.8,86,take_gap,151699.81609999982,18.73264371762835,,,,,,
later_2025,pullback,5,ticker_ascending,all_in,A_baseline,1000000,026890,026890:2025-06-12,2025-06-13,2025-06-19,11010.999999999998,10229.989769999998,87,stop_intraday,-69333.86459249258,-7.232256057956543,,,,,,
later_2025,pullback,5,ticker_ascending,all_in,A_baseline,1000000,006040,006040:2025-06-19,2025-06-20,2025-06-26,49048.99999999999,45569.95442999999,18,stop_intraday,-63900.176144805155,-7.232256057956555,,,,,,
later_2025,pullback,5,ticker_ascending,all_in,A_baseline,1000000,033310,033310:2025-06-26,2025-06-27,2025-07-04,2192.1899999999996,2172.825,378,time_open,-8557.45175249991,-1.0319267446627256,,,,,,
later_2025,pullback,5,ticker_ascending,all_in,A_baseline,1000000,000850,000850:2025-07-03,2025-07-04,2025-07-11,33433.399999999994,33716.25,24,time_open,5579.706300000078,0.6948546284687884,,,,,,
later_2025,pullback,5,ticker_ascending,all_in,A_baseline,1000000,003080,003080:2025-07-10,2025-07-11,2025-07-18,2807.805,2887.11,294,time_open,22059.941242500092,2.6703271973864684,,,,,,
later_2025,pullback,5,ticker_ascending,all_in,A_baseline,1000000,009300,009300:2025-07-17,2025-07-18,2025-07-25,18948.929999999997,18601.38,44,time_open,-16531.36022999976,-1.9812789383392482,,,,,,
later_2025,pullback,5,ticker_ascending,all_in,A_baseline,1000000,009300,009300:2025-07-24,2025-07-25,2025-08-01,18638.62,18171.81,44,time_open,-21754.384189999895,-2.6506645182675648,,,,,,
later_2025,pullback,5,ticker_ascending,all_in,A_baseline,1000000,015860,015860:2025-07-31,2025-08-01,2025-08-08,6056.049999999999,5944.05,133,time_open,-16093.009974999935,-1.9965058570401983,,,,,,
later_2025,pullback,5,ticker_ascending,all_in,A_baseline,1000000,265520,265520:2025-08-08,2025-08-11,2025-08-19,18118.1,17482.5,43,time_open,-28478.919349999982,-3.652723502615085,,,,,,
later_2025,pullback,5,ticker_ascending,all_in,A_baseline,1000000,003570,003570:2025-08-18,2025-08-19,2025-08-20,58558.49999999999,54245.7,13,stop_gap,-57166.24094999989,-7.503791199096632,,,,,,
later_2025,pullback,5,ticker_ascending,all_in,A_baseline,1000000,003570,003570:2025-08-20,2025-08-21,2025-08-26,56656.59999999999,65089.93490999998,12,take_intraday,100104.30010580982,14.712801648763406,,,,,,
later_2025,pullback,5,ticker_ascending,all_in,A_baseline,1000000,114090,114090:2025-08-26,2025-08-27,2025-09-02,17027.01,15819.284180699997,47,stop_intraday,-57920.945376969874,-7.232256057956555,,,,,,
later_2025,pullback,5,ticker_ascending,all_in,A_baseline,1000000,124560,124560:2025-09-02,2025-09-03,2025-09-04,3418.4149999999995,3175.946824049999,219,stop_intraday,-54183.6544626503,-7.232256057956543,,,,,,
later_2025,pullback,5,ticker_ascending,all_in,A_baseline,1000000,114090,114090:2025-09-04,2025-09-05,2025-09-12,16716.699999999997,16633.35,41,time_open,-4442.8640374998795,-0.6477434332441079,,,,,,
later_2025,pullback,5,ticker_ascending,all_in,A_baseline,1000000,127120,127120:2025-09-11,2025-09-12,2025-09-19,17787.769999999997,20179.8,38,time_open,89815.06425500009,13.277566469889468,,,,,,
later_2025,pullback,5,ticker_ascending,all_in,A_baseline,1000000,011170,011170:2025-09-18,2025-09-19,2025-09-26,67367.29999999999,64035.9,11,time_open,-37729.47639999981,-5.087604614705176,,,,,,
later_2025,pullback,5,ticker_ascending,all_in,A_baseline,1000000,064850,064850:2025-09-25,2025-09-26,2025-10-10,8618.609999999999,8641.35,86,time_open,842.372580000083,0.11356459142572994,,,,,,
later_2025,pullback,5,ticker_ascending,all_in,A_baseline,1000000,006800,006800:2025-10-02,2025-10-10,2025-10-14,22225.202999999998,20648.769351209998,33,stop_intraday,-53083.44122576248,-7.232256057956543,,,,,,
later_2025,pullback,5,ticker_ascending,all_in,A_baseline,1000000,056080,056080:2025-10-15,2025-10-16,2025-10-17,12712.699999999999,11668.32,54,stop_gap,-57383.95130999992,-8.352823263175924,,,,,,
later_2025,pullback,5,ticker_ascending,all_in,A_baseline,1000000,006800,006800:2025-10-16,2025-10-17,2025-10-20,21726.704999999998,24960.725039249995,29,take_intraday,92771.12953489623,14.712801648763406,,,,,,
later_2025,pullback,5,ticker_ascending,all_in,A_baseline,1000000,014680,014680:2025-10-24,2025-10-27,2025-11-03,215214.99999999997,232267.5,3,time_open,50150.66437500005,7.761707992058486,,,,,,
later_2025,pullback,5,ticker_ascending,all_in,A_baseline,1000000,064850,064850:2025-10-31,2025-11-03,2025-11-05,8978.97,8342.091657899999,86,stop_intraday,-55888.74589753465,-7.232256057956543,,,,,,
later_2025,pullback,5,ticker_ascending,all_in,A_baseline,1000000,168360,168360:2025-11-05,2025-11-06,2025-11-07,21321.3,19580.4,33,stop_gap,-58462.01707499998,-8.302723513850374,,,,,,
later_2025,pullback,5,ticker_ascending,all_in,A_baseline,1000000,001740,001740:2025-11-06,2025-11-07,2025-11-14,4724.719999999999,4595.4,140,time_open,-19083.412599999923,-2.882878436171088,,,,,,
later_2025,pullback,5,ticker_ascending,all_in,A_baseline,1000000,204320,204320:2025-11-13,2025-11-14,2025-11-21,37237.2,38761.2,17,time_open,24939.02039999992,3.9366595062725995,,,,,,
later_2025,pullback,5,ticker_ascending,all_in,A_baseline,1000000,016360,016360:2025-11-20,2025-11-21,2025-11-28,78578.49999999999,80019.9,8,time_open,10579.609600000083,1.6817069617278468,,,,,,
later_2025,pullback,5,ticker_ascending,all_in,A_baseline,1000000,003080,003080:2025-11-27,2025-11-28,2025-12-05,2887.8849999999998,2937.06,235,time_open,10529.478443749947,1.550363387607634,,,,,,
later_2025,pullback,5,ticker_ascending,all_in,A_baseline,1000000,105560,105560:2025-12-05,2025-12-08,2025-12-15,130630.49999999999,126273.6,5,time_open,-22747.89037499996,-3.480173809840348,,,,,,
later_2025,pullback,5,ticker_ascending,all_in,A_baseline,1000000,026890,026890:2025-12-15,2025-12-16,2025-12-23,10760.749999999998,10369.62,62,time_open,-25232.62220499979,-3.779223315478075,,,,,,
later_2025,pullback,5,ticker_ascending,all_in,A_baseline,1000000,048770,048770:2025-12-22,2025-12-23,2025-12-24,2522.5199999999995,2897.9971019999994,254,take_intraday,94338.575400069,14.71280164876343,,,,,,
later_2025,pullback,5,ticker_ascending,all_in,A_baseline,1000000,126640,126640:2025-12-24,2025-12-26,2026-01-06,1335.3339999999998,1281.717,551,time_open,-30624.46332574985,-4.159119340106143,,,,,,
later_2025,pullback,5,ticker_ascending,cash_half,A_baseline,1000000,204320,204320:2025-01-02,2025-01-03,2025-01-10,,,11,time_open,-8754.492862499901,-1.891600156026818,cash_50_no_add,3.0,False,1.0,462808.8464999999,454054.3536375
later_2025,pullback,5,ticker_ascending,cash_half,A_baseline,1000000,081150,081150:2025-01-09,2025-01-10,2025-01-17,,,154,time_open,-8642.677697499981,-1.7507250353318904,cash_50_no_add,3.0,False,1.0,493662.7696,485020.0919025
later_2025,pullback,5,ticker_ascending,cash_half,A_baseline,1000000,081150,081150:2025-01-17,2025-01-20,2025-01-31,,,154,time_open,-17855.7346275,-3.6397386944618026,cash_50_no_add,3.0,False,1.0,490577.37729,472721.6426625
later_2025,pullback,5,ticker_ascending,cash_half,A_baseline,1000000,136480,136480:2025-01-31,2025-02-03,2025-02-10,,,164,time_open,-38.94877000001725,-0.00811909029718727,cash_50_no_add,3.0,False,1.0,479718.39916,479679.45038999995
later_2025,pullback,5,ticker_ascending,cash_half,A_baseline,1000000,016090,016090:2025-02-07,2025-02-10,2025-02-14,,,211,stop_intraday,-34853.85117884679,-7.232256057956555,cash_50_no_add,3.0,False,1.0,481922.25081,447068.3996311532
later_2025,pullback,5,ticker_ascending,cash_half,A_baseline,1000000,025980,025980:2025-02-14,2025-02-17,2025-02-24,,,76,time_open,-6930.633990000002,-1.4947976382073236,cash_50_no_add,3.0,False,1.0,463650.31713,456719.68314
later_2025,pullback,5,ticker_ascending,cash_half,A_baseline,1000000,015360,015360:2025-02-21,2025-02-24,2025-02-27,,,42,stop_gap,-37638.53708999994,-8.314028276333485,cash_50_no_add,3.0,False,1.0,452711.1989399999,415072.66185
later_2025,pullback,5,ticker_ascending,cash_half,A_baseline,1000000,136480,136480:2025-02-28,2025-03-04,2025-03-11,,,151,time_open,30862.34809875005,6.975357508227109,cash_50_no_add,3.0,False,1.0,442448.26250624994,473310.610605
later_2025,pullback,5,ticker_ascending,cash_half,A_baseline,1000000,014830,014830:2025-03-10,2025-03-11,2025-03-18,,,5,time_open,-14893.885124999972,-3.6710753648050654,cash_50_no_add,3.0,False,1.0,405709.05374999996,390815.168625
later_2025,pullback,5,ticker_ascending,cash_half,A_baseline,1000000,006040,006040:2025-03-17,2025-03-18,2025-03-25,,,12,time_open,15241.812600000063,3.4833275258725482,cash_50_no_add,3.0,False,1.0,437564.7275999999,452806.5402
later_2025,pullback,5,ticker_ascending,cash_half,A_baseline,1000000,052220,052220:2025-03-26,2025-03-27,2025-03-28,,,92,stop_gap,-69548.37105999998,-15.307086615066067,cash_50_no_add,3.0,False,1.0,454354.07016999996,384805.69911
later_2025,pullback,5,ticker_ascending,cash_half,A_baseline,1000000,310200,310200:2025-04-01,2025-04-02,2025-04-09,,,135,time_open,-3490.9327687500045,-0.8300182683462776,cash_50_no_add,3.0,False,1.0,420585.0523875,417094.11961875
later_2025,pullback,5,ticker_ascending,cash_half,A_baseline,1000000,096870,096870:2025-04-08,2025-04-09,2025-04-16,,,158,time_open,6420.73092500004,1.5308119121768327,cash_50_no_add,3.0,False,1.0,419433.03902499995,425853.76995
later_2025,pullback,5,ticker_ascending,cash_half,A_baseline,1000000,002700,002700:2025-04-15,2025-04-16,2025-04-23,,,279,time_open,9661.080870000063,2.281650944163971,cash_50_no_add,3.0,False,1.0,423425.01576374995,433086.09663375
later_2025,pullback,5,ticker_ascending,cash_half,A_baseline,1000000,002700,002700:2025-04-22,2025-04-23,2025-04-30,,,275,time_open,-9732.256187499966,-2.271908148127988,cash_50_no_add,3.0,False,1.0,428373.66446874995,418641.40828125
later_2025,pullback,5,ticker_ascending,cash_half,A_baseline,1000000,025980,025980:2025-04-29,2025-04-30,2025-05-02,,,61,stop_intraday,-30714.829565294902,-7.232256057956543,cash_50_no_add,3.0,False,1.0,424692.23046249995,393977.40089720505
later_2025,pullback,5,ticker_ascending,cash_half,A_baseline,1000000,099220,099220:2025-05-02,2025-05-07,2025-05-09,,,28,stop_intraday,-29049.222933130513,-7.232256057956565,cash_50_no_add,3.0,False,1.0,401661.98072,372612.7577868695
later_2025,pullback,5,ticker_ascending,cash_half,A_baseline,1000000,000850,000850:2025-05-09,2025-05-12,2025-05-19,,,13,time_open,1266.851949999982,0.33315012782466624,cash_50_no_add,3.0,False,1.0,380264.5847,381531.43665
later_2025,pullback,5,ticker_ascending,cash_half,A_baseline,1000000,003570,003570:2025-05-16,2025-05-19,2025-05-21,,,11,take_intraday,56500.27009063924,14.712801648763385,cash_50_no_add,3.0,False,1.0,384021.1500125,440521.42010313924
later_2025,pullback,5,ticker_ascending,cash_half,A_baseline,1000000,036460,036460:2025-05-21,2025-05-22,2025-05-29,,,11,time_open,26522.533537500072,6.268035124225024,cash_50_no_add,3.0,False,1.0,423139.5167999999,449662.0503375
later_2025,pullback,5,ticker_ascending,cash_half,A_baseline,1000000,001130,001130:2025-05-28,2025-05-29,2025-06-09,,,32,time_open,39684.59096000006,9.10276530056182,cash_50_no_add,3.0,False,1.0,435961.92639999994,475646.51736
later_2025,pullback,5,ticker_ascending,cash_half,A_baseline,1000000,053350,053350:2025-06-11,2025-06-12,2025-06-13,,,48,take_gap,84669.66480000003,18.732643717628395,cash_50_no_add,3.0,False,1.0,451989.9384,536659.6032
later_2025,pullback,5,ticker_ascending,cash_half,A_baseline,1000000,026890,026890:2025-06-12,2025-06-13,2025-06-19,,,45,stop_intraday,-35862.34375473752,-7.232256057956532,cash_50_no_add,3.0,False,1.0,495866.62124999997,460004.27749526245
later_2025,pullback,5,ticker_ascending,cash_half,A_baseline,1000000,006040,006040:2025-06-19,2025-06-20,2025-06-26,,,9,stop_intraday,-31950.08807240252,-7.232256057956532,cash_50_no_add,3.0,False,1.0,441772.08074999996,409821.99267759745
later_2025,pullback,5,ticker_ascending,cash_half,A_baseline,1000000,033310,033310:2025-06-26,2025-06-27,2025-07-04,,,212,time_open,-4799.417384999862,-1.0319267446627145,cash_50_no_add,3.0,False,1.0,465092.8382099999,460293.42082500004
later_2025,pullback,5,ticker_ascending,cash_half,A_baseline,1000000,000850,000850:2025-07-03,2025-07-04,2025-07-11,,,13,time_open,3022.340912499989,0.6948546284687884,cash_50_no_add,3.0,False,1.0,434960.17565,437982.5165625
later_2025,pullback,5,ticker_ascending,cash_half,A_baseline,1000000,003080,003080:2025-07-10,2025-07-11,2025-07-18,,,165,time_open,12380.579268750036,2.670327197386446,cash_50_no_add,3.0,False,1.0,463635.29086874996,476015.8701375
later_2025,pullback,5,ticker_ascending,cash_half,A_baseline,1000000,009300,009300:2025-07-17,2025-07-18,2025-07-25,,,24,time_open,-9017.105579999974,-1.9812789383392704,cash_50_no_add,3.0,False,1.0,455115.40073999995,446098.29516
later_2025,pullback,5,ticker_ascending,cash_half,A_baseline,1000000,009300,009300:2025-07-24,2025-07-25,2025-08-01,,,24,time_open,-11866.02773999999,-2.650664518267576,cash_50_no_add,3.0,False,1.0,447662.37516,435796.34742
later_2025,pullback,5,ticker_ascending,cash_half,A_baseline,1000000,015860,015860:2025-07-31,2025-08-01,2025-08-08,,,75,time_open,-9075.00562499999,-1.9965058570402094,cash_50_no_add,3.0,False,1.0,454544.40281249996,445469.39718749997
later_2025,pullback,5,ticker_ascending,cash_half,A_baseline,1000000,265520,265520:2025-08-08,2025-08-11,2025-08-19,,,25,time_open,-16557.51124999998,-3.652723502615085,cash_50_no_add,3.0,False,1.0,453292.214375,436734.703125
later_2025,pullback,5,ticker_ascending,cash_half,A_baseline,1000000,003570,003570:2025-08-18,2025-08-19,2025-08-20,,,7,stop_gap,-30781.8220499999,-7.5037911990966215,cash_50_no_add,3.0,False,1.0,410216.93212499993,379435.11007500003
later_2025,pullback,5,ticker_ascending,cash_half,A_baseline,1000000,003570,003570:2025-08-20,2025-08-21,2025-08-26,,,7,take_intraday,58394.1750617224,14.712801648763406,cash_50_no_add,3.0,False,1.0,396893.64715,455287.8222117224
later_2025,pullback,5,ticker_ascending,cash_half,A_baseline,1000000,114090,114090:2025-08-26,2025-08-27,2025-09-02,,,27,stop_intraday,-33273.73457825923,-7.232256057956543,cash_50_no_add,3.0,False,1.0,460074.06695249997,426800.33237424074
later_2025,pullback,5,ticker_ascending,cash_half,A_baseline,1000000,124560,124560:2025-09-02,2025-09-03,2025-09-04,,,129,stop_intraday,-31916.39920402685,-7.232256057956532,cash_50_no_add,3.0,False,1.0,441306.26665124996,409389.8674472231
later_2025,pullback,5,ticker_ascending,cash_half,A_baseline,1000000,114090,114090:2025-09-04,2025-09-05,2025-09-12,,,25,time_open,-2709.063437499921,-0.6477434332441079,cash_50_no_add,3.0,False,1.0,418230.9381249999,415521.8746875
later_2025,pullback,5,ticker_ascending,cash_half,A_baseline,1000000,127120,127120:2025-09-11,2025-09-12,2025-09-19,,,24,time_open,56725.30374000006,13.277566469889468,cash_50_no_add,3.0,False,1.0,427226.65985999996,483951.9636
later_2025,pullback,5,ticker_ascending,cash_half,A_baseline,1000000,011170,011170:2025-09-18,2025-09-19,2025-09-26,,,6,time_open,-20579.71439999994,-5.087604614705188,cash_50_no_add,3.0,False,1.0,404506.95284999994,383927.23845
later_2025,pullback,5,ticker_ascending,cash_half,A_baseline,1000000,064850,064850:2025-09-25,2025-09-26,2025-10-10,,,51,time_open,499.54652999999234,0.11356459142570774,cash_50_no_add,3.0,False,1.0,439878.77183249994,440378.31836249994
later_2025,pullback,5,ticker_ascending,cash_half,A_baseline,1000000,006800,006800:2025-10-02,2025-10-10,2025-10-14,,,20,stop_intraday,-32171.78256106819,-7.232256057956543,cash_50_no_add,3.0,False,1.0,444837.43804499996,412665.65548393177
later_2025,pullback,5,ticker_ascending,cash_half,A_baseline,1000000,056080,056080:2025-10-15,2025-10-16,2025-10-17,,,33,stop_gap,-35067.970244999975,-8.352823263175924,cash_50_no_add,3.0,False,1.0,419833.739325,384765.76908
later_2025,pullback,5,ticker_ascending,cash_half,A_baseline,1000000,006800,006800:2025-10-16,2025-10-17,2025-10-20,,,18,take_intraday,57582.08040097001,14.712801648763406,cash_50_no_add,3.0,False,1.0,391374.0005175,448956.08091847
later_2025,pullback,5,ticker_ascending,cash_half,A_baseline,1000000,014680,014680:2025-10-24,2025-10-27,2025-11-03,,,2,time_open,33433.77625000005,7.761707992058509,cash_50_no_add,3.0,False,1.0,430752.82249999995,464186.59875
later_2025,pullback,5,ticker_ascending,cash_half,A_baseline,1000000,064850,064850:2025-10-31,2025-11-03,2025-11-05,,,50,stop_intraday,-32493.45691717125,-7.232256057956532,cash_50_no_add,3.0,False,1.0,449285.21137499996,416791.7544578287
later_2025,pullback,5,ticker_ascending,cash_half,A_baseline,1000000,168360,168360:2025-11-05,2025-11-06,2025-11-07,,,20,stop_gap,-35431.52549999999,-8.302723513850374,cash_50_no_add,3.0,False,1.0,426745.8195,391314.294
later_2025,pullback,5,ticker_ascending,cash_half,A_baseline,1000000,001740,001740:2025-11-06,2025-11-07,2025-11-14,,,89,time_open,-12131.598009999958,-2.882878436171088,cash_50_no_add,3.0,False,1.0,420815.45505999995,408683.85705
later_2025,pullback,5,ticker_ascending,cash_half,A_baseline,1000000,204320,204320:2025-11-13,2025-11-14,2025-11-21,,,11,time_open,16137.013200000045,3.9366595062726217,cash_50_no_add,3.0,False,1.0,409916.40689999994,426053.4201
later_2025,pullback,5,ticker_ascending,cash_half,A_baseline,1000000,016360,016360:2025-11-20,2025-11-21,2025-11-28,,,5,time_open,6612.256000000052,1.6817069617278468,cash_50_no_add,3.0,False,1.0,393187.16937499994,399799.425375
later_2025,pullback,5,ticker_ascending,cash_half,A_baseline,1000000,003080,003080:2025-11-27,2025-11-28,2025-12-05,,,148,time_open,6631.33110499999,1.550363387607634,cash_50_no_add,3.0,False,1.0,427727.535235,434358.86634
later_2025,pullback,5,ticker_ascending,cash_half,A_baseline,1000000,105560,105560:2025-12-05,2025-12-08,2025-12-15,,,3,time_open,-13648.734224999964,-3.480173809840348,cash_50_no_add,3.0,False,1.0,392185.41862499993,378536.68439999997
later_2025,pullback,5,ticker_ascending,cash_half,A_baseline,1000000,026890,026890:2025-12-15,2025-12-16,2025-12-23,,,39,time_open,-15872.133322499983,-3.7792233154780974,cash_50_no_add,3.0,False,1.0,419984.00193749997,404111.868615
later_2025,pullback,5,ticker_ascending,cash_half,A_baseline,1000000,048770,048770:2025-12-22,2025-12-23,2025-12-24,,,165,take_intraday,61282.93283862737,14.712801648763406,cash_50_no_add,3.0,False,1.0,416527.96184999996,477810.89468862733
later_2025,pullback,5,ticker_ascending,cash_half,A_baseline,1000000,126640,126640:2025-12-24,2025-12-26,2026-01-06,,,335,time_open,-18619.229063749954,-4.159119340106154,cash_50_no_add,3.0,False,1.0,447672.39266749995,429053.16360375
later_2025,pullback,5,ticker_ascending,dip_3pct,A_baseline,1000000,204320,204320:2025-01-02,2025-01-03,2025-01-10,,,23,time_open,-5081.7388124999125,-0.5324157753168746,dip_50_50,3.0,True,2.0,954468.1145999999,949386.3757875
later_2025,pullback,5,ticker_ascending,dip_3pct,A_baseline,1000000,081150,081150:2025-01-09,2025-01-10,2025-01-17,,,155,time_open,-8698.79898125009,-1.7507250353319126,dip_50_50,3.0,False,1.0,496868.37200000003,488169.57301874994
later_2025,pullback,5,ticker_ascending,dip_3pct,A_baseline,1000000,081150,081150:2025-01-17,2025-01-20,2025-01-31,,,316,time_open,-15542.169089999981,-1.5770167503108001,dip_50_50,3.0,True,2.0,985542.422865,970000.253775
later_2025,pullback,5,ticker_ascending,dip_3pct,A_baseline,1000000,136480,136480:2025-01-31,2025-02-03,2025-02-10,,,165,time_open,-39.1862624999485,-0.008119090297176168,dip_50_50,3.0,False,1.0,482643.5113499999,482604.3250875
later_2025,pullback,5,ticker_ascending,dip_3pct,A_baseline,1000000,016090,016090:2025-02-07,2025-02-10,2025-02-14,,,212,stop_intraday,-35019.03530765645,-7.232256057956543,dip_50_50,3.0,False,1.0,484206.2425199999,449187.20721234346
later_2025,pullback,5,ticker_ascending,dip_3pct,A_baseline,1000000,025980,025980:2025-02-14,2025-02-17,2025-02-24,,,76,time_open,-6930.633990000002,-1.4947976382073236,dip_50_50,3.0,False,1.0,463650.31713,456719.68314
later_2025,pullback,5,ticker_ascending,dip_3pct,A_baseline,1000000,015360,015360:2025-02-21,2025-02-24,2025-02-27,,,43,stop_gap,-38534.69273499999,-8.314028276333495,dip_50_50,3.0,False,1.0,463490.03701,424955.344275
later_2025,pullback,5,ticker_ascending,dip_3pct,A_baseline,1000000,136480,136480:2025-02-28,2025-03-04,2025-03-11,,,151,time_open,30862.34809875005,6.975357508227109,dip_50_50,3.0,False,1.0,442448.26250624994,473310.610605
later_2025,pullback,5,ticker_ascending,dip_3pct,A_baseline,1000000,014830,014830:2025-03-10,2025-03-11,2025-03-18,,,11,time_open,-16538.18512499996,-1.8872063900792324,dip_50_50,3.0,True,2.0,876331.5560999999,859793.370975
later_2025,pullback,5,ticker_ascending,dip_3pct,A_baseline,1000000,006040,006040:2025-03-17,2025-03-18,2025-03-25,,,12,time_open,15241.812600000063,3.4833275258725482,dip_50_50,3.0,False,1.0,437564.7275999999,452806.5402
later_2025,pullback,5,ticker_ascending,dip_3pct,A_baseline,1000000,052220,052220:2025-03-26,2025-03-27,2025-03-28,,,93,stop_gap,-70304.33161499992,-15.307086615066057,dip_50_50,3.0,False,1.0,459292.70136749995,388988.36975250003
later_2025,pullback,5,ticker_ascending,dip_3pct,A_baseline,1000000,310200,310200:2025-04-01,2025-04-02,2025-04-09,,,136,time_open,-3516.7915299999295,-0.8300182683462554,dip_50_50,3.0,False,1.0,423700.49721999996,420183.70569000003
later_2025,pullback,5,ticker_ascending,dip_3pct,A_baseline,1000000,096870,096870:2025-04-08,2025-04-09,2025-04-16,,,159,time_open,6461.368462500046,1.5308119121768327,dip_50_50,3.0,False,1.0,422087.67851249996,428549.046975
later_2025,pullback,5,ticker_ascending,dip_3pct,A_baseline,1000000,002700,002700:2025-04-15,2025-04-16,2025-04-23,,,280,time_open,9695.708400000003,2.281650944163971,dip_50_50,3.0,False,1.0,424942.66815,434638.37655
later_2025,pullback,5,ticker_ascending,dip_3pct,A_baseline,1000000,002700,002700:2025-04-22,2025-04-23,2025-04-30,,,276,time_open,-9767.646209999977,-2.271908148127988,dip_50_50,3.0,False,1.0,429931.3868849999,420163.74067499995
later_2025,pullback,5,ticker_ascending,dip_3pct,A_baseline,1000000,025980,025980:2025-04-29,2025-04-30,2025-05-02,,,61,stop_intraday,-30714.829565294902,-7.232256057956543,dip_50_50,3.0,False,1.0,424692.23046249995,393977.40089720505
later_2025,pullback,5,ticker_ascending,dip_3pct,A_baseline,1000000,099220,099220:2025-05-02,2025-05-07,2025-05-09,,,28,stop_intraday,-29049.222933130513,-7.232256057956565,dip_50_50,3.0,False,1.0,401661.98072,372612.7577868695
later_2025,pullback,5,ticker_ascending,dip_3pct,A_baseline,1000000,000850,000850:2025-05-09,2025-05-12,2025-05-19,,,13,time_open,1266.851949999982,0.33315012782466624,dip_50_50,3.0,False,1.0,380264.5847,381531.43665
later_2025,pullback,5,ticker_ascending,dip_3pct,A_baseline,1000000,003570,003570:2025-05-16,2025-05-19,2025-05-21,,,11,take_intraday,56500.27009063924,14.712801648763385,dip_50_50,3.0,False,1.0,384021.1500125,440521.42010313924
later_2025,pullback,5,ticker_ascending,dip_3pct,A_baseline,1000000,036460,036460:2025-05-21,2025-05-22,2025-05-29,,,11,time_open,26522.533537500072,6.268035124225024,dip_50_50,3.0,False,1.0,423139.5167999999,449662.0503375
later_2025,pullback,5,ticker_ascending,dip_3pct,A_baseline,1000000,001130,001130:2025-05-28,2025-05-29,2025-06-09,,,32,time_open,39684.59096000006,9.10276530056182,dip_50_50,3.0,False,1.0,435961.92639999994,475646.51736
later_2025,pullback,5,ticker_ascending,dip_3pct,A_baseline,1000000,053350,053350:2025-06-11,2025-06-12,2025-06-13,,,48,take_gap,84669.66480000003,18.732643717628395,dip_50_50,3.0,False,1.0,451989.9384,536659.6032
later_2025,pullback,5,ticker_ascending,dip_3pct,A_baseline,1000000,026890,026890:2025-06-12,2025-06-13,2025-06-19,,,92,stop_intraday,-52131.54109163012,-5.252099844226699,dip_50_50,3.0,True,2.0,992584.7306375,940453.1895458698
later_2025,pullback,5,ticker_ascending,dip_3pct,A_baseline,1000000,006040,006040:2025-06-19,2025-06-20,2025-06-26,,,19,stop_intraday,-50420.42318062752,-5.506816619209554,dip_50_50,3.0,True,2.0,915600.1854999999,865179.7623193724
later_2025,pullback,5,ticker_ascending,dip_3pct,A_baseline,1000000,033310,033310:2025-06-26,2025-06-27,2025-07-04,,,204,time_open,-4618.307294999948,-1.0319267446627256,dip_50_50,3.0,False,1.0,447542.16506999993,442923.857775
later_2025,pullback,5,ticker_ascending,dip_3pct,A_baseline,1000000,000850,000850:2025-07-03,2025-07-04,2025-07-11,,,13,time_open,3022.340912499989,0.6948546284687884,dip_50_50,3.0,False,1.0,434960.17565,437982.5165625
later_2025,pullback,5,ticker_ascending,dip_3pct,A_baseline,1000000,003080,003080:2025-07-10,2025-07-11,2025-07-18,,,159,time_open,11930.376386249962,2.670327197386446,dip_50_50,3.0,False,1.0,446775.82574625,458706.20213249995
later_2025,pullback,5,ticker_ascending,dip_3pct,A_baseline,1000000,009300,009300:2025-07-17,2025-07-18,2025-07-25,,,23,time_open,-8641.392847499985,-1.9812789383392704,dip_50_50,3.0,False,1.0,436152.25904249994,427510.86619499995
later_2025,pullback,5,ticker_ascending,dip_3pct,A_baseline,1000000,009300,009300:2025-07-24,2025-07-25,2025-08-01,,,24,time_open,-11866.02773999999,-2.650664518267576,dip_50_50,3.0,False,1.0,447662.37516,435796.34742
later_2025,pullback,5,ticker_ascending,dip_3pct,A_baseline,1000000,015860,015860:2025-07-31,2025-08-01,2025-08-08,,,73,time_open,-8833.005474999954,-1.9965058570401983,dip_50_50,3.0,False,1.0,442423.21873749996,433590.2132625
later_2025,pullback,5,ticker_ascending,dip_3pct,A_baseline,1000000,265520,265520:2025-08-08,2025-08-11,2025-08-19,,,24,time_open,-15895.2108,-3.652723502615085,dip_50_50,3.0,False,1.0,435160.5258,419265.315
later_2025,pullback,5,ticker_ascending,dip_3pct,A_baseline,1000000,003570,003570:2025-08-18,2025-08-19,2025-08-20,,,7,stop_gap,-30781.8220499999,-7.5037911990966215,dip_50_50,3.0,False,1.0,410216.93212499993,379435.11007500003
later_2025,pullback,5,ticker_ascending,dip_3pct,A_baseline,1000000,003570,003570:2025-08-20,2025-08-21,2025-08-26,,,7,take_intraday,58394.1750617224,14.712801648763406,dip_50_50,3.0,False,1.0,396893.64715,455287.8222117224
later_2025,pullback,5,ticker_ascending,dip_3pct,A_baseline,1000000,114090,114090:2025-08-26,2025-08-27,2025-09-02,,,53,stop_intraday,-46922.96484658297,-5.303730656532224,dip_50_50,3.0,True,2.0,884716.2098775,837793.245030917
later_2025,pullback,5,ticker_ascending,dip_3pct,A_baseline,1000000,124560,124560:2025-09-02,2025-09-03,2025-09-04,,,255,stop_intraday,-32016.248301099753,-3.805680344449025,dip_50_50,3.0,True,2.0,841275.2886037499,809259.0403026502
later_2025,pullback,5,ticker_ascending,dip_3pct,A_baseline,1000000,114090,114090:2025-09-04,2025-09-05,2025-09-12,,,24,time_open,-2600.700899999938,-0.6477434332441079,dip_50_50,3.0,False,1.0,401501.7005999999,398900.9997
later_2025,pullback,5,ticker_ascending,dip_3pct,A_baseline,1000000,127120,127120:2025-09-11,2025-09-12,2025-09-19,,,22,time_open,51998.19509500003,13.277566469889468,dip_50_50,3.0,False,1.0,391624.43820499995,443622.6333
later_2025,pullback,5,ticker_ascending,dip_3pct,A_baseline,1000000,011170,011170:2025-09-18,2025-09-19,2025-09-26,,,13,time_open,-27058.743075000006,-3.150391039661282,dip_50_50,3.0,True,2.0,858901.0930499999,831842.3499749999
later_2025,pullback,5,ticker_ascending,dip_3pct,A_baseline,1000000,064850,064850:2025-09-25,2025-09-26,2025-10-10,,,48,time_open,470.1614400000544,0.11356459142572994,dip_50_50,3.0,False,1.0,414003.5499599999,414473.7114
later_2025,pullback,5,ticker_ascending,dip_3pct,A_baseline,1000000,006800,006800:2025-10-02,2025-10-10,2025-10-14,,,38,stop_intraday,-45178.5149260296,-5.448161846646327,dip_50_50,3.0,True,2.0,829243.2603455,784064.7454194704
later_2025,pullback,5,ticker_ascending,dip_3pct,A_baseline,1000000,056080,056080:2025-10-15,2025-10-16,2025-10-17,,,31,stop_gap,-32942.63871500001,-8.352823263175935,dip_50_50,3.0,False,1.0,394389.27027499996,361446.63155999995
later_2025,pullback,5,ticker_ascending,dip_3pct,A_baseline,1000000,006800,006800:2025-10-16,2025-10-17,2025-10-20,,,17,take_intraday,54383.07593424944,14.712801648763385,dip_50_50,3.0,False,1.0,369631.00048875,424014.07642299944
later_2025,pullback,5,ticker_ascending,dip_3pct,A_baseline,1000000,014680,014680:2025-10-24,2025-10-27,2025-11-03,,,3,time_open,64175.174875000026,10.152617519616047,dip_50_50,3.0,True,2.0,632104.7232499999,696279.898125
later_2025,pullback,5,ticker_ascending,dip_3pct,A_baseline,1000000,064850,064850:2025-10-31,2025-11-03,2025-11-05,,,98,stop_intraday,-50163.54043265572,-5.785372487530937,dip_50_50,3.0,True,2.0,867075.3791699999,816911.8387373441
later_2025,pullback,5,ticker_ascending,dip_3pct,A_baseline,1000000,168360,168360:2025-11-05,2025-11-06,2025-11-07,,,19,stop_gap,-33659.94922500005,-8.302723513850395,dip_50_50,3.0,False,1.0,405408.52852500003,371748.5793
later_2025,pullback,5,ticker_ascending,dip_3pct,A_baseline,1000000,001740,001740:2025-11-06,2025-11-07,2025-11-14,,,83,time_open,-11313.737469999993,-2.882878436171088,dip_50_50,3.0,False,1.0,392445.87382,381132.13635
later_2025,pullback,5,ticker_ascending,dip_3pct,A_baseline,1000000,204320,204320:2025-11-13,2025-11-14,2025-11-21,,,21,time_open,40724.357624999946,5.270735649293612,dip_50_50,3.0,True,2.0,772650.353475,813374.7111
later_2025,pullback,5,ticker_ascending,dip_3pct,A_baseline,1000000,016360,016360:2025-11-20,2025-11-21,2025-11-28,,,5,time_open,6612.256000000052,1.6817069617278468,dip_50_50,3.0,False,1.0,393187.16937499994,399799.425375
later_2025,pullback,5,ticker_ascending,dip_3pct,A_baseline,1000000,003080,003080:2025-11-27,2025-11-28,2025-12-05,,,143,time_open,6407.2996487500495,1.5503633876076561,dip_50_50,3.0,False,1.0,413277.28066625,419684.580315
later_2025,pullback,5,ticker_ascending,dip_3pct,A_baseline,1000000,105560,105560:2025-12-05,2025-12-08,2025-12-15,,,6,time_open,-15276.459449999966,-1.977919705713349,dip_50_50,3.0,True,2.0,772349.8282499999,757073.3687999999
later_2025,pullback,5,ticker_ascending,dip_3pct,A_baseline,1000000,026890,026890:2025-12-15,2025-12-16,2025-12-23,,,77,time_open,-12584.514827499865,-1.5527880293524143,dip_50_50,3.0,True,2.0,810446.4092724998,797861.894445
later_2025,pullback,5,ticker_ascending,dip_3pct,A_baseline,1000000,048770,048770:2025-12-22,2025-12-23,2025-12-24,,,159,take_intraday,59054.4625535864,14.712801648763406,dip_50_50,3.0,False,1.0,401381.49051,460435.9530635864
later_2025,pullback,5,ticker_ascending,dip_3pct,A_baseline,1000000,126640,126640:2025-12-24,2025-12-26,2026-01-06,,,659,time_open,-20134.25610874989,-2.32994308948945,dip_50_50,3.0,True,2.0,864152.2704814998,844018.01437275
later_2025,pullback,5,factor_rank,all_in,A_baseline,1000000,204320,204320:2025-01-02,2025-01-03,2025-01-10,42041.99999999999,41308.65,23,time_open,-18304.848712499836,-1.891600156026818,,,,,,
later_2025,pullback,5,factor_rank,all_in,A_baseline,1000000,081150,081150:2025-01-09,2025-01-10,2025-01-17,3203.2,3151.845,306,time_open,-17173.11282749998,-1.7507250353318904,,,,,,
later_2025,pullback,5,factor_rank,all_in,A_baseline,1000000,081150,081150:2025-01-17,2025-01-20,2025-01-31,3183.18,3071.925,302,time_open,-35015.791282500024,-3.6397386944618026,,,,,,
later_2025,pullback,5,factor_rank,all_in,A_baseline,1000000,204320,204320:2025-01-31,2025-02-03,2025-02-10,43042.99999999999,44305.65,21,time_open,25139.90876250004,2.7791774074794384,,,,,,
later_2025,pullback,5,factor_rank,all_in,A_baseline,1000000,319400,319400:2025-02-07,2025-02-10,2025-02-17,4169.165,4090.905,228,time_open,-19255.751969999983,-2.024188504916191,,,,,,
later_2025,pullback,5,factor_rank,all_in,A_baseline,1000000,025980,025980:2025-02-14,2025-02-17,2025-02-24,6096.089999999999,6013.98,153,time_open,-13952.460532499943,-1.4947976382073125,,,,,,
later_2025,pullback,5,factor_rank,all_in,A_baseline,1000000,015360,015360:2025-02-21,2025-02-24,2025-02-27,10770.759999999998,9890.1,85,stop_gap,-76173.22982499993,-8.314028276333495,,,,,,
later_2025,pullback,5,factor_rank,all_in,A_baseline,1000000,136480,136480:2025-02-28,2025-03-04,2025-03-11,2927.9249999999997,3136.86,288,time_open,58863.286440000054,6.975357508227087,,,,,,
later_2025,pullback,5,factor_rank,all_in,A_baseline,1000000,014830,014830:2025-03-10,2025-03-11,2025-03-18,81080.99999999999,78221.7,11,time_open,-32766.547274999903,-3.6710753648050543,,,,,,
later_2025,pullback,5,factor_rank,all_in,A_baseline,1000000,127120,127120:2025-03-17,2025-03-18,2025-03-25,6256.249999999999,7082.91,139,time_open,113515.13257000002,13.043653902929453,,,,,,
later_2025,pullback,5,factor_rank,all_in,A_baseline,1000000,052220,052220:2025-03-26,2025-03-27,2025-03-28,4934.929999999999,4185.81,199,stop_gap,-150436.1504449998,-15.307086615066057,,,,,,
later_2025,pullback,5,factor_rank,all_in,A_baseline,1000000,310200,310200:2025-04-01,2025-04-02,2025-04-09,3113.1099999999997,3091.905,267,time_open,-6904.289253749885,-0.8300182683462665,,,,,,
later_2025,pullback,5,factor_rank,all_in,A_baseline,1000000,096870,096870:2025-04-08,2025-04-09,2025-04-16,2652.6499999999996,2697.3,311,time_open,12638.274162500165,1.5308119121768549,,,,,,
later_2025,pullback,5,factor_rank,all_in,A_baseline,1000000,002700,002700:2025-04-15,2025-04-16,2025-04-23,1516.5149999999999,1553.445,553,time_open,19149.02409000008,2.281650944163971,,,,,,
later_2025,pullback,5,factor_rank,all_in,A_baseline,1000000,002700,002700:2025-04-22,2025-04-23,2025-04-30,1556.5549999999998,1523.475,551,time_open,-19499.902397500002,-2.271908148127988,,,,,,
later_2025,pullback,5,factor_rank,all_in,A_baseline,1000000,026890,026890:2025-04-29,2025-04-30,2025-05-12,9949.939999999999,9360.63,84,time_open,-50718.60591000004,-6.063759401397029,,,,,,
later_2025,pullback,5,factor_rank,all_in,A_baseline,1000000,344860,344860:2025-05-09,2025-05-12,2025-05-14,2137.1349999999998,2455.2475447499996,368,take_intraday,115797.91888564883,14.712801648763406,,,,,,
later_2025,pullback,5,factor_rank,all_in,A_baseline,1000000,099220,099220:2025-05-14,2025-05-15,2025-05-19,16015.999999999998,14879.985119999998,56,stop_intraday,-64914.464655040065,-7.232256057956543,,,,,,
later_2025,pullback,5,factor_rank,all_in,A_baseline,1000000,001130,001130:2025-05-19,2025-05-20,2025-05-27,13243.229999999998,13366.62,63,time_open,6516.254587500123,0.780437220963992,,,,,,
later_2025,pullback,5,factor_rank,all_in,A_baseline,1000000,123700,123700:2025-05-26,2025-05-27,2025-06-04,3148.1449999999995,3346.65,268,time_open,51893.886205000104,6.146120561779411,,,,,,
later_2025,pullback,5,factor_rank,all_in,A_baseline,1000000,025980,025980:2025-06-02,2025-06-04,2025-06-12,7837.829999999999,8811.18,114,time_open,109538.40964500012,12.250114319252138,,,,,,
later_2025,pullback,5,factor_rank,all_in,A_baseline,1000000,053350,053350:2025-06-11,2025-06-12,2025-06-13,9409.4,11188.8,107,take_gap,188742.79444999993,18.73264371762837,,,,,,
later_2025,pullback,5,factor_rank,all_in,A_baseline,1000000,026890,026890:2025-06-12,2025-06-13,2025-06-19,11010.999999999998,10229.989769999998,108,stop_intraday,-86069.62501137005,-7.232256057956543,,,,,,
later_2025,pullback,5,factor_rank,all_in,A_baseline,1000000,026890,026890:2025-06-19,2025-06-20,2025-06-27,10950.939999999999,10929.06,101,time_open,-3867.2900000000373,-0.3493883084190408,,,,,,
later_2025,pullback,5,factor_rank,all_in,A_baseline,1000000,033310,033310:2025-06-26,2025-06-27,2025-07-04,2192.1899999999996,2172.825,504,time_open,-11409.935670000035,-1.0319267446627478,,,,,,
later_2025,pullback,5,factor_rank,all_in,A_baseline,1000000,009300,009300:2025-07-03,2025-07-04,2025-07-11,17807.789999999997,18791.19,61,time_open,58312.99666499975,5.364137488400078,,,,,,
later_2025,pullback,5,factor_rank,all_in,A_baseline,1000000,030210,030210:2025-07-10,2025-07-11,2025-07-18,3943.9399999999996,3901.095,292,time_open,-14228.802665000083,-1.2346094782681116,,,,,,
later_2025,pullback,5,factor_rank,all_in,A_baseline,1000000,009300,009300:2025-07-17,2025-07-18,2025-07-25,18948.929999999997,18601.38,60,time_open,-22542.76394999982,-1.9812789383392593,,,,,,
later_2025,pullback,5,factor_rank,all_in,A_baseline,1000000,011780,011780:2025-07-24,2025-07-25,2025-08-01,128928.79999999999,121178.7,8,time_open,-63501.445000000065,-6.152024858782845,,,,,,
later_2025,pullback,5,factor_rank,all_in,A_baseline,1000000,127120,127120:2025-07-31,2025-08-01,2025-08-08,13873.859999999999,15584.4,75,time_open,126633.47287499998,12.160861644203692,,,,,,
later_2025,pullback,5,factor_rank,all_in,A_baseline,1000000,319400,319400:2025-08-08,2025-08-11,2025-08-12,5175.169999999999,4808.095191899999,227,stop_intraday,-85025.63233762118,-7.232256057956555,,,,,,
later_2025,pullback,5,factor_rank,all_in,A_baseline,1000000,064850,064850:2025-08-12,2025-08-13,2025-08-21,8308.3,8041.95,131,time_open,-36498.262062499765,-3.350912756960611,,,,,,
later_2025,pullback,5,factor_rank,all_in,A_baseline,1000000,003570,003570:2025-08-20,2025-08-21,2025-08-26,56656.59999999999,65089.93490999998,18,take_intraday,150156.45015871467,14.712801648763406,,,,,,
later_2025,pullback,5,factor_rank,all_in,A_baseline,1000000,114090,114090:2025-08-26,2025-08-27,2025-09-02,17027.01,15819.284180699997,70,stop_intraday,-86265.23779548705,-7.232256057956555,,,,,,
later_2025,pullback,5,factor_rank,all_in,A_baseline,1000000,124560,124560:2025-09-02,2025-09-03,2025-09-04,3418.4149999999995,3175.946824049999,328,stop_intraday,-81151.7747203164,-7.232256057956543,,,,,,
later_2025,pullback,5,factor_rank,all_in,A_baseline,1000000,114090,114090:2025-09-04,2025-09-05,2025-09-12,16716.699999999997,16633.35,62,time_open,-6718.477324999869,-0.647743433244119,,,,,,
later_2025,pullback,5,factor_rank,all_in,A_baseline,1000000,127120,127120:2025-09-11,2025-09-12,2025-09-19,17787.769999999997,20179.8,58,time_open,137086.15070500015,13.277566469889468,,,,,,
later_2025,pullback,5,factor_rank,all_in,A_baseline,1000000,011170,011170:2025-09-18,2025-09-19,2025-09-26,67367.29999999999,64035.9,17,time_open,-58309.19079999998,-5.087604614705199,,,,,,
later_2025,pullback,5,factor_rank,all_in,A_baseline,1000000,064850,064850:2025-09-25,2025-09-26,2025-10-10,8618.609999999999,8641.35,129,time_open,1263.558870000299,0.11356459142572994,,,,,,
later_2025,pullback,5,factor_rank,all_in,A_baseline,1000000,006800,006800:2025-10-02,2025-10-10,2025-10-14,22225.202999999998,20648.769351209998,50,stop_intraday,-80429.45640267048,-7.232256057956543,,,,,,
later_2025,pullback,5,factor_rank,all_in,A_baseline,1000000,056080,056080:2025-10-15,2025-10-16,2025-10-17,12712.699999999999,11668.32,81,stop_gap,-86075.92696500011,-8.352823263175946,,,,,,
later_2025,pullback,5,factor_rank,all_in,A_baseline,1000000,006800,006800:2025-10-16,2025-10-17,2025-10-20,21726.704999999998,24960.725039249995,43,take_intraday,137557.19206898403,14.712801648763406,,,,,,
later_2025,pullback,5,factor_rank,all_in,A_baseline,1000000,014680,014680:2025-10-24,2025-10-27,2025-11-03,215214.99999999997,232267.5,5,time_open,83584.44062500005,7.761707992058486,,,,,,
later_2025,pullback,5,factor_rank,all_in,A_baseline,1000000,064850,064850:2025-10-31,2025-11-03,2025-11-05,8978.97,8342.091657899999,130,stop_intraday,-84482.98798464518,-7.232256057956532,,,,,,
later_2025,pullback,5,factor_rank,all_in,A_baseline,1000000,168360,168360:2025-11-05,2025-11-06,2025-11-07,21321.3,19580.4,50,stop_gap,-88578.81374999997,-8.302723513850374,,,,,,
later_2025,pullback,5,factor_rank,all_in,A_baseline,1000000,001740,001740:2025-11-06,2025-11-07,2025-11-14,4724.719999999999,4595.4,210,time_open,-28625.1189,-2.882878436171099,,,,,,
later_2025,pullback,5,factor_rank,all_in,A_baseline,1000000,204320,204320:2025-11-13,2025-11-14,2025-11-21,37237.2,38761.2,25,time_open,36675.02999999991,3.9366595062725995,,,,,,
later_2025,pullback,5,factor_rank,all_in,A_baseline,1000000,016360,016360:2025-11-20,2025-11-21,2025-11-28,78578.49999999999,80019.9,12,time_open,15869.414400000125,1.6817069617278468,,,,,,
later_2025,pullback,5,factor_rank,all_in,A_baseline,1000000,003080,003080:2025-11-27,2025-11-28,2025-12-05,2887.8849999999998,2937.06,352,time_open,15771.814520000014,1.550363387607634,,,,,,
later_2025,pullback,5,factor_rank,all_in,A_baseline,1000000,222420,222420:2025-12-05,2025-12-08,2025-12-15,899.8989999999999,866.133,1150,time_open,-40354.10259999987,-3.8964623619569427,,,,,,
later_2025,pullback,5,factor_rank,all_in,A_baseline,1000000,026890,026890:2025-12-15,2025-12-16,2025-12-23,10760.749999999998,10369.62,92,time_open,-37441.95552999992,-3.7792233154780974,,,,,,
later_2025,pullback,5,factor_rank,all_in,A_baseline,1000000,126640,126640:2025-12-22,2025-12-23,2025-12-29,1385.3839999999998,1287.1187128799995,690,stop_intraday,-69186.06826671574,-7.232256057956565,,,,,,
later_2025,pullback,5,factor_rank,cash_half,A_baseline,1000000,204320,204320:2025-01-02,2025-01-03,2025-01-10,,,11,time_open,-8754.492862499901,-1.891600156026818,cash_50_no_add,3.0,False,1.0,462808.8464999999,454054.3536375
later_2025,pullback,5,factor_rank,cash_half,A_baseline,1000000,081150,081150:2025-01-09,2025-01-10,2025-01-17,,,154,time_open,-8642.677697499981,-1.7507250353318904,cash_50_no_add,3.0,False,1.0,493662.7696,485020.0919025
later_2025,pullback,5,factor_rank,cash_half,A_baseline,1000000,081150,081150:2025-01-17,2025-01-20,2025-01-31,,,154,time_open,-17855.7346275,-3.6397386944618026,cash_50_no_add,3.0,False,1.0,490577.37729,472721.6426625
later_2025,pullback,5,factor_rank,cash_half,A_baseline,1000000,204320,204320:2025-01-31,2025-02-03,2025-02-10,,,11,time_open,13168.523637500068,2.7791774074794606,cash_50_no_add,3.0,False,1.0,473828.10474999994,486996.6283875
later_2025,pullback,5,factor_rank,cash_half,A_baseline,1000000,319400,319400:2025-02-07,2025-02-10,2025-02-17,,,117,time_open,-9881.241142500017,-2.0241885049162023,cash_50_no_add,3.0,False,1.0,488158.14922875003,478276.90808625
later_2025,pullback,5,factor_rank,cash_half,A_baseline,1000000,025980,025980:2025-02-14,2025-02-17,2025-02-24,,,79,time_open,-7204.211647499935,-1.4947976382073125,cash_50_no_add,3.0,False,1.0,481952.3033324999,474748.091685
later_2025,pullback,5,factor_rank,cash_half,A_baseline,1000000,015360,015360:2025-02-21,2025-02-24,2025-02-27,,,44,stop_gap,-39430.84837999998,-8.314028276333495,cash_50_no_add,3.0,False,1.0,474268.87507999997,434838.0267
later_2025,pullback,5,factor_rank,cash_half,A_baseline,1000000,136480,136480:2025-02-28,2025-03-04,2025-03-11,,,157,time_open,32088.666566249973,6.975357508227087,cash_50_no_add,3.0,False,1.0,460028.98816875,492117.654735
later_2025,pullback,5,factor_rank,cash_half,A_baseline,1000000,014830,014830:2025-03-10,2025-03-11,2025-03-18,,,5,time_open,-14893.885124999972,-3.6710753648050654,cash_50_no_add,3.0,False,1.0,405709.05374999996,390815.168625
later_2025,pullback,5,factor_rank,cash_half,A_baseline,1000000,127120,127120:2025-03-17,2025-03-18,2025-03-25,,,74,time_open,60432.51662000007,13.043653902929453,cash_50_no_add,3.0,False,1.0,463309.72187499993,523742.238495
later_2025,pullback,5,factor_rank,cash_half,A_baseline,1000000,052220,052220:2025-03-26,2025-03-27,2025-03-28,,,101,stop_gap,-76352.01605499996,-15.307086615066067,cash_50_no_add,3.0,False,1.0,498801.75094749994,422449.7348925
later_2025,pullback,5,factor_rank,cash_half,A_baseline,1000000,310200,310200:2025-04-01,2025-04-02,2025-04-09,,,148,time_open,-3827.096665000019,-0.8300182683462776,cash_50_no_add,3.0,False,1.0,461085.83521,457258.738545
later_2025,pullback,5,factor_rank,cash_half,A_baseline,1000000,096870,096870:2025-04-08,2025-04-09,2025-04-16,,,173,time_open,7030.293987500074,1.5308119121768549,cash_50_no_add,3.0,False,1.0,459252.63133749994,466282.925325
later_2025,pullback,5,factor_rank,cash_half,A_baseline,1000000,002700,002700:2025-04-15,2025-04-16,2025-04-23,,,305,time_open,10561.39665000001,2.281650944163971,cash_50_no_add,3.0,False,1.0,462883.97780625,473445.37445625
later_2025,pullback,5,factor_rank,cash_half,A_baseline,1000000,002700,002700:2025-04-22,2025-04-23,2025-04-30,,,300,time_open,-10617.006749999942,-2.271908148127977,cash_50_no_add,3.0,False,1.0,467316.72487499996,456699.718125
later_2025,pullback,5,factor_rank,cash_half,A_baseline,1000000,026890,026890:2025-04-29,2025-04-30,2025-05-12,,,46,time_open,-27774.474664999987,-6.063759401397018,cash_50_no_add,3.0,False,1.0,458040.51292999997,430266.038265
later_2025,pullback,5,factor_rank,cash_half,A_baseline,1000000,344860,344860:2025-05-09,2025-05-12,2025-05-14,,,209,take_intraday,65765.66588886041,14.71280164876343,cash_50_no_add,3.0,False,1.0,446996.21091125,512761.8768001104
later_2025,pullback,5,factor_rank,cash_half,A_baseline,1000000,099220,099220:2025-05-14,2025-05-15,2025-05-19,,,30,stop_intraday,-34775.6060652,-7.232256057956532,cash_50_no_add,3.0,False,1.0,480840.3599999999,446064.7539347999
later_2025,pullback,5,factor_rank,cash_half,A_baseline,1000000,001130,001130:2025-05-19,2025-05-20,2025-05-27,,,35,time_open,3620.141437500075,0.780437220963992,cash_50_no_add,3.0,False,1.0,463860.68478749995,467480.826225
later_2025,pullback,5,factor_rank,cash_half,A_baseline,1000000,123700,123700:2025-05-26,2025-05-27,2025-06-04,,,148,time_open,28657.817755000084,6.1461205617794334,cash_50_no_add,3.0,False,1.0,466274.9040949999,494932.72185
later_2025,pullback,5,factor_rank,cash_half,A_baseline,1000000,025980,025980:2025-06-02,2025-06-04,2025-06-12,,,61,time_open,58612.657792500046,12.250114319252138,cash_50_no_add,3.0,False,1.0,478466.21072249993,537078.868515
later_2025,pullback,5,factor_rank,cash_half,A_baseline,1000000,053350,053350:2025-06-11,2025-06-12,2025-06-13,,,54,take_gap,95253.37290000002,18.732643717628395,cash_50_no_add,3.0,False,1.0,508488.68069999997,603742.0536
later_2025,pullback,5,factor_rank,cash_half,A_baseline,1000000,026890,026890:2025-06-12,2025-06-13,2025-06-19,,,50,stop_intraday,-39847.04861637502,-7.232256057956543,cash_50_no_add,3.0,False,1.0,550962.9124999999,511115.86388362484
later_2025,pullback,5,factor_rank,cash_half,A_baseline,1000000,026890,026890:2025-06-19,2025-06-20,2025-06-27,,,49,time_open,-1876.2100000000792,-0.3493883084190519,cash_50_no_add,3.0,False,1.0,536998.507045,535122.2970449999
later_2025,pullback,5,factor_rank,cash_half,A_baseline,1000000,033310,033310:2025-06-26,2025-06-27,2025-07-04,,,244,time_open,-5523.857744999812,-1.0319267446627034,cash_50_no_add,3.0,False,1.0,535295.5307699998,529771.673025
later_2025,pullback,5,factor_rank,cash_half,A_baseline,1000000,009300,009300:2025-07-03,2025-07-04,2025-07-11,,,29,time_open,27722.572185000114,5.3641374884001225,cash_50_no_add,3.0,False,1.0,516813.2294324999,544535.8016175
later_2025,pullback,5,factor_rank,cash_half,A_baseline,1000000,030210,030210:2025-07-10,2025-07-11,2025-07-18,,,138,time_open,-6724.571122499998,-1.2346094782681005,cash_50_no_add,3.0,False,1.0,544671.91779,537947.3466675
later_2025,pullback,5,factor_rank,cash_half,A_baseline,1000000,009300,009300:2025-07-17,2025-07-18,2025-07-25,,,28,time_open,-10519.95650999993,-1.9812789383392593,cash_50_no_add,3.0,False,1.0,530967.9675299999,520448.01102
later_2025,pullback,5,factor_rank,cash_half,A_baseline,1000000,011780,011780:2025-07-24,2025-07-25,2025-08-01,,,4,time_open,-31750.722500000033,-6.152024858782845,cash_50_no_add,3.0,False,1.0,516101.9864,484351.26389999996
later_2025,pullback,5,factor_rank,cash_half,A_baseline,1000000,127120,127120:2025-07-31,2025-08-01,2025-08-08,,,37,time_open,62472.51328500005,12.160861644203692,cash_50_no_add,3.0,False,1.0,513717.819615,576190.3329
later_2025,pullback,5,factor_rank,cash_half,A_baseline,1000000,319400,319400:2025-08-08,2025-08-11,2025-08-12,,,107,stop_intraday,-40078.16149835003,-7.232256057956543,cash_50_no_add,3.0,False,1.0,554158.4973924999,514080.3358941499
later_2025,pullback,5,factor_rank,cash_half,A_baseline,1000000,064850,064850:2025-08-12,2025-08-13,2025-08-21,,,64,time_open,-17831.21199999994,-3.3509127569606223,cash_50_no_add,3.0,False,1.0,532129.9983999999,514298.7864
later_2025,pullback,5,factor_rank,cash_half,A_baseline,1000000,003570,003570:2025-08-20,2025-08-21,2025-08-26,,,9,take_intraday,75078.22507935733,14.712801648763406,cash_50_no_add,3.0,False,1.0,510291.8320499999,585370.0571293572
later_2025,pullback,5,factor_rank,cash_half,A_baseline,1000000,114090,114090:2025-08-26,2025-08-27,2025-09-02,,,33,stop_intraday,-40667.89781787241,-7.232256057956543,cash_50_no_add,3.0,False,1.0,562312.7484975,521644.85067962756
later_2025,pullback,5,factor_rank,cash_half,A_baseline,1000000,124560,124560:2025-09-02,2025-09-03,2025-09-04,,,158,stop_intraday,-39091.40367625008,-7.232256057956565,cash_50_no_add,3.0,False,1.0,540514.6521775,501423.2485012499
later_2025,pullback,5,factor_rank,cash_half,A_baseline,1000000,114090,114090:2025-09-04,2025-09-05,2025-09-12,,,31,time_open,-3359.2386624999344,-0.647743433244119,cash_50_no_add,3.0,False,1.0,518606.3632749999,515247.12461249996
later_2025,pullback,5,factor_rank,cash_half,A_baseline,1000000,127120,127120:2025-09-11,2025-09-12,2025-09-19,,,29,time_open,68543.07535250008,13.277566469889468,cash_50_no_add,3.0,False,1.0,516232.2139974999,584775.28935
later_2025,pullback,5,factor_rank,cash_half,A_baseline,1000000,011170,011170:2025-09-18,2025-09-19,2025-09-26,,,8,time_open,-27439.6191999999,-5.087604614705188,cash_50_no_add,3.0,False,1.0,539342.6037999999,511902.9846
later_2025,pullback,5,factor_rank,cash_half,A_baseline,1000000,064850,064850:2025-09-25,2025-09-26,2025-10-10,,,62,time_open,607.2918599999975,0.11356459142570774,cash_50_no_add,3.0,False,1.0,534754.585365,535361.877225
later_2025,pullback,5,factor_rank,cash_half,A_baseline,1000000,006800,006800:2025-10-02,2025-10-10,2025-10-14,,,24,stop_intraday,-38606.1390732819,-7.232256057956555,cash_50_no_add,3.0,False,1.0,533804.925654,495198.7865807181
later_2025,pullback,5,factor_rank,cash_half,A_baseline,1000000,056080,056080:2025-10-15,2025-10-16,2025-10-17,,,41,stop_gap,-43569.29636500002,-8.352823263175935,cash_50_no_add,3.0,False,1.0,521611.615525,478042.31915999996
later_2025,pullback,5,factor_rank,cash_half,A_baseline,1000000,006800,006800:2025-10-16,2025-10-17,2025-10-20,,,23,take_intraday,73577.10273457284,14.712801648763406,cash_50_no_add,3.0,False,1.0,500089.00066125,573666.1033958228
later_2025,pullback,5,factor_rank,cash_half,A_baseline,1000000,014680,014680:2025-10-24,2025-10-27,2025-11-03,,,2,time_open,33433.77625000005,7.761707992058509,cash_50_no_add,3.0,False,1.0,430752.82249999995,464186.59875
later_2025,pullback,5,factor_rank,cash_half,A_baseline,1000000,064850,064850:2025-10-31,2025-11-03,2025-11-05,,,61,stop_intraday,-39642.017438949086,-7.232256057956565,cash_50_no_add,3.0,False,1.0,548127.9578775,508485.9404385509
later_2025,pullback,5,factor_rank,cash_half,A_baseline,1000000,168360,168360:2025-11-05,2025-11-06,2025-11-07,,,25,stop_gap,-44289.406875000044,-8.302723513850385,cash_50_no_add,3.0,False,1.0,533432.274375,489142.8675
later_2025,pullback,5,factor_rank,cash_half,A_baseline,1000000,001740,001740:2025-11-06,2025-11-07,2025-11-14,,,108,time_open,-14721.489720000012,-2.882878436171099,cash_50_no_add,3.0,False,1.0,510652.46232,495930.9726
later_2025,pullback,5,factor_rank,cash_half,A_baseline,1000000,204320,204320:2025-11-13,2025-11-14,2025-11-21,,,13,time_open,19071.015599999984,3.9366595062726217,cash_50_no_add,3.0,False,1.0,484446.6627,503517.67829999997
later_2025,pullback,5,factor_rank,cash_half,A_baseline,1000000,016360,016360:2025-11-20,2025-11-21,2025-11-28,,,6,time_open,7934.707200000121,1.681706961727869,cash_50_no_add,3.0,False,1.0,471824.60324999987,479759.31045
later_2025,pullback,5,factor_rank,cash_half,A_baseline,1000000,003080,003080:2025-11-27,2025-11-28,2025-12-05,,,179,time_open,8020.326133749972,1.550363387607634,cash_50_no_add,3.0,False,1.0,517319.11356125,525339.439695
later_2025,pullback,5,factor_rank,cash_half,A_baseline,1000000,222420,222420:2025-12-05,2025-12-08,2025-12-15,,,580,time_open,-20352.50391999999,-3.896462361956954,cash_50_no_add,3.0,False,1.0,522332.87606499996,501980.372145
later_2025,pullback,5,factor_rank,cash_half,A_baseline,1000000,026890,026890:2025-12-15,2025-12-16,2025-12-23,,,47,time_open,-19127.955542499956,-3.7792233154780974,cash_50_no_add,3.0,False,1.0,506134.56643749995,487006.610895
later_2025,pullback,5,factor_rank,cash_half,A_baseline,1000000,126640,126640:2025-12-22,2025-12-23,2025-12-29,,,363,stop_intraday,-36397.888088141684,-7.232256057956555,cash_50_no_add,3.0,False,1.0,503271.56279399997,466873.6747058583
later_2025,pullback,5,factor_rank,dip_3pct,A_baseline,1000000,204320,204320:2025-01-02,2025-01-03,2025-01-10,,,23,time_open,-5081.7388124999125,-0.5324157753168746,dip_50_50,3.0,True,2.0,954468.1145999999,949386.3757875
later_2025,pullback,5,factor_rank,dip_3pct,A_baseline,1000000,081150,081150:2025-01-09,2025-01-10,2025-01-17,,,155,time_open,-8698.79898125009,-1.7507250353319126,dip_50_50,3.0,False,1.0,496868.37200000003,488169.57301874994
later_2025,pullback,5,factor_rank,dip_3pct,A_baseline,1000000,081150,081150:2025-01-17,2025-01-20,2025-01-31,,,316,time_open,-15542.169089999981,-1.5770167503108001,dip_50_50,3.0,True,2.0,985542.422865,970000.253775
later_2025,pullback,5,factor_rank,dip_3pct,A_baseline,1000000,204320,204320:2025-01-31,2025-02-03,2025-02-10,,,22,time_open,38458.23135000013,4.110827527010996,dip_50_50,3.0,True,2.0,935535.0254249999,973993.256775
later_2025,pullback,5,factor_rank,dip_3pct,A_baseline,1000000,319400,319400:2025-02-07,2025-02-10,2025-02-17,,,120,time_open,-10134.606300000043,-2.0241885049162023,dip_50_50,3.0,False,1.0,500675.02485,490540.41854999994
later_2025,pullback,5,factor_rank,dip_3pct,A_baseline,1000000,025980,025980:2025-02-14,2025-02-17,2025-02-24,,,81,time_open,-7386.596752499929,-1.4947976382073125,dip_50_50,3.0,False,1.0,494153.62746749993,486767.030715
later_2025,pullback,5,factor_rank,dip_3pct,A_baseline,1000000,015360,015360:2025-02-21,2025-02-24,2025-02-27,,,45,stop_gap,-40327.00402499997,-8.314028276333495,dip_50_50,3.0,False,1.0,485047.71314999997,444720.709125
later_2025,pullback,5,factor_rank,dip_3pct,A_baseline,1000000,136480,136480:2025-02-28,2025-03-04,2025-03-11,,,162,time_open,33110.598622499965,6.975357508227087,dip_50_50,3.0,False,1.0,474679.5928875,507790.19151
later_2025,pullback,5,factor_rank,dip_3pct,A_baseline,1000000,014830,014830:2025-03-10,2025-03-11,2025-03-18,,,12,time_open,-19516.96214999992,-2.038381726920402,dip_50_50,3.0,True,2.0,957473.3668499999,937956.4047
later_2025,pullback,5,factor_rank,dip_3pct,A_baseline,1000000,127120,127120:2025-03-17,2025-03-18,2025-03-25,,,77,time_open,62882.48350999999,13.043653902929453,dip_50_50,3.0,False,1.0,482092.54843749997,544975.0319475
later_2025,pullback,5,factor_rank,dip_3pct,A_baseline,1000000,052220,052220:2025-03-26,2025-03-27,2025-03-28,,,104,stop_gap,-78619.89771999995,-15.307086615066067,dip_50_50,3.0,False,1.0,513617.64453999995,434997.74682
later_2025,pullback,5,factor_rank,dip_3pct,A_baseline,1000000,310200,310200:2025-04-01,2025-04-02,2025-04-09,,,152,time_open,-3930.53171000001,-0.8300182683462776,dip_50_50,3.0,False,1.0,473547.61454,469617.08282999997
later_2025,pullback,5,factor_rank,dip_3pct,A_baseline,1000000,096870,096870:2025-04-08,2025-04-09,2025-04-16,,,178,time_open,7233.481675000046,1.5308119121768327,dip_50_50,3.0,False,1.0,472525.82877499994,479759.31045
later_2025,pullback,5,factor_rank,dip_3pct,A_baseline,1000000,002700,002700:2025-04-15,2025-04-16,2025-04-23,,,313,time_open,10838.416889999993,2.2816509441639488,dip_50_50,3.0,False,1.0,475025.19689624995,485863.61378624995
later_2025,pullback,5,factor_rank,dip_3pct,A_baseline,1000000,002700,002700:2025-04-22,2025-04-23,2025-04-30,,,309,time_open,-10935.516952499922,-2.271908148127977,dip_50_50,3.0,False,1.0,481336.2266212499,470400.70966875
later_2025,pullback,5,factor_rank,dip_3pct,A_baseline,1000000,026890,026890:2025-04-29,2025-04-30,2025-05-12,,,98,time_open,-31583.491240000003,-3.330758423048097,dip_50_50,3.0,True,2.0,948237.224935,916653.733695
later_2025,pullback,5,factor_rank,dip_3pct,A_baseline,1000000,344860,344860:2025-05-09,2025-05-12,2025-05-14,,,440,take_intraday,158739.4861377325,17.24006513501426,dip_50_50,3.0,True,2.0,920759.2018624999,1079498.6880002324
later_2025,pullback,5,factor_rank,dip_3pct,A_baseline,1000000,099220,099220:2025-05-14,2025-05-15,2025-05-19,,,65,stop_intraday,-56113.53207460011,-5.487408209516853,dip_50_50,3.0,True,2.0,1022587.1656,966473.6335253998
later_2025,pullback,5,factor_rank,dip_3pct,A_baseline,1000000,001130,001130:2025-05-19,2025-05-20,2025-05-27,,,38,time_open,3930.4392750000115,0.7804372209639698,dip_50_50,3.0,False,1.0,503620.172055,507550.61133
later_2025,pullback,5,factor_rank,dip_3pct,A_baseline,1000000,123700,123700:2025-05-26,2025-05-27,2025-06-04,,,163,time_open,31562.326311250043,6.146120561779411,dip_50_50,3.0,False,1.0,513532.49572624994,545094.8220375
later_2025,pullback,5,factor_rank,dip_3pct,A_baseline,1000000,025980,025980:2025-06-02,2025-06-04,2025-06-12,,,67,time_open,64377.83724749996,12.250114319252114,dip_50_50,3.0,False,1.0,525528.4609575,589906.298205
later_2025,pullback,5,factor_rank,dip_3pct,A_baseline,1000000,053350,053350:2025-06-11,2025-06-12,2025-06-13,,,59,take_gap,104073.1296499999,18.73264371762837,dip_50_50,3.0,False,1.0,555570.96595,659644.0955999999
later_2025,pullback,5,factor_rank,dip_3pct,A_baseline,1000000,026890,026890:2025-06-12,2025-06-13,2025-06-19,,,102,stop_intraday,-60100.95081490523,-5.449962571673939,dip_50_50,3.0,True,2.0,1102777.3131374998,1042676.3623225946
later_2025,pullback,5,factor_rank,dip_3pct,A_baseline,1000000,026890,026890:2025-06-19,2025-06-20,2025-06-27,,,53,time_open,-2029.3699999999953,-0.3493883084190297,dip_50_50,3.0,False,1.0,580835.119865,578805.749865
later_2025,pullback,5,factor_rank,dip_3pct,A_baseline,1000000,033310,033310:2025-06-26,2025-06-27,2025-07-04,,,265,time_open,-5999.271731249872,-1.0319267446627145,dip_50_50,3.0,False,1.0,581366.0477624999,575366.77603125
later_2025,pullback,5,factor_rank,dip_3pct,A_baseline,1000000,009300,009300:2025-07-03,2025-07-04,2025-07-11,,,32,time_open,30590.424480000045,5.3641374884001225,dip_50_50,3.0,False,1.0,570276.66696,600867.09144
later_2025,pullback,5,factor_rank,dip_3pct,A_baseline,1000000,030210,030210:2025-07-10,2025-07-11,2025-07-18,,,150,time_open,-7309.316437499947,-1.2346094782681005,dip_50_50,3.0,False,1.0,592034.6932499999,584725.3768125
later_2025,pullback,5,factor_rank,dip_3pct,A_baseline,1000000,009300,009300:2025-07-17,2025-07-18,2025-07-25,,,31,time_open,-11647.09470749984,-1.9812789383392482,dip_50_50,3.0,False,1.0,587857.3926224998,576210.297915
later_2025,pullback,5,factor_rank,dip_3pct,A_baseline,1000000,011780,011780:2025-07-24,2025-07-25,2025-08-01,,,8,time_open,-43867.13029999996,-4.332258027789704,dip_50_50,3.0,True,2.0,1012569.6580999999,968702.5277999999
later_2025,pullback,5,factor_rank,dip_3pct,A_baseline,1000000,127120,127120:2025-07-31,2025-08-01,2025-08-08,,,40,time_open,67537.85220000008,12.160861644203692,dip_50_50,3.0,False,1.0,555370.6157999999,622908.468
later_2025,pullback,5,factor_rank,dip_3pct,A_baseline,1000000,319400,319400:2025-08-08,2025-08-11,2025-08-12,,,215,stop_intraday,-61998.49637869396,-5.662151064655408,dip_50_50,3.0,True,2.0,1094963.6572874999,1032965.1609088059
later_2025,pullback,5,factor_rank,dip_3pct,A_baseline,1000000,064850,064850:2025-08-12,2025-08-13,2025-08-21,,,130,time_open,-18829.256355000078,-1.770501172488348,dip_50_50,3.0,True,2.0,1063498.66623,1044669.409875
later_2025,pullback,5,factor_rank,dip_3pct,A_baseline,1000000,003570,003570:2025-08-20,2025-08-21,2025-08-26,,,9,take_intraday,75078.22507935733,14.712801648763406,dip_50_50,3.0,False,1.0,510291.8320499999,585370.0571293572
later_2025,pullback,5,factor_rank,dip_3pct,A_baseline,1000000,114090,114090:2025-08-26,2025-08-27,2025-09-02,,,64,stop_intraday,-58435.359255873715,-5.460686020869665,dip_50_50,3.0,True,2.0,1070110.2211799999,1011674.8619241262
later_2025,pullback,5,factor_rank,dip_3pct,A_baseline,1000000,124560,124560:2025-09-02,2025-09-03,2025-09-04,,,321,stop_intraday,-42695.69459409022,-4.022544912319647,dip_50_50,3.0,True,2.0,1061410.01591625,1018714.3213221597
later_2025,pullback,5,factor_rank,dip_3pct,A_baseline,1000000,114090,114090:2025-09-04,2025-09-05,2025-09-12,,,32,time_open,-3467.6011999999173,-0.6477434332441079,dip_50_50,3.0,False,1.0,535335.6007999999,531867.9996
later_2025,pullback,5,factor_rank,dip_3pct,A_baseline,1000000,127120,127120:2025-09-11,2025-09-12,2025-09-19,,,30,time_open,70906.62967500009,13.277566469889468,dip_50_50,3.0,False,1.0,534033.3248249999,604939.9545
later_2025,pullback,5,factor_rank,dip_3pct,A_baseline,1000000,011170,011170:2025-09-18,2025-09-19,2025-09-26,,,15,time_open,-33918.647875000024,-3.4132428009525206,dip_50_50,3.0,True,2.0,993736.744,959818.0961249999
later_2025,pullback,5,factor_rank,dip_3pct,A_baseline,1000000,064850,064850:2025-09-25,2025-09-26,2025-10-10,,,64,time_open,626.8819200000726,0.11356459142572994,dip_50_50,3.0,False,1.0,552004.7332799999,552631.6152
later_2025,pullback,5,factor_rank,dip_3pct,A_baseline,1000000,006800,006800:2025-10-02,2025-10-10,2025-10-14,,,48,stop_intraday,-58872.22541556368,-5.61078051568863,dip_50_50,3.0,True,2.0,1049269.798577,990397.5731614362
later_2025,pullback,5,factor_rank,dip_3pct,A_baseline,1000000,056080,056080:2025-10-15,2025-10-16,2025-10-17,,,41,stop_gap,-43569.29636500002,-8.352823263175935,dip_50_50,3.0,False,1.0,521611.615525,478042.31915999996
later_2025,pullback,5,factor_rank,dip_3pct,A_baseline,1000000,006800,006800:2025-10-16,2025-10-17,2025-10-20,,,23,take_intraday,73577.10273457284,14.712801648763406,dip_50_50,3.0,False,1.0,500089.00066125,573666.1033958228
later_2025,pullback,5,factor_rank,dip_3pct,A_baseline,1000000,014680,014680:2025-10-24,2025-10-27,2025-11-03,,,4,time_open,80892.06300000008,9.54499866805001,dip_50_50,3.0,True,2.0,847481.1344999999,928373.1975
later_2025,pullback,5,factor_rank,dip_3pct,A_baseline,1000000,064850,064850:2025-10-31,2025-11-03,2025-11-05,,,122,stop_intraday,-63867.09083539806,-5.909029236261343,dip_50_50,3.0,True,2.0,1080838.9717124999,1016971.8808771018
later_2025,pullback,5,factor_rank,dip_3pct,A_baseline,1000000,168360,168360:2025-11-05,2025-11-06,2025-11-07,,,26,stop_gap,-46060.98314999993,-8.302723513850363,dip_50_50,3.0,False,1.0,554769.5653499999,508708.5822
later_2025,pullback,5,factor_rank,dip_3pct,A_baseline,1000000,001740,001740:2025-11-06,2025-11-07,2025-11-14,,,112,time_open,-15266.730079999892,-2.882878436171077,dip_50_50,3.0,False,1.0,529565.5164799999,514298.7864
later_2025,pullback,5,factor_rank,dip_3pct,A_baseline,1000000,204320,204320:2025-11-13,2025-11-14,2025-11-21,,,27,time_open,51329.51617500011,5.1616609329104834,dip_50_50,3.0,True,2.0,994437.9695249998,1045767.4857
later_2025,pullback,5,factor_rank,dip_3pct,A_baseline,1000000,016360,016360:2025-11-20,2025-11-21,2025-11-28,,,6,time_open,7934.707200000121,1.681706961727869,dip_50_50,3.0,False,1.0,471824.60324999987,479759.31045
later_2025,pullback,5,factor_rank,dip_3pct,A_baseline,1000000,003080,003080:2025-11-27,2025-11-28,2025-12-05,,,191,time_open,8558.001628750004,1.550363387607634,dip_50_50,3.0,False,1.0,551999.7245262499,560557.7261549999
later_2025,pullback,5,factor_rank,dip_3pct,A_baseline,1000000,222420,222420:2025-12-05,2025-12-08,2025-12-15,,,619,time_open,-21721.034355999902,-3.8964623619569427,dip_50_50,3.0,False,1.0,557455.2591107499,535734.22475475
later_2025,pullback,5,factor_rank,dip_3pct,A_baseline,1000000,026890,026890:2025-12-15,2025-12-16,2025-12-23,,,98,time_open,-16803.484915000037,-1.6278281183706111,dip_50_50,3.0,True,2.0,1032264.077845,1015460.5929299999
later_2025,pullback,5,factor_rank,dip_3pct,A_baseline,1000000,126640,126640:2025-12-22,2025-12-23,2025-12-29,,,766,stop_intraday,-51436.22324796987,-4.96187046060882,dip_50_50,3.0,True,2.0,1036629.7076135,985193.4843655301
later_2025,pullback,10,ticker_ascending,all_in,A_baseline,1000000,204320,204320:2025-01-02,2025-01-03,2025-01-17,42041.99999999999,44205.75,23,time_open,48278.476312500075,4.989037317915668,,,,,,
later_2025,pullback,10,ticker_ascending,all_in,A_baseline,1000000,081150,081150:2025-01-17,2025-01-20,2025-02-07,3183.18,3091.905,329,time_open,-31577.85222374997,-3.013005287596515,,,,,,
later_2025,pullback,10,ticker_ascending,all_in,A_baseline,1000000,058860,058860:2025-02-06,2025-02-07,2025-02-21,2792.7899999999995,2732.265,363,time_open,-23474.771223749965,-2.3138268901527037,,,,,,
later_2025,pullback,10,ticker_ascending,all_in,A_baseline,1000000,003030,003030:2025-02-20,2025-02-21,2025-03-05,230229.99999999997,264499.73549999995,4,take_intraday,135594.75279349973,14.712801648763406,,,,,,
later_2025,pullback,10,ticker_ascending,all_in,A_baseline,1000000,006040,006040:2025-03-05,2025-03-06,2025-03-20,35885.85,36513.45,31,time_open,17772.316274999874,1.5963697999242354,,,,,,
later_2025,pullback,10,ticker_ascending,all_in,A_baseline,1000000,003030,003030:2025-03-21,2025-03-24,2025-03-25,254754.49999999997,236684.76331499996,4,stop_intraday,-73753.2645299451,-7.232256057956543,,,,,,
later_2025,pullback,10,ticker_ascending,all_in,A_baseline,1000000,052220,052220:2025-03-26,2025-03-27,2025-03-28,4934.929999999999,4185.81,217,stop_gap,-164043.44043499988,-15.307086615066067,,,,,,
later_2025,pullback,10,ticker_ascending,all_in,A_baseline,1000000,310200,310200:2025-04-01,2025-04-02,2025-04-16,3113.1099999999997,3246.75,291,time_open,37501.200555000105,4.136491317568547,,,,,,
later_2025,pullback,10,ticker_ascending,all_in,A_baseline,1000000,002700,002700:2025-04-15,2025-04-16,2025-04-30,1516.5149999999999,1523.475,623,time_open,2915.6446724999696,0.30837150472671215,,,,,,
later_2025,pullback,10,ticker_ascending,all_in,A_baseline,1000000,025980,025980:2025-04-29,2025-04-30,2025-05-02,6956.949999999999,6463.493536499999,136,stop_intraday,-68478.96427672298,-7.232256057956532,,,,,,
later_2025,pullback,10,ticker_ascending,all_in,A_baseline,1000000,099220,099220:2025-05-02,2025-05-07,2025-05-09,14334.319999999998,13317.586682399997,61,stop_intraday,-63285.80710432003,-7.232256057956555,,,,,,
later_2025,pullback,10,ticker_ascending,all_in,A_baseline,1000000,000850,000850:2025-05-09,2025-05-12,2025-05-26,29229.199999999997,29770.2,27,time_open,13412.262150000082,1.6982270003120803,,,,,,
later_2025,pullback,10,ticker_ascending,all_in,A_baseline,1000000,000850,000850:2025-05-23,2025-05-26,2025-06-11,29829.799999999996,32717.25,27,time_open,76694.5722375001,9.515353452995878,,,,,,
later_2025,pullback,10,ticker_ascending,all_in,A_baseline,1000000,053350,053350:2025-06-11,2025-06-12,2025-06-13,9409.4,11188.8,96,take_gap,169339.32959999982,18.73264371762837,,,,,,
later_2025,pullback,10,ticker_ascending,all_in,A_baseline,1000000,026890,026890:2025-06-12,2025-06-13,2025-06-19,11010.999999999998,10229.989769999998,97,stop_intraday,-77303.27431576746,-7.232256057956532,,,,,,
later_2025,pullback,10,ticker_ascending,all_in,A_baseline,1000000,006040,006040:2025-06-19,2025-06-20,2025-06-26,49048.99999999999,45569.95442999999,20,stop_intraday,-71000.19571645011,-7.232256057956543,,,,,,
later_2025,pullback,10,ticker_ascending,all_in,A_baseline,1000000,033310,033310:2025-06-26,2025-06-27,2025-07-11,2192.1899999999996,2207.79,423,time_open,5202.906345000141,0.5606629399059093,,,,,,
later_2025,pullback,10,ticker_ascending,all_in,A_baseline,1000000,003080,003080:2025-07-10,2025-07-11,2025-07-25,2807.805,2802.195,332,time_open,-3259.409999999916,-0.3493883084190297,,,,,,
later_2025,pullback,10,ticker_ascending,all_in,A_baseline,1000000,009300,009300:2025-07-24,2025-07-25,2025-08-08,18638.62,18081.9,49,time_open,-28628.759109999985,-3.132326980794009,,,,,,
later_2025,pullback,10,ticker_ascending,all_in,A_baseline,1000000,265520,265520:2025-08-08,2025-08-11,2025-08-19,18118.1,16832.983167,49,stop_intraday,-64255.17712338723,-7.232256057956532,,,,,,
later_2025,pullback,10,ticker_ascending,all_in,A_baseline,1000000,003570,003570:2025-08-20,2025-08-21,2025-08-26,56656.59999999999,65089.93490999998,14,take_intraday,116788.3501234448,14.712801648763406,,,,,,
later_2025,pullback,10,ticker_ascending,all_in,A_baseline,1000000,114090,114090:2025-08-26,2025-08-27,2025-09-02,17027.01,15819.284180699997,56,stop_intraday,-69012.19023638952,-7.232256057956543,,,,,,
later_2025,pullback,10,ticker_ascending,all_in,A_baseline,1000000,124560,124560:2025-09-02,2025-09-03,2025-09-04,3418.4149999999995,3175.946824049999,258,stop_intraday,-63832.798408053815,-7.232256057956555,,,,,,
later_2025,pullback,10,ticker_ascending,all_in,A_baseline,1000000,114090,114090:2025-09-04,2025-09-05,2025-09-19,16716.699999999997,17322.66,49,time_open,28441.09352000011,3.4695572893421733,,,,,,
later_2025,pullback,10,ticker_ascending,all_in,A_baseline,1000000,011170,011170:2025-09-18,2025-09-19,2025-10-10,67367.29999999999,66533.4,12,time_open,-11211.906300000031,-1.3858731254191348,,,,,,
later_2025,pullback,10,ticker_ascending,all_in,A_baseline,1000000,006800,006800:2025-10-02,2025-10-10,2025-10-14,22225.202999999998,20648.769351209998,37,stop_intraday,-59517.79773797607,-7.232256057956532,,,,,,
later_2025,pullback,10,ticker_ascending,all_in,A_baseline,1000000,056080,056080:2025-10-15,2025-10-16,2025-10-17,12712.699999999999,11668.32,61,stop_gap,-64822.611664999975,-8.352823263175924,,,,,,
later_2025,pullback,10,ticker_ascending,all_in,A_baseline,1000000,006800,006800:2025-10-16,2025-10-17,2025-10-20,21726.704999999998,24960.725039249995,32,take_intraday,102368.14293505799,14.71280164876343,,,,,,
later_2025,pullback,10,ticker_ascending,all_in,A_baseline,1000000,014680,014680:2025-10-24,2025-10-27,2025-11-10,215214.99999999997,214285.5,3,time_open,-3754.8761249999516,-0.5811339170040952,,,,,,
later_2025,pullback,10,ticker_ascending,all_in,A_baseline,1000000,011170,011170:2025-11-10,2025-11-11,2025-11-12,72472.4,83259.91673999999,11,take_intraday,117377.89252689481,14.712801648763406,,,,,,
later_2025,pullback,10,ticker_ascending,all_in,A_baseline,1000000,006800,006800:2025-11-12,2025-11-13,2025-11-17,24517.493,22778.46722151,37,stop_intraday,-65656.41670027701,-7.232256057956543,,,,,,
later_2025,pullback,10,ticker_ascending,all_in,A_baseline,1000000,014680,014680:2025-11-17,2025-11-18,2025-11-21,233232.99999999997,216689.78330999994,3,stop_intraday,-50641.97633244761,-7.232256057956555,,,,,,
later_2025,pullback,10,ticker_ascending,all_in,A_baseline,1000000,016360,016360:2025-11-24,2025-11-25,2025-12-09,80180.09999999999,81218.7,10,time_open,9175.509000000078,1.1435047506308749,,,,,,
later_2025,pullback,10,ticker_ascending,all_in,A_baseline,1000000,003080,003080:2025-12-08,2025-12-09,2025-12-23,2927.9249999999997,2842.155,280,time_open,-25227.316799999913,-3.074875123915255,,,,,,
later_2025,pullback,10,ticker_ascending,all_in,A_baseline,1000000,048770,048770:2025-12-22,2025-12-23,2025-12-24,2522.5199999999995,2897.9971019999994,316,take_intraday,117366.10167882591,14.71280164876343,,,,,,
later_2025,pullback,10,ticker_ascending,all_in,A_baseline,1000000,126640,126640:2025-12-24,2025-12-26,2026-01-13,1335.3339999999998,1312.686,685,time_open,-16874.300275000045,-1.8434004777081126,,,,,,
later_2025,pullback,10,ticker_ascending,cash_half,A_baseline,1000000,204320,204320:2025-01-02,2025-01-03,2025-01-17,,,11,time_open,23089.706062500074,4.989037317915668,cash_50_no_add,3.0,False,1.0,462808.8464999999,485898.5525625
later_2025,pullback,10,ticker_ascending,cash_half,A_baseline,1000000,081150,081150:2025-01-17,2025-01-20,2025-02-07,,,160,time_open,-15357.010200000019,-3.013005287596515,cash_50_no_add,3.0,False,1.0,509690.7816,494333.77139999997
later_2025,pullback,10,ticker_ascending,cash_half,A_baseline,1000000,058860,058860:2025-02-06,2025-02-07,2025-02-21,,,180,time_open,-11640.382424999902,-2.3138268901526926,cash_50_no_add,3.0,False,1.0,503079.2266499999,491438.844225
later_2025,pullback,10,ticker_ascending,cash_half,A_baseline,1000000,003030,003030:2025-02-20,2025-02-21,2025-03-05,,,2,take_intraday,67797.37639674987,14.712801648763406,cash_50_no_add,3.0,False,1.0,460805.345,528602.7213967498
later_2025,pullback,10,ticker_ascending,cash_half,A_baseline,1000000,006040,006040:2025-03-05,2025-03-06,2025-03-20,,,14,time_open,8026.207349999982,1.5963697999242354,cash_50_no_add,3.0,False,1.0,502778.701425,510804.90877499996
later_2025,pullback,10,ticker_ascending,cash_half,A_baseline,1000000,003030,003030:2025-03-21,2025-03-24,2025-03-25,,,2,stop_intraday,-36876.63226497255,-7.232256057956543,cash_50_no_add,3.0,False,1.0,509891.13174999994,473014.4994850274
later_2025,pullback,10,ticker_ascending,cash_half,A_baseline,1000000,052220,052220:2025-03-26,2025-03-27,2025-03-28,,,104,stop_gap,-78619.89771999995,-15.307086615066067,cash_50_no_add,3.0,False,1.0,513617.64453999995,434997.74682
later_2025,pullback,10,ticker_ascending,cash_half,A_baseline,1000000,310200,310200:2025-04-01,2025-04-02,2025-04-16,,,153,time_open,19717.12606500002,4.136491317568547,cash_50_no_add,3.0,False,1.0,476663.0593725,496380.1854375
later_2025,pullback,10,ticker_ascending,cash_half,A_baseline,1000000,002700,002700:2025-04-15,2025-04-16,2025-04-30,,,321,time_open,1502.2824074999662,0.30837150472671215,cash_50_no_add,3.0,False,1.0,487166.41598625,488668.69839374995
later_2025,pullback,10,ticker_ascending,cash_half,A_baseline,1000000,025980,025980:2025-04-29,2025-04-30,2025-05-02,,,70,stop_intraday,-35246.5257306663,-7.232256057956543,cash_50_no_add,3.0,False,1.0,487351.73987499997,452105.2141443337
later_2025,pullback,10,ticker_ascending,cash_half,A_baseline,1000000,099220,099220:2025-05-02,2025-05-07,2025-05-09,,,32,stop_intraday,-33199.11192357767,-7.232256057956543,cash_50_no_add,3.0,False,1.0,459042.26368,425843.1517564223
later_2025,pullback,10,ticker_ascending,cash_half,A_baseline,1000000,000850,000850:2025-05-09,2025-05-12,2025-05-26,,,15,time_open,7451.256750000059,1.6982270003121025,cash_50_no_add,3.0,False,1.0,438766.82849999995,446218.08525
later_2025,pullback,10,ticker_ascending,cash_half,A_baseline,1000000,000850,000850:2025-05-23,2025-05-26,2025-06-11,,,15,time_open,42608.09568750003,9.515353452995857,cash_50_no_add,3.0,False,1.0,447782.58524999995,490390.6809375
later_2025,pullback,10,ticker_ascending,cash_half,A_baseline,1000000,053350,053350:2025-06-11,2025-06-12,2025-06-13,,,50,take_gap,88197.5675,18.73264371762837,cash_50_no_add,3.0,False,1.0,470822.85250000004,559020.42
later_2025,pullback,10,ticker_ascending,cash_half,A_baseline,1000000,026890,026890:2025-06-12,2025-06-13,2025-06-19,,,47,stop_intraday,-37456.225699392555,-7.232256057956543,cash_50_no_add,3.0,False,1.0,517905.13774999994,480448.9120506074
later_2025,pullback,10,ticker_ascending,cash_half,A_baseline,1000000,006040,006040:2025-06-19,2025-06-20,2025-06-26,,,10,stop_intraday,-35500.097858224995,-7.232256057956532,cash_50_no_add,3.0,False,1.0,490857.86749999993,455357.76964177494
later_2025,pullback,10,ticker_ascending,cash_half,A_baseline,1000000,033310,033310:2025-06-26,2025-06-27,2025-07-11,,,222,time_open,2730.6033300000126,0.5606629399059093,cash_50_no_add,3.0,False,1.0,487031.17963499995,489761.78296499996
later_2025,pullback,10,ticker_ascending,cash_half,A_baseline,1000000,003080,003080:2025-07-10,2025-07-11,2025-07-25,,,173,time_open,-1698.4274999999907,-0.3493883084190297,cash_50_no_add,3.0,False,1.0,486114.57769874996,484416.15019874997
later_2025,pullback,10,ticker_ascending,cash_half,A_baseline,1000000,009300,009300:2025-07-24,2025-07-25,2025-08-08,,,26,time_open,-15190.770140000037,-3.13232698079402,cash_50_no_add,3.0,False,1.0,484967.57309,469776.80295
later_2025,pullback,10,ticker_ascending,cash_half,A_baseline,1000000,265520,265520:2025-08-08,2025-08-11,2025-08-19,,,26,stop_intraday,-34094.58377975656,-7.232256057956543,cash_50_no_add,3.0,False,1.0,471423.90295,437329.31917024346
later_2025,pullback,10,ticker_ascending,cash_half,A_baseline,1000000,003570,003570:2025-08-20,2025-08-21,2025-08-26,,,8,take_intraday,66736.20007053984,14.712801648763385,cash_50_no_add,3.0,False,1.0,453592.7396,520328.9396705398
later_2025,pullback,10,ticker_ascending,cash_half,A_baseline,1000000,114090,114090:2025-08-26,2025-08-27,2025-09-02,,,29,stop_intraday,-35738.45565813035,-7.232256057956555,cash_50_no_add,3.0,False,1.0,494153.6274675,458415.17180936964
later_2025,pullback,10,ticker_ascending,cash_half,A_baseline,1000000,124560,124560:2025-09-02,2025-09-03,2025-09-04,,,139,stop_intraday,-34390.53867720725,-7.232256057956543,cash_50_no_add,3.0,False,1.0,475516.05476374994,441125.5160865427
later_2025,pullback,10,ticker_ascending,cash_half,A_baseline,1000000,114090,114090:2025-09-04,2025-09-05,2025-09-19,,,27,time_open,15671.622960000066,3.4695572893421733,cash_50_no_add,3.0,False,1.0,451689.41317499994,467361.036135
later_2025,pullback,10,ticker_ascending,cash_half,A_baseline,1000000,011170,011170:2025-09-18,2025-09-19,2025-10-10,,,6,time_open,-5605.9531499999575,-1.3858731254191237,cash_50_no_add,3.0,False,1.0,404506.95284999994,398900.9997
later_2025,pullback,10,ticker_ascending,cash_half,A_baseline,1000000,006800,006800:2025-10-02,2025-10-10,2025-10-14,,,20,stop_intraday,-32171.78256106819,-7.232256057956543,cash_50_no_add,3.0,False,1.0,444837.43804499996,412665.65548393177
later_2025,pullback,10,ticker_ascending,cash_half,A_baseline,1000000,056080,056080:2025-10-15,2025-10-16,2025-10-17,,,35,stop_gap,-37193.30177499994,-8.352823263175924,cash_50_no_add,3.0,False,1.0,445278.20837499993,408084.9066
later_2025,pullback,10,ticker_ascending,cash_half,A_baseline,1000000,006800,006800:2025-10-16,2025-10-17,2025-10-20,,,19,take_intraday,60781.08486769057,14.712801648763406,cash_50_no_add,3.0,False,1.0,413117.00054624997,473898.08541394054
later_2025,pullback,10,ticker_ascending,cash_half,A_baseline,1000000,014680,014680:2025-10-24,2025-10-27,2025-11-10,,,2,time_open,-2503.2507499999483,-0.5811339170040952,cash_50_no_add,3.0,False,1.0,430752.82249999995,428249.57175
later_2025,pullback,10,ticker_ascending,cash_half,A_baseline,1000000,011170,011170:2025-11-10,2025-11-11,2025-11-12,,,6,take_intraday,64024.30501466984,14.712801648763385,cash_50_no_add,3.0,False,1.0,435160.5258,499184.83081466984
later_2025,pullback,10,ticker_ascending,cash_half,A_baseline,1000000,006800,006800:2025-11-12,2025-11-13,2025-11-17,,,20,stop_intraday,-35489.95497312269,-7.232256057956543,cash_50_no_add,3.0,False,1.0,490717.622395,455227.6674218773
later_2025,pullback,10,ticker_ascending,cash_half,A_baseline,1000000,014680,014680:2025-11-17,2025-11-18,2025-11-21,,,2,stop_intraday,-33761.31755496509,-7.232256057956555,cash_50_no_add,3.0,False,1.0,466815.84949999995,433054.53194503486
later_2025,pullback,10,ticker_ascending,cash_half,A_baseline,1000000,016360,016360:2025-11-24,2025-11-25,2025-12-09,,,5,time_open,4587.754500000039,1.1435047506308749,cash_50_no_add,3.0,False,1.0,401201.17537499993,405788.929875
later_2025,pullback,10,ticker_ascending,cash_half,A_baseline,1000000,003080,003080:2025-12-08,2025-12-09,2025-12-23,,,157,time_open,-14145.316920000012,-3.074875123915266,cash_50_no_add,3.0,False,1.0,460028.98816875,445883.67124875
later_2025,pullback,10,ticker_ascending,cash_half,A_baseline,1000000,048770,048770:2025-12-22,2025-12-23,2025-12-24,,,179,take_intraday,66482.69683705643,14.712801648763406,cash_50_no_add,3.0,False,1.0,451869.7283099999,518352.42514705635
later_2025,pullback,10,ticker_ascending,cash_half,A_baseline,1000000,126640,126640:2025-12-24,2025-12-26,2026-01-13,,,364,time_open,-8966.78145999997,-1.8434004777081014,cash_50_no_add,3.0,False,1.0,486426.12218199996,477459.340722
later_2025,pullback,10,ticker_ascending,dip_3pct,A_baseline,1000000,204320,204320:2025-01-02,2025-01-03,2025-01-17,,,23,time_open,61501.586212500115,6.443545391589556,dip_50_50,3.0,True,2.0,954468.1145999999,1015969.7008125
later_2025,pullback,10,ticker_ascending,dip_3pct,A_baseline,1000000,081150,081150:2025-01-17,2025-01-20,2025-02-07,,,329,time_open,-10350.753831250011,-1.008035269201124,dip_50_50,3.0,True,2.0,1026824.5712725,1016473.81744125
later_2025,pullback,10,ticker_ascending,dip_3pct,A_baseline,1000000,058860,058860:2025-02-06,2025-02-07,2025-02-21,,,188,time_open,-12157.732754999888,-2.3138268901526926,dip_50_50,3.0,False,1.0,525438.3033899999,513280.570635
later_2025,pullback,10,ticker_ascending,dip_3pct,A_baseline,1000000,003030,003030:2025-02-20,2025-02-21,2025-03-05,,,2,take_intraday,67797.37639674987,14.712801648763406,dip_50_50,3.0,False,1.0,460805.345,528602.7213967498
later_2025,pullback,10,ticker_ascending,dip_3pct,A_baseline,1000000,006040,006040:2025-03-05,2025-03-06,2025-03-20,,,15,time_open,8599.50787500001,1.5963697999242576,dip_50_50,3.0,False,1.0,538691.4658125,547290.9736875
later_2025,pullback,10,ticker_ascending,dip_3pct,A_baseline,1000000,003030,003030:2025-03-21,2025-03-24,2025-03-25,,,2,stop_intraday,-36876.63226497255,-7.232256057956543,dip_50_50,3.0,False,1.0,509891.13174999994,473014.4994850274
later_2025,pullback,10,ticker_ascending,dip_3pct,A_baseline,1000000,052220,052220:2025-03-26,2025-03-27,2025-03-28,,,109,stop_gap,-82399.70049499988,-15.307086615066057,dip_50_50,3.0,False,1.0,538310.8005274999,455911.1000325
later_2025,pullback,10,ticker_ascending,dip_3pct,A_baseline,1000000,310200,310200:2025-04-01,2025-04-02,2025-04-16,,,323,time_open,53125.14252500003,5.3403450211340076,dip_50_50,3.0,True,2.0,994788.5822874999,1047913.7248125
later_2025,pullback,10,ticker_ascending,dip_3pct,A_baseline,1000000,002700,002700:2025-04-15,2025-04-16,2025-04-30,,,345,time_open,1614.6025875000632,0.30837150472673436,dip_50_50,3.0,False,1.0,523590.07325624995,525204.67584375
later_2025,pullback,10,ticker_ascending,dip_3pct,A_baseline,1000000,025980,025980:2025-04-29,2025-04-30,2025-05-02,,,75,stop_intraday,-37764.134711428196,-7.232256057956543,dip_50_50,3.0,False,1.0,522162.57843749993,484398.44372607174
later_2025,pullback,10,ticker_ascending,dip_3pct,A_baseline,1000000,099220,099220:2025-05-02,2025-05-07,2025-05-09,,,35,stop_intraday,-36311.52866641304,-7.232256057956543,dip_50_50,3.0,False,1.0,502077.47589999996,465765.9472335869
later_2025,pullback,10,ticker_ascending,dip_3pct,A_baseline,1000000,000850,000850:2025-05-09,2025-05-12,2025-05-26,,,16,time_open,7948.007200000051,1.6982270003120803,dip_50_50,3.0,False,1.0,468017.9504,475965.9576
later_2025,pullback,10,ticker_ascending,dip_3pct,A_baseline,1000000,000850,000850:2025-05-23,2025-05-26,2025-06-11,,,16,time_open,45448.63540000003,9.515353452995857,dip_50_50,3.0,False,1.0,477634.75759999995,523083.393
later_2025,pullback,10,ticker_ascending,dip_3pct,A_baseline,1000000,053350,053350:2025-06-11,2025-06-12,2025-06-13,,,54,take_gap,95253.37290000002,18.732643717628395,dip_50_50,3.0,False,1.0,508488.68069999997,603742.0536
later_2025,pullback,10,ticker_ascending,dip_3pct,A_baseline,1000000,026890,026890:2025-06-12,2025-06-13,2025-06-19,,,98,stop_intraday,-56913.186925595044,-5.37576007047088,dip_50_50,3.0,True,2.0,1058700.2801374998,1001787.0932119048
later_2025,pullback,10,ticker_ascending,dip_3pct,A_baseline,1000000,006040,006040:2025-06-19,2025-06-20,2025-06-26,,,20,stop_intraday,-53970.43296645,-5.5946115646909655,dip_50_50,3.0,True,2.0,964685.9722499999,910715.5392835499
later_2025,pullback,10,ticker_ascending,dip_3pct,A_baseline,1000000,033310,033310:2025-06-26,2025-06-27,2025-07-11,,,464,time_open,17377.60319750011,1.726934777169764,dip_50_50,3.0,True,2.0,1006268.6458824999,1023646.24908
later_2025,pullback,10,ticker_ascending,dip_3pct,A_baseline,1000000,003080,003080:2025-07-10,2025-07-11,2025-07-25,,,183,time_open,-1796.602499999979,-0.3493883084190297,dip_50_50,3.0,False,1.0,514213.68623625,512417.08373625
later_2025,pullback,10,ticker_ascending,dip_3pct,A_baseline,1000000,009300,009300:2025-07-24,2025-07-25,2025-08-08,,,55,time_open,-7170.692760000005,-0.7164035119109124,dip_50_50,3.0,True,2.0,1000929.314385,993758.621625
later_2025,pullback,10,ticker_ascending,dip_3pct,A_baseline,1000000,265520,265520:2025-08-08,2025-08-11,2025-08-19,,,56,stop_intraday,-56605.07554101385,-5.668754755562533,dip_50_50,3.0,True,2.0,998545.1475999998,941940.0720589859
later_2025,pullback,10,ticker_ascending,dip_3pct,A_baseline,1000000,003570,003570:2025-08-20,2025-08-21,2025-08-26,,,8,take_intraday,66736.20007053984,14.712801648763385,dip_50_50,3.0,False,1.0,453592.7396,520328.9396705398
later_2025,pullback,10,ticker_ascending,dip_3pct,A_baseline,1000000,114090,114090:2025-08-26,2025-08-27,2025-09-02,,,60,stop_intraday,-53505.9170961316,-5.340172498250794,dip_50_50,3.0,True,2.0,1001951.1001499998,948445.1830538682
later_2025,pullback,10,ticker_ascending,dip_3pct,A_baseline,1000000,124560,124560:2025-09-02,2025-09-03,2025-09-04,,,296,stop_intraday,-37216.5801898893,-3.8108635517264067,dip_50_50,3.0,True,2.0,976591.7799137499,939375.1997238606
later_2025,pullback,10,ticker_ascending,dip_3pct,A_baseline,1000000,114090,114090:2025-09-04,2025-09-05,2025-09-19,,,57,time_open,46447.89236499998,4.940197306218885,dip_50_50,3.0,True,2.0,940203.18392,986651.076285
later_2025,pullback,10,ticker_ascending,dip_3pct,A_baseline,1000000,011170,011170:2025-09-18,2025-09-19,2025-10-10,,,14,time_open,4450.080775000039,0.4804048245161674,dip_50_50,3.0,True,2.0,926318.9185249999,930768.9992999999
later_2025,pullback,10,ticker_ascending,dip_3pct,A_baseline,1000000,006800,006800:2025-10-02,2025-10-10,2025-10-14,,,45,stop_intraday,-54046.45803140348,-5.500664394910027,dip_50_50,3.0,True,2.0,982544.18287025,928497.7248388465
later_2025,pullback,10,ticker_ascending,dip_3pct,A_baseline,1000000,056080,056080:2025-10-15,2025-10-16,2025-10-17,,,36,stop_gap,-38255.96753999998,-8.352823263175924,dip_50_50,3.0,False,1.0,458000.44289999997,419744.47536
later_2025,pullback,10,ticker_ascending,dip_3pct,A_baseline,1000000,006800,006800:2025-10-16,2025-10-17,2025-10-20,,,20,take_intraday,63980.08933441114,14.712801648763406,dip_50_50,3.0,False,1.0,434860.000575,498840.08990941115
later_2025,pullback,10,ticker_ascending,dip_3pct,A_baseline,1000000,014680,014680:2025-10-24,2025-10-27,2025-11-10,,,4,time_open,9018.009000000078,1.0640955453622647,dip_50_50,3.0,True,2.0,847481.1344999999,856499.1435
later_2025,pullback,10,ticker_ascending,dip_3pct,A_baseline,1000000,011170,011170:2025-11-10,2025-11-11,2025-11-12,,,6,take_intraday,64024.30501466984,14.712801648763385,dip_50_50,3.0,False,1.0,435160.5258,499184.83081466984
later_2025,pullback,10,ticker_ascending,dip_3pct,A_baseline,1000000,006800,006800:2025-11-12,2025-11-13,2025-11-17,,,42,stop_intraday,-54628.12504405761,-5.40548075052163,dip_50_50,3.0,True,2.0,1010606.2266299999,955978.1015859423
later_2025,pullback,10,ticker_ascending,dip_3pct,A_baseline,1000000,014680,014680:2025-11-17,2025-11-18,2025-11-21,,,4,stop_intraday,-56503.37685993011,-6.124280831721496,dip_50_50,3.0,True,2.0,922612.4407499998,866109.0638900697
later_2025,pullback,10,ticker_ascending,dip_3pct,A_baseline,1000000,016360,016360:2025-11-24,2025-11-25,2025-12-09,,,11,time_open,18507.76620000007,2.117041406876208,dip_50_50,3.0,True,2.0,874227.8795249999,892735.645725
later_2025,pullback,10,ticker_ascending,dip_3pct,A_baseline,1000000,003080,003080:2025-12-08,2025-12-09,2025-12-23,,,327,time_open,-16158.65215999994,-1.7101884383895705,dip_50_50,3.0,True,2.0,944846.2986462499,928687.64648625
later_2025,pullback,10,ticker_ascending,dip_3pct,A_baseline,1000000,048770,048770:2025-12-22,2025-12-23,2025-12-24,,,184,take_intraday,68339.75540792389,14.712801648763406,dip_50_50,3.0,False,1.0,464491.7877599999,532831.5431679238
later_2025,pullback,10,ticker_ascending,dip_3pct,A_baseline,1000000,126640,126640:2025-12-24,2025-12-26,2026-01-13,,,760,time_open,274.3480722500244,0.027527885035460997,dip_50_50,3.0,True,2.0,996618.7809077499,996893.1289799999
later_2025,pullback,10,factor_rank,all_in,A_baseline,1000000,204320,204320:2025-01-02,2025-01-03,2025-01-17,42041.99999999999,44205.75,23,time_open,48278.476312500075,4.989037317915668,,,,,,
later_2025,pullback,10,factor_rank,all_in,A_baseline,1000000,081150,081150:2025-01-17,2025-01-20,2025-02-07,3183.18,3091.905,329,time_open,-31577.85222374997,-3.013005287596515,,,,,,
later_2025,pullback,10,factor_rank,all_in,A_baseline,1000000,058860,058860:2025-02-06,2025-02-07,2025-02-21,2792.7899999999995,2732.265,363,time_open,-23474.771223749965,-2.3138268901527037,,,,,,
later_2025,pullback,10,factor_rank,all_in,A_baseline,1000000,003030,003030:2025-02-20,2025-02-21,2025-03-05,230229.99999999997,264499.73549999995,4,take_intraday,135594.75279349973,14.712801648763406,,,,,,
later_2025,pullback,10,factor_rank,all_in,A_baseline,1000000,136480,136480:2025-03-05,2025-03-06,2025-03-20,2972.97,3076.92,379,time_open,37677.368767499924,3.3413750875654458,,,,,,
later_2025,pullback,10,factor_rank,all_in,A_baseline,1000000,003570,003570:2025-03-21,2025-03-24,2025-03-25,34334.299999999996,31898.968100999995,33,stop_intraday,-82005.22605249984,-7.232256057956543,,,,,,
later_2025,pullback,10,factor_rank,all_in,A_baseline,1000000,052220,052220:2025-03-26,2025-03-27,2025-03-28,4934.929999999999,4185.81,219,stop_gap,-165555.36154499988,-15.307086615066067,,,,,,
later_2025,pullback,10,factor_rank,all_in,A_baseline,1000000,310200,310200:2025-04-01,2025-04-02,2025-04-16,3113.1099999999997,3246.75,294,time_open,37887.81087000016,4.136491317568547,,,,,,
later_2025,pullback,10,factor_rank,all_in,A_baseline,1000000,002700,002700:2025-04-15,2025-04-16,2025-04-30,1516.5149999999999,1523.475,630,time_open,2948.404724999913,0.30837150472671215,,,,,,
later_2025,pullback,10,factor_rank,all_in,A_baseline,1000000,026890,026890:2025-04-29,2025-04-30,2025-05-19,9949.939999999999,10489.5,96,time_open,50326.12031999999,5.264730660120742,,,,,,
later_2025,pullback,10,factor_rank,all_in,A_baseline,1000000,003570,003570:2025-05-16,2025-05-19,2025-05-21,34884.85,40077.45992249999,28,take_intraday,143818.86932162708,14.712801648763385,,,,,,
later_2025,pullback,10,factor_rank,all_in,A_baseline,1000000,344860,344860:2025-05-21,2025-05-22,2025-05-27,2302.2999999999997,2138.997861,500,stop_intraday,-83316.55619787471,-7.23225605795651,,,,,,
later_2025,pullback,10,factor_rank,all_in,A_baseline,1000000,026890,026890:2025-05-27,2025-05-28,2025-06-13,10610.599999999999,10989.0,100,time_open,36220.03000000026,3.4110121327727283,,,,,,
later_2025,pullback,10,factor_rank,all_in,A_baseline,1000000,026890,026890:2025-06-12,2025-06-13,2025-06-19,11010.999999999998,10229.989769999998,100,stop_intraday,-79694.09723274992,-7.232256057956532,,,,,,
later_2025,pullback,10,factor_rank,all_in,A_baseline,1000000,026890,026890:2025-06-19,2025-06-20,2025-07-04,10950.939999999999,10709.28,93,time_open,-23985.180344999884,-2.35333113951115,,,,,,
later_2025,pullback,10,factor_rank,all_in,A_baseline,1000000,009300,009300:2025-07-03,2025-07-04,2025-07-18,17807.789999999997,18911.07,56,time_open,60241.48787999991,6.036316993908231,,,,,,
later_2025,pullback,10,factor_rank,all_in,A_baseline,1000000,009300,009300:2025-07-17,2025-07-18,2025-08-01,18948.929999999997,18171.81,56,time_open,-45077.79107999976,-4.244869166938292,,,,,,
later_2025,pullback,10,factor_rank,all_in,A_baseline,1000000,127120,127120:2025-07-31,2025-08-01,2025-08-11,13873.859999999999,15938.984060999997,73,take_intraday,149121.8032406601,14.712801648763406,,,,,,
later_2025,pullback,10,factor_rank,all_in,A_baseline,1000000,064850,064850:2025-08-12,2025-08-13,2025-08-28,8308.3,7962.03,140,time_open,-50186.184650000185,-4.3114005804939515,,,,,,
later_2025,pullback,10,factor_rank,all_in,A_baseline,1000000,085310,085310:2025-08-27,2025-08-28,2025-09-05,13213.199999999999,12275.987723999999,84,stop_intraday,-80331.65001061198,-7.232256057956532,,,,,,
later_2025,pullback,10,factor_rank,all_in,A_baseline,1000000,064850,064850:2025-09-05,2025-09-08,2025-09-22,8338.33,8841.15,124,time_open,60751.98835999973,5.871298135713232,,,,,,
later_2025,pullback,10,factor_rank,all_in,A_baseline,1000000,326030,326030:2025-09-19,2025-09-22,2025-09-24,115014.9,106856.893143,9,stop_intraday,-74919.69631671533,-7.232256057956543,,,,,,
later_2025,pullback,10,factor_rank,all_in,A_baseline,1000000,064850,064850:2025-09-25,2025-09-26,2025-10-17,8618.609999999999,8411.58,118,time_open,-25936.71181499993,-2.5484145826815574,,,,,,
later_2025,pullback,10,factor_rank,all_in,A_baseline,1000000,006800,006800:2025-10-16,2025-10-17,2025-10-20,21726.704999999998,24960.725039249995,45,take_intraday,143955.20100242516,14.712801648763406,,,,,,
later_2025,pullback,10,factor_rank,all_in,A_baseline,1000000,014680,014680:2025-10-24,2025-10-27,2025-11-10,215214.99999999997,214285.5,5,time_open,-6258.126874999842,-0.5811339170040952,,,,,,
later_2025,pullback,10,factor_rank,all_in,A_baseline,1000000,016360,016360:2025-11-10,2025-11-11,2025-11-25,78478.4,80019.9,14,time_open,19916.767849999946,1.8114030165259587,,,,,,
later_2025,pullback,10,factor_rank,all_in,A_baseline,1000000,016360,016360:2025-11-24,2025-11-25,2025-12-09,80180.09999999999,81218.7,14,time_open,12845.712600000203,1.1435047506308749,,,,,,
later_2025,pullback,10,factor_rank,all_in,A_baseline,1000000,026890,026890:2025-12-08,2025-12-09,2025-12-23,10760.749999999998,10369.62,108,time_open,-43953.59996999963,-3.779223315478075,,,,,,
later_2025,pullback,10,factor_rank,all_in,A_baseline,1000000,126640,126640:2025-12-22,2025-12-23,2025-12-29,1385.3839999999998,1287.1187128799995,810,stop_intraday,-81218.4279652749,-7.232256057956565,,,,,,
later_2025,pullback,10,factor_rank,cash_half,A_baseline,1000000,204320,204320:2025-01-02,2025-01-03,2025-01-17,,,11,time_open,23089.706062500074,4.989037317915668,cash_50_no_add,3.0,False,1.0,462808.8464999999,485898.5525625
later_2025,pullback,10,factor_rank,cash_half,A_baseline,1000000,081150,081150:2025-01-17,2025-01-20,2025-02-07,,,160,time_open,-15357.010200000019,-3.013005287596515,cash_50_no_add,3.0,False,1.0,509690.7816,494333.77139999997
later_2025,pullback,10,factor_rank,cash_half,A_baseline,1000000,058860,058860:2025-02-06,2025-02-07,2025-02-21,,,180,time_open,-11640.382424999902,-2.3138268901526926,cash_50_no_add,3.0,False,1.0,503079.2266499999,491438.844225
later_2025,pullback,10,factor_rank,cash_half,A_baseline,1000000,003030,003030:2025-02-20,2025-02-21,2025-03-05,,,2,take_intraday,67797.37639674987,14.712801648763406,cash_50_no_add,3.0,False,1.0,460805.345,528602.7213967498
later_2025,pullback,10,factor_rank,cash_half,A_baseline,1000000,136480,136480:2025-03-05,2025-03-06,2025-03-20,,,178,time_open,17695.439685000107,3.341375087565468,cash_50_no_add,3.0,False,1.0,529585.5514949999,547280.99118
later_2025,pullback,10,factor_rank,cash_half,A_baseline,1000000,003570,003570:2025-03-21,2025-03-24,2025-03-25,,,15,stop_intraday,-37275.10275113635,-7.232256057956555,cash_50_no_add,3.0,False,1.0,515400.760875,478125.6581238636
later_2025,pullback,10,factor_rank,cash_half,A_baseline,1000000,052220,052220:2025-03-26,2025-03-27,2025-03-28,,,105,stop_gap,-79375.85827499995,-15.307086615066067,cash_50_no_add,3.0,False,1.0,518556.27573749993,439180.4174625
later_2025,pullback,10,factor_rank,cash_half,A_baseline,1000000,310200,310200:2025-04-01,2025-04-02,2025-04-16,,,154,time_open,19845.996170000057,4.136491317568547,cash_50_no_add,3.0,False,1.0,479778.50420499995,499624.500375
later_2025,pullback,10,factor_rank,cash_half,A_baseline,1000000,002700,002700:2025-04-15,2025-04-16,2025-04-30,,,324,time_open,1516.3224300000002,0.30837150472671215,cash_50_no_add,3.0,False,1.0,491719.373145,493235.695575
later_2025,pullback,10,factor_rank,cash_half,A_baseline,1000000,026890,026890:2025-04-29,2025-04-30,2025-05-19,,,49,time_open,25687.29058000003,5.264730660120742,cash_50_no_add,3.0,False,1.0,487912.72029499995,513600.010875
later_2025,pullback,10,factor_rank,cash_half,A_baseline,1000000,003570,003570:2025-05-16,2025-05-19,2025-05-21,,,14,take_intraday,71909.43466081354,14.712801648763385,cash_50_no_add,3.0,False,1.0,488754.190925,560663.6255858135
later_2025,pullback,10,factor_rank,cash_half,A_baseline,1000000,344860,344860:2025-05-21,2025-05-22,2025-05-27,,,235,stop_intraday,-39158.78141300124,-7.232256057956532,cash_50_no_add,3.0,False,1.0,541446.2803749999,502287.4989619986
later_2025,pullback,10,factor_rank,cash_half,A_baseline,1000000,026890,026890:2025-05-27,2025-05-28,2025-06-13,,,49,time_open,17747.814700000104,3.4110121327727283,cash_50_no_add,3.0,False,1.0,520309.3395499999,538057.15425
later_2025,pullback,10,factor_rank,cash_half,A_baseline,1000000,026890,026890:2025-06-12,2025-06-13,2025-06-19,,,48,stop_intraday,-38253.16667172004,-7.232256057956543,cash_50_no_add,3.0,False,1.0,528924.396,490671.2293282799
later_2025,pullback,10,factor_rank,cash_half,A_baseline,1000000,026890,026890:2025-06-19,2025-06-20,2025-07-04,,,46,time_open,-11863.63758999994,-2.35333113951115,cash_50_no_add,3.0,False,1.0,504121.0474299999,492257.40984
later_2025,pullback,10,factor_rank,cash_half,A_baseline,1000000,009300,009300:2025-07-03,2025-07-04,2025-07-18,,,28,time_open,30120.743939999957,6.036316993908231,cash_50_no_add,3.0,False,1.0,498992.08358999994,529112.8275299999
later_2025,pullback,10,factor_rank,cash_half,A_baseline,1000000,009300,009300:2025-07-17,2025-07-18,2025-08-01,,,27,time_open,-21733.93498499994,-4.244869166938303,cash_50_no_add,3.0,False,1.0,512004.82583249995,490270.8908475
later_2025,pullback,10,factor_rank,cash_half,A_baseline,1000000,127120,127120:2025-07-31,2025-08-01,2025-08-11,,,36,take_intraday,73539.51940635283,14.712801648763385,cash_50_no_add,3.0,False,1.0,499833.55422,573373.0736263528
later_2025,pullback,10,factor_rank,cash_half,A_baseline,1000000,064850,064850:2025-08-12,2025-08-13,2025-08-28,,,65,time_open,-23300.728587499994,-4.31140058049394,cash_50_no_add,3.0,False,1.0,540444.529625,517143.8010375
later_2025,pullback,10,factor_rank,cash_half,A_baseline,1000000,085310,085310:2025-08-27,2025-08-28,2025-09-05,,,40,stop_intraday,-38253.16667172016,-7.232256057956565,cash_50_no_add,3.0,False,1.0,528924.3960000001,490671.2293282799
later_2025,pullback,10,factor_rank,cash_half,A_baseline,1000000,064850,064850:2025-09-05,2025-09-08,2025-09-22,,,61,time_open,29886.05879000004,5.8712981357132765,cash_50_no_add,3.0,False,1.0,509019.6085975,538905.6673875
later_2025,pullback,10,factor_rank,cash_half,A_baseline,1000000,326030,326030:2025-09-19,2025-09-22,2025-09-24,,,4,stop_intraday,-33297.642807429016,-7.232256057956532,cash_50_no_add,3.0,False,1.0,460404.6447,427107.001892571
later_2025,pullback,10,factor_rank,cash_half,A_baseline,1000000,064850,064850:2025-09-25,2025-09-26,2025-10-17,,,59,time_open,-12968.355907499965,-2.5484145826815574,cash_50_no_add,3.0,False,1.0,508879.3634924999,495911.00758499996
later_2025,pullback,10,factor_rank,cash_half,A_baseline,1000000,006800,006800:2025-10-16,2025-10-17,2025-10-20,,,23,take_intraday,73577.10273457284,14.712801648763406,cash_50_no_add,3.0,False,1.0,500089.00066125,573666.1033958228
later_2025,pullback,10,factor_rank,cash_half,A_baseline,1000000,014680,014680:2025-10-24,2025-10-27,2025-11-10,,,2,time_open,-2503.2507499999483,-0.5811339170040952,cash_50_no_add,3.0,False,1.0,430752.82249999995,428249.57175
later_2025,pullback,10,factor_rank,cash_half,A_baseline,1000000,016360,016360:2025-11-10,2025-11-11,2025-11-25,,,6,time_open,8535.757649999985,1.8114030165259587,cash_50_no_add,3.0,False,1.0,471223.5528,479759.31045
later_2025,pullback,10,factor_rank,cash_half,A_baseline,1000000,016360,016360:2025-11-24,2025-11-25,2025-12-09,,,6,time_open,5505.305400000012,1.1435047506308749,cash_50_no_add,3.0,False,1.0,481441.41044999997,486946.71585
later_2025,pullback,10,factor_rank,cash_half,A_baseline,1000000,026890,026890:2025-12-08,2025-12-09,2025-12-23,,,51,time_open,-20755.866652499884,-3.7792233154780863,cash_50_no_add,3.0,False,1.0,549209.8486874999,528453.982035
later_2025,pullback,10,factor_rank,cash_half,A_baseline,1000000,126640,126640:2025-12-22,2025-12-23,2025-12-29,,,389,stop_intraday,-39004.89935616293,-7.232256057956565,cash_50_no_add,3.0,False,1.0,539318.561782,500313.6624258371
later_2025,pullback,10,factor_rank,dip_3pct,A_baseline,1000000,204320,204320:2025-01-02,2025-01-03,2025-01-17,,,23,time_open,61501.586212500115,6.443545391589556,dip_50_50,3.0,True,2.0,954468.1145999999,1015969.7008125
later_2025,pullback,10,factor_rank,dip_3pct,A_baseline,1000000,081150,081150:2025-01-17,2025-01-20,2025-02-07,,,329,time_open,-10350.753831250011,-1.008035269201124,dip_50_50,3.0,True,2.0,1026824.5712725,1016473.81744125
later_2025,pullback,10,factor_rank,dip_3pct,A_baseline,1000000,058860,058860:2025-02-06,2025-02-07,2025-02-21,,,188,time_open,-12157.732754999888,-2.3138268901526926,dip_50_50,3.0,False,1.0,525438.3033899999,513280.570635
later_2025,pullback,10,factor_rank,dip_3pct,A_baseline,1000000,003030,003030:2025-02-20,2025-02-21,2025-03-05,,,2,take_intraday,67797.37639674987,14.712801648763406,dip_50_50,3.0,False,1.0,460805.345,528602.7213967498
later_2025,pullback,10,factor_rank,dip_3pct,A_baseline,1000000,136480,136480:2025-03-05,2025-03-06,2025-03-20,,,186,time_open,18490.740345000057,3.3413750875654458,dip_50_50,3.0,False,1.0,553387.1493149999,571877.88966
later_2025,pullback,10,factor_rank,dip_3pct,A_baseline,1000000,003570,003570:2025-03-21,2025-03-24,2025-03-25,,,16,stop_intraday,-39760.10960121197,-7.232256057956532,dip_50_50,3.0,False,1.0,549760.8115999999,510000.70199878793
later_2025,pullback,10,factor_rank,dip_3pct,A_baseline,1000000,052220,052220:2025-03-26,2025-03-27,2025-03-28,,,109,stop_gap,-82399.70049499988,-15.307086615066057,dip_50_50,3.0,False,1.0,538310.8005274999,455911.1000325
later_2025,pullback,10,factor_rank,dip_3pct,A_baseline,1000000,310200,310200:2025-04-01,2025-04-02,2025-04-16,,,324,time_open,53254.01263000001,5.336586603793325,dip_50_50,3.0,True,2.0,997904.02712,1051158.03975
later_2025,pullback,10,factor_rank,dip_3pct,A_baseline,1000000,002700,002700:2025-04-15,2025-04-16,2025-04-30,,,348,time_open,1628.6426099999808,0.30837150472671215,dip_50_50,3.0,False,1.0,528143.030415,529771.673025
later_2025,pullback,10,factor_rank,dip_3pct,A_baseline,1000000,026890,026890:2025-04-29,2025-04-30,2025-05-19,,,106,time_open,84238.53098499996,8.203869985687696,dip_50_50,3.0,True,2.0,1026814.553765,1111053.08475
later_2025,pullback,10,factor_rank,dip_3pct,A_baseline,1000000,003570,003570:2025-05-16,2025-05-19,2025-05-21,,,16,take_intraday,82182.21104092989,14.712801648763406,dip_50_50,3.0,False,1.0,558576.2182,640758.4292409299
later_2025,pullback,10,factor_rank,dip_3pct,A_baseline,1000000,344860,344860:2025-05-21,2025-05-22,2025-05-27,,,494,stop_intraday,-53641.64230475086,-4.8346968223824565,dip_50_50,3.0,True,2.0,1109514.08693125,1055872.4446264992
later_2025,pullback,10,factor_rank,dip_3pct,A_baseline,1000000,026890,026890:2025-05-27,2025-05-28,2025-06-13,,,104,time_open,62211.72457500035,5.761480448249978,dip_50_50,3.0,True,2.0,1079787.1334249997,1141998.858
later_2025,pullback,10,factor_rank,dip_3pct,A_baseline,1000000,026890,026890:2025-06-12,2025-06-13,2025-06-19,,,102,stop_intraday,-60100.95081490523,-5.449962571673939,dip_50_50,3.0,True,2.0,1102777.3131374998,1042676.3623225946
later_2025,pullback,10,factor_rank,dip_3pct,A_baseline,1000000,026890,026890:2025-06-19,2025-06-20,2025-07-04,,,53,time_open,-13668.973745000083,-2.3533311395111722,dip_50_50,3.0,False,1.0,580835.119865,567166.1461199999
later_2025,pullback,10,factor_rank,dip_3pct,A_baseline,1000000,009300,009300:2025-07-03,2025-07-04,2025-07-18,,,32,time_open,34423.70736,6.036316993908253,dip_50_50,3.0,False,1.0,570276.66696,604700.37432
later_2025,pullback,10,factor_rank,dip_3pct,A_baseline,1000000,009300,009300:2025-07-17,2025-07-18,2025-08-01,,,58,time_open,-25049.895989999874,-2.3232544113832465,dip_50_50,3.0,True,2.0,1078224.4022549998,1053174.506265
later_2025,pullback,10,factor_rank,dip_3pct,A_baseline,1000000,127120,127120:2025-07-31,2025-08-01,2025-08-11,,,42,take_intraday,85796.1059740783,14.712801648763385,dip_50_50,3.0,False,1.0,583139.14659,668935.2525640783
later_2025,pullback,10,factor_rank,dip_3pct,A_baseline,1000000,064850,064850:2025-08-12,2025-08-13,2025-08-28,,,137,time_open,-31720.373387499945,-2.8278829014589557,dip_50_50,3.0,True,2.0,1121700.384805,1089980.0114175
later_2025,pullback,10,factor_rank,dip_3pct,A_baseline,1000000,085310,085310:2025-08-27,2025-08-28,2025-09-05,,,86,stop_intraday,-47784.08254419826,-4.333264059767695,dip_50_50,3.0,True,2.0,1102727.2256,1054943.1430558017
later_2025,pullback,10,factor_rank,dip_3pct,A_baseline,1000000,064850,064850:2025-09-05,2025-09-08,2025-09-22,,,70,time_open,34295.47730000003,5.8712981357132765,dip_50_50,3.0,False,1.0,584120.862325,618416.339625
later_2025,pullback,10,factor_rank,dip_3pct,A_baseline,1000000,326030,326030:2025-09-19,2025-09-22,2025-09-24,,,9,stop_intraday,-60895.18581671524,-5.959098117373641,dip_50_50,3.0,True,2.0,1021885.9400749999,960990.7542582847
later_2025,pullback,10,factor_rank,dip_3pct,A_baseline,1000000,064850,064850:2025-09-25,2025-09-26,2025-10-17,,,66,time_open,-14506.97440499987,-2.5484145826815463,dip_50_50,3.0,False,1.0,569254.8811949999,554747.90679
later_2025,pullback,10,factor_rank,dip_3pct,A_baseline,1000000,006800,006800:2025-10-16,2025-10-17,2025-10-20,,,26,take_intraday,83174.11613473459,14.71280164876343,dip_50_50,3.0,False,1.0,565318.0007475,648492.1168822346
later_2025,pullback,10,factor_rank,dip_3pct,A_baseline,1000000,014680,014680:2025-10-24,2025-10-27,2025-11-10,,,4,time_open,9018.009000000078,1.0640955453622647,dip_50_50,3.0,True,2.0,847481.1344999999,856499.1435
later_2025,pullback,10,factor_rank,dip_3pct,A_baseline,1000000,016360,016360:2025-11-10,2025-11-11,2025-11-25,,,7,time_open,9958.38392500009,1.811403016525981,dip_50_50,3.0,False,1.0,549760.8115999999,559719.195525
later_2025,pullback,10,factor_rank,dip_3pct,A_baseline,1000000,016360,016360:2025-11-24,2025-11-25,2025-12-09,,,13,time_open,20342.868000000017,1.9660485011442796,dip_50_50,3.0,True,2.0,1034708.349675,1055051.217675
later_2025,pullback,10,factor_rank,dip_3pct,A_baseline,1000000,026890,026890:2025-12-08,2025-12-09,2025-12-23,,,106,time_open,-20059.307134999894,-1.7935483295302035,dip_50_50,3.0,True,2.0,1118414.6423449998,1098355.33521
later_2025,pullback,10,factor_rank,dip_3pct,A_baseline,1000000,126640,126640:2025-12-22,2025-12-23,2025-12-29,,,823,stop_intraday,-57151.59410478547,-5.122690442725797,dip_50_50,3.0,True,2.0,1115655.8207794998,1058504.2266747144
later_2025,breakout,5,ticker_ascending,all_in,A_baseline,1000000,115500,115500:2024-12-30,2025-01-02,2025-01-08,14314.3,13296.69,69,stop_gap,-71643.95873249997,-7.248276810143873,,,,,,
later_2025,breakout,5,ticker_ascending,all_in,A_baseline,1000000,319400,319400:2025-01-08,2025-01-09,2025-01-16,3908.9049999999997,3991.005,237,time_open,18053.49099750002,1.947296724165426,,,,,,
later_2025,breakout,5,ticker_ascending,all_in,A_baseline,1000000,003030,003030:2025-01-17,2025-01-20,2025-01-31,206706.49999999997,214785.0,4,time_open,31049.525500000105,3.7524528507985933,,,,,,
later_2025,breakout,5,ticker_ascending,all_in,A_baseline,1000000,025980,025980:2025-01-24,2025-01-31,2025-02-03,6046.039999999999,5617.1943827999985,161,stop_intraday,-70452.47992092336,-7.232256057956565,,,,,,
later_2025,breakout,5,ticker_ascending,all_in,A_baseline,1000000,051630,051630:2025-02-03,2025-02-04,2025-02-05,4764.759999999999,5473.994525999999,190,take_intraday,133295.53742004477,14.712801648763406,,,,,,
later_2025,breakout,5,ticker_ascending,all_in,A_baseline,1000000,051630,051630:2025-02-05,2025-02-06,2025-02-07,5505.499999999999,5004.99,188,stop_gap,-95577.85908999993,-9.227351895487157,,,,,,
later_2025,breakout,5,ticker_ascending,all_in,A_baseline,1000000,136480,136480:2025-02-06,2025-02-07,2025-02-14,2982.9799999999996,2942.055,316,time_open,-14336.533294999856,-1.5197813987563813,,,,,,
later_2025,breakout,5,ticker_ascending,all_in,A_baseline,1000000,204320,204320:2025-02-13,2025-02-14,2025-02-21,46696.649999999994,45054.9,19,time_open,-32500.709587499965,-3.6603946990289016,,,,,,
later_2025,breakout,5,ticker_ascending,all_in,A_baseline,1000000,053350,053350:2025-02-27,2025-02-28,2025-03-04,4619.615,5307.244692749999,194,take_intraday,131955.80230820458,14.712801648763385,,,,,,
later_2025,breakout,5,ticker_ascending,all_in,A_baseline,1000000,003030,003030:2025-03-04,2025-03-05,2025-03-06,252752.49999999997,290374.70962499996,4,take_intraday,148859.4568711248,14.712801648763406,,,,,,
later_2025,breakout,5,ticker_ascending,all_in,A_baseline,1000000,052220,052220:2025-03-07,2025-03-10,2025-03-17,4179.174999999999,4405.59,281,time_open,61813.37577625015,5.259688038292731,,,,,,
later_2025,breakout,5,ticker_ascending,all_in,A_baseline,1000000,011230,011230:2025-03-19,2025-03-20,2025-03-21,3733.7299999999996,4345.65,331,take_gap,200539.81391499983,16.214520337366523,,,,,,
later_2025,breakout,5,ticker_ascending,all_in,A_baseline,1000000,006040,006040:2025-03-20,2025-03-21,2025-03-28,37837.799999999996,35564.4,38,time_open,-88481.16269999999,-6.149159359251788,,,,,,
later_2025,breakout,5,ticker_ascending,all_in,A_baseline,1000000,053350,053350:2025-03-28,2025-03-31,2025-04-01,9979.97,9272.090727899998,135,stop_intraday,-97512.97288220027,-7.232256057956565,,,,,,
later_2025,breakout,5,ticker_ascending,all_in,A_baseline,1000000,052220,052220:2025-04-01,2025-04-02,2025-04-04,5175.169999999999,4808.095191899999,242,stop_intraday,-90644.0661925301,-7.232256057956555,,,,,,
later_2025,breakout,5,ticker_ascending,all_in,A_baseline,1000000,131370,131370:2025-04-08,2025-04-09,2025-04-10,4003.9999999999995,3719.9962799999994,290,stop_intraday,-84041.04799090023,-7.232256057956555,,,,,,
later_2025,breakout,5,ticker_ascending,all_in,A_baseline,1000000,006040,006040:2025-04-15,2025-04-16,2025-04-23,39489.45,43106.85,27,time_open,95997.22492499999,8.99680340916904,,,,,,
later_2025,breakout,5,ticker_ascending,all_in,A_baseline,1000000,004450,004450:2025-04-22,2025-04-23,2025-04-28,39038.99999999999,36063.9,30,stop_gap,-90942.81524999975,-7.759305588049392,,,,,,
later_2025,breakout,5,ticker_ascending,all_in,A_baseline,1000000,006800,006800:2025-04-25,2025-04-28,2025-05-02,10265.255,11793.238206749998,105,take_intraday,158701.13036871818,14.712801648763406,,,,,,
later_2025,breakout,5,ticker_ascending,all_in,A_baseline,1000000,006800,006800:2025-05-02,2025-05-07,2025-05-14,12039.026999999998,12861.126,103,time_open,82752.6601807503,6.668493798737307,,,,,,
later_2025,breakout,5,ticker_ascending,all_in,A_baseline,1000000,114090,114090:2025-05-13,2025-05-14,2025-05-21,12752.739999999998,13536.45,103,time_open,78691.29007250024,5.986325621736444,,,,,,
later_2025,breakout,5,ticker_ascending,all_in,A_baseline,1000000,003570,003570:2025-05-20,2025-05-21,2025-05-28,39038.99999999999,41108.85,35,time_open,70340.86893750029,5.144171054065572,,,,,,
later_2025,breakout,5,ticker_ascending,all_in,A_baseline,1000000,001130,001130:2025-05-29,2025-05-30,2025-06-10,14114.099999999999,15344.64,104,time_open,125678.37828000006,8.555559970403092,,,,,,
later_2025,breakout,5,ticker_ascending,all_in,A_baseline,1000000,000850,000850:2025-06-09,2025-06-10,2025-06-17,33033.0,32867.1,48,time_open,-10335.603600000264,-0.6513598589996006,,,,,,
later_2025,breakout,5,ticker_ascending,all_in,A_baseline,1000000,003080,003080:2025-06-16,2025-06-17,2025-06-24,2757.7549999999997,2817.18,576,time_open,31820.42807999975,2.001715052725328,,,,,,
later_2025,breakout,5,ticker_ascending,all_in,A_baseline,1000000,006220,006220:2025-06-23,2025-06-24,2025-06-25,11301.289999999999,13486.5,143,take_gap,309826.5395224998,19.157064467346572,,,,,,
later_2025,breakout,5,ticker_ascending,all_in,A_baseline,1000000,003080,003080:2025-06-24,2025-06-25,2025-07-02,2837.8349999999996,2762.235,680,time_open,-54264.03569999989,-2.809897239075354,,,,,,
later_2025,breakout,5,ticker_ascending,all_in,A_baseline,1000000,004360,004360:2025-07-01,2025-07-02,2025-07-09,16086.069999999998,15734.25,116,time_open,-43579.48783999984,-2.3337190950590947,,,,,,
later_2025,breakout,5,ticker_ascending,all_in,A_baseline,1000000,114090,114090:2025-07-08,2025-07-09,2025-07-16,17327.309999999998,16753.23,105,time_open,-62962.24252499989,-3.4580729019172196,,,,,,
later_2025,breakout,5,ticker_ascending,all_in,A_baseline,1000000,003080,003080:2025-07-15,2025-07-16,2025-07-23,2902.8999999999996,2822.175,610,time_open,-51861.47181249992,-2.926559300442677,,,,,,
later_2025,breakout,5,ticker_ascending,all_in,A_baseline,1000000,127120,127120:2025-08-11,2025-08-12,2025-08-20,17016.999999999996,17242.74,101,time_open,20204.564695000416,1.1746798703934136,,,,,,
later_2025,breakout,5,ticker_ascending,all_in,A_baseline,1000000,415380,415380:2025-08-19,2025-08-20,2025-08-25,3253.2499999999995,3737.4962624999994,534,take_intraday,255787.71029686858,14.71280164876343,,,,,,
later_2025,breakout,5,ticker_ascending,all_in,A_baseline,1000000,003570,003570:2025-08-25,2025-08-26,2025-09-02,63062.99999999999,64335.6,31,time_open,36488.582549999934,1.8650697291716423,,,,,,
later_2025,breakout,5,ticker_ascending,all_in,A_baseline,1000000,319400,319400:2025-09-03,2025-09-04,2025-09-05,6536.529999999999,7509.492490499998,310,take_intraday,298352.6718259584,14.712801648763406,,,,,,
later_2025,breakout,5,ticker_ascending,all_in,A_baseline,1000000,319400,319400:2025-09-05,2025-09-08,2025-09-11,7307.299999999999,8511.48,318,take_gap,379156.46096999943,16.30454953592735,,,,,,
later_2025,breakout,5,ticker_ascending,all_in,A_baseline,1000000,010130,010130:2025-09-11,2025-09-12,2025-09-15,925924.9999999999,1093905.0,2,take_gap,332930.25500000035,17.964778164628292,,,,,,
later_2025,breakout,5,ticker_ascending,all_in,A_baseline,1000000,010130,010130:2025-09-12,2025-09-15,2025-09-17,1096094.9999999998,1018348.9816499997,2,stop_intraday,-158663.70267247525,-7.232256057956543,,,,,,
later_2025,breakout,5,ticker_ascending,all_in,A_baseline,1000000,170920,170920:2025-09-17,2025-09-18,2025-09-19,17367.35,19952.480047499997,165,take_intraday,421928.1288691219,14.71280164876343,,,,,,
later_2025,breakout,5,ticker_ascending,all_in,A_baseline,1000000,003570,003570:2025-09-19,2025-09-22,2025-09-29,71571.49999999999,72827.1,46,time_open,52775.84830000019,1.6018124799475952,,,,,,
later_2025,breakout,5,ticker_ascending,all_in,A_baseline,1000000,265520,265520:2025-10-10,2025-10-13,2025-10-20,20370.35,19960.02,164,time_open,-72254.75551000005,-2.161217611902322,,,,,,
later_2025,breakout,5,ticker_ascending,all_in,A_baseline,1000000,011170,011170:2025-10-17,2025-10-20,2025-10-27,72071.99999999999,77422.5,45,time_open,235727.0606250004,7.262811195798968,,,,,,
later_2025,breakout,5,ticker_ascending,all_in,A_baseline,1000000,015860,015860:2025-10-24,2025-10-27,2025-11-03,6596.589999999999,7072.92,533,time_open,248419.5033775,7.060141240727358,,,,,,
later_2025,breakout,5,ticker_ascending,all_in,A_baseline,1000000,015860,015860:2025-11-03,2025-11-04,2025-11-11,7217.209999999999,7672.32,522,time_open,231738.16900500003,6.146560026538395,,,,,,
later_2025,breakout,5,ticker_ascending,all_in,A_baseline,1000000,105560,105560:2025-11-10,2025-11-11,2025-11-18,130129.99999999999,125474.4,30,time_open,-145419.09899999993,-3.7221782425956196,,,,,,
later_2025,breakout,5,ticker_ascending,all_in,A_baseline,1000000,220100,220100:2025-11-17,2025-11-18,2025-11-24,25515.489999999998,23705.676294299996,151,stop_intraday,-278856.16664353013,-7.232256057956555,,,,,,
later_2025,breakout,5,ticker_ascending,all_in,A_baseline,1000000,138360,138360:2025-11-25,2025-11-26,2025-11-27,1080.079,1240.8487591499998,3310,take_intraday,526386.1996244094,14.712801648763406,,,,,,
later_2025,breakout,5,ticker_ascending,all_in,A_baseline,1000000,010130,010130:2025-11-27,2025-11-28,2025-12-05,1298296.9999999998,1298700.0,3,time_open,-4634.243249999359,-0.11889344714319794,,,,,,
later_2025,breakout,5,ticker_ascending,all_in,A_baseline,1000000,051630,051630:2025-12-05,2025-12-08,2025-12-15,2917.9149999999995,2997.0,1404,time_open,104806.93450500071,2.556375668865507,,,,,,
later_2025,breakout,5,ticker_ascending,all_in,A_baseline,1000000,015360,015360:2025-12-12,2025-12-15,2025-12-22,13953.939999999999,13586.4,301,time_open,-116846.77175500011,-2.7798910326039428,,,,,,
later_2025,breakout,5,ticker_ascending,all_in,A_baseline,1000000,011780,011780:2025-12-19,2025-12-22,2025-12-30,126526.39999999998,120879.0,32,time_open,-186654.52959999954,-4.606613807901128,,,,,,
later_2025,breakout,5,ticker_ascending,all_in,A_baseline,1000000,048770,048770:2025-12-29,2025-12-30,2026-01-02,3368.365,3121.875,1157,stop_gap,-290820.83576000016,-7.456712767848295,,,,,,
later_2025,breakout,5,ticker_ascending,cash_half,A_baseline,1000000,115500,115500:2024-12-30,2025-01-02,2025-01-08,,,34,stop_gap,-35302.82024499995,-7.248276810143861,cash_50_no_add,3.0,False,1.0,487051.21465,451748.394405
later_2025,breakout,5,ticker_ascending,cash_half,A_baseline,1000000,319400,319400:2025-01-08,2025-01-09,2025-01-16,,,123,time_open,9369.53330250003,1.947296724165426,cash_50_no_add,3.0,False,1.0,481155.91148624994,490525.44478874997
later_2025,breakout,5,ticker_ascending,cash_half,A_baseline,1000000,003030,003030:2025-01-17,2025-01-20,2025-01-31,,,2,time_open,15524.762750000053,3.7524528507985933,cash_50_no_add,3.0,False,1.0,413723.05974999996,429247.8225
later_2025,breakout,5,ticker_ascending,cash_half,A_baseline,1000000,025980,025980:2025-01-24,2025-01-31,2025-02-03,,,81,stop_intraday,-35445.036481955205,-7.232256057956555,cash_50_no_add,3.0,False,1.0,490096.53692999994,454651.50044804474
later_2025,breakout,5,ticker_ascending,cash_half,A_baseline,1000000,051630,051630:2025-02-03,2025-02-04,2025-02-05,,,100,take_intraday,70155.54601054988,14.712801648763406,cash_50_no_add,3.0,False,1.0,476833.35699999996,546988.9030105498
later_2025,breakout,5,ticker_ascending,cash_half,A_baseline,1000000,051630,051630:2025-02-05,2025-02-06,2025-02-07,,,92,stop_gap,-46772.14380999998,-9.227351895487157,cash_50_no_add,3.0,False,1.0,506885.8795,460113.73569
later_2025,breakout,5,ticker_ascending,cash_half,A_baseline,1000000,136480,136480:2025-02-06,2025-02-07,2025-02-14,,,163,time_open,-7395.110528749938,-1.5197813987563813,cash_50_no_add,3.0,False,1.0,486590.4093049999,479195.29877625
later_2025,breakout,5,ticker_ascending,cash_half,A_baseline,1000000,204320,204320:2025-02-13,2025-02-14,2025-02-21,,,10,time_open,-17105.636624999985,-3.6603946990289016,cash_50_no_add,3.0,False,1.0,467316.72487499996,450211.08825
later_2025,breakout,5,ticker_ascending,cash_half,A_baseline,1000000,053350,053350:2025-02-27,2025-02-28,2025-03-04,,,103,take_intraday,70059.00844198489,14.712801648763385,cash_50_no_add,3.0,False,1.0,476177.21025875,546236.2187007349
later_2025,breakout,5,ticker_ascending,cash_half,A_baseline,1000000,003030,003030:2025-03-04,2025-03-05,2025-03-06,,,2,take_intraday,74429.7284355624,14.712801648763406,cash_50_no_add,3.0,False,1.0,505884.12875,580313.8571855624
later_2025,breakout,5,ticker_ascending,cash_half,A_baseline,1000000,052220,052220:2025-03-07,2025-03-10,2025-03-17,,,131,time_open,28816.911838750006,5.259688038292709,cash_50_no_add,3.0,False,1.0,547882.52894375,576699.4407825
later_2025,breakout,5,ticker_ascending,cash_half,A_baseline,1000000,011230,011230:2025-03-19,2025-03-20,2025-03-21,,,150,take_gap,90879.06975000014,16.214520337366565,cash_50_no_add,3.0,False,1.0,560479.5446249999,651358.614375
later_2025,breakout,5,ticker_ascending,cash_half,A_baseline,1000000,006040,006040:2025-03-20,2025-03-21,2025-03-28,,,16,time_open,-37255.22639999993,-6.149159359251777,cash_50_no_add,3.0,False,1.0,605858.8535999999,568603.6272
later_2025,breakout,5,ticker_ascending,cash_half,A_baseline,1000000,053350,053350:2025-03-28,2025-03-31,2025-04-01,,,59,stop_intraday,-42616.78074110963,-7.232256057956543,cash_50_no_add,3.0,False,1.0,589259.8436725,546643.0629313904
later_2025,breakout,5,ticker_ascending,cash_half,A_baseline,1000000,052220,052220:2025-04-01,2025-04-02,2025-04-04,,,109,stop_intraday,-40827.28601233795,-7.232256057956555,cash_50_no_add,3.0,False,1.0,564516.6001474999,523689.314135162
later_2025,breakout,5,ticker_ascending,cash_half,A_baseline,1000000,131370,131370:2025-04-08,2025-04-09,2025-04-10,,,136,stop_intraday,-39412.353540560056,-7.232256057956543,cash_50_no_add,3.0,False,1.0,544952.4079999999,505540.0544594399
later_2025,breakout,5,ticker_ascending,cash_half,A_baseline,1000000,006040,006040:2025-04-15,2025-04-16,2025-04-23,,,13,time_open,46220.886075000046,8.99680340916904,cash_50_no_add,3.0,False,1.0,513747.8721375,559968.7582125
later_2025,breakout,5,ticker_ascending,cash_half,A_baseline,1000000,004450,004450:2025-04-22,2025-04-23,2025-04-28,,,14,stop_gap,-42439.980449999974,-7.759305588049415,cash_50_no_add,3.0,False,1.0,546955.9095,504515.92905
later_2025,breakout,5,ticker_ascending,cash_half,A_baseline,1000000,006800,006800:2025-04-25,2025-04-28,2025-05-02,,,51,take_intraday,77083.40617909172,14.712801648763406,cash_50_no_add,3.0,False,1.0,523920.65100375,601004.0571828417
later_2025,breakout,5,ticker_ascending,cash_half,A_baseline,1000000,006800,006800:2025-05-02,2025-05-07,2025-05-14,,,47,time_open,37760.92260675004,6.668493798737285,cash_50_no_add,3.0,False,1.0,566258.64470175,604019.5673085001
later_2025,breakout,5,ticker_ascending,cash_half,A_baseline,1000000,114090,114090:2025-05-13,2025-05-14,2025-05-21,,,46,time_open,35143.68294500001,5.986325621736421,cash_50_no_add,3.0,False,1.0,587066.0095299999,622209.6924749999
later_2025,breakout,5,ticker_ascending,cash_half,A_baseline,1000000,003570,003570:2025-05-20,2025-05-21,2025-05-28,,,15,time_open,30146.086687500123,5.144171054065572,cash_50_no_add,3.0,False,1.0,586024.1887499999,616170.2754375
later_2025,breakout,5,ticker_ascending,cash_half,A_baseline,1000000,001130,001130:2025-05-29,2025-05-30,2025-06-10,,,43,time_open,51963.17563499999,8.555559970403092,cash_50_no_add,3.0,False,1.0,607361.479725,659324.65536
later_2025,breakout,5,ticker_ascending,cash_half,A_baseline,1000000,000850,000850:2025-06-09,2025-06-10,2025-06-17,,,19,time_open,-4091.176424999954,-0.6513598589995784,cash_50_no_add,3.0,False,1.0,628097.72025,624006.5438250001
later_2025,breakout,5,ticker_ascending,cash_half,A_baseline,1000000,003080,003080:2025-06-16,2025-06-17,2025-06-24,,,233,time_open,12871.80510874989,2.001715052725328,cash_50_no_add,3.0,False,1.0,643038.83268625,655910.6377949999
later_2025,breakout,5,ticker_ascending,cash_half,A_baseline,1000000,006220,006220:2025-06-23,2025-06-24,2025-06-25,,,57,take_gap,123497.29197750008,19.15706446734662,cash_50_no_add,3.0,False,1.0,644656.6601474999,768153.952125
later_2025,breakout,5,ticker_ascending,cash_half,A_baseline,1000000,003080,003080:2025-06-24,2025-06-25,2025-07-02,,,250,time_open,-19950.01312499994,-2.809897239075343,cash_50_no_add,3.0,False,1.0,709990.8440624999,690040.8309375
later_2025,breakout,5,ticker_ascending,cash_half,A_baseline,1000000,004360,004360:2025-07-01,2025-07-02,2025-07-09,,,43,time_open,-16154.465319999843,-2.3337190950590836,cash_50_no_add,3.0,False,1.0,692219.7857574999,676065.3204375
later_2025,breakout,5,ticker_ascending,cash_half,A_baseline,1000000,114090,114090:2025-07-08,2025-07-09,2025-07-16,,,40,time_open,-23985.61619999993,-3.4580729019172196,cash_50_no_add,3.0,False,1.0,693612.2192999999,669626.6031
later_2025,breakout,5,ticker_ascending,cash_half,A_baseline,1000000,003080,003080:2025-07-15,2025-07-16,2025-07-23,,,234,time_open,-19894.400662499946,-2.926559300442677,cash_50_no_add,3.0,False,1.0,679788.0589499999,659893.6582874999
later_2025,breakout,5,ticker_ascending,cash_half,A_baseline,1000000,127120,127120:2025-08-11,2025-08-12,2025-08-20,,,39,time_open,7801.7626050000545,1.1746798703933914,cash_50_no_add,3.0,False,1.0,664160.7472499999,671962.509855
later_2025,breakout,5,ticker_ascending,cash_half,A_baseline,1000000,415380,415380:2025-08-19,2025-08-20,2025-08-25,,,207,take_intraday,99153.66298024682,14.71280164876343,cash_50_no_add,3.0,False,1.0,673927.8170624999,773081.4800427468
later_2025,breakout,5,ticker_ascending,cash_half,A_baseline,1000000,003570,003570:2025-08-25,2025-08-26,2025-09-02,,,11,time_open,12947.5615500001,1.8650697291716645,cash_50_no_add,3.0,False,1.0,694213.2697499999,707160.8313
later_2025,breakout,5,ticker_ascending,cash_half,A_baseline,1000000,319400,319400:2025-09-03,2025-09-04,2025-09-05,,,111,take_intraday,106829.50507316587,14.71280164876343,cash_50_no_add,3.0,False,1.0,726098.9961224998,832928.5011956657
later_2025,breakout,5,ticker_ascending,cash_half,A_baseline,1000000,319400,319400:2025-09-05,2025-09-08,2025-09-11,,,107,take_gap,127577.80290499993,16.30454953592737,cash_50_no_add,3.0,False,1.0,782467.510825,910045.3137299999
later_2025,breakout,5,ticker_ascending,cash_half,A_baseline,1000000,170920,170920:2025-09-11,2025-09-12,2025-09-17,,,57,take_intraday,123242.36558521376,14.712801648763406,cash_50_no_add,3.0,False,1.0,837653.9596424999,960896.3252277137
later_2025,breakout,5,ticker_ascending,cash_half,A_baseline,1000000,170920,170920:2025-09-17,2025-09-18,2025-09-19,,,52,take_intraday,132971.2890981473,14.712801648763406,cash_50_no_add,3.0,False,1.0,903779.52665,1036750.8157481473
later_2025,breakout,5,ticker_ascending,cash_half,A_baseline,1000000,003570,003570:2025-09-19,2025-09-22,2025-09-29,,,13,time_open,14914.913650000235,1.6018124799476174,cash_50_no_add,3.0,False,1.0,931127.3221249998,946042.2357750001
later_2025,breakout,5,ticker_ascending,cash_half,A_baseline,1000000,265520,265520:2025-10-10,2025-10-13,2025-10-20,,,48,time_open,-21147.733320000116,-2.161217611902333,cash_50_no_add,3.0,False,1.0,978510.1326,957362.3992799999
later_2025,breakout,5,ticker_ascending,cash_half,A_baseline,1000000,011170,011170:2025-10-17,2025-10-20,2025-10-27,,,13,time_open,68098.92862500018,7.262811195798968,cash_50_no_add,3.0,False,1.0,937638.7019999998,1005737.630625
later_2025,breakout,5,ticker_ascending,cash_half,A_baseline,1000000,015860,015860:2025-10-24,2025-10-27,2025-11-03,,,152,time_open,70843.83585999999,7.060141240727358,cash_50_no_add,3.0,False,1.0,1003433.69126,1074277.52712
later_2025,breakout,5,ticker_ascending,cash_half,A_baseline,1000000,015860,015860:2025-11-03,2025-11-04,2025-11-11,,,144,time_open,63927.77076000022,6.146560026538417,cash_50_no_add,3.0,False,1.0,1040057.6986799999,1103985.4694400001
later_2025,breakout,5,ticker_ascending,cash_half,A_baseline,1000000,105560,105560:2025-11-10,2025-11-11,2025-11-18,,,8,time_open,-38778.4264,-3.7221782425956196,cash_50_no_add,3.0,False,1.0,1041820.7799999999,1003042.3535999999
later_2025,breakout,5,ticker_ascending,cash_half,A_baseline,1000000,220100,220100:2025-11-17,2025-11-18,2025-11-24,,,41,stop_intraday,-75715.91279724985,-7.232256057956543,cash_50_no_add,3.0,False,1.0,1046919.6913175,971203.7785202501
later_2025,breakout,5,ticker_ascending,cash_half,A_baseline,1000000,138360,138360:2025-11-25,2025-11-26,2025-11-27,,,942,take_intraday,149805.3776574604,14.712801648763406,cash_50_no_add,3.0,False,1.0,1018197.4938134999,1168002.8714709603
later_2025,breakout,5,ticker_ascending,cash_half,A_baseline,1000000,314130,314130:2025-11-27,2025-11-28,2025-12-02,,,288,stop_intraday,-79079.72819226491,-7.232256057956543,cash_50_no_add,3.0,False,1.0,1093430.9786399999,1014351.250447735
later_2025,breakout,5,ticker_ascending,cash_half,A_baseline,1000000,314130,314130:2025-12-03,2025-12-04,2025-12-05,,,237,take_intraday,154741.6162015472,14.712801648763406,cash_50_no_add,3.0,False,1.0,1051748.1299325,1206489.7461340472
later_2025,breakout,5,ticker_ascending,cash_half,A_baseline,1000000,051630,051630:2025-12-05,2025-12-08,2025-12-15,,,387,time_open,28889.090921250172,2.556375668865507,cash_50_no_add,3.0,False,1.0,1130080.0298287498,1158969.12075
later_2025,breakout,5,ticker_ascending,cash_half,A_baseline,1000000,015360,015360:2025-12-12,2025-12-15,2025-12-22,,,82,time_open,-31832.01090999972,-2.7798910326039095,cash_50_no_add,3.0,False,1.0,1145081.2473099998,1113249.2364
later_2025,breakout,5,ticker_ascending,cash_half,A_baseline,1000000,011780,011780:2025-12-19,2025-12-22,2025-12-30,,,8,time_open,-46663.632399999886,-4.606613807901128,cash_50_no_add,3.0,False,1.0,1012970.3583999999,966306.726
later_2025,breakout,5,ticker_ascending,cash_half,A_baseline,1000000,048770,048770:2025-12-29,2025-12-30,2026-01-02,,,328,stop_gap,-82445.31904000009,-7.456712767848295,cash_50_no_add,3.0,False,1.0,1105652.33779,1023207.0187499999
later_2025,breakout,5,ticker_ascending,dip_3pct,A_baseline,1000000,115500,115500:2024-12-30,2025-01-02,2025-01-08,,,34,stop_gap,-35302.82024499995,-7.248276810143861,dip_50_50,3.0,False,1.0,487051.21465,451748.394405
later_2025,breakout,5,ticker_ascending,dip_3pct,A_baseline,1000000,319400,319400:2025-01-08,2025-01-09,2025-01-16,,,123,time_open,9369.53330250003,1.947296724165426,dip_50_50,3.0,False,1.0,481155.91148624994,490525.44478874997
later_2025,breakout,5,ticker_ascending,dip_3pct,A_baseline,1000000,003030,003030:2025-01-17,2025-01-20,2025-01-31,,,2,time_open,15524.762750000053,3.7524528507985933,dip_50_50,3.0,False,1.0,413723.05974999996,429247.8225
later_2025,breakout,5,ticker_ascending,dip_3pct,A_baseline,1000000,025980,025980:2025-01-24,2025-01-31,2025-02-03,,,81,stop_intraday,-35445.036481955205,-7.232256057956555,dip_50_50,3.0,False,1.0,490096.53692999994,454651.50044804474
later_2025,breakout,5,ticker_ascending,dip_3pct,A_baseline,1000000,051630,051630:2025-02-03,2025-02-04,2025-02-05,,,100,take_intraday,70155.54601054988,14.712801648763406,dip_50_50,3.0,False,1.0,476833.35699999996,546988.9030105498
later_2025,breakout,5,ticker_ascending,dip_3pct,A_baseline,1000000,051630,051630:2025-02-05,2025-02-06,2025-02-07,,,92,stop_gap,-46772.14380999998,-9.227351895487157,dip_50_50,3.0,False,1.0,506885.8795,460113.73569
later_2025,breakout,5,ticker_ascending,dip_3pct,A_baseline,1000000,136480,136480:2025-02-06,2025-02-07,2025-02-14,,,331,time_open,-3236.4761187500553,-0.331495327517739,dip_50_50,3.0,True,2.0,976326.315965,973089.8398462499
later_2025,breakout,5,ticker_ascending,dip_3pct,A_baseline,1000000,204320,204320:2025-02-13,2025-02-14,2025-02-21,,,10,time_open,-17105.636624999985,-3.6603946990289016,dip_50_50,3.0,False,1.0,467316.72487499996,450211.08825
later_2025,breakout,5,ticker_ascending,dip_3pct,A_baseline,1000000,053350,053350:2025-02-27,2025-02-28,2025-03-04,,,103,take_intraday,70059.00844198489,14.712801648763385,dip_50_50,3.0,False,1.0,476177.21025875,546236.2187007349
later_2025,breakout,5,ticker_ascending,dip_3pct,A_baseline,1000000,003030,003030:2025-03-04,2025-03-05,2025-03-06,,,2,take_intraday,74429.7284355624,14.712801648763406,dip_50_50,3.0,False,1.0,505884.12875,580313.8571855624
later_2025,breakout,5,ticker_ascending,dip_3pct,A_baseline,1000000,052220,052220:2025-03-07,2025-03-10,2025-03-17,,,131,time_open,28816.911838750006,5.259688038292709,dip_50_50,3.0,False,1.0,547882.52894375,576699.4407825
later_2025,breakout,5,ticker_ascending,dip_3pct,A_baseline,1000000,011230,011230:2025-03-19,2025-03-20,2025-03-21,,,151,take_gap,91484.93021500006,16.214520337366544,dip_50_50,3.0,False,1.0,564216.0749225,655701.0051375
later_2025,breakout,5,ticker_ascending,dip_3pct,A_baseline,1000000,006040,006040:2025-03-20,2025-03-21,2025-03-28,,,16,time_open,-37255.22639999993,-6.149159359251777,dip_50_50,3.0,False,1.0,605858.8535999999,568603.6272
later_2025,breakout,5,ticker_ascending,dip_3pct,A_baseline,1000000,053350,053350:2025-03-28,2025-03-31,2025-04-01,,,112,stop_intraday,-46920.266136343824,-4.325981236660081,dip_50_50,3.0,True,2.0,1084615.57204,1037695.3059036562
later_2025,breakout,5,ticker_ascending,dip_3pct,A_baseline,1000000,052220,052220:2025-04-01,2025-04-02,2025-04-04,,,109,stop_intraday,-40827.28601233795,-7.232256057956555,dip_50_50,3.0,False,1.0,564516.6001474999,523689.314135162
later_2025,breakout,5,ticker_ascending,dip_3pct,A_baseline,1000000,131370,131370:2025-04-08,2025-04-09,2025-04-10,,,136,stop_intraday,-39412.353540560056,-7.232256057956543,dip_50_50,3.0,False,1.0,544952.4079999999,505540.0544594399
later_2025,breakout,5,ticker_ascending,dip_3pct,A_baseline,1000000,006040,006040:2025-04-15,2025-04-16,2025-04-23,,,13,time_open,46220.886075000046,8.99680340916904,dip_50_50,3.0,False,1.0,513747.8721375,559968.7582125
later_2025,breakout,5,ticker_ascending,dip_3pct,A_baseline,1000000,004450,004450:2025-04-22,2025-04-23,2025-04-28,,,14,stop_gap,-42439.980449999974,-7.759305588049415,dip_50_50,3.0,False,1.0,546955.9095,504515.92905
later_2025,breakout,5,ticker_ascending,dip_3pct,A_baseline,1000000,006800,006800:2025-04-25,2025-04-28,2025-05-02,,,51,take_intraday,77083.40617909172,14.712801648763406,dip_50_50,3.0,False,1.0,523920.65100375,601004.0571828417
later_2025,breakout,5,ticker_ascending,dip_3pct,A_baseline,1000000,006800,006800:2025-05-02,2025-05-07,2025-05-14,,,47,time_open,37760.92260675004,6.668493798737285,dip_50_50,3.0,False,1.0,566258.64470175,604019.5673085001
later_2025,breakout,5,ticker_ascending,dip_3pct,A_baseline,1000000,114090,114090:2025-05-13,2025-05-14,2025-05-21,,,46,time_open,35143.68294500001,5.986325621736421,dip_50_50,3.0,False,1.0,587066.0095299999,622209.6924749999
later_2025,breakout,5,ticker_ascending,dip_3pct,A_baseline,1000000,003570,003570:2025-05-20,2025-05-21,2025-05-28,,,15,time_open,30146.086687500123,5.144171054065572,dip_50_50,3.0,False,1.0,586024.1887499999,616170.2754375
later_2025,breakout,5,ticker_ascending,dip_3pct,A_baseline,1000000,001130,001130:2025-05-29,2025-05-30,2025-06-10,,,43,time_open,51963.17563499999,8.555559970403092,dip_50_50,3.0,False,1.0,607361.479725,659324.65536
later_2025,breakout,5,ticker_ascending,dip_3pct,A_baseline,1000000,000850,000850:2025-06-09,2025-06-10,2025-06-17,,,19,time_open,-4091.176424999954,-0.6513598589995784,dip_50_50,3.0,False,1.0,628097.72025,624006.5438250001
later_2025,breakout,5,ticker_ascending,dip_3pct,A_baseline,1000000,003080,003080:2025-06-16,2025-06-17,2025-06-24,,,233,time_open,12871.80510874989,2.001715052725328,dip_50_50,3.0,False,1.0,643038.83268625,655910.6377949999
later_2025,breakout,5,ticker_ascending,dip_3pct,A_baseline,1000000,006220,006220:2025-06-23,2025-06-24,2025-06-25,,,57,take_gap,123497.29197750008,19.15706446734662,dip_50_50,3.0,False,1.0,644656.6601474999,768153.952125
later_2025,breakout,5,ticker_ascending,dip_3pct,A_baseline,1000000,003080,003080:2025-06-24,2025-06-25,2025-07-02,,,251,time_open,-20029.813177499804,-2.809897239075332,dip_50_50,3.0,False,1.0,712830.8074387498,692800.99426125
later_2025,breakout,5,ticker_ascending,dip_3pct,A_baseline,1000000,004360,004360:2025-07-01,2025-07-02,2025-07-09,,,74,time_open,-13205.19933250011,-1.1222551088977628,dip_50_50,3.0,True,2.0,1176666.4484575,1163461.2491249999
later_2025,breakout,5,ticker_ascending,dip_3pct,A_baseline,1000000,114090,114090:2025-07-08,2025-07-09,2025-07-16,,,40,time_open,-23985.61619999993,-3.4580729019172196,dip_50_50,3.0,False,1.0,693612.2192999999,669626.6031
later_2025,breakout,5,ticker_ascending,dip_3pct,A_baseline,1000000,003080,003080:2025-07-15,2025-07-16,2025-07-23,,,235,time_open,-19979.419468750013,-2.926559300442688,dip_50_50,3.0,False,1.0,682693.136125,662713.71665625
later_2025,breakout,5,ticker_ascending,dip_3pct,A_baseline,1000000,127120,127120:2025-08-11,2025-08-12,2025-08-20,,,39,time_open,7801.7626050000545,1.1746798703933914,dip_50_50,3.0,False,1.0,664160.7472499999,671962.509855
later_2025,breakout,5,ticker_ascending,dip_3pct,A_baseline,1000000,415380,415380:2025-08-19,2025-08-20,2025-08-25,,,208,take_intraday,99632.66618305002,14.71280164876343,dip_50_50,3.0,False,1.0,677183.5069999999,776816.1731830499
later_2025,breakout,5,ticker_ascending,dip_3pct,A_baseline,1000000,003570,003570:2025-08-25,2025-08-26,2025-09-02,,,19,time_open,43200.385550000006,3.6664584813964174,dip_50_50,3.0,True,2.0,1178259.2321499998,1221459.6176999998
later_2025,breakout,5,ticker_ascending,dip_3pct,A_baseline,1000000,319400,319400:2025-09-03,2025-09-04,2025-09-05,,,114,take_intraday,109716.78899406211,14.712801648763406,dip_50_50,3.0,False,1.0,745723.2933149999,855440.082309062
later_2025,breakout,5,ticker_ascending,dip_3pct,A_baseline,1000000,319400,319400:2025-09-05,2025-09-08,2025-09-11,,,110,take_gap,131154.75065000018,16.304549535927393,dip_50_50,3.0,False,1.0,804405.8522499999,935560.6029
later_2025,breakout,5,ticker_ascending,dip_3pct,A_baseline,1000000,170920,170920:2025-09-11,2025-09-12,2025-09-17,,,59,take_intraday,127566.65911451948,14.712801648763406,dip_50_50,3.0,False,1.0,867045.3266474999,994611.9857620194
later_2025,breakout,5,ticker_ascending,dip_3pct,A_baseline,1000000,170920,170920:2025-09-17,2025-09-18,2025-09-19,,,53,take_intraday,135528.4292731115,14.712801648763385,dip_50_50,3.0,False,1.0,921159.9021625,1056688.3314356115
later_2025,breakout,5,ticker_ascending,dip_3pct,A_baseline,1000000,003570,003570:2025-09-19,2025-09-22,2025-09-29,,,13,time_open,14914.913650000235,1.6018124799476174,dip_50_50,3.0,False,1.0,931127.3221249998,946042.2357750001
later_2025,breakout,5,ticker_ascending,dip_3pct,A_baseline,1000000,265520,265520:2025-10-10,2025-10-13,2025-10-20,,,49,time_open,-21588.31109750003,-2.161217611902333,dip_50_50,3.0,False,1.0,998895.7603625,977307.449265
later_2025,breakout,5,ticker_ascending,dip_3pct,A_baseline,1000000,011170,011170:2025-10-17,2025-10-20,2025-10-27,,,13,time_open,68098.92862500018,7.262811195798968,dip_50_50,3.0,False,1.0,937638.7019999998,1005737.630625
later_2025,breakout,5,ticker_ascending,dip_3pct,A_baseline,1000000,015860,015860:2025-10-24,2025-10-27,2025-11-03,,,235,time_open,133269.79163750028,8.724015693926003,dip_50_50,3.0,True,2.0,1527619.8062124997,1660889.59785
later_2025,breakout,5,ticker_ascending,dip_3pct,A_baseline,1000000,015860,015860:2025-11-03,2025-11-04,2025-11-11,,,222,time_open,111177.37270499999,6.988770235688402,dip_50_50,3.0,True,2.0,1590800.226015,1701977.59872
later_2025,breakout,5,ticker_ascending,dip_3pct,A_baseline,1000000,105560,105560:2025-11-10,2025-11-11,2025-11-18,,,8,time_open,-38778.4264,-3.7221782425956196,dip_50_50,3.0,False,1.0,1041820.7799999999,1003042.3535999999
later_2025,breakout,5,ticker_ascending,dip_3pct,A_baseline,1000000,220100,220100:2025-11-17,2025-11-18,2025-11-24,,,63,stop_intraday,-107131.86366950581,-6.6979627875137115,dip_50_50,3.0,True,2.0,1599469.3770054998,1492337.513335994
later_2025,breakout,5,ticker_ascending,dip_3pct,A_baseline,1000000,138360,138360:2025-11-25,2025-11-26,2025-11-27,,,1000,take_intraday,159029.0633306373,14.712801648763406,dip_50_50,3.0,False,1.0,1080889.05925,1239918.1225806372
later_2025,breakout,5,ticker_ascending,dip_3pct,A_baseline,1000000,314130,314130:2025-11-27,2025-11-28,2025-12-02,,,305,stop_intraday,-83747.62881472497,-7.232256057956543,dip_50_50,3.0,False,1.0,1157973.7794625,1074226.150647775
later_2025,breakout,5,ticker_ascending,dip_3pct,A_baseline,1000000,314130,314130:2025-12-03,2025-12-04,2025-12-05,,,252,take_intraday,164535.38937886036,14.712801648763406,dip_50_50,3.0,False,1.0,1118314.46727,1282849.8566488603
later_2025,breakout,5,ticker_ascending,dip_3pct,A_baseline,1000000,051630,051630:2025-12-05,2025-12-08,2025-12-15,,,411,time_open,30680.662451250246,2.556375668865507,dip_50_50,3.0,False,1.0,1200162.5122987498,1230843.17475
later_2025,breakout,5,ticker_ascending,dip_3pct,A_baseline,1000000,015360,015360:2025-12-12,2025-12-15,2025-12-22,,,124,time_open,-31086.4138549997,-1.81310892139116,dip_50_50,3.0,True,2.0,1714536.4786549998,1683450.0648
later_2025,breakout,5,ticker_ascending,dip_3pct,A_baseline,1000000,011780,011780:2025-12-19,2025-12-22,2025-12-30,,,13,time_open,-55793.38764999993,-3.431239409279907,dip_50_50,3.0,True,2.0,1626041.8173999998,1570248.42975
later_2025,breakout,5,ticker_ascending,dip_3pct,A_baseline,1000000,048770,048770:2025-12-29,2025-12-30,2026-01-02,,,348,stop_gap,-87472.47264000005,-7.456712767848295,dip_50_50,3.0,False,1.0,1173070.163265,1085597.690625
later_2025,breakout,5,factor_rank,all_in,A_baseline,1000000,115500,115500:2024-12-30,2025-01-02,2025-01-08,14314.3,13296.69,69,stop_gap,-71643.95873249997,-7.248276810143873,,,,,,
later_2025,breakout,5,factor_rank,all_in,A_baseline,1000000,319400,319400:2025-01-08,2025-01-09,2025-01-16,3908.9049999999997,3991.005,237,time_open,18053.49099750002,1.947296724165426,,,,,,
later_2025,breakout,5,factor_rank,all_in,A_baseline,1000000,003030,003030:2025-01-17,2025-01-20,2025-01-31,206706.49999999997,214785.0,4,time_open,31049.525500000105,3.7524528507985933,,,,,,
later_2025,breakout,5,factor_rank,all_in,A_baseline,1000000,025980,025980:2025-01-24,2025-01-31,2025-02-03,6046.039999999999,5617.1943827999985,161,stop_intraday,-70452.47992092336,-7.232256057956565,,,,,,
later_2025,breakout,5,factor_rank,all_in,A_baseline,1000000,051630,051630:2025-02-03,2025-02-04,2025-02-05,4764.759999999999,5473.994525999999,190,take_intraday,133295.53742004477,14.712801648763406,,,,,,
later_2025,breakout,5,factor_rank,all_in,A_baseline,1000000,051630,051630:2025-02-05,2025-02-06,2025-02-07,5505.499999999999,5004.99,188,stop_gap,-95577.85908999993,-9.227351895487157,,,,,,
later_2025,breakout,5,factor_rank,all_in,A_baseline,1000000,168360,168360:2025-02-06,2025-02-07,2025-02-14,10150.14,11378.61,93,time_open,112746.07968750002,11.93495731431038,,,,,,
later_2025,breakout,5,factor_rank,all_in,A_baseline,1000000,204320,204320:2025-02-13,2025-02-14,2025-02-21,46696.649999999994,45054.9,22,time_open,-37632.400574999745,-3.6603946990288794,,,,,,
later_2025,breakout,5,factor_rank,all_in,A_baseline,1000000,168360,168360:2025-02-27,2025-02-28,2025-03-04,12452.439999999999,11569.188430799999,81,stop_intraday,-73002.69103237113,-7.232256057956532,,,,,,
later_2025,breakout,5,factor_rank,all_in,A_baseline,1000000,003030,003030:2025-03-04,2025-03-05,2025-03-06,252752.49999999997,290374.70962499996,3,take_intraday,111644.5926533438,14.71280164876343,,,,,,
later_2025,breakout,5,factor_rank,all_in,A_baseline,1000000,052220,052220:2025-03-07,2025-03-10,2025-03-17,4179.174999999999,4405.59,253,time_open,55654.035841250094,5.259688038292709,,,,,,
later_2025,breakout,5,factor_rank,all_in,A_baseline,1000000,011230,011230:2025-03-19,2025-03-20,2025-03-21,3733.7299999999996,4345.65,298,take_gap,180546.4185700002,16.214520337366565,,,,,,
later_2025,breakout,5,factor_rank,all_in,A_baseline,1000000,011230,011230:2025-03-20,2025-03-21,2025-03-28,4354.349999999999,4440.555,297,time_open,23643.819911250146,1.8268894181787232,,,,,,
later_2025,breakout,5,factor_rank,all_in,A_baseline,1000000,053350,053350:2025-03-28,2025-03-31,2025-04-01,9979.97,9272.090727899998,131,stop_intraday,-94623.69961161609,-7.232256057956532,,,,,,
later_2025,breakout,5,factor_rank,all_in,A_baseline,1000000,052220,052220:2025-04-01,2025-04-02,2025-04-04,5175.169999999999,4808.095191899999,236,stop_intraday,-88396.69265056658,-7.232256057956555,,,,,,
later_2025,breakout,5,factor_rank,all_in,A_baseline,1000000,131370,131370:2025-04-08,2025-04-09,2025-04-10,4003.9999999999995,3719.9962799999994,283,stop_intraday,-82012.47097042995,-7.232256057956532,,,,,,
later_2025,breakout,5,factor_rank,all_in,A_baseline,1000000,006040,006040:2025-04-15,2025-04-16,2025-04-23,39489.45,43106.85,26,time_open,92441.77214999986,8.996803409169019,,,,,,
later_2025,breakout,5,factor_rank,all_in,A_baseline,1000000,099220,099220:2025-04-22,2025-04-23,2025-04-24,17237.219999999998,15914.07,66,stop_gap,-88968.88885500003,-7.814503818415519,,,,,,
later_2025,breakout,5,factor_rank,all_in,A_baseline,1000000,014830,014830:2025-04-23,2025-04-24,2025-05-02,89789.7,87512.4,11,time_open,-26513.042325000046,-2.6823457727704336,,,,,,
later_2025,breakout,5,factor_rank,all_in,A_baseline,1000000,006800,006800:2025-04-30,2025-05-02,2025-05-13,11789.777999999998,12482.505,87,time_open,58683.482534249895,5.716963243870277,,,,,,
later_2025,breakout,5,factor_rank,all_in,A_baseline,1000000,006800,006800:2025-05-12,2025-05-13,2025-05-20,12507.494999999999,12901.086,86,time_open,32209.972525499994,2.9922368455443493,,,,,,
later_2025,breakout,5,factor_rank,all_in,A_baseline,1000000,136480,136480:2025-05-19,2025-05-20,2025-05-21,3638.6349999999998,3380.5466194499995,307,stop_intraday,-80849.29939672851,-7.232256057956543,,,,,,
later_2025,breakout,5,factor_rank,all_in,A_baseline,1000000,036620,036620:2025-05-21,2025-05-22,2025-05-26,4354.349999999999,5254.74,238,take_gap,212577.5974349999,20.497061493727784,,,,,,
later_2025,breakout,5,factor_rank,all_in,A_baseline,1000000,036620,036620:2025-05-23,2025-05-26,2025-05-28,5265.259999999999,4891.795108199999,237,stop_intraday,-90316.59590208274,-7.232256057956543,,,,,,
later_2025,breakout,5,factor_rank,all_in,A_baseline,1000000,006800,006800:2025-05-29,2025-05-30,2025-06-02,16484.467999999997,15315.224684759996,70,stop_intraday,-83516.51593274996,-7.232256057956543,,,,,,
later_2025,breakout,5,factor_rank,all_in,A_baseline,1000000,001130,001130:2025-06-02,2025-06-04,2025-06-12,14534.519999999999,15434.55,74,time_open,64938.93661499978,6.0331921924879905,,,,,,
later_2025,breakout,5,factor_rank,all_in,A_baseline,1000000,123700,123700:2025-06-11,2025-06-12,2025-06-19,3553.5499999999997,3436.56,321,time_open,-39236.658982499735,-3.4371537411158837,,,,,,
later_2025,breakout,5,factor_rank,all_in,A_baseline,1000000,319400,319400:2025-06-18,2025-06-19,2025-06-25,4579.575,5261.24473875,241,take_intraday,162503.67887097085,14.71280164876343,,,,,,
later_2025,breakout,5,factor_rank,all_in,A_baseline,1000000,006220,006220:2025-06-25,2025-06-26,2025-06-27,15135.119999999999,14061.585938399998,83,stop_intraday,-90920.82205746579,-7.232256057956565,,,,,,
later_2025,breakout,5,factor_rank,all_in,A_baseline,1000000,015860,015860:2025-06-30,2025-07-01,2025-07-08,5625.619999999999,5774.22,208,time_open,29130.424960000208,2.4876397824445062,,,,,,
later_2025,breakout,5,factor_rank,all_in,A_baseline,1000000,000080,000080:2025-07-07,2025-07-08,2025-07-15,21821.8,21878.1,55,time_open,1293.8791249999776,0.10772458924876993,,,,,,
later_2025,breakout,5,factor_rank,all_in,A_baseline,1000000,009070,009070:2025-07-14,2025-07-15,2025-07-22,7117.109999999999,7032.96,169,time_open,-16014.871372499969,-1.3304773124149127,,,,,,
later_2025,breakout,5,factor_rank,all_in,A_baseline,1000000,127120,127120:2025-08-11,2025-08-12,2025-08-20,17016.999999999996,17242.74,69,time_open,13803.118455000222,1.1746798703933914,,,,,,
later_2025,breakout,5,factor_rank,all_in,A_baseline,1000000,415380,415380:2025-08-19,2025-08-20,2025-08-25,3253.2499999999995,3737.4962624999994,369,take_intraday,176752.18183435313,14.71280164876343,,,,,,
later_2025,breakout,5,factor_rank,all_in,A_baseline,1000000,415380,415380:2025-08-25,2025-08-26,2025-08-28,3871.8679999999995,4448.195551799999,356,take_intraday,202951.15147246886,14.712801648763385,,,,,,
later_2025,breakout,5,factor_rank,all_in,A_baseline,1000000,085310,085310:2025-08-28,2025-08-29,2025-09-02,13643.63,12675.887324099998,116,stop_intraday,-114547.9484115967,-7.232256057956532,,,,,,
later_2025,breakout,5,factor_rank,all_in,A_baseline,1000000,319400,319400:2025-09-03,2025-09-04,2025-09-05,6536.529999999999,7509.492490499998,224,take_intraday,215583.86609359575,14.712801648763406,,,,,,
later_2025,breakout,5,factor_rank,all_in,A_baseline,1000000,319400,319400:2025-09-05,2025-09-08,2025-09-11,7307.299999999999,8511.48,230,take_gap,274232.66044999985,16.30454953592737,,,,,,
later_2025,breakout,5,factor_rank,all_in,A_baseline,1000000,170920,170920:2025-09-11,2025-09-12,2025-09-17,14684.669999999998,16870.483129499997,133,take_intraday,287565.51969883195,14.712801648763406,,,,,,
later_2025,breakout,5,factor_rank,all_in,A_baseline,1000000,170920,170920:2025-09-17,2025-09-18,2025-09-19,17367.35,19952.480047499997,129,take_intraday,329871.0825704043,14.71280164876343,,,,,,
later_2025,breakout,5,factor_rank,all_in,A_baseline,1000000,127120,127120:2025-09-19,2025-09-22,2025-09-29,24124.1,24425.55,106,time_open,28094.002825000323,1.0978197451931404,,,,,,
later_2025,breakout,5,factor_rank,all_in,A_baseline,1000000,265520,265520:2025-10-10,2025-10-13,2025-10-20,20370.35,19960.02,127,time_open,-55953.377742500044,-2.161217611902333,,,,,,
later_2025,breakout,5,factor_rank,all_in,A_baseline,1000000,011170,011170:2025-10-17,2025-10-20,2025-10-27,72071.99999999999,77422.5,35,time_open,183343.26937500015,7.262811195798968,,,,,,
later_2025,breakout,5,factor_rank,all_in,A_baseline,1000000,015860,015860:2025-10-24,2025-10-27,2025-11-03,6596.589999999999,7072.92,413,time_open,192490.15927750058,7.06014124072738,,,,,,
later_2025,breakout,5,factor_rank,all_in,A_baseline,1000000,015860,015860:2025-11-03,2025-11-04,2025-11-11,7217.209999999999,7672.32,404,time_open,179352.91240999987,6.146560026538395,,,,,,
later_2025,breakout,5,factor_rank,all_in,A_baseline,1000000,309960,309960:2025-11-10,2025-11-11,2025-11-12,5685.679999999999,5282.394717599998,545,stop_intraday,-224273.67944881972,-7.232256057956555,,,,,,
later_2025,breakout,5,factor_rank,all_in,A_baseline,1000000,220100,220100:2025-11-12,2025-11-13,2025-11-14,19782.763,22727.427272549994,145,take_intraday,422353.3363276096,14.712801648763406,,,,,,
later_2025,breakout,5,factor_rank,all_in,A_baseline,1000000,220100,220100:2025-11-14,2025-11-17,2025-11-24,24143.119,26028.945,136,time_open,251354.78547200002,7.649433543021766,,,,,,
later_2025,breakout,5,factor_rank,all_in,A_baseline,1000000,138360,138360:2025-11-25,2025-11-26,2025-11-27,1080.079,1240.8487591499998,3287,take_intraday,522728.53116780473,14.712801648763406,,,,,,
later_2025,breakout,5,factor_rank,all_in,A_baseline,1000000,314130,314130:2025-11-27,2025-11-28,2025-12-02,3793.7899999999995,3524.6964752999993,1073,stop_intraday,-294626.90399409784,-7.232256057956543,,,,,,
later_2025,breakout,5,factor_rank,all_in,A_baseline,1000000,314130,314130:2025-12-03,2025-12-04,2025-12-05,4434.429999999999,5094.494905499999,852,take_intraday,556286.3164713844,14.712801648763406,,,,,,
later_2025,breakout,5,factor_rank,all_in,A_baseline,1000000,204320,204320:2025-12-05,2025-12-08,2025-12-09,61060.99999999999,56729.94326999999,70,stop_intraday,-309357.9956216747,-7.232256057956532,,,,,,
later_2025,breakout,5,factor_rank,all_in,A_baseline,1000000,457190,457190:2025-12-09,2025-12-10,2025-12-11,67567.49999999999,62774.93722499998,59,stop_intraday,-288528.8565722066,-7.232256057956543,,,,,,
later_2025,breakout,5,factor_rank,all_in,A_baseline,1000000,056080,056080:2025-12-11,2025-12-12,2025-12-17,15625.609999999999,14517.285482699997,239,stop_intraday,-270292.67364997463,-7.232256057956555,,,,,,
later_2025,breakout,5,factor_rank,all_in,A_baseline,1000000,105630,105630:2025-12-17,2025-12-18,2025-12-26,14754.739999999998,14185.8,234,time_open,-138211.02477000002,-4.000089143795815,,,,,,
later_2025,breakout,5,factor_rank,all_in,A_baseline,1000000,319400,319400:2025-12-24,2025-12-26,2026-01-02,19139.12,21987.978011999996,173,take_intraday,487516.1951089422,14.712801648763406,,,,,,
later_2025,breakout,5,factor_rank,cash_half,A_baseline,1000000,115500,115500:2024-12-30,2025-01-02,2025-01-08,,,34,stop_gap,-35302.82024499995,-7.248276810143861,cash_50_no_add,3.0,False,1.0,487051.21465,451748.394405
later_2025,breakout,5,factor_rank,cash_half,A_baseline,1000000,319400,319400:2025-01-08,2025-01-09,2025-01-16,,,123,time_open,9369.53330250003,1.947296724165426,cash_50_no_add,3.0,False,1.0,481155.91148624994,490525.44478874997
later_2025,breakout,5,factor_rank,cash_half,A_baseline,1000000,003030,003030:2025-01-17,2025-01-20,2025-01-31,,,2,time_open,15524.762750000053,3.7524528507985933,cash_50_no_add,3.0,False,1.0,413723.05974999996,429247.8225
later_2025,breakout,5,factor_rank,cash_half,A_baseline,1000000,025980,025980:2025-01-24,2025-01-31,2025-02-03,,,81,stop_intraday,-35445.036481955205,-7.232256057956555,cash_50_no_add,3.0,False,1.0,490096.53692999994,454651.50044804474
later_2025,breakout,5,factor_rank,cash_half,A_baseline,1000000,051630,051630:2025-02-03,2025-02-04,2025-02-05,,,100,take_intraday,70155.54601054988,14.712801648763406,cash_50_no_add,3.0,False,1.0,476833.35699999996,546988.9030105498
later_2025,breakout,5,factor_rank,cash_half,A_baseline,1000000,051630,051630:2025-02-05,2025-02-06,2025-02-07,,,92,stop_gap,-46772.14380999998,-9.227351895487157,cash_50_no_add,3.0,False,1.0,506885.8795,460113.73569
later_2025,breakout,5,factor_rank,cash_half,A_baseline,1000000,168360,168360:2025-02-06,2025-02-07,2025-02-14,,,48,time_open,58191.524999999965,11.934957314310356,cash_50_no_add,3.0,False,1.0,487572.12504,545763.65004
later_2025,breakout,5,factor_rank,cash_half,A_baseline,1000000,204320,204320:2025-02-13,2025-02-14,2025-02-21,,,11,time_open,-18816.200287499873,-3.6603946990288794,cash_50_no_add,3.0,False,1.0,514048.3973624999,495232.19707500003
later_2025,breakout,5,factor_rank,cash_half,A_baseline,1000000,168360,168360:2025-02-27,2025-02-28,2025-03-04,,,40,stop_intraday,-36050.71162092412,-7.232256057956555,cash_50_no_add,3.0,False,1.0,498471.1732,462420.4615790759
later_2025,breakout,5,factor_rank,cash_half,A_baseline,1000000,003030,003030:2025-03-04,2025-03-05,2025-03-06,,,1,take_intraday,37214.8642177812,14.712801648763406,cash_50_no_add,3.0,False,1.0,252942.064375,290156.9285927812
later_2025,breakout,5,factor_rank,cash_half,A_baseline,1000000,052220,052220:2025-03-07,2025-03-10,2025-03-17,,,121,time_open,26617.14757625002,5.259688038292709,cash_50_no_add,3.0,False,1.0,506059.43513124995,532676.5827075
later_2025,breakout,5,factor_rank,cash_half,A_baseline,1000000,011230,011230:2025-03-19,2025-03-20,2025-03-21,,,139,take_gap,84214.60463500011,16.214520337366565,cash_50_no_add,3.0,False,1.0,519377.7113524999,603592.3159875
later_2025,breakout,5,factor_rank,cash_half,A_baseline,1000000,011230,011230:2025-03-20,2025-03-21,2025-03-28,,,129,time_open,10269.537941250019,1.8268894181787232,cash_50_no_add,3.0,False,1.0,562132.4333624999,572401.97130375
later_2025,breakout,5,factor_rank,cash_half,A_baseline,1000000,053350,053350:2025-03-28,2025-03-31,2025-04-01,,,57,stop_intraday,-41172.14410581777,-7.232256057956543,cash_50_no_add,3.0,False,1.0,569284.9337175,528112.7896116822
later_2025,breakout,5,factor_rank,cash_half,A_baseline,1000000,052220,052220:2025-04-01,2025-04-02,2025-04-04,,,106,stop_intraday,-39703.599241356074,-7.232256057956543,cash_50_no_add,3.0,False,1.0,548979.4460149999,509275.8467736438
later_2025,breakout,5,factor_rank,cash_half,A_baseline,1000000,131370,131370:2025-04-08,2025-04-09,2025-04-10,,,132,stop_intraday,-38253.16667172004,-7.232256057956543,cash_50_no_add,3.0,False,1.0,528924.396,490671.2293282799
later_2025,breakout,5,factor_rank,cash_half,A_baseline,1000000,006040,006040:2025-04-15,2025-04-16,2025-04-23,,,12,time_open,42665.43330000003,8.99680340916904,cash_50_no_add,3.0,False,1.0,474228.80504999997,516894.23835
later_2025,breakout,5,factor_rank,cash_half,A_baseline,1000000,099220,099220:2025-04-22,2025-04-23,2025-04-24,,,30,stop_gap,-40440.40402499994,-7.814503818415508,cash_50_no_add,3.0,False,1.0,517504.4374499999,477064.033425
later_2025,breakout,5,factor_rank,cash_half,A_baseline,1000000,014830,014830:2025-04-23,2025-04-24,2025-05-02,,,5,time_open,-12051.38287500001,-2.6823457727704336,cash_50_no_add,3.0,False,1.0,449285.211375,437233.8285
later_2025,breakout,5,factor_rank,cash_half,A_baseline,1000000,006800,006800:2025-04-30,2025-05-02,2025-05-13,,,42,time_open,28329.957085500064,5.716963243870299,cash_50_no_add,3.0,False,1.0,495542.05400699994,523872.0110925
later_2025,breakout,5,factor_rank,cash_half,A_baseline,1000000,006800,006800:2025-05-12,2025-05-13,2025-05-20,,,41,time_open,15355.91713424999,2.9922368455443493,cash_50_no_add,3.0,False,1.0,513191.90047125,528547.8176055
later_2025,breakout,5,factor_rank,cash_half,A_baseline,1000000,136480,136480:2025-05-19,2025-05-20,2025-05-21,,,144,stop_intraday,-37922.79841410066,-7.232256057956543,cash_50_no_add,3.0,False,1.0,524356.41258,486433.61416589934
later_2025,breakout,5,factor_rank,cash_half,A_baseline,1000000,036620,036620:2025-05-21,2025-05-22,2025-05-26,,,116,take_gap,103609.24917000002,20.497061493727784,cash_50_no_add,3.0,False,1.0,505483.42844999995,609092.67762
later_2025,breakout,5,factor_rank,cash_half,A_baseline,1000000,036620,036620:2025-05-23,2025-05-26,2025-05-28,,,106,stop_intraday,-40394.764411902,-7.232256057956555,cash_50_no_add,3.0,False,1.0,558536.14817,518141.38375809795
later_2025,breakout,5,factor_rank,cash_half,A_baseline,1000000,006800,006800:2025-05-29,2025-05-30,2025-06-02,,,32,stop_intraday,-38178.97871211427,-7.232256057956543,cash_50_no_add,3.0,False,1.0,527898.6032319999,489719.62451988563
later_2025,breakout,5,factor_rank,cash_half,A_baseline,1000000,001130,001130:2025-06-02,2025-06-04,2025-06-12,,,35,time_open,30714.361912500055,6.033192192488013,cash_50_no_add,3.0,False,1.0,509089.73114999995,539804.0930625
later_2025,breakout,5,factor_rank,cash_half,A_baseline,1000000,123700,123700:2025-06-11,2025-06-12,2025-06-19,,,150,time_open,-18334.88737500005,-3.437153741115917,cash_50_no_add,3.0,False,1.0,533432.274375,515097.387
later_2025,breakout,5,factor_rank,cash_half,A_baseline,1000000,319400,319400:2025-06-18,2025-06-19,2025-06-25,,,114,take_intraday,76868.96012983687,14.71280164876343,cash_50_no_add,3.0,False,1.0,522463.1036625,599332.0637923368
later_2025,breakout,5,factor_rank,cash_half,A_baseline,1000000,006220,006220:2025-06-25,2025-06-26,2025-06-27,,,37,stop_intraday,-40530.96886899072,-7.232256057956555,cash_50_no_add,3.0,False,1.0,560419.43958,519888.4707110093
later_2025,breakout,5,factor_rank,cash_half,A_baseline,1000000,015860,015860:2025-06-30,2025-07-01,2025-07-08,,,96,time_open,13444.811520000105,2.4876397824445062,cash_50_no_add,3.0,False,1.0,540464.5646399999,553909.37616
later_2025,breakout,5,factor_rank,cash_half,A_baseline,1000000,000080,000080:2025-07-07,2025-07-08,2025-07-15,,,25,time_open,588.1268749999581,0.10772458924876993,cash_50_no_add,3.0,False,1.0,545954.1587500001,546542.285625
later_2025,breakout,5,factor_rank,cash_half,A_baseline,1000000,009070,009070:2025-07-14,2025-07-15,2025-07-22,,,77,time_open,-7296.716542499838,-1.3304773124148794,cash_50_no_add,3.0,False,1.0,548428.4831024999,541131.76656
later_2025,breakout,5,factor_rank,cash_half,A_baseline,1000000,127120,127120:2025-08-11,2025-08-12,2025-08-20,,,32,time_open,6401.4462400000775,1.1746798703933914,cash_50_no_add,3.0,False,1.0,544952.4079999999,551353.85424
later_2025,breakout,5,factor_rank,cash_half,A_baseline,1000000,415380,415380:2025-08-19,2025-08-20,2025-08-25,,,169,take_intraday,80951.54127372813,14.71280164876343,cash_50_no_add,3.0,False,1.0,550211.5994374999,631163.140711228
later_2025,breakout,5,factor_rank,cash_half,A_baseline,1000000,415380,415380:2025-08-25,2025-08-26,2025-08-28,,,152,take_intraday,86653.30062869482,14.71280164876343,cash_50_no_add,3.0,False,1.0,588965.3289519999,675618.6295806947
later_2025,breakout,5,factor_rank,cash_half,A_baseline,1000000,085310,085310:2025-08-28,2025-08-29,2025-09-02,,,46,stop_intraday,-45424.18643908156,-7.232256057956555,cash_50_no_add,3.0,False,1.0,628077.685235,582653.4987959184
later_2025,breakout,5,factor_rank,cash_half,A_baseline,1000000,319400,319400:2025-09-03,2025-09-04,2025-09-05,,,93,take_intraday,89505.8015477875,14.712801648763406,cash_50_no_add,3.0,False,1.0,608353.2129675,697859.0145152875
later_2025,breakout,5,factor_rank,cash_half,A_baseline,1000000,319400,319400:2025-09-05,2025-09-08,2025-09-11,,,89,take_gap,106116.11643499997,16.30454953592737,cash_50_no_add,3.0,False,1.0,650837.4622749999,756953.5787099999
later_2025,breakout,5,factor_rank,cash_half,A_baseline,1000000,170920,170920:2025-09-11,2025-09-12,2025-09-17,,,48,take_intraday,103783.04470333783,14.712801648763406,cash_50_no_add,3.0,False,1.0,705392.80812,809175.8528233378
later_2025,breakout,5,factor_rank,cash_half,A_baseline,1000000,170920,170920:2025-09-17,2025-09-18,2025-09-19,,,43,take_intraday,109957.0275234679,14.712801648763406,cash_50_no_add,3.0,False,1.0,747356.1470374999,857313.1745609678
later_2025,breakout,5,factor_rank,cash_half,A_baseline,1000000,127120,127120:2025-09-19,2025-09-22,2025-09-29,,,33,time_open,8746.246162500116,1.0978197451931404,cash_50_no_add,3.0,False,1.0,796692.3714749999,805438.6176375
later_2025,breakout,5,factor_rank,cash_half,A_baseline,1000000,265520,265520:2025-10-10,2025-10-13,2025-10-20,,,40,time_open,-17623.111100000096,-2.161217611902333,cash_50_no_add,3.0,False,1.0,815425.1105000001,797801.9994
later_2025,breakout,5,factor_rank,cash_half,A_baseline,1000000,011170,011170:2025-10-17,2025-10-20,2025-10-27,,,11,time_open,57622.1703750001,7.262811195798968,cash_50_no_add,3.0,False,1.0,793386.5939999999,851008.764375
later_2025,breakout,5,factor_rank,cash_half,A_baseline,1000000,015860,015860:2025-10-24,2025-10-27,2025-11-03,,,127,time_open,59191.8891725,7.060141240727358,cash_50_no_add,3.0,False,1.0,838395.2551975,897587.14437
later_2025,breakout,5,factor_rank,cash_half,A_baseline,1000000,015860,015860:2025-11-03,2025-11-04,2025-11-11,,,120,time_open,53273.14229999995,6.146560026538395,cash_50_no_add,3.0,False,1.0,866714.7489,919987.8912
later_2025,breakout,5,factor_rank,cash_half,A_baseline,1000000,309960,309960:2025-11-10,2025-11-11,2025-11-12,,,157,stop_intraday,-64607.28013479733,-7.232256057956521,cash_50_no_add,3.0,False,1.0,893321.2488199999,828713.9686852025
later_2025,breakout,5,factor_rank,cash_half,A_baseline,1000000,220100,220100:2025-11-12,2025-11-13,2025-11-14,,,43,take_intraday,125249.61008335999,14.712801648763385,cash_50_no_add,3.0,False,1.0,851296.80310675,976546.41319011
later_2025,breakout,5,factor_rank,cash_half,A_baseline,1000000,220100,220100:2025-11-14,2025-11-17,2025-11-24,,,38,time_open,70231.484176,7.649433543021766,cash_50_no_add,3.0,False,1.0,918126.6008915,988358.0850675
later_2025,breakout,5,factor_rank,cash_half,A_baseline,1000000,138360,138360:2025-11-25,2025-11-26,2025-11-27,,,891,take_intraday,141694.89542759792,14.712801648763406,cash_50_no_add,3.0,False,1.0,963072.15179175,1104767.047219348
later_2025,breakout,5,factor_rank,cash_half,A_baseline,1000000,314130,314130:2025-11-27,2025-11-28,2025-12-02,,,272,stop_intraday,-74686.4099593613,-7.232256057956543,cash_50_no_add,3.0,False,1.0,1032684.8131599999,957998.4032006386
later_2025,breakout,5,factor_rank,cash_half,A_baseline,1000000,314130,314130:2025-12-03,2025-12-04,2025-12-05,,,224,take_intraday,146253.67944787594,14.71280164876343,cash_50_no_add,3.0,False,1.0,994057.3042399999,1140310.9836878758
later_2025,breakout,5,factor_rank,cash_half,A_baseline,1000000,204320,204320:2025-12-05,2025-12-08,2025-12-09,,,17,stop_intraday,-75129.79893669265,-7.232256057956543,cash_50_no_add,3.0,False,1.0,1038815.5277499999,963685.7288133072
later_2025,breakout,5,factor_rank,cash_half,A_baseline,1000000,457190,457190:2025-12-09,2025-12-10,2025-12-11,,,15,stop_intraday,-73354.79404378135,-7.232256057956543,cash_50_no_add,3.0,False,1.0,1014272.6343749998,940917.8403312184
later_2025,breakout,5,factor_rank,cash_half,A_baseline,1000000,056080,056080:2025-12-11,2025-12-12,2025-12-17,,,63,stop_intraday,-71248.69640145777,-7.232256057956555,cash_50_no_add,3.0,False,1.0,985151.7400725,913903.0436710422
later_2025,breakout,5,factor_rank,cash_half,A_baseline,1000000,105630,105630:2025-12-17,2025-12-18,2025-12-26,,,65,time_open,-38391.951324999915,-4.000089143795805,cash_50_no_add,3.0,False,1.0,959777.3935749999,921385.44225
later_2025,breakout,5,factor_rank,cash_half,A_baseline,1000000,319400,319400:2025-12-24,2025-12-26,2026-01-02,,,49,take_intraday,138082.62173605873,14.712801648763406,cash_50_no_add,3.0,False,1.0,938520.24266,1076602.8643960587
later_2025,breakout,5,factor_rank,dip_3pct,A_baseline,1000000,115500,115500:2024-12-30,2025-01-02,2025-01-08,,,34,stop_gap,-35302.82024499995,-7.248276810143861,dip_50_50,3.0,False,1.0,487051.21465,451748.394405
later_2025,breakout,5,factor_rank,dip_3pct,A_baseline,1000000,319400,319400:2025-01-08,2025-01-09,2025-01-16,,,123,time_open,9369.53330250003,1.947296724165426,dip_50_50,3.0,False,1.0,481155.91148624994,490525.44478874997
later_2025,breakout,5,factor_rank,dip_3pct,A_baseline,1000000,003030,003030:2025-01-17,2025-01-20,2025-01-31,,,2,time_open,15524.762750000053,3.7524528507985933,dip_50_50,3.0,False,1.0,413723.05974999996,429247.8225
later_2025,breakout,5,factor_rank,dip_3pct,A_baseline,1000000,025980,025980:2025-01-24,2025-01-31,2025-02-03,,,81,stop_intraday,-35445.036481955205,-7.232256057956555,dip_50_50,3.0,False,1.0,490096.53692999994,454651.50044804474
later_2025,breakout,5,factor_rank,dip_3pct,A_baseline,1000000,051630,051630:2025-02-03,2025-02-04,2025-02-05,,,100,take_intraday,70155.54601054988,14.712801648763406,dip_50_50,3.0,False,1.0,476833.35699999996,546988.9030105498
later_2025,breakout,5,factor_rank,dip_3pct,A_baseline,1000000,051630,051630:2025-02-05,2025-02-06,2025-02-07,,,92,stop_gap,-46772.14380999998,-9.227351895487157,dip_50_50,3.0,False,1.0,506885.8795,460113.73569
later_2025,breakout,5,factor_rank,dip_3pct,A_baseline,1000000,168360,168360:2025-02-06,2025-02-07,2025-02-14,,,48,time_open,58191.524999999965,11.934957314310356,dip_50_50,3.0,False,1.0,487572.12504,545763.65004
later_2025,breakout,5,factor_rank,dip_3pct,A_baseline,1000000,204320,204320:2025-02-13,2025-02-14,2025-02-21,,,11,time_open,-18816.200287499873,-3.6603946990288794,dip_50_50,3.0,False,1.0,514048.3973624999,495232.19707500003
later_2025,breakout,5,factor_rank,dip_3pct,A_baseline,1000000,168360,168360:2025-02-27,2025-02-28,2025-03-04,,,82,stop_intraday,-40665.868937894236,-4.113364838991085,dip_50_50,3.0,True,2.0,988627.8151749999,947961.9462371056
later_2025,breakout,5,factor_rank,dip_3pct,A_baseline,1000000,003030,003030:2025-03-04,2025-03-05,2025-03-06,,,1,take_intraday,37214.8642177812,14.712801648763406,dip_50_50,3.0,False,1.0,252942.064375,290156.9285927812
later_2025,breakout,5,factor_rank,dip_3pct,A_baseline,1000000,052220,052220:2025-03-07,2025-03-10,2025-03-17,,,121,time_open,26617.14757625002,5.259688038292709,dip_50_50,3.0,False,1.0,506059.43513124995,532676.5827075
later_2025,breakout,5,factor_rank,dip_3pct,A_baseline,1000000,011230,011230:2025-03-19,2025-03-20,2025-03-21,,,139,take_gap,84214.60463500011,16.214520337366565,dip_50_50,3.0,False,1.0,519377.7113524999,603592.3159875
later_2025,breakout,5,factor_rank,dip_3pct,A_baseline,1000000,011230,011230:2025-03-20,2025-03-21,2025-03-28,,,248,time_open,42392.57212749985,4.006711201896618,dip_50_50,3.0,True,2.0,1058039.1246425,1100431.6967699998
later_2025,breakout,5,factor_rank,dip_3pct,A_baseline,1000000,053350,053350:2025-03-28,2025-03-31,2025-04-01,,,111,stop_intraday,-46197.94781869755,-4.298970693692605,dip_50_50,3.0,True,2.0,1074628.1170624997,1028430.1692438022
later_2025,breakout,5,factor_rank,dip_3pct,A_baseline,1000000,052220,052220:2025-04-01,2025-04-02,2025-04-04,,,108,stop_intraday,-40452.723755343875,-7.232256057956532,dip_50_50,3.0,False,1.0,559337.5487699999,518884.825014656
later_2025,breakout,5,factor_rank,dip_3pct,A_baseline,1000000,131370,131370:2025-04-08,2025-04-09,2025-04-10,,,134,stop_intraday,-38832.76010613999,-7.232256057956532,dip_50_50,3.0,False,1.0,536938.4019999999,498105.6418938599
later_2025,breakout,5,factor_rank,dip_3pct,A_baseline,1000000,006040,006040:2025-04-15,2025-04-16,2025-04-23,,,13,time_open,46220.886075000046,8.99680340916904,dip_50_50,3.0,False,1.0,513747.8721375,559968.7582125
later_2025,breakout,5,factor_rank,dip_3pct,A_baseline,1000000,099220,099220:2025-04-22,2025-04-23,2025-04-24,,,31,stop_gap,-41788.41749249998,-7.814503818415519,dip_50_50,3.0,False,1.0,534754.585365,492966.16787249997
later_2025,breakout,5,factor_rank,dip_3pct,A_baseline,1000000,014830,014830:2025-04-23,2025-04-24,2025-05-02,,,5,time_open,-12051.38287500001,-2.6823457727704336,dip_50_50,3.0,False,1.0,449285.211375,437233.8285
later_2025,breakout,5,factor_rank,dip_3pct,A_baseline,1000000,006800,006800:2025-04-30,2025-05-02,2025-05-13,,,43,time_open,29004.479873250006,5.716963243870277,dip_50_50,3.0,False,1.0,507340.6743404999,536345.1542137499
later_2025,breakout,5,factor_rank,dip_3pct,A_baseline,1000000,006800,006800:2025-05-12,2025-05-13,2025-05-20,,,42,time_open,15730.451698499965,2.992236845544327,dip_50_50,3.0,False,1.0,525708.7760925,541439.2277909999
later_2025,breakout,5,factor_rank,dip_3pct,A_baseline,1000000,136480,136480:2025-05-19,2025-05-20,2025-05-21,,,148,stop_intraday,-38976.20948115905,-7.232256057956555,dip_50_50,3.0,False,1.0,538921.868485,499945.65900384093
later_2025,breakout,5,factor_rank,dip_3pct,A_baseline,1000000,036620,036620:2025-05-21,2025-05-22,2025-05-26,,,119,take_gap,106288.79871750006,20.49706149372781,dip_50_50,3.0,False,1.0,518556.27573749993,624845.074455
later_2025,breakout,5,factor_rank,dip_3pct,A_baseline,1000000,036620,036620:2025-05-23,2025-05-26,2025-05-28,,,108,stop_intraday,-41156.92977816437,-7.232256057956565,dip_50_50,3.0,False,1.0,569074.56606,527917.6362818356
later_2025,breakout,5,factor_rank,dip_3pct,A_baseline,1000000,006800,006800:2025-05-29,2025-05-30,2025-06-02,,,64,stop_intraday,-52539.32984147861,-5.091126009459968,dip_50_50,3.0,True,2.0,1031978.5788812499,979439.2490397713
later_2025,breakout,5,factor_rank,dip_3pct,A_baseline,1000000,001130,001130:2025-06-02,2025-06-04,2025-06-12,,,36,time_open,31591.91511,6.033192192488013,dip_50_50,3.0,False,1.0,523635.15204,555227.06715
later_2025,breakout,5,factor_rank,dip_3pct,A_baseline,1000000,123700,123700:2025-06-11,2025-06-12,2025-06-19,,,299,time_open,-12986.364527500002,-1.2489925510463018,dip_50_50,3.0,True,2.0,1039747.1559474999,1026760.7914199999
later_2025,breakout,5,factor_rank,dip_3pct,A_baseline,1000000,319400,319400:2025-06-18,2025-06-19,2025-06-25,,,116,take_intraday,78217.53837772866,14.712801648763406,dip_50_50,3.0,False,1.0,531629.123025,609846.6614027286
later_2025,breakout,5,factor_rank,dip_3pct,A_baseline,1000000,006220,006220:2025-06-25,2025-06-26,2025-06-27,,,72,stop_intraday,-48367.764218373806,-4.56281313840976,dip_50_50,3.0,True,2.0,1060042.6261425,1011674.8619241262
later_2025,breakout,5,factor_rank,dip_3pct,A_baseline,1000000,015860,015860:2025-06-30,2025-07-01,2025-07-08,,,97,time_open,13584.861640000017,2.487639782444484,dip_50_50,3.0,False,1.0,546094.4038549999,559679.2654949999
later_2025,breakout,5,factor_rank,dip_3pct,A_baseline,1000000,000080,000080:2025-07-07,2025-07-08,2025-07-15,,,25,time_open,588.1268749999581,0.10772458924876993,dip_50_50,3.0,False,1.0,545954.1587500001,546542.285625
later_2025,breakout,5,factor_rank,dip_3pct,A_baseline,1000000,009070,009070:2025-07-14,2025-07-15,2025-07-22,,,78,time_open,-7391.479094999959,-1.3304773124149016,dip_50_50,3.0,False,1.0,555550.930935,548159.45184
later_2025,breakout,5,factor_rank,dip_3pct,A_baseline,1000000,127120,127120:2025-08-11,2025-08-12,2025-08-20,,,32,time_open,6401.4462400000775,1.1746798703933914,dip_50_50,3.0,False,1.0,544952.4079999999,551353.85424
later_2025,breakout,5,factor_rank,dip_3pct,A_baseline,1000000,415380,415380:2025-08-19,2025-08-20,2025-08-25,,,171,take_intraday,81909.54767933441,14.71280164876343,dip_50_50,3.0,False,1.0,556722.9793124999,638632.5269918343
later_2025,breakout,5,factor_rank,dip_3pct,A_baseline,1000000,415380,415380:2025-08-25,2025-08-26,2025-08-28,,,290,take_intraday,194207.85382348322,17.739094825316858,dip_50_50,3.0,True,2.0,1094801.3736659999,1289009.227489483
later_2025,breakout,5,factor_rank,dip_3pct,A_baseline,1000000,085310,085310:2025-08-28,2025-08-29,2025-09-02,,,88,stop_intraday,-65581.18766259076,-5.55667923385228,dip_50_50,3.0,True,2.0,1180222.66362,1114641.4759574092
later_2025,breakout,5,factor_rank,dip_3pct,A_baseline,1000000,319400,319400:2025-09-03,2025-09-04,2025-09-05,,,101,take_intraday,97205.22533684445,14.712801648763406,dip_50_50,3.0,False,1.0,660684.6721475,757889.8974843444
later_2025,breakout,5,factor_rank,dip_3pct,A_baseline,1000000,319400,319400:2025-09-05,2025-09-08,2025-09-11,,,97,take_gap,115654.64375500008,16.304549535927393,dip_50_50,3.0,False,1.0,709339.706075,824994.3498300001
later_2025,breakout,5,factor_rank,dip_3pct,A_baseline,1000000,170920,170920:2025-09-11,2025-09-12,2025-09-17,,,52,take_intraday,112431.63176194951,14.71280164876343,dip_50_50,3.0,False,1.0,764175.5421299998,876607.1738919494
later_2025,breakout,5,factor_rank,dip_3pct,A_baseline,1000000,170920,170920:2025-09-17,2025-09-18,2025-09-19,,,47,take_intraday,120185.58822332544,14.712801648763406,dip_50_50,3.0,False,1.0,816877.6490875,937063.2373108254
later_2025,breakout,5,factor_rank,dip_3pct,A_baseline,1000000,127120,127120:2025-09-19,2025-09-22,2025-09-29,,,36,time_open,9541.359449999989,1.0978197451931404,dip_50_50,3.0,False,1.0,869118.9507,878660.31015
later_2025,breakout,5,factor_rank,dip_3pct,A_baseline,1000000,265520,265520:2025-10-10,2025-10-13,2025-10-20,,,43,time_open,-18944.84443249996,-2.161217611902322,dip_50_50,3.0,False,1.0,876581.9937875,857637.149355
later_2025,breakout,5,factor_rank,dip_3pct,A_baseline,1000000,011170,011170:2025-10-17,2025-10-20,2025-10-27,,,12,time_open,62860.5495000002,7.262811195798968,dip_50_50,3.0,False,1.0,865512.6479999998,928373.1975
later_2025,breakout,5,factor_rank,dip_3pct,A_baseline,1000000,015860,015860:2025-10-24,2025-10-27,2025-11-03,,,217,time_open,124880.39002249995,8.864358847836096,dip_50_50,3.0,True,2.0,1408792.1322475,1533672.5222699998
later_2025,breakout,5,factor_rank,dip_3pct,A_baseline,1000000,015860,015860:2025-11-03,2025-11-04,2025-11-11,,,204,time_open,103186.40136000002,7.063725003726229,dip_50_50,3.0,True,2.0,1460793.0136799999,1563979.4150399999
later_2025,breakout,5,factor_rank,dip_3pct,A_baseline,1000000,309960,309960:2025-11-10,2025-11-11,2025-11-12,,,273,stop_intraday,-78803.98028362892,-5.185099484371946,dip_50_50,3.0,True,2.0,1519816.16787,1441012.187586371
later_2025,breakout,5,factor_rank,dip_3pct,A_baseline,1000000,220100,220100:2025-11-12,2025-11-13,2025-11-14,,,49,take_intraday,142726.29986243357,14.712801648763406,dip_50_50,3.0,False,1.0,970082.40354025,1112808.7034026836
later_2025,breakout,5,factor_rank,dip_3pct,A_baseline,1000000,220100,220100:2025-11-14,2025-11-17,2025-11-24,,,43,time_open,79472.46893600014,7.649433543021789,dip_50_50,3.0,False,1.0,1038932.73258775,1118405.20152375
later_2025,breakout,5,factor_rank,dip_3pct,A_baseline,1000000,138360,138360:2025-11-25,2025-11-26,2025-11-27,,,1015,take_intraday,161414.49928059662,14.712801648763385,dip_50_50,3.0,False,1.0,1097102.39513875,1258516.8944193467
later_2025,breakout,5,factor_rank,dip_3pct,A_baseline,1000000,314130,314130:2025-11-27,2025-11-28,2025-12-02,,,310,stop_intraday,-85120.54076250736,-7.232256057956543,dip_50_50,3.0,False,1.0,1176956.956175,1091836.4154124926
later_2025,breakout,5,factor_rank,dip_3pct,A_baseline,1000000,314130,314130:2025-12-03,2025-12-04,2025-12-05,,,255,take_intraday,166494.14401432313,14.71280164876343,dip_50_50,3.0,False,1.0,1131627.7347374998,1298121.878751823
later_2025,breakout,5,factor_rank,dip_3pct,A_baseline,1000000,204320,204320:2025-12-05,2025-12-08,2025-12-09,,,27,stop_intraday,-86466.37371121743,-5.34724676462297,dip_50_50,3.0,True,2.0,1617026.0606499997,1530559.6869387822
later_2025,breakout,5,factor_rank,dip_3pct,A_baseline,1000000,457190,457190:2025-12-09,2025-12-10,2025-12-11,,,17,stop_intraday,-83135.43324961886,-7.232256057956543,dip_50_50,3.0,False,1.0,1149508.9856249997,1066373.5523753809
later_2025,breakout,5,factor_rank,dip_3pct,A_baseline,1000000,056080,056080:2025-12-11,2025-12-12,2025-12-17,,,72,stop_intraday,-81427.08160166605,-7.232256057956555,dip_50_50,3.0,False,1.0,1125887.70294,1044460.6213383339
later_2025,breakout,5,factor_rank,dip_3pct,A_baseline,1000000,105630,105630:2025-12-17,2025-12-18,2025-12-26,,,74,time_open,-43707.759970000014,-4.000089143795815,dip_50_50,3.0,False,1.0,1092669.6480699999,1048961.8880999999
later_2025,breakout,5,factor_rank,dip_3pct,A_baseline,1000000,319400,319400:2025-12-24,2025-12-26,2026-01-02,,,55,take_intraday,154990.6978670049,14.71280164876343,dip_50_50,3.0,False,1.0,1053441.0887,1208431.7865670049
later_2025,breakout,10,ticker_ascending,all_in,A_baseline,1000000,115500,115500:2024-12-30,2025-01-02,2025-01-08,14314.3,13296.69,69,stop_gap,-71643.95873249997,-7.248276810143873,,,,,,
later_2025,breakout,10,ticker_ascending,all_in,A_baseline,1000000,319400,319400:2025-01-08,2025-01-09,2025-01-23,3908.9049999999997,4060.935,237,time_open,34614.47093999991,3.7336073050644236,,,,,,
later_2025,breakout,10,ticker_ascending,all_in,A_baseline,1000000,004870,004870:2025-01-22,2025-01-23,2025-01-24,5732.726999999999,5326.104673889999,167,stop_intraday,-69291.04712752486,-7.232256057956543,,,,,,
later_2025,breakout,10,ticker_ascending,all_in,A_baseline,1000000,025980,025980:2025-01-24,2025-01-31,2025-02-03,6046.039999999999,5617.1943827999985,147,stop_intraday,-64326.17731910385,-7.232256057956555,,,,,,
later_2025,breakout,10,ticker_ascending,all_in,A_baseline,1000000,051630,051630:2025-02-03,2025-02-04,2025-02-05,4764.759999999999,5473.994525999999,173,take_intraday,121369.09459825128,14.712801648763406,,,,,,
later_2025,breakout,10,ticker_ascending,all_in,A_baseline,1000000,051630,051630:2025-02-05,2025-02-06,2025-02-07,5505.499999999999,5004.99,172,stop_gap,-87443.57320999994,-9.227351895487157,,,,,,
later_2025,breakout,10,ticker_ascending,all_in,A_baseline,1000000,136480,136480:2025-02-06,2025-02-07,2025-02-21,2982.9799999999996,2957.04,289,time_open,-8784.159334999975,-1.0181843600403861,,,,,,
later_2025,breakout,10,ticker_ascending,all_in,A_baseline,1000000,053350,053350:2025-02-27,2025-02-28,2025-03-04,4619.615,5307.244692749999,184,take_intraday,125153.95682840026,14.712801648763406,,,,,,
later_2025,breakout,10,ticker_ascending,all_in,A_baseline,1000000,003030,003030:2025-03-04,2025-03-05,2025-03-06,252752.49999999997,290374.70962499996,3,take_intraday,111644.5926533438,14.71280164876343,,,,,,
later_2025,breakout,10,ticker_ascending,all_in,A_baseline,1000000,052220,052220:2025-03-07,2025-03-10,2025-03-21,4179.174999999999,3882.746117249999,260,stop_intraday,-78643.5841328639,-7.232256057956543,,,,,,
later_2025,breakout,10,ticker_ascending,all_in,A_baseline,1000000,030210,030210:2025-03-25,2025-03-26,2025-04-01,3343.3399999999997,3106.1968937999995,302,stop_intraday,-73078.03817884577,-7.232256057956543,,,,,,
later_2025,breakout,10,ticker_ascending,all_in,A_baseline,1000000,052220,052220:2025-04-01,2025-04-02,2025-04-04,5175.169999999999,4808.095191899999,181,stop_intraday,-67795.76851590059,-7.232256057956555,,,,,,
later_2025,breakout,10,ticker_ascending,all_in,A_baseline,1000000,131370,131370:2025-04-08,2025-04-09,2025-04-10,4003.9999999999995,3719.9962799999994,217,stop_intraday,-62885.88763457013,-7.232256057956543,,,,,,
later_2025,breakout,10,ticker_ascending,all_in,A_baseline,1000000,006040,006040:2025-04-15,2025-04-16,2025-04-30,39489.45,40859.1,20,time_open,26187.771749999956,3.3133084457708906,,,,,,
later_2025,breakout,10,ticker_ascending,all_in,A_baseline,1000000,006800,006800:2025-04-29,2025-04-30,2025-05-12,10843.832999999999,12457.937542049996,76,take_intraday,121343.74427490286,14.712801648763385,,,,,,
later_2025,breakout,10,ticker_ascending,all_in,A_baseline,1000000,006800,006800:2025-05-12,2025-05-13,2025-05-27,12507.494999999999,13497.489,76,time_open,73757.25991200004,7.7534545470148375,,,,,,
later_2025,breakout,10,ticker_ascending,all_in,A_baseline,1000000,000850,000850:2025-05-26,2025-05-27,2025-06-12,31081.049999999996,32467.5,33,time_open,44180.023387500085,4.304182929996192,,,,,,
later_2025,breakout,10,ticker_ascending,all_in,A_baseline,1000000,014680,014680:2025-06-11,2025-06-12,2025-06-26,155154.99999999997,163836.0,6,time_open,50650.540500000236,5.43677624141472,,,,,,
later_2025,breakout,10,ticker_ascending,all_in,A_baseline,1000000,006220,006220:2025-06-25,2025-06-26,2025-06-27,15135.119999999999,14061.585938399998,74,stop_intraday,-81061.93773798144,-7.232256057956555,,,,,,
later_2025,breakout,10,ticker_ascending,all_in,A_baseline,1000000,011230,011230:2025-06-30,2025-07-01,2025-07-04,5975.969999999999,5552.094447899999,174,stop_intraday,-75258.75847585103,-7.232256057956543,,,,,,
later_2025,breakout,10,ticker_ascending,all_in,A_baseline,1000000,036460,036460:2025-07-04,2025-07-07,2025-07-21,46446.399999999994,44505.45,20,time_open,-40183.27774999989,-4.322526921122149,,,,,,
later_2025,breakout,10,ticker_ascending,all_in,A_baseline,1000000,127120,127120:2025-08-11,2025-08-12,2025-08-27,17016.999999999996,17282.7,54,time_open,12958.662150000222,1.4091518979030049,,,,,,
later_2025,breakout,10,ticker_ascending,all_in,A_baseline,1000000,003570,003570:2025-08-26,2025-08-27,2025-09-05,64063.99999999999,59519.94047999999,14,stop_intraday,-64914.464655040065,-7.232256057956543,,,,,,
later_2025,breakout,10,ticker_ascending,all_in,A_baseline,1000000,319400,319400:2025-09-05,2025-09-08,2025-09-11,7307.299999999999,8511.48,119,take_gap,141885.59388499998,16.30454953592737,,,,,,
later_2025,breakout,10,ticker_ascending,all_in,A_baseline,1000000,010130,010130:2025-09-11,2025-09-12,2025-09-15,925924.9999999999,1093905.0,1,take_gap,166465.12750000018,17.964778164628292,,,,,,
later_2025,breakout,10,ticker_ascending,all_in,A_baseline,1000000,010130,010130:2025-09-12,2025-09-15,2025-09-17,1096094.9999999998,1018348.9816499997,1,stop_intraday,-79331.85133623763,-7.232256057956543,,,,,,
later_2025,breakout,10,ticker_ascending,all_in,A_baseline,1000000,170920,170920:2025-09-17,2025-09-18,2025-09-19,17367.35,19952.480047499997,63,take_intraday,161099.83102275548,14.712801648763406,,,,,,
later_2025,breakout,10,ticker_ascending,all_in,A_baseline,1000000,003570,003570:2025-09-19,2025-09-22,2025-10-10,71571.49999999999,66494.93350499998,17,stop_intraday,-88061.97744218865,-7.232256057956521,,,,,,
later_2025,breakout,10,ticker_ascending,all_in,A_baseline,1000000,265520,265520:2025-10-10,2025-10-13,2025-10-21,20370.35,23402.476597499997,57,take_intraday,170959.92772045662,14.712801648763406,,,,,,
later_2025,breakout,10,ticker_ascending,all_in,A_baseline,1000000,265520,265520:2025-10-21,2025-10-22,2025-10-23,22672.649999999998,21064.478935499996,59,stop_intraday,-96817.4607608961,-7.232256057956555,,,,,,
later_2025,breakout,10,ticker_ascending,all_in,A_baseline,1000000,015860,015860:2025-10-24,2025-10-27,2025-11-10,6596.589999999999,7262.73,189,time_open,123935.90139000001,9.933224127131046,,,,,,
later_2025,breakout,10,ticker_ascending,all_in,A_baseline,1000000,105560,105560:2025-11-10,2025-11-11,2025-11-19,130129.99999999999,120899.87909999998,10,stop_intraday,-94183.93309325026,-7.232256057956555,,,,,,
later_2025,breakout,10,ticker_ascending,all_in,A_baseline,1000000,138360,138360:2025-11-25,2025-11-26,2025-11-27,1080.079,1240.8487591499998,1186,take_intraday,188608.46911013592,14.712801648763406,,,,,,
later_2025,breakout,10,ticker_ascending,all_in,A_baseline,1000000,010130,010130:2025-11-27,2025-11-28,2025-12-10,1298296.9999999998,1500498.0,1,take_gap,200101.9037500003,15.40109387876225,,,,,,
later_2025,breakout,10,ticker_ascending,all_in,A_baseline,1000000,457190,457190:2025-12-09,2025-12-10,2025-12-11,67567.49999999999,62774.93722499998,24,stop_intraday,-117367.67047005007,-7.232256057956543,,,,,,
later_2025,breakout,10,ticker_ascending,all_in,A_baseline,1000000,051630,051630:2025-12-11,2025-12-12,2025-12-15,3123.1199999999994,2901.597098399999,497,stop_intraday,-112342.59539362858,-7.232256057956532,,,,,,
later_2025,breakout,10,ticker_ascending,all_in,A_baseline,1000000,105630,105630:2025-12-15,2025-12-16,2025-12-30,13773.759999999998,12796.787203199998,104,stop_intraday,-103677.67354904977,-7.232256057956543,,,,,,
later_2025,breakout,10,ticker_ascending,cash_half,A_baseline,1000000,115500,115500:2024-12-30,2025-01-02,2025-01-08,,,34,stop_gap,-35302.82024499995,-7.248276810143861,cash_50_no_add,3.0,False,1.0,487051.21465,451748.394405
later_2025,breakout,10,ticker_ascending,cash_half,A_baseline,1000000,319400,319400:2025-01-08,2025-01-09,2025-01-23,,,123,time_open,17964.472260000068,3.733607305064446,cash_50_no_add,3.0,False,1.0,481155.91148624994,499120.38374625
later_2025,breakout,10,ticker_ascending,cash_half,A_baseline,1000000,004870,004870:2025-01-22,2025-01-23,2025-01-24,,,85,stop_intraday,-35267.89823856059,-7.232256057956555,cash_50_no_add,3.0,False,1.0,487647.25634624995,452379.35810768936
later_2025,breakout,10,ticker_ascending,cash_half,A_baseline,1000000,025980,025980:2025-01-24,2025-01-31,2025-02-03,,,78,stop_intraday,-34132.25735299388,-7.232256057956555,cash_50_no_add,3.0,False,1.0,471944.81333999994,437812.55598700605
later_2025,breakout,10,ticker_ascending,cash_half,A_baseline,1000000,051630,051630:2025-02-03,2025-02-04,2025-02-05,,,95,take_intraday,66647.76871002238,14.712801648763406,cash_50_no_add,3.0,False,1.0,452991.68915,519639.4578600224
later_2025,breakout,10,ticker_ascending,cash_half,A_baseline,1000000,051630,051630:2025-02-05,2025-02-06,2025-02-07,,,88,stop_gap,-44738.572339999955,-9.227351895487146,cash_50_no_add,3.0,False,1.0,484847.36299999995,440108.79066
later_2025,breakout,10,ticker_ascending,cash_half,A_baseline,1000000,136480,136480:2025-02-06,2025-02-07,2025-02-21,,,156,time_open,-4741.6223399999435,-1.018184360040375,cash_50_no_add,3.0,False,1.0,465693.88865999994,460952.26632
later_2025,breakout,10,ticker_ascending,cash_half,A_baseline,1000000,053350,053350:2025-02-27,2025-02-28,2025-03-04,,,100,take_intraday,68018.45479804347,14.712801648763364,cash_50_no_add,3.0,False,1.0,462307.97112500004,530326.4259230435
later_2025,breakout,10,ticker_ascending,cash_half,A_baseline,1000000,003030,003030:2025-03-04,2025-03-05,2025-03-06,,,1,take_intraday,37214.8642177812,14.712801648763406,cash_50_no_add,3.0,False,1.0,252942.064375,290156.9285927812
later_2025,breakout,10,ticker_ascending,cash_half,A_baseline,1000000,052220,052220:2025-03-07,2025-03-10,2025-03-21,,,123,stop_intraday,-37204.46480131638,-7.232256057956543,cash_50_no_add,3.0,False,1.0,514424.0538937499,477219.5890924335
later_2025,breakout,10,ticker_ascending,cash_half,A_baseline,1000000,030210,030210:2025-03-25,2025-03-26,2025-04-01,,,149,stop_intraday,-36055.058571682195,-7.232256057956543,cash_50_no_add,3.0,False,1.0,498531.278245,462476.2196733178
later_2025,breakout,10,ticker_ascending,cash_half,A_baseline,1000000,052220,052220:2025-04-01,2025-04-02,2025-04-04,,,92,stop_intraday,-34459.72764344112,-7.232256057956532,cash_50_no_add,3.0,False,1.0,476472.72672999994,442012.9990865588
later_2025,breakout,10,ticker_ascending,cash_half,A_baseline,1000000,131370,131370:2025-04-08,2025-04-09,2025-04-10,,,115,stop_intraday,-33326.62247915007,-7.232256057956543,cash_50_no_add,3.0,False,1.0,460805.345,427478.7225208499
later_2025,breakout,10,ticker_ascending,cash_half,A_baseline,1000000,006040,006040:2025-04-15,2025-04-16,2025-04-30,,,11,time_open,14403.274462500005,3.3133084457708906,cash_50_no_add,3.0,False,1.0,434709.73796249996,449113.01242499996
later_2025,breakout,10,ticker_ascending,cash_half,A_baseline,1000000,006800,006800:2025-04-29,2025-04-30,2025-05-12,,,41,take_intraday,65461.75677988189,14.712801648763406,cash_50_no_add,3.0,False,1.0,444930.6008647499,510392.3576446318
later_2025,breakout,10,ticker_ascending,cash_half,A_baseline,1000000,006800,006800:2025-05-12,2025-05-13,2025-05-27,,,38,time_open,36878.62995600002,7.7534545470148375,cash_50_no_add,3.0,False,1.0,475641.27360749996,512519.9035635
later_2025,breakout,10,ticker_ascending,cash_half,A_baseline,1000000,000850,000850:2025-05-26,2025-05-27,2025-06-12,,,16,time_open,21420.617400000046,4.304182929996192,cash_50_no_add,3.0,False,1.0,497669.77259999997,519090.39
later_2025,breakout,10,ticker_ascending,cash_half,A_baseline,1000000,014680,014680:2025-06-11,2025-06-12,2025-06-26,,,3,time_open,25325.270250000118,5.43677624141472,cash_50_no_add,3.0,False,1.0,465814.0987499999,491139.369
later_2025,breakout,10,ticker_ascending,cash_half,A_baseline,1000000,006220,006220:2025-06-25,2025-06-26,2025-06-27,,,34,stop_intraday,-37244.67409582931,-7.232256057956555,cash_50_no_add,3.0,False,1.0,514980.02556,477735.3514641707
later_2025,breakout,10,ticker_ascending,cash_half,A_baseline,1000000,011230,011230:2025-06-30,2025-07-01,2025-07-04,,,85,stop_intraday,-36764.33603705373,-7.232256057956555,cash_50_no_add,3.0,False,1.0,508338.4180875,471574.08205044625
later_2025,breakout,10,ticker_ascending,cash_half,A_baseline,1000000,036460,036460:2025-07-04,2025-07-07,2025-07-21,,,10,time_open,-20091.638874999946,-4.322526921122149,cash_50_no_add,3.0,False,1.0,464812.34799999994,444720.709125
later_2025,breakout,10,ticker_ascending,cash_half,A_baseline,1000000,127120,127120:2025-08-11,2025-08-12,2025-08-27,,,28,time_open,6719.306300000055,1.4091518979029827,cash_50_no_add,3.0,False,1.0,476833.3569999999,483552.66329999996
later_2025,breakout,10,ticker_ascending,cash_half,A_baseline,1000000,003570,003570:2025-08-26,2025-08-27,2025-09-05,,,7,stop_intraday,-32457.23232752009,-7.232256057956555,cash_50_no_add,3.0,False,1.0,448784.33599999995,416327.10367247986
later_2025,breakout,10,ticker_ascending,cash_half,A_baseline,1000000,319400,319400:2025-09-05,2025-09-08,2025-09-11,,,64,take_gap,76308.21855999995,16.30454953592737,cash_50_no_add,3.0,False,1.0,468017.9504,544326.1689599999
later_2025,breakout,10,ticker_ascending,cash_half,A_baseline,1000000,170920,170920:2025-09-11,2025-09-12,2025-09-17,,,34,take_intraday,73512.9899981977,14.71280164876343,cash_50_no_add,3.0,False,1.0,499653.23908499995,573166.2290831977
later_2025,breakout,10,ticker_ascending,cash_half,A_baseline,1000000,170920,170920:2025-09-17,2025-09-18,2025-09-19,,,31,take_intraday,79271.3454238954,14.712801648763385,cash_50_no_add,3.0,False,1.0,538791.6408875,618062.9863113954
later_2025,breakout,10,ticker_ascending,cash_half,A_baseline,1000000,003570,003570:2025-09-19,2025-09-22,2025-10-10,,,8,stop_intraday,-41440.93056103005,-7.232256057956543,cash_50_no_add,3.0,False,1.0,573001.4289999999,531560.4984389698
later_2025,breakout,10,ticker_ascending,cash_half,A_baseline,1000000,265520,265520:2025-10-10,2025-10-13,2025-10-21,,,27,take_intraday,80981.0183939006,14.71280164876343,cash_50_no_add,3.0,False,1.0,550411.9495875,631392.9679814006
later_2025,breakout,10,ticker_ascending,cash_half,A_baseline,1000000,265520,265520:2025-10-21,2025-10-22,2025-10-23,,,26,stop_intraday,-42665.32169124228,-7.232256057956543,cash_50_no_add,3.0,False,1.0,589931.016675,547265.6949837577
later_2025,breakout,10,ticker_ascending,cash_half,A_baseline,1000000,015860,015860:2025-10-24,2025-10-27,2025-11-10,,,88,time_open,57705.60488,9.933224127131046,cash_50_no_add,3.0,False,1.0,580935.2949399999,638640.8998199999
later_2025,breakout,10,ticker_ascending,cash_half,A_baseline,1000000,105560,105560:2025-11-10,2025-11-11,2025-11-19,,,4,stop_intraday,-37673.573237300036,-7.232256057956543,cash_50_no_add,3.0,False,1.0,520910.38999999996,483236.8167626999
later_2025,breakout,10,ticker_ascending,cash_half,A_baseline,1000000,138360,138360:2025-11-25,2025-11-26,2025-11-27,,,547,take_intraday,86988.89764185867,14.71280164876343,cash_50_no_add,3.0,False,1.0,591246.31540975,678235.2130516086
later_2025,breakout,10,ticker_ascending,cash_half,A_baseline,1000000,314130,314130:2025-11-27,2025-11-28,2025-12-02,,,167,stop_intraday,-45855.25905593147,-7.232256057956555,cash_50_no_add,3.0,False,1.0,634038.1021975,588182.8431415685
later_2025,breakout,10,ticker_ascending,cash_half,A_baseline,1000000,314130,314130:2025-12-03,2025-12-04,2025-12-05,,,138,take_intraday,90102.71323128056,14.712801648763406,cash_50_no_add,3.0,False,1.0,612410.303505,702513.0167362805
later_2025,breakout,10,ticker_ascending,cash_half,A_baseline,1000000,051630,051630:2025-12-05,2025-12-08,2025-12-17,,,225,stop_intraday,-47517.60547502723,-7.232256057956543,cash_50_no_add,3.0,False,1.0,657023.2731562499,609505.6676812227
later_2025,breakout,10,ticker_ascending,cash_half,A_baseline,1000000,105630,105630:2025-12-17,2025-12-18,2025-12-26,,,42,stop_intraday,-44851.83792259183,-7.232256057956555,cash_50_no_add,3.0,False,1.0,620163.85431,575312.0163874081
later_2025,breakout,10,ticker_ascending,cash_half,A_baseline,1000000,048770,048770:2025-12-29,2025-12-30,2026-01-02,,,181,stop_gap,-45495.74008000002,-7.456712767848295,cash_50_no_add,3.0,False,1.0,610131.32054875,564635.58046875
later_2025,breakout,10,ticker_ascending,dip_3pct,A_baseline,1000000,115500,115500:2024-12-30,2025-01-02,2025-01-08,,,34,stop_gap,-35302.82024499995,-7.248276810143861,dip_50_50,3.0,False,1.0,487051.21465,451748.394405
later_2025,breakout,10,ticker_ascending,dip_3pct,A_baseline,1000000,319400,319400:2025-01-08,2025-01-09,2025-01-23,,,123,time_open,17964.472260000068,3.733607305064446,dip_50_50,3.0,False,1.0,481155.91148624994,499120.38374625
later_2025,breakout,10,ticker_ascending,dip_3pct,A_baseline,1000000,004870,004870:2025-01-22,2025-01-23,2025-01-24,,,85,stop_intraday,-35267.89823856059,-7.232256057956555,dip_50_50,3.0,False,1.0,487647.25634624995,452379.35810768936
later_2025,breakout,10,ticker_ascending,dip_3pct,A_baseline,1000000,025980,025980:2025-01-24,2025-01-31,2025-02-03,,,78,stop_intraday,-34132.25735299388,-7.232256057956555,dip_50_50,3.0,False,1.0,471944.81333999994,437812.55598700605
later_2025,breakout,10,ticker_ascending,dip_3pct,A_baseline,1000000,051630,051630:2025-02-03,2025-02-04,2025-02-05,,,95,take_intraday,66647.76871002238,14.712801648763406,dip_50_50,3.0,False,1.0,452991.68915,519639.4578600224
later_2025,breakout,10,ticker_ascending,dip_3pct,A_baseline,1000000,051630,051630:2025-02-05,2025-02-06,2025-02-07,,,88,stop_gap,-44738.572339999955,-9.227351895487146,dip_50_50,3.0,False,1.0,484847.36299999995,440108.79066
later_2025,breakout,10,ticker_ascending,dip_3pct,A_baseline,1000000,136480,136480:2025-02-06,2025-02-07,2025-02-21,,,317,time_open,1654.5111975000473,0.176948502174068,dip_50_50,3.0,True,2.0,935024.1325424999,936678.64374
later_2025,breakout,10,ticker_ascending,dip_3pct,A_baseline,1000000,053350,053350:2025-02-27,2025-02-28,2025-03-04,,,101,take_intraday,68698.63934602408,14.712801648763406,dip_50_50,3.0,False,1.0,466931.05083625,535629.6901822741
later_2025,breakout,10,ticker_ascending,dip_3pct,A_baseline,1000000,003030,003030:2025-03-04,2025-03-05,2025-03-06,,,1,take_intraday,37214.8642177812,14.712801648763406,dip_50_50,3.0,False,1.0,252942.064375,290156.9285927812
later_2025,breakout,10,ticker_ascending,dip_3pct,A_baseline,1000000,052220,052220:2025-03-07,2025-03-10,2025-03-21,,,124,stop_intraday,-37506.94012490433,-7.232256057956555,dip_50_50,3.0,False,1.0,518606.3632749999,481099.42315009556
later_2025,breakout,10,ticker_ascending,dip_3pct,A_baseline,1000000,030210,030210:2025-03-25,2025-03-26,2025-04-01,,,150,stop_intraday,-36297.03883055254,-7.232256057956543,dip_50_50,3.0,False,1.0,501877.12574999995,465580.0869194474
later_2025,breakout,10,ticker_ascending,dip_3pct,A_baseline,1000000,052220,052220:2025-04-01,2025-04-02,2025-04-04,,,93,stop_intraday,-34834.28990043508,-7.232256057956543,dip_50_50,3.0,False,1.0,481651.77810749994,446817.48820706486
later_2025,breakout,10,ticker_ascending,dip_3pct,A_baseline,1000000,131370,131370:2025-04-08,2025-04-09,2025-04-10,,,116,stop_intraday,-33616.419196360046,-7.232256057956543,dip_50_50,3.0,False,1.0,464812.34799999994,431195.9288036399
later_2025,breakout,10,ticker_ascending,dip_3pct,A_baseline,1000000,006040,006040:2025-04-15,2025-04-16,2025-04-30,,,11,time_open,14403.274462500005,3.3133084457708906,dip_50_50,3.0,False,1.0,434709.73796249996,449113.01242499996
later_2025,breakout,10,ticker_ascending,dip_3pct,A_baseline,1000000,006800,006800:2025-04-29,2025-04-30,2025-05-12,,,42,take_intraday,67058.3849940254,14.71280164876343,dip_50_50,3.0,False,1.0,455782.5667394999,522840.9517335253
later_2025,breakout,10,ticker_ascending,dip_3pct,A_baseline,1000000,006800,006800:2025-05-12,2025-05-13,2025-05-27,,,39,time_open,37849.12021799997,7.7534545470148375,dip_50_50,3.0,False,1.0,488158.14922875,526007.2694467499
later_2025,breakout,10,ticker_ascending,dip_3pct,A_baseline,1000000,000850,000850:2025-05-26,2025-05-27,2025-06-12,,,16,time_open,21420.617400000046,4.304182929996192,dip_50_50,3.0,False,1.0,497669.77259999997,519090.39
later_2025,breakout,10,ticker_ascending,dip_3pct,A_baseline,1000000,014680,014680:2025-06-11,2025-06-12,2025-06-26,,,6,time_open,70184.6801250003,7.694895007705327,dip_50_50,3.0,True,2.0,912094.0578749997,982278.738
later_2025,breakout,10,ticker_ascending,dip_3pct,A_baseline,1000000,006220,006220:2025-06-25,2025-06-26,2025-06-27,,,71,stop_intraday,-47272.332627319964,-4.524117770943004,dip_50_50,3.0,True,2.0,1044896.1548024999,997623.82217518
later_2025,breakout,10,ticker_ascending,dip_3pct,A_baseline,1000000,011230,011230:2025-06-30,2025-07-01,2025-07-04,,,174,stop_intraday,-60613.16251085105,-5.907986005979627,dip_50_50,3.0,True,2.0,1025953.0481199999,965339.8856091489
later_2025,breakout,10,ticker_ascending,dip_3pct,A_baseline,1000000,036460,036460:2025-07-04,2025-07-07,2025-07-21,,,21,time_open,-14093.333100000047,-1.4866278141717482,dip_50_50,3.0,True,2.0,948006.8222625,933913.4891624999
later_2025,breakout,10,ticker_ascending,dip_3pct,A_baseline,1000000,127120,127120:2025-08-11,2025-08-12,2025-08-27,,,29,time_open,6959.281525000057,1.4091518979029827,dip_50_50,3.0,False,1.0,493863.1197499999,500822.40127499995
later_2025,breakout,10,ticker_ascending,dip_3pct,A_baseline,1000000,003570,003570:2025-08-26,2025-08-27,2025-09-05,,,15,stop_intraday,-40700.79053040012,-4.363150575212938,dip_50_50,3.0,True,2.0,932830.2984,892129.5078695999
later_2025,breakout,10,ticker_ascending,dip_3pct,A_baseline,1000000,319400,319400:2025-09-05,2025-09-08,2025-09-11,,,65,take_gap,77500.53447499993,16.30454953592737,dip_50_50,3.0,False,1.0,475330.73087499995,552831.2653499999
later_2025,breakout,10,ticker_ascending,dip_3pct,A_baseline,1000000,170920,170920:2025-09-11,2025-09-12,2025-09-17,,,35,take_intraday,75675.13676285057,14.712801648763406,dip_50_50,3.0,False,1.0,514348.92258749995,590024.0593503505
later_2025,breakout,10,ticker_ascending,dip_3pct,A_baseline,1000000,170920,170920:2025-09-17,2025-09-18,2025-09-19,,,31,take_intraday,79271.3454238954,14.712801648763385,dip_50_50,3.0,False,1.0,538791.6408875,618062.9863113954
later_2025,breakout,10,ticker_ascending,dip_3pct,A_baseline,1000000,003570,003570:2025-09-19,2025-09-22,2025-10-10,,,8,stop_intraday,-41440.93056103005,-7.232256057956543,dip_50_50,3.0,False,1.0,573001.4289999999,531560.4984389698
later_2025,breakout,10,ticker_ascending,dip_3pct,A_baseline,1000000,265520,265520:2025-10-10,2025-10-13,2025-10-21,,,28,take_intraday,83980.31537145248,14.71280164876343,dip_50_50,3.0,False,1.0,570797.5773499999,654777.8927214524
later_2025,breakout,10,ticker_ascending,dip_3pct,A_baseline,1000000,265520,265520:2025-10-21,2025-10-22,2025-10-23,,,49,stop_intraday,-61674.98262387968,-5.642413404136059,dip_50_50,3.0,True,2.0,1093060.3308625,1031385.3482386203
later_2025,breakout,10,ticker_ascending,dip_3pct,A_baseline,1000000,015860,015860:2025-10-24,2025-10-27,2025-11-10,,,167,time_open,133250.99294500006,12.352749411356978,dip_50_50,3.0,True,2.0,1078715.2601225,1211966.2530675
later_2025,breakout,10,ticker_ascending,dip_3pct,A_baseline,1000000,105560,105560:2025-11-10,2025-11-11,2025-11-19,,,8,stop_intraday,-53308.629974600044,-5.227452161370138,dip_50_50,3.0,True,2.0,1019782.2634999999,966473.6335253998
later_2025,breakout,10,ticker_ascending,dip_3pct,A_baseline,1000000,138360,138360:2025-11-25,2025-11-26,2025-11-27,,,577,take_intraday,91759.76954177767,14.712801648763406,dip_50_50,3.0,False,1.0,623672.98718725,715432.7567290277
later_2025,breakout,10,ticker_ascending,dip_3pct,A_baseline,1000000,314130,314130:2025-11-27,2025-11-28,2025-12-02,,,176,stop_intraday,-48326.500561939785,-7.232256057956565,dip_50_50,3.0,False,1.0,668207.82028,619881.3197180602
later_2025,breakout,10,ticker_ascending,dip_3pct,A_baseline,1000000,314130,314130:2025-12-03,2025-12-04,2025-12-05,,,145,take_intraday,94673.14071402687,14.71280164876343,dip_50_50,3.0,False,1.0,643474.5942624998,738147.7349765267
later_2025,breakout,10,ticker_ascending,dip_3pct,A_baseline,1000000,051630,051630:2025-12-05,2025-12-08,2025-12-17,,,418,stop_intraday,-59266.44978471706,-4.973717782060083,dip_50_50,3.0,True,2.0,1191592.5346324998,1132326.0848477827
later_2025,breakout,10,ticker_ascending,dip_3pct,A_baseline,1000000,105630,105630:2025-12-17,2025-12-18,2025-12-26,,,79,stop_intraday,-65431.08215558925,-5.7017291885611225,dip_50_50,3.0,True,2.0,1147565.58917,1082134.5070144108
later_2025,breakout,10,ticker_ascending,dip_3pct,A_baseline,1000000,048770,048770:2025-12-29,2025-12-30,2026-01-02,,,187,stop_gap,-47003.88616000011,-7.456712767848305,dip_50_50,3.0,False,1.0,630356.6681912501,583352.78203125
later_2025,breakout,10,factor_rank,all_in,A_baseline,1000000,115500,115500:2024-12-30,2025-01-02,2025-01-08,14314.3,13296.69,69,stop_gap,-71643.95873249997,-7.248276810143873,,,,,,
later_2025,breakout,10,factor_rank,all_in,A_baseline,1000000,319400,319400:2025-01-08,2025-01-09,2025-01-23,3908.9049999999997,4060.935,237,time_open,34614.47093999991,3.7336073050644236,,,,,,
later_2025,breakout,10,factor_rank,all_in,A_baseline,1000000,056080,056080:2025-01-22,2025-01-23,2025-02-10,8088.079999999999,9291.990707999998,118,take_intraday,140523.3272863418,14.712801648763406,,,,,,
later_2025,breakout,10,factor_rank,all_in,A_baseline,1000000,056080,056080:2025-02-10,2025-02-11,2025-02-12,9559.55,8881.4911185,115,stop_intraday,-79567.31116897077,-7.232256057956543,,,,,,
later_2025,breakout,10,factor_rank,all_in,A_baseline,1000000,204320,204320:2025-02-13,2025-02-14,2025-02-24,46696.649999999994,43384.45661549999,21,stop_intraday,-70974.83850369428,-7.232256057956555,,,,,,
later_2025,breakout,10,factor_rank,all_in,A_baseline,1000000,168360,168360:2025-02-27,2025-02-28,2025-03-04,12452.439999999999,11569.188430799999,76,stop_intraday,-68496.35207975574,-7.232256057956543,,,,,,
later_2025,breakout,10,factor_rank,all_in,A_baseline,1000000,003030,003030:2025-03-04,2025-03-05,2025-03-06,252752.49999999997,290374.70962499996,3,take_intraday,111644.5926533438,14.71280164876343,,,,,,
later_2025,breakout,10,factor_rank,all_in,A_baseline,1000000,052220,052220:2025-03-07,2025-03-10,2025-03-21,4179.174999999999,3882.746117249999,238,stop_intraday,-71989.12701392919,-7.232256057956543,,,,,,
later_2025,breakout,10,factor_rank,all_in,A_baseline,1000000,030210,030210:2025-03-25,2025-03-26,2025-04-01,3343.3399999999997,3106.1968937999995,276,stop_intraday,-66786.55144821678,-7.232256057956555,,,,,,
later_2025,breakout,10,factor_rank,all_in,A_baseline,1000000,052220,052220:2025-04-01,2025-04-02,2025-04-04,5175.169999999999,4808.095191899999,165,stop_intraday,-61802.7724039976,-7.232256057956532,,,,,,
later_2025,breakout,10,factor_rank,all_in,A_baseline,1000000,131370,131370:2025-04-08,2025-04-09,2025-04-10,4003.9999999999995,3719.9962799999994,198,stop_intraday,-57379.750007580034,-7.232256057956543,,,,,,
later_2025,breakout,10,factor_rank,all_in,A_baseline,1000000,006040,006040:2025-04-15,2025-04-16,2025-04-30,39489.45,40859.1,18,time_open,23568.994574999902,3.3133084457708684,,,,,,
later_2025,breakout,10,factor_rank,all_in,A_baseline,1000000,006800,006800:2025-04-29,2025-04-30,2025-05-12,10843.832999999999,12457.937542049996,70,take_intraday,111763.97499004216,14.712801648763406,,,,,,
later_2025,breakout,10,factor_rank,all_in,A_baseline,1000000,006800,006800:2025-05-12,2025-05-13,2025-05-27,12507.494999999999,13497.489,69,time_open,66963.82807799999,7.7534545470148375,,,,,,
later_2025,breakout,10,factor_rank,all_in,A_baseline,1000000,000850,000850:2025-05-26,2025-05-27,2025-06-12,31081.049999999996,32467.5,30,time_open,40163.65762499999,4.30418292999617,,,,,,
later_2025,breakout,10,factor_rank,all_in,A_baseline,1000000,123700,123700:2025-06-11,2025-06-12,2025-06-26,3553.5499999999997,3491.505,275,time_open,-18515.41759374994,-1.8932710247674622,,,,,,
later_2025,breakout,10,factor_rank,all_in,A_baseline,1000000,006220,006220:2025-06-25,2025-06-26,2025-06-27,15135.119999999999,14061.585938399998,63,stop_intraday,-69012.19023638952,-7.232256057956543,,,,,,
later_2025,breakout,10,factor_rank,all_in,A_baseline,1000000,015860,015860:2025-06-30,2025-07-01,2025-07-15,5625.619999999999,6263.73,158,time_open,99412.49202500004,11.17603831071401,,,,,,
later_2025,breakout,10,factor_rank,all_in,A_baseline,1000000,009070,009070:2025-07-14,2025-07-15,2025-07-22,7117.109999999999,6612.293387699998,139,stop_intraday,-71600.79941286787,-7.232256057956555,,,,,,
later_2025,breakout,10,factor_rank,all_in,A_baseline,1000000,127120,127120:2025-08-11,2025-08-12,2025-08-27,17016.999999999996,17282.7,54,time_open,12958.662150000222,1.4091518979030049,,,,,,
later_2025,breakout,10,factor_rank,all_in,A_baseline,1000000,003570,003570:2025-08-26,2025-08-27,2025-09-05,64063.99999999999,59519.94047999999,14,stop_intraday,-64914.464655040065,-7.232256057956543,,,,,,
later_2025,breakout,10,factor_rank,all_in,A_baseline,1000000,319400,319400:2025-09-05,2025-09-08,2025-09-11,7307.299999999999,8511.48,118,take_gap,140693.27796999994,16.30454953592737,,,,,,
later_2025,breakout,10,factor_rank,all_in,A_baseline,1000000,170920,170920:2025-09-11,2025-09-12,2025-09-17,14684.669999999998,16870.483129499997,68,take_intraday,147025.9799963954,14.71280164876343,,,,,,
later_2025,breakout,10,factor_rank,all_in,A_baseline,1000000,170920,170920:2025-09-17,2025-09-18,2025-09-19,17367.35,19952.480047499997,66,take_intraday,168771.2515476488,14.71280164876343,,,,,,
later_2025,breakout,10,factor_rank,all_in,A_baseline,1000000,127120,127120:2025-09-19,2025-09-22,2025-09-30,24124.1,22412.977586999998,54,stop_intraday,-94285.36194427358,-7.232256057956543,,,,,,
later_2025,breakout,10,factor_rank,all_in,A_baseline,1000000,265520,265520:2025-10-10,2025-10-13,2025-10-21,20370.35,23402.476597499997,60,take_intraday,179957.8186531125,14.71280164876343,,,,,,
later_2025,breakout,10,factor_rank,all_in,A_baseline,1000000,265520,265520:2025-10-21,2025-10-22,2025-10-23,22672.649999999998,21064.478935499996,62,stop_intraday,-101740.38249450084,-7.232256057956543,,,,,,
later_2025,breakout,10,factor_rank,all_in,A_baseline,1000000,015860,015860:2025-10-24,2025-10-27,2025-11-10,6596.589999999999,7262.73,198,time_open,129837.61097999988,9.933224127131046,,,,,,
later_2025,breakout,10,factor_rank,all_in,A_baseline,1000000,309960,309960:2025-11-10,2025-11-11,2025-11-12,5685.679999999999,5282.394717599998,252,stop_intraday,-103700.85728642694,-7.232256057956565,,,,,,
later_2025,breakout,10,factor_rank,all_in,A_baseline,1000000,220100,220100:2025-11-12,2025-11-13,2025-11-14,19782.763,22727.427272549994,67,take_intraday,195156.36919965385,14.712801648763385,,,,,,
later_2025,breakout,10,factor_rank,all_in,A_baseline,1000000,220100,220100:2025-11-14,2025-11-17,2025-12-01,24143.119,26995.977,63,time_open,177313.73171399976,11.648844468742148,,,,,,
later_2025,breakout,10,factor_rank,all_in,A_baseline,1000000,204320,204320:2025-11-28,2025-12-01,2025-12-04,49549.49999999999,56924.94307499999,34,take_intraday,248049.96625158703,14.712801648763406,,,,,,
later_2025,breakout,10,factor_rank,all_in,A_baseline,1000000,204320,204320:2025-12-05,2025-12-08,2025-12-09,61060.99999999999,56729.94326999999,32,stop_intraday,-141420.79799848027,-7.232256057956543,,,,,,
later_2025,breakout,10,factor_rank,all_in,A_baseline,1000000,457190,457190:2025-12-09,2025-12-10,2025-12-11,67567.49999999999,62774.93722499998,26,stop_intraday,-127148.30967588769,-7.232256057956543,,,,,,
later_2025,breakout,10,factor_rank,all_in,A_baseline,1000000,056080,056080:2025-12-11,2025-12-12,2025-12-17,15625.609999999999,14517.285482699997,107,stop_intraday,-121009.69071358675,-7.232256057956543,,,,,,
later_2025,breakout,10,factor_rank,all_in,A_baseline,1000000,105630,105630:2025-12-17,2025-12-18,2025-12-26,14754.739999999998,13708.186291799999,106,stop_intraday,-113197.49570939783,-7.232256057956521,,,,,,
later_2025,breakout,10,factor_rank,all_in,A_baseline,1000000,048770,048770:2025-12-29,2025-12-30,2026-01-02,3368.365,3121.875,431,stop_gap,-108335.16008000006,-7.456712767848295,,,,,,
later_2025,breakout,10,factor_rank,cash_half,A_baseline,1000000,115500,115500:2024-12-30,2025-01-02,2025-01-08,,,34,stop_gap,-35302.82024499995,-7.248276810143861,cash_50_no_add,3.0,False,1.0,487051.21465,451748.394405
later_2025,breakout,10,factor_rank,cash_half,A_baseline,1000000,319400,319400:2025-01-08,2025-01-09,2025-01-23,,,123,time_open,17964.472260000068,3.733607305064446,cash_50_no_add,3.0,False,1.0,481155.91148624994,499120.38374625
later_2025,breakout,10,factor_rank,cash_half,A_baseline,1000000,056080,056080:2025-01-22,2025-01-23,2025-02-10,,,60,take_intraday,71452.53929813986,14.712801648763406,cash_50_no_add,3.0,False,1.0,485648.76359999995,557101.3028981398
later_2025,breakout,10,factor_rank,cash_half,A_baseline,1000000,056080,056080:2025-02-10,2025-02-11,2025-02-12,,,55,stop_intraday,-38053.93142863811,-7.232256057956532,cash_50_no_add,3.0,False,1.0,526169.5814375,488115.65000886185
later_2025,breakout,10,factor_rank,cash_half,A_baseline,1000000,204320,204320:2025-02-13,2025-02-14,2025-02-24,,,10,stop_intraday,-33797.54214461631,-7.232256057956543,cash_50_no_add,3.0,False,1.0,467316.72487499996,433519.18273038365
later_2025,breakout,10,factor_rank,cash_half,A_baseline,1000000,168360,168360:2025-02-27,2025-02-28,2025-03-04,,,39,stop_intraday,-35149.44383040094,-7.232256057956543,cash_50_no_add,3.0,False,1.0,486009.39386999997,450859.95003959903
later_2025,breakout,10,factor_rank,cash_half,A_baseline,1000000,003030,003030:2025-03-04,2025-03-05,2025-03-06,,,1,take_intraday,37214.8642177812,14.712801648763406,cash_50_no_add,3.0,False,1.0,252942.064375,290156.9285927812
later_2025,breakout,10,factor_rank,cash_half,A_baseline,1000000,052220,052220:2025-03-07,2025-03-10,2025-03-21,,,117,stop_intraday,-35389.61285978876,-7.232256057956543,cash_50_no_add,3.0,False,1.0,489330.19760624995,453940.5847464612
later_2025,breakout,10,factor_rank,cash_half,A_baseline,1000000,030210,030210:2025-03-25,2025-03-26,2025-04-01,,,141,stop_intraday,-34119.21650071937,-7.232256057956532,cash_50_no_add,3.0,False,1.0,471764.49820499995,437645.2817042806
later_2025,breakout,10,factor_rank,cash_half,A_baseline,1000000,052220,052220:2025-04-01,2025-04-02,2025-04-04,,,88,stop_intraday,-32961.47861546546,-7.232256057956543,cash_50_no_add,3.0,False,1.0,455756.52121999994,422795.0426045345
later_2025,breakout,10,factor_rank,cash_half,A_baseline,1000000,131370,131370:2025-04-08,2025-04-09,2025-04-10,,,110,stop_intraday,-31877.638893100026,-7.232256057956543,cash_50_no_add,3.0,False,1.0,440770.32999999996,408892.69110689993
later_2025,breakout,10,factor_rank,cash_half,A_baseline,1000000,006040,006040:2025-04-15,2025-04-16,2025-04-30,,,10,time_open,13093.885874999978,3.3133084457708906,cash_50_no_add,3.0,False,1.0,395190.670875,408284.55675
later_2025,breakout,10,factor_rank,cash_half,A_baseline,1000000,006800,006800:2025-04-29,2025-04-30,2025-05-12,,,39,take_intraday,62268.500351594936,14.712801648763406,cash_50_no_add,3.0,False,1.0,423226.66911525,485495.16946684493
later_2025,breakout,10,factor_rank,cash_half,A_baseline,1000000,006800,006800:2025-05-12,2025-05-13,2025-05-27,,,36,time_open,34937.649432000006,7.7534545470148375,cash_50_no_add,3.0,False,1.0,450607.522365,485545.171797
later_2025,breakout,10,factor_rank,cash_half,A_baseline,1000000,000850,000850:2025-05-26,2025-05-27,2025-06-12,,,15,time_open,20081.828812499996,4.30418292999617,cash_50_no_add,3.0,False,1.0,466565.4118125,486647.240625
later_2025,breakout,10,factor_rank,cash_half,A_baseline,1000000,123700,123700:2025-06-11,2025-06-12,2025-06-26,,,137,time_open,-9224.044401249965,-1.8932710247674622,cash_50_no_add,3.0,False,1.0,487201.4772625,477977.43286125
later_2025,breakout,10,factor_rank,cash_half,A_baseline,1000000,006220,006220:2025-06-25,2025-06-26,2025-06-27,,,32,stop_intraday,-35053.81091372168,-7.232256057956555,cash_50_no_add,3.0,False,1.0,484687.08288,449633.2719662783
later_2025,breakout,10,factor_rank,cash_half,A_baseline,1000000,015860,015860:2025-06-30,2025-07-01,2025-07-15,,,83,time_open,52223.017962500104,11.17603831071401,cash_50_no_add,3.0,False,1.0,467276.6548449999,519499.6728075
later_2025,breakout,10,factor_rank,cash_half,A_baseline,1000000,009070,009070:2025-07-14,2025-07-15,2025-07-22,,,69,stop_intraday,-35542.84287401347,-7.232256057956532,cash_50_no_add,3.0,False,1.0,491448.9004424999,455906.05756848643
later_2025,breakout,10,factor_rank,cash_half,A_baseline,1000000,127120,127120:2025-08-11,2025-08-12,2025-08-27,,,27,time_open,6479.331075000111,1.4091518979030049,cash_50_no_add,3.0,False,1.0,459803.5942499999,466282.925325
later_2025,breakout,10,factor_rank,cash_half,A_baseline,1000000,003570,003570:2025-08-26,2025-08-27,2025-09-05,,,7,stop_intraday,-32457.23232752009,-7.232256057956555,cash_50_no_add,3.0,False,1.0,448784.33599999995,416327.10367247986
later_2025,breakout,10,factor_rank,cash_half,A_baseline,1000000,319400,319400:2025-09-05,2025-09-08,2025-09-11,,,63,take_gap,75115.90264499997,16.30454953592737,cash_50_no_add,3.0,False,1.0,460705.169925,535821.07257
later_2025,breakout,10,factor_rank,cash_half,A_baseline,1000000,170920,170920:2025-09-11,2025-09-12,2025-09-17,,,34,take_intraday,73512.9899981977,14.71280164876343,cash_50_no_add,3.0,False,1.0,499653.23908499995,573166.2290831977
later_2025,breakout,10,factor_rank,cash_half,A_baseline,1000000,170920,170920:2025-09-17,2025-09-18,2025-09-19,,,30,take_intraday,76714.20524893107,14.712801648763385,cash_50_no_add,3.0,False,1.0,521411.26537499996,598125.470623931
later_2025,breakout,10,factor_rank,cash_half,A_baseline,1000000,127120,127120:2025-09-19,2025-09-22,2025-09-30,,,23,stop_intraday,-40158.58008737577,-7.232256057956532,cash_50_no_add,3.0,False,1.0,555270.440725,515111.8606376242
later_2025,breakout,10,factor_rank,cash_half,A_baseline,1000000,265520,265520:2025-10-10,2025-10-13,2025-10-21,,,27,take_intraday,80981.0183939006,14.71280164876343,cash_50_no_add,3.0,False,1.0,550411.9495875,631392.9679814006
later_2025,breakout,10,factor_rank,cash_half,A_baseline,1000000,265520,265520:2025-10-21,2025-10-22,2025-10-23,,,26,stop_intraday,-42665.32169124228,-7.232256057956543,cash_50_no_add,3.0,False,1.0,589931.016675,547265.6949837577
later_2025,breakout,10,factor_rank,cash_half,A_baseline,1000000,015860,015860:2025-10-24,2025-10-27,2025-11-10,,,87,time_open,57049.85937000008,9.93322412713107,cash_50_no_add,3.0,False,1.0,574333.7574974999,631383.6168675
later_2025,breakout,10,factor_rank,cash_half,A_baseline,1000000,309960,309960:2025-11-10,2025-11-11,2025-11-12,,,106,stop_intraday,-43620.20187444938,-7.232256057956565,cash_50_no_add,3.0,False,1.0,603134.09156,559513.8896855506
later_2025,breakout,10,factor_rank,cash_half,A_baseline,1000000,220100,220100:2025-11-12,2025-11-13,2025-11-14,,,29,take_intraday,84470.66726552194,14.712801648763406,cash_50_no_add,3.0,False,1.0,574130.40209525,658601.0693607719
later_2025,breakout,10,factor_rank,cash_half,A_baseline,1000000,220100,220100:2025-11-14,2025-11-17,2025-12-01,,,25,time_open,70362.59195000003,11.648844468742169,cash_50_no_add,3.0,False,1.0,604030.65848125,674393.2504312501
later_2025,breakout,10,factor_rank,cash_half,A_baseline,1000000,204320,204320:2025-11-28,2025-12-01,2025-12-04,,,13,take_intraday,94842.63415501872,14.71280164876343,cash_50_no_add,3.0,False,1.0,644626.607625,739469.2417800187
later_2025,breakout,10,factor_rank,cash_half,A_baseline,1000000,204320,204320:2025-12-05,2025-12-08,2025-12-09,,,11,stop_intraday,-48613.399311977555,-7.232256057956543,cash_50_no_add,3.0,False,1.0,672174.75325,623561.3539380224
later_2025,breakout,10,factor_rank,cash_half,A_baseline,1000000,457190,457190:2025-12-09,2025-12-10,2025-12-11,,,10,stop_intraday,-48903.196029187646,-7.232256057956555,cash_50_no_add,3.0,False,1.0,676181.7562499999,627278.5602208122
later_2025,breakout,10,factor_rank,cash_half,A_baseline,1000000,056080,056080:2025-12-11,2025-12-12,2025-12-17,,,42,stop_intraday,-47499.13093430514,-7.232256057956543,cash_50_no_add,3.0,False,1.0,656767.826715,609268.6957806948
later_2025,breakout,10,factor_rank,cash_half,A_baseline,1000000,105630,105630:2025-12-17,2025-12-18,2025-12-26,,,42,stop_intraday,-44851.83792259183,-7.232256057956555,cash_50_no_add,3.0,False,1.0,620163.85431,575312.0163874081
later_2025,breakout,10,factor_rank,cash_half,A_baseline,1000000,048770,048770:2025-12-29,2025-12-30,2026-01-02,,,181,stop_gap,-45495.74008000002,-7.456712767848295,cash_50_no_add,3.0,False,1.0,610131.32054875,564635.58046875
later_2025,breakout,10,factor_rank,dip_3pct,A_baseline,1000000,115500,115500:2024-12-30,2025-01-02,2025-01-08,,,34,stop_gap,-35302.82024499995,-7.248276810143861,dip_50_50,3.0,False,1.0,487051.21465,451748.394405
later_2025,breakout,10,factor_rank,dip_3pct,A_baseline,1000000,319400,319400:2025-01-08,2025-01-09,2025-01-23,,,123,time_open,17964.472260000068,3.733607305064446,dip_50_50,3.0,False,1.0,481155.91148624994,499120.38374625
later_2025,breakout,10,factor_rank,dip_3pct,A_baseline,1000000,056080,056080:2025-01-22,2025-01-23,2025-02-10,,,123,take_intraday,164779.69176368695,16.86108714967356,dip_50_50,3.0,True,2.0,977277.9791774999,1142057.6709411868
later_2025,breakout,10,factor_rank,dip_3pct,A_baseline,1000000,056080,056080:2025-02-10,2025-02-11,2025-02-12,,,59,stop_intraday,-40821.49007799354,-7.232256057956521,dip_50_50,3.0,False,1.0,564436.4600874999,523614.9700095064
later_2025,breakout,10,factor_rank,dip_3pct,A_baseline,1000000,204320,204320:2025-02-13,2025-02-14,2025-02-24,,,22,stop_intraday,-57274.74243065575,-5.6650625635677905,dip_50_50,3.0,True,2.0,1011016.9444374999,953742.2020068441
later_2025,breakout,10,factor_rank,dip_3pct,A_baseline,1000000,168360,168360:2025-02-27,2025-02-28,2025-03-04,,,84,stop_intraday,-42468.40451894037,-4.190059390699807,dip_50_50,3.0,True,2.0,1013551.3738349999,971082.9693160595
later_2025,breakout,10,factor_rank,dip_3pct,A_baseline,1000000,003030,003030:2025-03-04,2025-03-05,2025-03-06,,,1,take_intraday,37214.8642177812,14.712801648763406,dip_50_50,3.0,False,1.0,252942.064375,290156.9285927812
later_2025,breakout,10,factor_rank,dip_3pct,A_baseline,1000000,052220,052220:2025-03-07,2025-03-10,2025-03-21,,,124,stop_intraday,-37506.94012490433,-7.232256057956555,dip_50_50,3.0,False,1.0,518606.3632749999,481099.42315009556
later_2025,breakout,10,factor_rank,dip_3pct,A_baseline,1000000,030210,030210:2025-03-25,2025-03-26,2025-04-01,,,150,stop_intraday,-36297.03883055254,-7.232256057956543,dip_50_50,3.0,False,1.0,501877.12574999995,465580.0869194474
later_2025,breakout,10,factor_rank,dip_3pct,A_baseline,1000000,052220,052220:2025-04-01,2025-04-02,2025-04-04,,,93,stop_intraday,-34834.28990043508,-7.232256057956543,dip_50_50,3.0,False,1.0,481651.77810749994,446817.48820706486
later_2025,breakout,10,factor_rank,dip_3pct,A_baseline,1000000,131370,131370:2025-04-08,2025-04-09,2025-04-10,,,116,stop_intraday,-33616.419196360046,-7.232256057956543,dip_50_50,3.0,False,1.0,464812.34799999994,431195.9288036399
later_2025,breakout,10,factor_rank,dip_3pct,A_baseline,1000000,006040,006040:2025-04-15,2025-04-16,2025-04-30,,,11,time_open,14403.274462500005,3.3133084457708906,dip_50_50,3.0,False,1.0,434709.73796249996,449113.01242499996
later_2025,breakout,10,factor_rank,dip_3pct,A_baseline,1000000,006800,006800:2025-04-29,2025-04-30,2025-05-12,,,42,take_intraday,67058.3849940254,14.71280164876343,dip_50_50,3.0,False,1.0,455782.5667394999,522840.9517335253
later_2025,breakout,10,factor_rank,dip_3pct,A_baseline,1000000,006800,006800:2025-05-12,2025-05-13,2025-05-27,,,39,time_open,37849.12021799997,7.7534545470148375,dip_50_50,3.0,False,1.0,488158.14922875,526007.2694467499
later_2025,breakout,10,factor_rank,dip_3pct,A_baseline,1000000,000850,000850:2025-05-26,2025-05-27,2025-06-12,,,16,time_open,21420.617400000046,4.304182929996192,dip_50_50,3.0,False,1.0,497669.77259999997,519090.39
later_2025,breakout,10,factor_rank,dip_3pct,A_baseline,1000000,123700,123700:2025-06-11,2025-06-12,2025-06-26,,,293,time_open,3833.8418037500232,0.37645371825356655,dip_50_50,3.0,True,2.0,1018409.8649724999,1022243.7067762499
later_2025,breakout,10,factor_rank,dip_3pct,A_baseline,1000000,006220,006220:2025-06-25,2025-06-26,2025-06-27,,,69,stop_intraday,-45081.469445212395,-4.44326106073567,dip_50_50,3.0,True,2.0,1014603.2121225,969521.7426772875
later_2025,breakout,10,factor_rank,dip_3pct,A_baseline,1000000,015860,015860:2025-06-30,2025-07-01,2025-07-15,,,88,time_open,55368.9829,11.176038310713988,dip_50_50,3.0,False,1.0,495425.85091999994,550794.8338199999
later_2025,breakout,10,factor_rank,dip_3pct,A_baseline,1000000,009070,009070:2025-07-14,2025-07-15,2025-07-22,,,74,stop_intraday,-38118.41119821742,-7.232256057956543,dip_50_50,3.0,False,1.0,527061.1396049999,488942.7284067825
later_2025,breakout,10,factor_rank,dip_3pct,A_baseline,1000000,127120,127120:2025-08-11,2025-08-12,2025-08-27,,,29,time_open,6959.281525000057,1.4091518979029827,dip_50_50,3.0,False,1.0,493863.1197499999,500822.40127499995
later_2025,breakout,10,factor_rank,dip_3pct,A_baseline,1000000,003570,003570:2025-08-26,2025-08-27,2025-09-05,,,15,stop_intraday,-40700.79053040012,-4.363150575212938,dip_50_50,3.0,True,2.0,932830.2984,892129.5078695999
later_2025,breakout,10,factor_rank,dip_3pct,A_baseline,1000000,319400,319400:2025-09-05,2025-09-08,2025-09-11,,,67,take_gap,79885.16630500008,16.304549535927393,dip_50_50,3.0,False,1.0,489956.29182499996,569841.45813
later_2025,breakout,10,factor_rank,dip_3pct,A_baseline,1000000,170920,170920:2025-09-11,2025-09-12,2025-09-17,,,36,take_intraday,77837.28352750349,14.71280164876343,dip_50_50,3.0,False,1.0,529044.6060899999,606881.8896175034
later_2025,breakout,10,factor_rank,dip_3pct,A_baseline,1000000,170920,170920:2025-09-17,2025-09-18,2025-09-19,,,32,take_intraday,81828.48559885996,14.71280164876343,dip_50_50,3.0,False,1.0,556172.0164,638000.5019988599
later_2025,breakout,10,factor_rank,dip_3pct,A_baseline,1000000,127120,127120:2025-09-19,2025-09-22,2025-09-30,,,25,stop_intraday,-43650.630529756425,-7.232256057956565,dip_50_50,3.0,False,1.0,603554.826875,559904.1963452436
later_2025,breakout,10,factor_rank,dip_3pct,A_baseline,1000000,265520,265520:2025-10-10,2025-10-13,2025-10-21,,,28,take_intraday,83980.31537145248,14.71280164876343,dip_50_50,3.0,False,1.0,570797.5773499999,654777.8927214524
later_2025,breakout,10,factor_rank,dip_3pct,A_baseline,1000000,265520,265520:2025-10-21,2025-10-22,2025-10-23,,,49,stop_intraday,-61674.98262387968,-5.642413404136059,dip_50_50,3.0,True,2.0,1093060.3308625,1031385.3482386203
later_2025,breakout,10,factor_rank,dip_3pct,A_baseline,1000000,015860,015860:2025-10-24,2025-10-27,2025-11-10,,,170,time_open,135218.22947500017,12.30912911692954,dip_50_50,3.0,True,2.0,1098519.87245,1233738.101925
later_2025,breakout,10,factor_rank,dip_3pct,A_baseline,1000000,309960,309960:2025-11-10,2025-11-11,2025-11-12,,,210,stop_intraday,-52878.765962022124,-4.553216563097817,dip_50_50,3.0,True,2.0,1161349.67949,1108470.913527978
later_2025,breakout,10,factor_rank,dip_3pct,A_baseline,1000000,220100,220100:2025-11-12,2025-11-13,2025-11-14,,,32,take_intraday,93209.01215505856,14.712801648763385,dip_50_50,3.0,False,1.0,633523.202312,726732.2144670585
later_2025,breakout,10,factor_rank,dip_3pct,A_baseline,1000000,220100,220100:2025-11-14,2025-11-17,2025-12-01,,,28,time_open,78806.10298400011,11.648844468742192,dip_50_50,3.0,False,1.0,676514.3374989999,755320.440483
later_2025,breakout,10,factor_rank,dip_3pct,A_baseline,1000000,204320,204320:2025-11-28,2025-12-01,2025-12-04,,,14,take_intraday,102138.22139771248,14.71280164876343,dip_50_50,3.0,False,1.0,694213.2697499999,796351.4911477123
later_2025,breakout,10,factor_rank,dip_3pct,A_baseline,1000000,204320,204320:2025-12-05,2025-12-08,2025-12-09,,,20,stop_intraday,-55530.57414905005,-4.669265827751834,dip_50_50,3.0,True,2.0,1189278.4903999998,1133747.9162509497
later_2025,breakout,10,factor_rank,dip_3pct,A_baseline,1000000,457190,457190:2025-12-09,2025-12-10,2025-12-11,,,11,stop_intraday,-53793.51563210634,-7.232256057956543,dip_50_50,3.0,False,1.0,743799.9318749999,690006.4162428936
later_2025,breakout,10,factor_rank,dip_3pct,A_baseline,1000000,056080,056080:2025-12-11,2025-12-12,2025-12-17,,,46,stop_intraday,-52022.85768995329,-7.232256057956555,dip_50_50,3.0,False,1.0,719317.143545,667294.2858550467
later_2025,breakout,10,factor_rank,dip_3pct,A_baseline,1000000,105630,105630:2025-12-17,2025-12-18,2025-12-26,,,82,stop_intraday,-68634.7848643458,-5.758613569005123,dip_50_50,3.0,True,2.0,1191863.0073349997,1123228.222470654
later_2025,breakout,10,factor_rank,dip_3pct,A_baseline,1000000,048770,048770:2025-12-29,2025-12-30,2026-01-02,,,197,stop_gap,-49517.46296000003,-7.456712767848295,dip_50_50,3.0,False,1.0,664065.58092875,614548.11796875
later_2025,regime_switch,5,ticker_ascending,all_in,A_baseline,1000000,081150,081150:2025-01-09,2025-01-10,2025-01-17,3203.2,3151.845,311,time_open,-17453.71924625011,-1.7507250353319015,,,,,,
later_2025,regime_switch,5,ticker_ascending,all_in,A_baseline,1000000,081150,081150:2025-01-17,2025-01-20,2025-01-31,3183.18,3071.925,308,time_open,-35711.469255,-3.6397386944618026,,,,,,
later_2025,regime_switch,5,ticker_ascending,all_in,A_baseline,1000000,136480,136480:2025-01-31,2025-02-03,2025-02-10,2922.9199999999996,2927.07,323,time_open,-76.71007749985438,-0.008119090297165066,,,,,,
later_2025,regime_switch,5,ticker_ascending,all_in,A_baseline,1000000,168360,168360:2025-02-07,2025-02-10,2025-02-17,11061.05,11338.65,85,time_open,22168.019125000108,2.356058162845609,,,,,,
later_2025,regime_switch,5,ticker_ascending,all_in,A_baseline,1000000,053350,053350:2025-02-27,2025-02-28,2025-03-04,4619.615,5307.244692749999,209,take_intraday,142158.57052791107,14.712801648763385,,,,,,
later_2025,regime_switch,5,ticker_ascending,all_in,A_baseline,1000000,003030,003030:2025-03-04,2025-03-05,2025-03-06,252752.49999999997,290374.70962499996,4,take_intraday,148859.4568711248,14.712801648763406,,,,,,
later_2025,regime_switch,5,ticker_ascending,all_in,A_baseline,1000000,052220,052220:2025-03-07,2025-03-10,2025-03-17,4179.174999999999,4405.59,301,time_open,66212.90430125012,5.259688038292709,,,,,,
later_2025,regime_switch,5,ticker_ascending,all_in,A_baseline,1000000,006040,006040:2025-03-14,2025-03-17,2025-03-24,36386.35,37562.4,36,time_open,40341.18375000032,3.07738650903564,,,,,,
later_2025,regime_switch,5,ticker_ascending,all_in,A_baseline,1000000,003030,003030:2025-03-21,2025-03-24,2025-03-25,254754.49999999997,236684.76331499996,5,stop_intraday,-92191.5806624312,-7.232256057956532,,,,,,
later_2025,regime_switch,5,ticker_ascending,all_in,A_baseline,1000000,052220,052220:2025-03-26,2025-03-27,2025-03-28,4934.929999999999,4185.81,258,stop_gap,-195037.8231899999,-15.307086615066067,,,,,,
later_2025,regime_switch,5,ticker_ascending,all_in,A_baseline,1000000,025980,025980:2025-04-29,2025-04-30,2025-05-02,6956.949999999999,6463.493536499999,155,stop_intraday,-78045.87840361812,-7.232256057956532,,,,,,
later_2025,regime_switch,5,ticker_ascending,all_in,A_baseline,1000000,099220,099220:2025-05-02,2025-05-07,2025-05-09,14334.319999999998,13317.586682399997,69,stop_intraday,-71585.58508521435,-7.232256057956543,,,,,,
later_2025,regime_switch,5,ticker_ascending,all_in,A_baseline,1000000,215200,215200:2025-05-09,2025-05-12,2025-05-19,53653.59999999999,52147.8,17,time_open,-26947.56784999976,-2.9522027929006045,,,,,,
later_2025,regime_switch,5,ticker_ascending,all_in,A_baseline,1000000,036620,036620:2025-05-16,2025-05-19,2025-05-23,4254.249999999999,4887.495112499999,212,take_intraday,132794.4263771124,14.71280164876343,,,,,,
later_2025,regime_switch,5,ticker_ascending,all_in,A_baseline,1000000,000850,000850:2025-05-23,2025-05-26,2025-06-02,29829.799999999996,31468.5,34,time_open,54152.69334999996,5.335378130362423,,,,,,
later_2025,regime_switch,5,ticker_ascending,all_in,A_baseline,1000000,001130,001130:2025-05-30,2025-06-02,2025-06-11,14274.259999999998,15384.6,76,time_open,82695.28498000023,7.617070129757875,,,,,,
later_2025,regime_switch,5,ticker_ascending,all_in,A_baseline,1000000,105560,105560:2025-06-10,2025-06-11,2025-06-18,110710.59999999999,105993.9,10,time_open,-48792.283749999944,-4.403888784116273,,,,,,
later_2025,regime_switch,5,ticker_ascending,all_in,A_baseline,1000000,094280,094280:2025-06-17,2025-06-18,2025-06-25,14003.989999999998,14275.71,80,time_open,20040.81799999997,1.7875082968328737,,,,,,
later_2025,regime_switch,5,ticker_ascending,all_in,A_baseline,1000000,003080,003080:2025-06-24,2025-06-25,2025-07-02,2837.8349999999996,2762.235,402,time_open,-32079.62110499991,-2.809897239075343,,,,,,
later_2025,regime_switch,5,ticker_ascending,all_in,A_baseline,1000000,004360,004360:2025-07-01,2025-07-02,2025-07-09,16086.069999999998,15734.25,69,time_open,-25922.2815599998,-2.3337190950590836,,,,,,
later_2025,regime_switch,5,ticker_ascending,all_in,A_baseline,1000000,114090,114090:2025-07-08,2025-07-09,2025-07-16,17327.309999999998,16753.23,62,time_open,-37177.70510999975,-3.4580729019172085,,,,,,
later_2025,regime_switch,5,ticker_ascending,all_in,A_baseline,1000000,003080,003080:2025-07-15,2025-07-16,2025-07-23,2902.8999999999996,2822.175,360,time_open,-30606.770249999827,-2.926559300442666,,,,,,
later_2025,regime_switch,5,ticker_ascending,all_in,A_baseline,1000000,127120,127120:2025-08-11,2025-08-12,2025-08-20,17016.999999999996,17242.74,59,time_open,11802.666505000321,1.1746798703934136,,,,,,
later_2025,regime_switch,5,ticker_ascending,all_in,A_baseline,1000000,415380,415380:2025-08-19,2025-08-20,2025-08-25,3253.2499999999995,3737.4962624999994,316,take_intraday,151365.01208578737,14.712801648763406,,,,,,
later_2025,regime_switch,5,ticker_ascending,all_in,A_baseline,1000000,064850,064850:2025-08-25,2025-08-26,2025-09-02,8298.289999999999,8191.8,142,time_open,-16877.774584999774,-1.4312405463252076,,,,,,
later_2025,regime_switch,5,ticker_ascending,all_in,A_baseline,1000000,064850,064850:2025-09-01,2025-09-02,2025-09-09,8208.199999999999,8391.6,141,time_open,24103.971150000114,2.0811144157658834,,,,,,
later_2025,regime_switch,5,ticker_ascending,all_in,A_baseline,1000000,170920,170920:2025-09-08,2025-09-09,2025-09-12,13002.989999999998,14938.485061499996,91,take_intraday,174223.0449235523,14.712801648763406,,,,,,
later_2025,regime_switch,5,ticker_ascending,all_in,A_baseline,1000000,010130,010130:2025-09-12,2025-09-15,2025-09-17,1096094.9999999998,1018348.9816499997,1,stop_intraday,-79331.85133623763,-7.232256057956543,,,,,,
later_2025,regime_switch,5,ticker_ascending,all_in,A_baseline,1000000,170920,170920:2025-09-17,2025-09-18,2025-09-19,17367.35,19952.480047499997,73,take_intraday,186671.23277239944,14.71280164876343,,,,,,
later_2025,regime_switch,5,ticker_ascending,all_in,A_baseline,1000000,003570,003570:2025-09-19,2025-09-22,2025-09-29,71571.49999999999,72827.1,20,time_open,22946.021000000183,1.6018124799475952,,,,,,
later_2025,regime_switch,5,ticker_ascending,all_in,A_baseline,1000000,265520,265520:2025-10-10,2025-10-13,2025-10-20,20370.35,19960.02,73,time_open,-32162.177757499972,-2.161217611902322,,,,,,
later_2025,regime_switch,5,ticker_ascending,all_in,A_baseline,1000000,011170,011170:2025-10-17,2025-10-20,2025-10-27,72071.99999999999,77422.5,20,time_open,104767.58250000002,7.262811195798946,,,,,,
later_2025,regime_switch,5,ticker_ascending,all_in,A_baseline,1000000,015860,015860:2025-10-24,2025-10-27,2025-11-03,6596.589999999999,7072.92,237,time_open,110460.45459750015,7.060141240727358,,,,,,
later_2025,regime_switch,5,ticker_ascending,all_in,A_baseline,1000000,015860,015860:2025-11-03,2025-11-04,2025-11-11,7217.209999999999,7672.32,232,time_open,102994.74178000004,6.146560026538395,,,,,,
later_2025,regime_switch,5,ticker_ascending,all_in,A_baseline,1000000,105560,105560:2025-11-10,2025-11-11,2025-11-18,130129.99999999999,125474.4,13,time_open,-63014.94289999991,-3.7221782425956196,,,,,,
later_2025,regime_switch,5,ticker_ascending,all_in,A_baseline,1000000,220100,220100:2025-11-17,2025-11-18,2025-11-24,25515.489999999998,23705.676294299996,67,stop_intraday,-123730.88188818889,-7.232256057956555,,,,,,
later_2025,regime_switch,5,ticker_ascending,all_in,A_baseline,1000000,014680,014680:2025-11-25,2025-11-26,2025-12-03,230229.99999999997,245754.0,6,time_open,91002.07199999993,6.582828157082243,,,,,,
later_2025,regime_switch,5,ticker_ascending,all_in,A_baseline,1000000,003080,003080:2025-12-02,2025-12-03,2025-12-10,2927.9249999999997,2882.115,574,time_open,-28796.16222000029,-1.7121317161671645,,,,,,
later_2025,regime_switch,5,ticker_ascending,all_in,A_baseline,1000000,457190,457190:2025-12-09,2025-12-10,2025-12-11,67567.49999999999,62774.93722499998,24,stop_intraday,-117367.67047005007,-7.232256057956543,,,,,,
later_2025,regime_switch,5,ticker_ascending,all_in,A_baseline,1000000,051630,051630:2025-12-11,2025-12-12,2025-12-15,3123.1199999999994,2901.597098399999,491,stop_intraday,-110986.34675708576,-7.232256057956532,,,,,,
later_2025,regime_switch,5,ticker_ascending,all_in,A_baseline,1000000,105630,105630:2025-12-15,2025-12-16,2025-12-23,13773.759999999998,14605.38,103,time_open,83464.57143500005,5.878774922304775,,,,,,
later_2025,regime_switch,5,ticker_ascending,all_in,A_baseline,1000000,123700,123700:2025-12-22,2025-12-23,2025-12-29,4009.0049999999997,3724.646275349999,376,stop_intraday,-109099.77012804896,-7.232256057956555,,,,,,
later_2025,regime_switch,5,ticker_ascending,all_in,A_baseline,1000000,048770,048770:2025-12-29,2025-12-30,2026-01-02,3368.365,3121.875,415,stop_gap,-104313.43719999981,-7.4567127678482725,,,,,,
later_2025,regime_switch,5,ticker_ascending,cash_half,A_baseline,1000000,081150,081150:2025-01-09,2025-01-10,2025-01-17,,,155,time_open,-8698.79898125009,-1.7507250353319126,cash_50_no_add,3.0,False,1.0,496868.37200000003,488169.57301874994
later_2025,regime_switch,5,ticker_ascending,cash_half,A_baseline,1000000,081150,081150:2025-01-17,2025-01-20,2025-01-31,,,155,time_open,-17971.68095625,-3.6397386944618026,cash_50_no_add,3.0,False,1.0,493762.944675,475791.26371875
later_2025,regime_switch,5,ticker_ascending,cash_half,A_baseline,1000000,136480,136480:2025-01-31,2025-02-03,2025-02-10,,,166,time_open,-39.423754999937955,-0.008119090297165066,cash_50_no_add,3.0,False,1.0,485568.62353999994,485529.199785
later_2025,regime_switch,5,ticker_ascending,cash_half,A_baseline,1000000,168360,168360:2025-02-07,2025-02-10,2025-02-17,,,43,time_open,11214.409675000003,2.356058162845609,cash_50_no_add,3.0,False,1.0,475981.8688625,487196.2785375
later_2025,regime_switch,5,ticker_ascending,cash_half,A_baseline,1000000,053350,053350:2025-02-27,2025-02-28,2025-03-04,,,106,take_intraday,72099.56208592624,14.712801648763406,cash_50_no_add,3.0,False,1.0,490046.44939250004,562146.0114784263
later_2025,regime_switch,5,ticker_ascending,cash_half,A_baseline,1000000,003030,003030:2025-03-04,2025-03-05,2025-03-06,,,2,take_intraday,74429.7284355624,14.712801648763406,cash_50_no_add,3.0,False,1.0,505884.12875,580313.8571855624
later_2025,regime_switch,5,ticker_ascending,cash_half,A_baseline,1000000,052220,052220:2025-03-07,2025-03-10,2025-03-17,,,135,time_open,29696.817543750163,5.259688038292731,cash_50_no_add,3.0,False,1.0,564611.7664687498,594308.5840125
later_2025,regime_switch,5,ticker_ascending,cash_half,A_baseline,1000000,006040,006040:2025-03-14,2025-03-17,2025-03-24,,,15,time_open,16808.826562499977,3.0773865090355956,cash_50_no_add,3.0,False,1.0,546204.5964375,563013.423
later_2025,regime_switch,5,ticker_ascending,cash_half,A_baseline,1000000,003030,003030:2025-03-21,2025-03-24,2025-03-25,,,2,stop_intraday,-36876.63226497255,-7.232256057956543,cash_50_no_add,3.0,False,1.0,509891.13174999994,473014.4994850274
later_2025,regime_switch,5,ticker_ascending,cash_half,A_baseline,1000000,052220,052220:2025-03-26,2025-03-27,2025-03-28,,,115,stop_gap,-86935.46382499998,-15.30708661506608,cash_50_no_add,3.0,False,1.0,567942.5877125,481007.1238875
later_2025,regime_switch,5,ticker_ascending,cash_half,A_baseline,1000000,025980,025980:2025-04-29,2025-04-30,2025-05-02,,,75,stop_intraday,-37764.134711428196,-7.232256057956543,cash_50_no_add,3.0,False,1.0,522162.57843749993,484398.44372607174
later_2025,regime_switch,5,ticker_ascending,cash_half,A_baseline,1000000,099220,099220:2025-05-02,2025-05-07,2025-05-09,,,35,stop_intraday,-36311.52866641304,-7.232256057956543,cash_50_no_add,3.0,False,1.0,502077.47589999996,465765.9472335869
later_2025,regime_switch,5,ticker_ascending,cash_half,A_baseline,1000000,215200,215200:2025-05-09,2025-05-12,2025-05-19,,,9,time_open,-14266.35944999993,-2.9522027929006156,cash_50_no_add,3.0,False,1.0,483244.5617999999,468978.20235
later_2025,regime_switch,5,ticker_ascending,cash_half,A_baseline,1000000,036620,036620:2025-05-16,2025-05-19,2025-05-23,,,113,take_intraday,70781.93481421564,14.71280164876343,cash_50_no_add,3.0,False,1.0,481090.7976874999,551872.7325017155
later_2025,regime_switch,5,ticker_ascending,cash_half,A_baseline,1000000,000850,000850:2025-05-23,2025-05-26,2025-06-02,,,17,time_open,27076.34667499998,5.335378130362423,cash_50_no_add,3.0,False,1.0,507486.92994999996,534563.2766249999
later_2025,regime_switch,5,ticker_ascending,cash_half,A_baseline,1000000,001130,001130:2025-05-30,2025-06-02,2025-06-11,,,37,time_open,40259.546635000035,7.6170701297578525,cash_50_no_add,3.0,False,1.0,528543.730715,568803.27735
later_2025,regime_switch,5,ticker_ascending,cash_half,A_baseline,1000000,105560,105560:2025-06-10,2025-06-11,2025-06-18,,,4,time_open,-19516.913500000024,-4.403888784116273,cash_50_no_add,3.0,False,1.0,443174.5318,423657.6183
later_2025,regime_switch,5,ticker_ascending,cash_half,A_baseline,1000000,094280,094280:2025-06-17,2025-06-18,2025-06-25,,,38,time_open,9519.388550000149,1.7875082968329181,cash_50_no_add,3.0,False,1.0,532550.7337149999,542070.122265
later_2025,regime_switch,5,ticker_ascending,cash_half,A_baseline,1000000,003080,003080:2025-06-24,2025-06-25,2025-07-02,,,192,time_open,-15321.610080000013,-2.809897239075354,cash_50_no_add,3.0,False,1.0,545272.96824,529951.35816
later_2025,regime_switch,5,ticker_ascending,cash_half,A_baseline,1000000,004360,004360:2025-07-01,2025-07-02,2025-07-09,,,33,time_open,-12397.612919999985,-2.333719095059106,cash_50_no_add,3.0,False,1.0,531238.4402325,518840.8273125
later_2025,regime_switch,5,ticker_ascending,cash_half,A_baseline,1000000,114090,114090:2025-07-08,2025-07-09,2025-07-16,,,30,time_open,-17989.21214999992,-3.4580729019172085,cash_50_no_add,3.0,False,1.0,520209.16447499994,502219.952325
later_2025,regime_switch,5,ticker_ascending,cash_half,A_baseline,1000000,003080,003080:2025-07-15,2025-07-16,2025-07-23,,,180,time_open,-15303.385124999972,-2.926559300442677,cash_50_no_add,3.0,False,1.0,522913.89149999997,507610.506375
later_2025,regime_switch,5,ticker_ascending,cash_half,A_baseline,1000000,127120,127120:2025-08-11,2025-08-12,2025-08-20,,,30,time_open,6001.355850000109,1.1746798703933914,cash_50_no_add,3.0,False,1.0,510892.8824999999,516894.23835
later_2025,regime_switch,5,ticker_ascending,cash_half,A_baseline,1000000,415380,415380:2025-08-19,2025-08-20,2025-08-25,,,159,take_intraday,76161.50924569671,14.712801648763406,cash_50_no_add,3.0,False,1.0,517654.70006249996,593816.2093081967
later_2025,regime_switch,5,ticker_ascending,cash_half,A_baseline,1000000,064850,064850:2025-08-25,2025-08-26,2025-09-02,,,67,time_open,-7963.457022499992,-1.4312405463252187,cash_50_no_add,3.0,False,1.0,556402.4190725,548438.96205
later_2025,regime_switch,5,ticker_ascending,cash_half,A_baseline,1000000,064850,064850:2025-09-01,2025-09-02,2025-09-09,,,67,time_open,11453.660050000064,2.0811144157658834,cash_50_no_add,3.0,False,1.0,550361.8620499999,561815.5221
later_2025,regime_switch,5,ticker_ascending,cash_half,A_baseline,1000000,170920,170920:2025-09-08,2025-09-09,2025-09-12,,,42,take_intraday,80410.63611856254,14.712801648763385,cash_50_no_add,3.0,False,1.0,546535.174185,626945.8103035626
later_2025,regime_switch,5,ticker_ascending,cash_half,A_baseline,1000000,064850,064850:2025-09-12,2025-09-15,2025-09-22,,,66,time_open,-7333.593959999853,-1.2421149529124542,cash_50_no_add,3.0,False,1.0,590411.8570349999,583078.263075
later_2025,regime_switch,5,ticker_ascending,cash_half,A_baseline,1000000,003570,003570:2025-09-19,2025-09-22,2025-09-29,,,8,time_open,9178.40840000019,1.6018124799476174,cash_50_no_add,3.0,False,1.0,573001.4289999999,582179.8374000001
later_2025,regime_switch,5,ticker_ascending,cash_half,A_baseline,1000000,265520,265520:2025-10-10,2025-10-13,2025-10-20,,,29,time_open,-12776.755547499983,-2.161217611902322,cash_50_no_add,3.0,False,1.0,591183.2051124999,578406.4495649999
later_2025,regime_switch,5,ticker_ascending,cash_half,A_baseline,1000000,011170,011170:2025-10-17,2025-10-20,2025-10-27,,,8,time_open,41907.033000000054,7.262811195798968,cash_50_no_add,3.0,False,1.0,577008.4319999999,618915.465
later_2025,regime_switch,5,ticker_ascending,cash_half,A_baseline,1000000,015860,015860:2025-10-24,2025-10-27,2025-11-03,,,93,time_open,43345.24167750019,7.06014124072738,cash_50_no_add,3.0,False,1.0,613942.9821524998,657288.22383
later_2025,regime_switch,5,ticker_ascending,cash_half,A_baseline,1000000,015860,015860:2025-11-03,2025-11-04,2025-11-11,,,88,time_open,39066.971020000055,6.146560026538395,cash_50_no_add,3.0,False,1.0,635590.81586,674657.78688
later_2025,regime_switch,5,ticker_ascending,cash_half,A_baseline,1000000,105560,105560:2025-11-10,2025-11-11,2025-11-18,,,5,time_open,-24236.51649999991,-3.7221782425956085,cash_50_no_add,3.0,False,1.0,651137.9874999999,626901.471
later_2025,regime_switch,5,ticker_ascending,cash_half,A_baseline,1000000,220100,220100:2025-11-17,2025-11-18,2025-11-24,,,25,stop_intraday,-46168.239510518266,-7.232256057956555,cash_50_no_add,3.0,False,1.0,638365.6654375,592197.4259269817
later_2025,regime_switch,5,ticker_ascending,cash_half,A_baseline,1000000,014680,014680:2025-11-25,2025-11-26,2025-12-03,,,2,time_open,30334.024000000034,6.5828281570822655,cash_50_no_add,3.0,False,1.0,460805.345,491139.369
later_2025,regime_switch,5,ticker_ascending,cash_half,A_baseline,1000000,003080,003080:2025-12-02,2025-12-03,2025-12-10,,,217,time_open,-10886.35401000001,-1.7121317161671534,cash_50_no_add,3.0,False,1.0,635836.24479375,624949.89078375
later_2025,regime_switch,5,ticker_ascending,cash_half,A_baseline,1000000,457190,457190:2025-12-09,2025-12-10,2025-12-11,,,9,stop_intraday,-44012.876426268835,-7.232256057956543,cash_50_no_add,3.0,False,1.0,608563.580625,564550.7041987311
later_2025,regime_switch,5,ticker_ascending,cash_half,A_baseline,1000000,051630,051630:2025-12-11,2025-12-12,2025-12-15,,,194,stop_intraday,-43852.03924821736,-7.232256057956565,cash_50_no_add,3.0,False,1.0,606339.69396,562487.6547117826
later_2025,regime_switch,5,ticker_ascending,cash_half,A_baseline,1000000,105630,105630:2025-12-15,2025-12-16,2025-12-23,,,42,time_open,34034.097090000054,5.878774922304775,cash_50_no_add,3.0,False,1.0,578931.7934399999,612965.89053
later_2025,regime_switch,5,ticker_ascending,cash_half,A_baseline,1000000,123700,123700:2025-12-22,2025-12-23,2025-12-29,,,150,stop_intraday,-43523.84446597705,-7.232256057956565,cash_50_no_add,3.0,False,1.0,601801.7630625,558277.918596523
later_2025,regime_switch,5,ticker_ascending,cash_half,A_baseline,1000000,048770,048770:2025-12-29,2025-12-30,2026-01-02,,,172,stop_gap,-43233.520959999994,-7.456712767848284,cash_50_no_add,3.0,False,1.0,579793.299085,536559.778125
later_2025,regime_switch,5,ticker_ascending,dip_3pct,A_baseline,1000000,081150,081150:2025-01-09,2025-01-10,2025-01-17,,,155,time_open,-8698.79898125009,-1.7507250353319126,dip_50_50,3.0,False,1.0,496868.37200000003,488169.57301874994
later_2025,regime_switch,5,ticker_ascending,dip_3pct,A_baseline,1000000,081150,081150:2025-01-17,2025-01-20,2025-01-31,,,317,time_open,-15658.115418750094,-1.5836626021673461,dip_50_50,3.0,True,2.0,988727.99025,973069.8748312499
later_2025,regime_switch,5,ticker_ascending,dip_3pct,A_baseline,1000000,136480,136480:2025-01-31,2025-02-03,2025-02-10,,,166,time_open,-39.423754999937955,-0.008119090297165066,dip_50_50,3.0,False,1.0,485568.62353999994,485529.199785
later_2025,regime_switch,5,ticker_ascending,dip_3pct,A_baseline,1000000,168360,168360:2025-02-07,2025-02-10,2025-02-17,,,44,time_open,11475.209899999958,2.356058162845587,dip_50_50,3.0,False,1.0,487051.21465,498526.42454999994
later_2025,regime_switch,5,ticker_ascending,dip_3pct,A_baseline,1000000,053350,053350:2025-02-27,2025-02-28,2025-03-04,,,106,take_intraday,72099.56208592624,14.712801648763406,dip_50_50,3.0,False,1.0,490046.44939250004,562146.0114784263
later_2025,regime_switch,5,ticker_ascending,dip_3pct,A_baseline,1000000,003030,003030:2025-03-04,2025-03-05,2025-03-06,,,2,take_intraday,74429.7284355624,14.712801648763406,dip_50_50,3.0,False,1.0,505884.12875,580313.8571855624
later_2025,regime_switch,5,ticker_ascending,dip_3pct,A_baseline,1000000,052220,052220:2025-03-07,2025-03-10,2025-03-17,,,135,time_open,29696.817543750163,5.259688038292731,dip_50_50,3.0,False,1.0,564611.7664687498,594308.5840125
later_2025,regime_switch,5,ticker_ascending,dip_3pct,A_baseline,1000000,006040,006040:2025-03-14,2025-03-17,2025-03-24,,,15,time_open,16808.826562499977,3.0773865090355956,dip_50_50,3.0,False,1.0,546204.5964375,563013.423
later_2025,regime_switch,5,ticker_ascending,dip_3pct,A_baseline,1000000,003030,003030:2025-03-21,2025-03-24,2025-03-25,,,2,stop_intraday,-36876.63226497255,-7.232256057956543,dip_50_50,3.0,False,1.0,509891.13174999994,473014.4994850274
later_2025,regime_switch,5,ticker_ascending,dip_3pct,A_baseline,1000000,052220,052220:2025-03-26,2025-03-27,2025-03-28,,,115,stop_gap,-86935.46382499998,-15.30708661506608,dip_50_50,3.0,False,1.0,567942.5877125,481007.1238875
later_2025,regime_switch,5,ticker_ascending,dip_3pct,A_baseline,1000000,025980,025980:2025-04-29,2025-04-30,2025-05-02,,,75,stop_intraday,-37764.134711428196,-7.232256057956543,dip_50_50,3.0,False,1.0,522162.57843749993,484398.44372607174
later_2025,regime_switch,5,ticker_ascending,dip_3pct,A_baseline,1000000,099220,099220:2025-05-02,2025-05-07,2025-05-09,,,35,stop_intraday,-36311.52866641304,-7.232256057956543,dip_50_50,3.0,False,1.0,502077.47589999996,465765.9472335869
later_2025,regime_switch,5,ticker_ascending,dip_3pct,A_baseline,1000000,215200,215200:2025-05-09,2025-05-12,2025-05-19,,,9,time_open,-14266.35944999993,-2.9522027929006156,dip_50_50,3.0,False,1.0,483244.5617999999,468978.20235
later_2025,regime_switch,5,ticker_ascending,dip_3pct,A_baseline,1000000,036620,036620:2025-05-16,2025-05-19,2025-05-23,,,113,take_intraday,70781.93481421564,14.71280164876343,dip_50_50,3.0,False,1.0,481090.7976874999,551872.7325017155
later_2025,regime_switch,5,ticker_ascending,dip_3pct,A_baseline,1000000,000850,000850:2025-05-23,2025-05-26,2025-06-02,,,17,time_open,27076.34667499998,5.335378130362423,dip_50_50,3.0,False,1.0,507486.92994999996,534563.2766249999
later_2025,regime_switch,5,ticker_ascending,dip_3pct,A_baseline,1000000,001130,001130:2025-05-30,2025-06-02,2025-06-11,,,37,time_open,40259.546635000035,7.6170701297578525,dip_50_50,3.0,False,1.0,528543.730715,568803.27735
later_2025,regime_switch,5,ticker_ascending,dip_3pct,A_baseline,1000000,105560,105560:2025-06-10,2025-06-11,2025-06-18,,,8,time_open,-27012.81799999997,-3.0895517829812924,dip_50_50,3.0,True,2.0,874328.0545999999,847315.2366
later_2025,regime_switch,5,ticker_ascending,dip_3pct,A_baseline,1000000,094280,094280:2025-06-17,2025-06-18,2025-06-25,,,38,time_open,9519.388550000149,1.7875082968329181,dip_50_50,3.0,False,1.0,532550.7337149999,542070.122265
later_2025,regime_switch,5,ticker_ascending,dip_3pct,A_baseline,1000000,003080,003080:2025-06-24,2025-06-25,2025-07-02,,,191,time_open,-15241.8100274998,-2.8098972390753207,dip_50_50,3.0,False,1.0,542433.0048637498,527191.19483625
later_2025,regime_switch,5,ticker_ascending,dip_3pct,A_baseline,1000000,004360,004360:2025-07-01,2025-07-02,2025-07-09,,,64,time_open,-9448.346932500019,-0.9302437246761497,dip_50_50,3.0,True,2.0,1015685.1029325,1006236.7559999999
later_2025,regime_switch,5,ticker_ascending,dip_3pct,A_baseline,1000000,114090,114090:2025-07-08,2025-07-09,2025-07-16,,,30,time_open,-17989.21214999992,-3.4580729019172085,dip_50_50,3.0,False,1.0,520209.16447499994,502219.952325
later_2025,regime_switch,5,ticker_ascending,dip_3pct,A_baseline,1000000,003080,003080:2025-07-15,2025-07-16,2025-07-23,,,180,time_open,-15303.385124999972,-2.926559300442677,dip_50_50,3.0,False,1.0,522913.89149999997,507610.506375
later_2025,regime_switch,5,ticker_ascending,dip_3pct,A_baseline,1000000,127120,127120:2025-08-11,2025-08-12,2025-08-20,,,30,time_open,6001.355850000109,1.1746798703933914,dip_50_50,3.0,False,1.0,510892.8824999999,516894.23835
later_2025,regime_switch,5,ticker_ascending,dip_3pct,A_baseline,1000000,415380,415380:2025-08-19,2025-08-20,2025-08-25,,,159,take_intraday,76161.50924569671,14.712801648763406,dip_50_50,3.0,False,1.0,517654.70006249996,593816.2093081967
later_2025,regime_switch,5,ticker_ascending,dip_3pct,A_baseline,1000000,064850,064850:2025-08-25,2025-08-26,2025-09-02,,,128,time_open,4660.966240000096,0.4468366159759096,dip_50_50,3.0,True,2.0,1043103.0209599999,1047763.9872
later_2025,regime_switch,5,ticker_ascending,dip_3pct,A_baseline,1000000,064850,064850:2025-09-01,2025-09-02,2025-09-09,,,68,time_open,11624.610199999996,2.081114415765861,dip_50_50,3.0,False,1.0,558576.2182,570200.8284
later_2025,regime_switch,5,ticker_ascending,dip_3pct,A_baseline,1000000,170920,170920:2025-09-08,2025-09-09,2025-09-12,,,43,take_intraday,82325.1750737665,14.712801648763406,dip_50_50,3.0,False,1.0,559547.9164275,641873.0915012665
later_2025,regime_switch,5,ticker_ascending,dip_3pct,A_baseline,1000000,064850,064850:2025-09-12,2025-09-15,2025-09-22,,,67,time_open,-7444.709019999951,-1.2421149529124764,dip_50_50,3.0,False,1.0,599357.4912325,591912.7822125
later_2025,regime_switch,5,ticker_ascending,dip_3pct,A_baseline,1000000,003570,003570:2025-09-19,2025-09-22,2025-09-29,,,8,time_open,9178.40840000019,1.6018124799476174,dip_50_50,3.0,False,1.0,573001.4289999999,582179.8374000001
later_2025,regime_switch,5,ticker_ascending,dip_3pct,A_baseline,1000000,265520,265520:2025-10-10,2025-10-13,2025-10-20,,,29,time_open,-12776.755547499983,-2.161217611902322,dip_50_50,3.0,False,1.0,591183.2051124999,578406.4495649999
later_2025,regime_switch,5,ticker_ascending,dip_3pct,A_baseline,1000000,011170,011170:2025-10-17,2025-10-20,2025-10-27,,,8,time_open,41907.033000000054,7.262811195798968,dip_50_50,3.0,False,1.0,577008.4319999999,618915.465
later_2025,regime_switch,5,ticker_ascending,dip_3pct,A_baseline,1000000,015860,015860:2025-10-24,2025-10-27,2025-11-03,,,173,time_open,104372.96385249984,9.332976723054198,dip_50_50,3.0,True,2.0,1118324.4847775,1222697.4486299998
later_2025,regime_switch,5,ticker_ascending,dip_3pct,A_baseline,1000000,015860,015860:2025-11-03,2025-11-04,2025-11-11,,,163,time_open,84984.74440749991,7.29692313116701,dip_50_50,3.0,True,2.0,1164665.4744725,1249650.2188799998
later_2025,regime_switch,5,ticker_ascending,dip_3pct,A_baseline,1000000,105560,105560:2025-11-10,2025-11-11,2025-11-18,,,5,time_open,-24236.51649999991,-3.7221782425956085,dip_50_50,3.0,False,1.0,651137.9874999999,626901.471
later_2025,regime_switch,5,ticker_ascending,dip_3pct,A_baseline,1000000,220100,220100:2025-11-17,2025-11-18,2025-11-24,,,46,stop_intraday,-75737.46080235345,-6.498945727313988,dip_50_50,3.0,True,2.0,1165380.7245079998,1089643.2637056464
later_2025,regime_switch,5,ticker_ascending,dip_3pct,A_baseline,1000000,014680,014680:2025-11-25,2025-11-26,2025-12-03,,,2,time_open,30334.024000000034,6.5828281570822655,dip_50_50,3.0,False,1.0,460805.345,491139.369
later_2025,regime_switch,5,ticker_ascending,dip_3pct,A_baseline,1000000,003080,003080:2025-12-02,2025-12-03,2025-12-10,,,232,time_open,-11638.866959999898,-1.7121317161671312,dip_50_50,3.0,False,1.0,679788.05895,668149.1919900001
later_2025,regime_switch,5,ticker_ascending,dip_3pct,A_baseline,1000000,457190,457190:2025-12-09,2025-12-10,2025-12-11,,,9,stop_intraday,-44012.876426268835,-7.232256057956543,dip_50_50,3.0,False,1.0,608563.580625,564550.7041987311
later_2025,regime_switch,5,ticker_ascending,dip_3pct,A_baseline,1000000,051630,051630:2025-12-11,2025-12-12,2025-12-15,,,374,stop_intraday,-64584.62340450124,-5.621098337264008,dip_50_50,3.0,True,2.0,1148968.0402199998,1084383.4168154986
later_2025,regime_switch,5,ticker_ascending,dip_3pct,A_baseline,1000000,105630,105630:2025-12-15,2025-12-16,2025-12-23,,,45,time_open,36465.10402500001,5.878774922304775,dip_50_50,3.0,False,1.0,620284.0643999999,656749.1684249999
later_2025,regime_switch,5,ticker_ascending,dip_3pct,A_baseline,1000000,123700,123700:2025-12-22,2025-12-23,2025-12-29,,,159,stop_intraday,-46135.27513393562,-7.232256057956555,dip_50_50,3.0,False,1.0,637909.86884625,591774.5937123144
later_2025,regime_switch,5,ticker_ascending,dip_3pct,A_baseline,1000000,048770,048770:2025-12-29,2025-12-30,2026-01-02,,,182,stop_gap,-45747.09776000003,-7.456712767848295,dip_50_50,3.0,False,1.0,613502.2118225,567755.1140625
later_2025,regime_switch,5,factor_rank,all_in,A_baseline,1000000,081150,081150:2025-01-09,2025-01-10,2025-01-17,3203.2,3151.845,311,time_open,-17453.71924625011,-1.7507250353319015,,,,,,
later_2025,regime_switch,5,factor_rank,all_in,A_baseline,1000000,081150,081150:2025-01-17,2025-01-20,2025-01-31,3183.18,3071.925,308,time_open,-35711.469255,-3.6397386944618026,,,,,,
later_2025,regime_switch,5,factor_rank,all_in,A_baseline,1000000,204320,204320:2025-01-31,2025-02-03,2025-02-10,43042.99999999999,44305.65,21,time_open,25139.90876250004,2.7791774074794384,,,,,,
later_2025,regime_switch,5,factor_rank,all_in,A_baseline,1000000,168360,168360:2025-02-07,2025-02-10,2025-02-17,11061.05,11338.65,87,time_open,22689.619574999902,2.356058162845587,,,,,,
later_2025,regime_switch,5,factor_rank,all_in,A_baseline,1000000,168360,168360:2025-02-27,2025-02-28,2025-03-04,12452.439999999999,11569.188430799999,79,stop_intraday,-71200.15545132488,-7.232256057956532,,,,,,
later_2025,regime_switch,5,factor_rank,all_in,A_baseline,1000000,003030,003030:2025-03-04,2025-03-05,2025-03-06,252752.49999999997,290374.70962499996,3,take_intraday,111644.5926533438,14.71280164876343,,,,,,
later_2025,regime_switch,5,factor_rank,all_in,A_baseline,1000000,052220,052220:2025-03-07,2025-03-10,2025-03-17,4179.174999999999,4405.59,247,time_open,54334.17728375003,5.259688038292709,,,,,,
later_2025,regime_switch,5,factor_rank,all_in,A_baseline,1000000,006040,006040:2025-03-14,2025-03-17,2025-03-24,36386.35,37562.4,29,time_open,32497.064687500242,3.07738650903564,,,,,,
later_2025,regime_switch,5,factor_rank,all_in,A_baseline,1000000,003570,003570:2025-03-21,2025-03-24,2025-03-25,34334.299999999996,31898.968100999995,32,stop_intraday,-79520.21920242393,-7.232256057956532,,,,,,
later_2025,regime_switch,5,factor_rank,all_in,A_baseline,1000000,052220,052220:2025-03-26,2025-03-27,2025-03-28,4934.929999999999,4185.81,211,stop_gap,-159507.6771049999,-15.307086615066067,,,,,,
later_2025,regime_switch,5,factor_rank,all_in,A_baseline,1000000,026890,026890:2025-04-29,2025-04-30,2025-05-12,9949.939999999999,9360.63,88,time_open,-53133.77761999995,-6.063759401397018,,,,,,
later_2025,regime_switch,5,factor_rank,all_in,A_baseline,1000000,215200,215200:2025-05-09,2025-05-12,2025-05-19,53653.59999999999,52147.8,15,time_open,-23777.265749999904,-2.9522027929006156,,,,,,
later_2025,regime_switch,5,factor_rank,all_in,A_baseline,1000000,036620,036620:2025-05-16,2025-05-19,2025-05-23,4254.249999999999,4887.495112499999,189,take_intraday,118387.48389280296,14.712801648763406,,,,,,
later_2025,regime_switch,5,factor_rank,all_in,A_baseline,1000000,036460,036460:2025-05-23,2025-05-26,2025-06-02,39689.649999999994,41958.0,23,time_open,50763.628037500195,5.55676396081719,,,,,,
later_2025,regime_switch,5,factor_rank,all_in,A_baseline,1000000,001130,001130:2025-05-30,2025-06-02,2025-06-11,14274.259999999998,15384.6,68,time_open,73990.51814000006,7.6170701297578525,,,,,,
later_2025,regime_switch,5,factor_rank,all_in,A_baseline,1000000,105560,105560:2025-06-10,2025-06-11,2025-06-18,110710.59999999999,105993.9,9,time_open,-43913.055374999996,-4.403888784116273,,,,,,
later_2025,regime_switch,5,factor_rank,all_in,A_baseline,1000000,094280,094280:2025-06-17,2025-06-18,2025-06-25,14003.989999999998,14275.71,71,time_open,17786.225975000067,1.787508296832896,,,,,,
later_2025,regime_switch,5,factor_rank,all_in,A_baseline,1000000,006220,006220:2025-06-24,2025-06-25,2025-06-27,13513.499999999998,15524.984474999996,75,take_intraday,149227.92087328085,14.712801648763385,,,,,,
later_2025,regime_switch,5,factor_rank,all_in,A_baseline,1000000,015860,015860:2025-06-30,2025-07-01,2025-07-08,5625.619999999999,5774.22,208,time_open,29130.424960000208,2.4876397824445062,,,,,,
later_2025,regime_switch,5,factor_rank,all_in,A_baseline,1000000,000080,000080:2025-07-07,2025-07-08,2025-07-15,21821.8,21878.1,55,time_open,1293.8791249999776,0.10772458924876993,,,,,,
later_2025,regime_switch,5,factor_rank,all_in,A_baseline,1000000,009070,009070:2025-07-14,2025-07-15,2025-07-22,7117.109999999999,7032.96,168,time_open,-15920.108819999732,-1.3304773124148905,,,,,,
later_2025,regime_switch,5,factor_rank,all_in,A_baseline,1000000,127120,127120:2025-08-11,2025-08-12,2025-08-20,17016.999999999996,17242.74,69,time_open,13803.118455000222,1.1746798703933914,,,,,,
later_2025,regime_switch,5,factor_rank,all_in,A_baseline,1000000,415380,415380:2025-08-19,2025-08-20,2025-08-25,3253.2499999999995,3737.4962624999994,368,take_intraday,176273.17863154993,14.71280164876343,,,,,,
later_2025,regime_switch,5,factor_rank,all_in,A_baseline,1000000,064850,064850:2025-08-25,2025-08-26,2025-09-02,8298.289999999999,8191.8,165,time_open,-19611.498637499986,-1.4312405463252187,,,,,,
later_2025,regime_switch,5,factor_rank,all_in,A_baseline,1000000,170920,170920:2025-09-01,2025-09-02,2025-09-09,12262.249999999998,12977.01,110,time_open,76541.36105000018,5.67032211213363,,,,,,
later_2025,regime_switch,5,factor_rank,all_in,A_baseline,1000000,170920,170920:2025-09-08,2025-09-09,2025-09-12,13002.989999999998,14938.485061499996,110,take_intraday,210599.28507242585,14.712801648763406,,,,,,
later_2025,regime_switch,5,factor_rank,all_in,A_baseline,1000000,064850,064850:2025-09-12,2025-09-15,2025-09-22,8938.929999999998,8841.15,183,time_open,-20334.055979999946,-1.2421149529124764,,,,,,
later_2025,regime_switch,5,factor_rank,all_in,A_baseline,1000000,127120,127120:2025-09-19,2025-09-22,2025-09-29,24124.1,24425.55,67,time_open,17757.53008749988,1.0978197451931182,,,,,,
later_2025,regime_switch,5,factor_rank,all_in,A_baseline,1000000,265520,265520:2025-10-10,2025-10-13,2025-10-20,20370.35,19960.02,80,time_open,-35246.22220000019,-2.161217611902333,,,,,,
later_2025,regime_switch,5,factor_rank,all_in,A_baseline,1000000,011170,011170:2025-10-17,2025-10-20,2025-10-27,72071.99999999999,77422.5,22,time_open,115244.3407500002,7.262811195798968,,,,,,
later_2025,regime_switch,5,factor_rank,all_in,A_baseline,1000000,015860,015860:2025-10-24,2025-10-27,2025-11-03,6596.589999999999,7072.92,260,time_open,121180.24554999988,7.060141240727336,,,,,,
later_2025,regime_switch,5,factor_rank,all_in,A_baseline,1000000,015860,015860:2025-11-03,2025-11-04,2025-11-11,7217.209999999999,7672.32,255,time_open,113205.42738749995,6.146560026538395,,,,,,
later_2025,regime_switch,5,factor_rank,all_in,A_baseline,1000000,309960,309960:2025-11-10,2025-11-11,2025-11-12,5685.679999999999,5282.394717599998,343,stop_intraday,-141148.38908430305,-7.232256057956555,,,,,,
later_2025,regime_switch,5,factor_rank,all_in,A_baseline,1000000,220100,220100:2025-11-12,2025-11-13,2025-11-14,19782.763,22727.427272549994,91,take_intraday,265063.1283159477,14.712801648763385,,,,,,
later_2025,regime_switch,5,factor_rank,all_in,A_baseline,1000000,220100,220100:2025-11-14,2025-11-17,2025-11-24,24143.119,26028.945,86,time_open,158944.93787200027,7.649433543021789,,,,,,
later_2025,regime_switch,5,factor_rank,all_in,A_baseline,1000000,014680,014680:2025-11-25,2025-11-26,2025-12-03,230229.99999999997,245754.0,9,time_open,136503.108,6.582828157082243,,,,,,
later_2025,regime_switch,5,factor_rank,all_in,A_baseline,1000000,003080,003080:2025-12-02,2025-12-03,2025-12-10,2927.9249999999997,2882.115,810,time_open,-40635.699300000444,-1.7121317161671645,,,,,,
later_2025,regime_switch,5,factor_rank,all_in,A_baseline,1000000,457190,457190:2025-12-09,2025-12-10,2025-12-11,67567.49999999999,62774.93722499998,34,stop_intraday,-166270.86649923772,-7.232256057956543,,,,,,
later_2025,regime_switch,5,factor_rank,all_in,A_baseline,1000000,056080,056080:2025-12-11,2025-12-12,2025-12-17,15625.609999999999,14517.285482699997,138,stop_intraday,-156068.57306985953,-7.232256057956532,,,,,,
later_2025,regime_switch,5,factor_rank,all_in,A_baseline,1000000,105630,105630:2025-12-17,2025-12-18,2025-12-26,14754.739999999998,14185.8,136,time_open,-80327.77508000005,-4.000089143795815,,,,,,
later_2025,regime_switch,5,factor_rank,all_in,A_baseline,1000000,319400,319400:2025-12-24,2025-12-26,2026-01-02,19139.12,21987.978011999996,100,take_intraday,281801.2688490993,14.712801648763385,,,,,,
later_2025,regime_switch,5,factor_rank,cash_half,A_baseline,1000000,081150,081150:2025-01-09,2025-01-10,2025-01-17,,,155,time_open,-8698.79898125009,-1.7507250353319126,cash_50_no_add,3.0,False,1.0,496868.37200000003,488169.57301874994
later_2025,regime_switch,5,factor_rank,cash_half,A_baseline,1000000,081150,081150:2025-01-17,2025-01-20,2025-01-31,,,155,time_open,-17971.68095625,-3.6397386944618026,cash_50_no_add,3.0,False,1.0,493762.944675,475791.26371875
later_2025,regime_switch,5,factor_rank,cash_half,A_baseline,1000000,204320,204320:2025-01-31,2025-02-03,2025-02-10,,,11,time_open,13168.523637500068,2.7791774074794606,cash_50_no_add,3.0,False,1.0,473828.10474999994,486996.6283875
later_2025,regime_switch,5,factor_rank,cash_half,A_baseline,1000000,168360,168360:2025-02-07,2025-02-10,2025-02-17,,,44,time_open,11475.209899999958,2.356058162845587,cash_50_no_add,3.0,False,1.0,487051.21465,498526.42454999994
later_2025,regime_switch,5,factor_rank,cash_half,A_baseline,1000000,168360,168360:2025-02-27,2025-02-28,2025-03-04,,,40,stop_intraday,-36050.71162092412,-7.232256057956555,cash_50_no_add,3.0,False,1.0,498471.1732,462420.4615790759
later_2025,regime_switch,5,factor_rank,cash_half,A_baseline,1000000,003030,003030:2025-03-04,2025-03-05,2025-03-06,,,1,take_intraday,37214.8642177812,14.712801648763406,cash_50_no_add,3.0,False,1.0,252942.064375,290156.9285927812
later_2025,regime_switch,5,factor_rank,cash_half,A_baseline,1000000,052220,052220:2025-03-07,2025-03-10,2025-03-17,,,119,time_open,26177.194723750115,5.259688038292731,cash_50_no_add,3.0,False,1.0,497694.8163687499,523872.0110925
later_2025,regime_switch,5,factor_rank,cash_half,A_baseline,1000000,006040,006040:2025-03-14,2025-03-17,2025-03-24,,,14,time_open,15688.238124999974,3.0773865090355956,cash_50_no_add,3.0,False,1.0,509790.95667499996,525479.1947999999
later_2025,regime_switch,5,factor_rank,cash_half,A_baseline,1000000,003570,003570:2025-03-21,2025-03-24,2025-03-25,,,15,stop_intraday,-37275.10275113635,-7.232256057956555,cash_50_no_add,3.0,False,1.0,515400.760875,478125.6581238636
later_2025,regime_switch,5,factor_rank,cash_half,A_baseline,1000000,052220,052220:2025-03-26,2025-03-27,2025-03-28,,,101,stop_gap,-76352.01605499996,-15.307086615066067,cash_50_no_add,3.0,False,1.0,498801.75094749994,422449.7348925
later_2025,regime_switch,5,factor_rank,cash_half,A_baseline,1000000,026890,026890:2025-04-29,2025-04-30,2025-05-12,,,46,time_open,-27774.474664999987,-6.063759401397018,cash_50_no_add,3.0,False,1.0,458040.51292999997,430266.038265
later_2025,regime_switch,5,factor_rank,cash_half,A_baseline,1000000,215200,215200:2025-05-09,2025-05-12,2025-05-19,,,8,time_open,-12681.208399999945,-2.9522027929006156,cash_50_no_add,3.0,False,1.0,429550.72159999993,416869.5132
later_2025,regime_switch,5,factor_rank,cash_half,A_baseline,1000000,036620,036620:2025-05-16,2025-05-19,2025-05-23,,,104,take_intraday,65144.43558122497,14.71280164876343,cash_50_no_add,3.0,False,1.0,442773.8314999999,507918.2670812249
later_2025,regime_switch,5,factor_rank,cash_half,A_baseline,1000000,036460,036460:2025-05-23,2025-05-26,2025-06-02,,,11,time_open,24278.256887500058,5.556763960817168,cash_50_no_add,3.0,False,1.0,436913.5896124999,461191.8465
later_2025,regime_switch,5,factor_rank,cash_half,A_baseline,1000000,001130,001130:2025-05-30,2025-06-02,2025-06-11,,,34,time_open,36995.25907000003,7.6170701297578525,cash_50_no_add,3.0,False,1.0,485688.83363,522684.09270000004
later_2025,regime_switch,5,factor_rank,cash_half,A_baseline,1000000,105560,105560:2025-06-10,2025-06-11,2025-06-18,,,4,time_open,-19516.913500000024,-4.403888784116273,cash_50_no_add,3.0,False,1.0,443174.5318,423657.6183
later_2025,regime_switch,5,factor_rank,cash_half,A_baseline,1000000,094280,094280:2025-06-17,2025-06-18,2025-06-25,,,35,time_open,8767.857875000045,1.787508296832896,cash_50_no_add,3.0,False,1.0,490507.2547374999,499275.1126125
later_2025,regime_switch,5,factor_rank,cash_half,A_baseline,1000000,006220,006220:2025-06-24,2025-06-25,2025-06-27,,,37,take_intraday,73619.10763081862,14.712801648763406,cash_50_no_add,3.0,False,1.0,500374.49962499994,573993.6072558186
later_2025,regime_switch,5,factor_rank,cash_half,A_baseline,1000000,015860,015860:2025-06-30,2025-07-01,2025-07-08,,,95,time_open,13304.761400000076,2.487639782444484,cash_50_no_add,3.0,False,1.0,534834.725425,548139.486825
later_2025,regime_switch,5,factor_rank,cash_half,A_baseline,1000000,000080,000080:2025-07-07,2025-07-08,2025-07-15,,,24,time_open,564.6018000000622,0.10772458924876993,cash_50_no_add,3.0,False,1.0,524115.9924,524680.5942
later_2025,regime_switch,5,factor_rank,cash_half,A_baseline,1000000,009070,009070:2025-07-14,2025-07-15,2025-07-22,,,76,time_open,-7201.953989999951,-1.3304773124149016,cash_50_no_add,3.0,False,1.0,541306.0352699999,534104.0812799999
later_2025,regime_switch,5,factor_rank,cash_half,A_baseline,1000000,127120,127120:2025-08-11,2025-08-12,2025-08-20,,,31,time_open,6201.401044999948,1.1746798703933692,cash_50_no_add,3.0,False,1.0,527922.64525,534124.0462949999
later_2025,regime_switch,5,factor_rank,cash_half,A_baseline,1000000,415380,415380:2025-08-19,2025-08-20,2025-08-25,,,167,take_intraday,79993.53486812185,14.71280164876343,cash_50_no_add,3.0,False,1.0,543700.2195624999,623693.7544306217
later_2025,regime_switch,5,factor_rank,cash_half,A_baseline,1000000,064850,064850:2025-08-25,2025-08-26,2025-09-02,,,70,time_open,-8320.029724999913,-1.4312405463252076,cash_50_no_add,3.0,False,1.0,581315.9602249999,572995.9305
later_2025,regime_switch,5,factor_rank,cash_half,A_baseline,1000000,170920,170920:2025-09-01,2025-09-02,2025-09-09,,,47,time_open,32704.03608500003,5.670322112133608,cash_50_no_add,3.0,False,1.0,576757.9943124999,609462.0303974999
later_2025,regime_switch,5,factor_rank,cash_half,A_baseline,1000000,170920,170920:2025-09-08,2025-09-09,2025-09-12,,,45,take_intraday,86154.25298417418,14.712801648763385,cash_50_no_add,3.0,False,1.0,585573.4009125,671727.6538966742
later_2025,regime_switch,5,factor_rank,cash_half,A_baseline,1000000,064850,064850:2025-09-12,2025-09-15,2025-09-22,,,71,time_open,-7889.169259999879,-1.2421149529124653,cash_50_no_add,3.0,False,1.0,635140.0280224999,627250.8587625
later_2025,regime_switch,5,factor_rank,cash_half,A_baseline,1000000,127120,127120:2025-09-19,2025-09-22,2025-09-29,,,26,time_open,6890.981825000024,1.0978197451931404,cash_50_no_add,3.0,False,1.0,627697.01995,634588.001775
later_2025,regime_switch,5,factor_rank,cash_half,A_baseline,1000000,265520,265520:2025-10-10,2025-10-13,2025-10-20,,,31,time_open,-13657.911102500046,-2.161217611902333,cash_50_no_add,3.0,False,1.0,631954.4606375,618296.549535
later_2025,regime_switch,5,factor_rank,cash_half,A_baseline,1000000,011170,011170:2025-10-17,2025-10-20,2025-10-27,,,8,time_open,41907.033000000054,7.262811195798968,cash_50_no_add,3.0,False,1.0,577008.4319999999,618915.465
later_2025,regime_switch,5,factor_rank,cash_half,A_baseline,1000000,015860,015860:2025-10-24,2025-10-27,2025-11-03,,,98,time_open,45675.63101500005,7.060141240727358,cash_50_no_add,3.0,False,1.0,646950.669365,692626.30038
later_2025,regime_switch,5,factor_rank,cash_half,A_baseline,1000000,015860,015860:2025-11-03,2025-11-04,2025-11-11,,,93,time_open,41286.68528250011,6.146560026538417,cash_50_no_add,3.0,False,1.0,671703.9303974999,712990.61568
later_2025,regime_switch,5,factor_rank,cash_half,A_baseline,1000000,309960,309960:2025-11-10,2025-11-11,2025-11-12,,,122,stop_intraday,-50204.38328946056,-7.232256057956555,cash_50_no_add,3.0,False,1.0,694173.19972,643968.8164305395
later_2025,regime_switch,5,factor_rank,cash_half,A_baseline,1000000,220100,220100:2025-11-12,2025-11-13,2025-11-14,,,33,take_intraday,96121.7937849043,14.712801648763406,cash_50_no_add,3.0,False,1.0,653320.80238425,749442.5961691543
later_2025,regime_switch,5,factor_rank,cash_half,A_baseline,1000000,220100,220100:2025-11-14,2025-11-17,2025-11-24,,,29,time_open,53597.71160799998,7.649433543021766,cash_50_no_add,3.0,False,1.0,700675.56383825,754273.27544625
later_2025,regime_switch,5,factor_rank,cash_half,A_baseline,1000000,014680,014680:2025-11-25,2025-11-26,2025-12-03,,,3,time_open,45501.035999999964,6.582828157082243,cash_50_no_add,3.0,False,1.0,691208.0175,736709.0534999999
later_2025,regime_switch,5,factor_rank,cash_half,A_baseline,1000000,003080,003080:2025-12-02,2025-12-03,2025-12-10,,,262,time_open,-13143.892860000022,-1.7121317161671534,cash_50_no_add,3.0,False,1.0,767691.6872625,754547.7944025
later_2025,regime_switch,5,factor_rank,cash_half,A_baseline,1000000,457190,457190:2025-12-09,2025-12-10,2025-12-11,,,11,stop_intraday,-53793.51563210634,-7.232256057956543,cash_50_no_add,3.0,False,1.0,743799.9318749999,690006.4162428936
later_2025,regime_switch,5,factor_rank,cash_half,A_baseline,1000000,056080,056080:2025-12-11,2025-12-12,2025-12-17,,,47,stop_intraday,-53153.78937886527,-7.232256057956543,cash_50_no_add,3.0,False,1.0,734954.4727525,681800.6833736347
later_2025,regime_switch,5,factor_rank,cash_half,A_baseline,1000000,105630,105630:2025-12-17,2025-12-18,2025-12-26,,,48,time_open,-28350.97943999991,-4.000089143795805,cash_50_no_add,3.0,False,1.0,708758.6906399999,680407.7112
later_2025,regime_switch,5,factor_rank,cash_half,A_baseline,1000000,319400,319400:2025-12-24,2025-12-26,2026-01-02,,,36,take_intraday,101448.45678567607,14.71280164876343,cash_50_no_add,3.0,False,1.0,689525.07624,790973.533025676
later_2025,regime_switch,5,factor_rank,dip_3pct,A_baseline,1000000,081150,081150:2025-01-09,2025-01-10,2025-01-17,,,155,time_open,-8698.79898125009,-1.7507250353319126,dip_50_50,3.0,False,1.0,496868.37200000003,488169.57301874994
later_2025,regime_switch,5,factor_rank,dip_3pct,A_baseline,1000000,081150,081150:2025-01-17,2025-01-20,2025-01-31,,,317,time_open,-15658.115418750094,-1.5836626021673461,dip_50_50,3.0,True,2.0,988727.99025,973069.8748312499
later_2025,regime_switch,5,factor_rank,dip_3pct,A_baseline,1000000,204320,204320:2025-01-31,2025-02-03,2025-02-10,,,22,time_open,38458.23135000013,4.110827527010996,dip_50_50,3.0,True,2.0,935535.0254249999,973993.256775
later_2025,regime_switch,5,factor_rank,dip_3pct,A_baseline,1000000,168360,168360:2025-02-07,2025-02-10,2025-02-17,,,45,time_open,11736.01012500003,2.356058162845609,dip_50_50,3.0,False,1.0,498120.56043749995,509856.5705625
later_2025,regime_switch,5,factor_rank,dip_3pct,A_baseline,1000000,168360,168360:2025-02-27,2025-02-28,2025-03-04,,,83,stop_intraday,-41567.13672841736,-4.152189470011491,dip_50_50,3.0,True,2.0,1001089.5945049999,959522.4577765826
later_2025,regime_switch,5,factor_rank,dip_3pct,A_baseline,1000000,003030,003030:2025-03-04,2025-03-05,2025-03-06,,,1,take_intraday,37214.8642177812,14.712801648763406,dip_50_50,3.0,False,1.0,252942.064375,290156.9285927812
later_2025,regime_switch,5,factor_rank,dip_3pct,A_baseline,1000000,052220,052220:2025-03-07,2025-03-10,2025-03-17,,,122,time_open,26837.12400250003,5.259688038292709,dip_50_50,3.0,False,1.0,510241.74451249995,537078.868515
later_2025,regime_switch,5,factor_rank,dip_3pct,A_baseline,1000000,006040,006040:2025-03-14,2025-03-17,2025-03-24,,,14,time_open,15688.238124999974,3.0773865090355956,dip_50_50,3.0,False,1.0,509790.95667499996,525479.1947999999
later_2025,regime_switch,5,factor_rank,dip_3pct,A_baseline,1000000,003570,003570:2025-03-21,2025-03-24,2025-03-25,,,15,stop_intraday,-37275.10275113635,-7.232256057956555,dip_50_50,3.0,False,1.0,515400.760875,478125.6581238636
later_2025,regime_switch,5,factor_rank,dip_3pct,A_baseline,1000000,052220,052220:2025-03-26,2025-03-27,2025-03-28,,,103,stop_gap,-77863.93716499995,-15.307086615066067,dip_50_50,3.0,False,1.0,508679.0133424999,430815.07617749996
later_2025,regime_switch,5,factor_rank,dip_3pct,A_baseline,1000000,026890,026890:2025-04-29,2025-04-30,2025-05-12,,,98,time_open,-31583.491240000003,-3.330758423048097,dip_50_50,3.0,True,2.0,948237.224935,916653.733695
later_2025,regime_switch,5,factor_rank,dip_3pct,A_baseline,1000000,215200,215200:2025-05-09,2025-05-12,2025-05-19,,,8,time_open,-12681.208399999945,-2.9522027929006156,dip_50_50,3.0,False,1.0,429550.72159999993,416869.5132
later_2025,regime_switch,5,factor_rank,dip_3pct,A_baseline,1000000,036620,036620:2025-05-16,2025-05-19,2025-05-23,,,106,take_intraday,66397.21318855626,14.71280164876343,dip_50_50,3.0,False,1.0,451288.7128749999,517685.92606355617
later_2025,regime_switch,5,factor_rank,dip_3pct,A_baseline,1000000,036460,036460:2025-05-23,2025-05-26,2025-06-02,,,12,time_open,26485.37115000002,5.556763960817168,dip_50_50,3.0,False,1.0,476633.00684999995,503118.37799999997
later_2025,regime_switch,5,factor_rank,dip_3pct,A_baseline,1000000,001130,001130:2025-05-30,2025-06-02,2025-06-11,,,34,time_open,36995.25907000003,7.6170701297578525,dip_50_50,3.0,False,1.0,485688.83363,522684.09270000004
later_2025,regime_switch,5,factor_rank,dip_3pct,A_baseline,1000000,105560,105560:2025-06-10,2025-06-11,2025-06-18,,,8,time_open,-27012.81799999997,-3.0895517829812924,dip_50_50,3.0,True,2.0,874328.0545999999,847315.2366
later_2025,regime_switch,5,factor_rank,dip_3pct,A_baseline,1000000,094280,094280:2025-06-17,2025-06-18,2025-06-25,,,35,time_open,8767.857875000045,1.787508296832896,dip_50_50,3.0,False,1.0,490507.2547374999,499275.1126125
later_2025,regime_switch,5,factor_rank,dip_3pct,A_baseline,1000000,006220,006220:2025-06-24,2025-06-25,2025-06-27,,,37,take_intraday,73619.10763081862,14.712801648763406,dip_50_50,3.0,False,1.0,500374.49962499994,573993.6072558186
later_2025,regime_switch,5,factor_rank,dip_3pct,A_baseline,1000000,015860,015860:2025-06-30,2025-07-01,2025-07-08,,,96,time_open,13444.811520000105,2.4876397824445062,dip_50_50,3.0,False,1.0,540464.5646399999,553909.37616
later_2025,regime_switch,5,factor_rank,dip_3pct,A_baseline,1000000,000080,000080:2025-07-07,2025-07-08,2025-07-15,,,25,time_open,588.1268749999581,0.10772458924876993,dip_50_50,3.0,False,1.0,545954.1587500001,546542.285625
later_2025,regime_switch,5,factor_rank,dip_3pct,A_baseline,1000000,009070,009070:2025-07-14,2025-07-15,2025-07-22,,,77,time_open,-7296.716542499838,-1.3304773124148794,dip_50_50,3.0,False,1.0,548428.4831024999,541131.76656
later_2025,regime_switch,5,factor_rank,dip_3pct,A_baseline,1000000,127120,127120:2025-08-11,2025-08-12,2025-08-20,,,32,time_open,6401.4462400000775,1.1746798703933914,dip_50_50,3.0,False,1.0,544952.4079999999,551353.85424
later_2025,regime_switch,5,factor_rank,dip_3pct,A_baseline,1000000,415380,415380:2025-08-19,2025-08-20,2025-08-25,,,169,take_intraday,80951.54127372813,14.71280164876343,dip_50_50,3.0,False,1.0,550211.5994374999,631163.140711228
later_2025,regime_switch,5,factor_rank,dip_3pct,A_baseline,1000000,064850,064850:2025-08-25,2025-08-26,2025-09-02,,,133,time_open,4066.6784024997614,0.3749384526503974,dip_50_50,3.0,True,2.0,1084625.5895475,1088692.2679499998
later_2025,regime_switch,5,factor_rank,dip_3pct,A_baseline,1000000,170920,170920:2025-09-01,2025-09-02,2025-09-09,,,48,time_open,33399.86664000014,5.67032211213363,dip_50_50,3.0,False,1.0,589029.4409999999,622429.30764
later_2025,regime_switch,5,factor_rank,dip_3pct,A_baseline,1000000,170920,170920:2025-09-08,2025-09-09,2025-09-12,,,46,take_intraday,88068.79193937813,14.712801648763406,dip_50_50,3.0,False,1.0,598586.1431549999,686654.9350943781
later_2025,regime_switch,5,factor_rank,dip_3pct,A_baseline,1000000,064850,064850:2025-09-12,2025-09-15,2025-09-22,,,73,time_open,-8111.399379999959,-1.2421149529124764,dip_50_50,3.0,False,1.0,653031.2964174999,644919.8970374999
later_2025,regime_switch,5,factor_rank,dip_3pct,A_baseline,1000000,127120,127120:2025-09-19,2025-09-22,2025-09-29,,,26,time_open,6890.981825000024,1.0978197451931404,dip_50_50,3.0,False,1.0,627697.01995,634588.001775
later_2025,regime_switch,5,factor_rank,dip_3pct,A_baseline,1000000,265520,265520:2025-10-10,2025-10-13,2025-10-20,,,32,time_open,-14098.48887999996,-2.161217611902322,dip_50_50,3.0,False,1.0,652340.0884,638241.59952
later_2025,regime_switch,5,factor_rank,dip_3pct,A_baseline,1000000,011170,011170:2025-10-17,2025-10-20,2025-10-27,,,8,time_open,41907.033000000054,7.262811195798968,dip_50_50,3.0,False,1.0,577008.4319999999,618915.465
later_2025,regime_switch,5,factor_rank,dip_3pct,A_baseline,1000000,015860,015860:2025-10-24,2025-10-27,2025-11-03,,,180,time_open,107635.5089250002,9.242786700860893,dip_50_50,3.0,True,2.0,1164535.246875,1272170.7558000002
later_2025,regime_switch,5,factor_rank,dip_3pct,A_baseline,1000000,015860,015860:2025-11-03,2025-11-04,2025-11-11,,,169,time_open,87648.40152250021,7.255655098505498,dip_50_50,3.0,True,2.0,1208001.2119174998,1295649.61344
later_2025,regime_switch,5,factor_rank,dip_3pct,A_baseline,1000000,309960,309960:2025-11-10,2025-11-11,2025-11-12,,,227,stop_intraday,-59874.45871547167,-4.7591980689929425,dip_50_50,3.0,True,2.0,1258078.7319099999,1198204.2731945282
later_2025,regime_switch,5,factor_rank,dip_3pct,A_baseline,1000000,220100,220100:2025-11-12,2025-11-13,2025-11-14,,,37,take_intraday,107772.92030428676,14.71280164876343,dip_50_50,3.0,False,1.0,732511.2026732499,840284.1229775366
later_2025,regime_switch,5,factor_rank,dip_3pct,A_baseline,1000000,220100,220100:2025-11-14,2025-11-17,2025-11-24,,,32,time_open,59142.30246399995,7.649433543021766,dip_50_50,3.0,False,1.0,773159.242856,832301.5453199999
later_2025,regime_switch,5,factor_rank,dip_3pct,A_baseline,1000000,014680,014680:2025-11-25,2025-11-26,2025-12-03,,,3,time_open,45501.035999999964,6.582828157082243,dip_50_50,3.0,False,1.0,691208.0175,736709.0534999999
later_2025,regime_switch,5,factor_rank,dip_3pct,A_baseline,1000000,003080,003080:2025-12-02,2025-12-03,2025-12-10,,,287,time_open,-14398.081110000028,-1.7121317161671534,dip_50_50,3.0,False,1.0,840944.71085625,826546.62974625
later_2025,regime_switch,5,factor_rank,dip_3pct,A_baseline,1000000,457190,457190:2025-12-09,2025-12-10,2025-12-11,,,12,stop_intraday,-58683.835235025035,-7.232256057956543,dip_50_50,3.0,False,1.0,811418.1074999998,752734.2722649748
later_2025,regime_switch,5,factor_rank,dip_3pct,A_baseline,1000000,056080,056080:2025-12-11,2025-12-12,2025-12-17,,,51,stop_intraday,-57677.516134513426,-7.232256057956555,dip_50_50,3.0,False,1.0,797503.7895825,739826.2734479866
later_2025,regime_switch,5,factor_rank,dip_3pct,A_baseline,1000000,105630,105630:2025-12-17,2025-12-18,2025-12-26,,,52,time_open,-30713.561059999978,-4.000089143795815,dip_50_50,3.0,False,1.0,767821.9148599999,737108.3537999999
later_2025,regime_switch,5,factor_rank,dip_3pct,A_baseline,1000000,319400,319400:2025-12-24,2025-12-26,2026-01-02,,,39,take_intraday,109902.49485114892,14.712801648763406,dip_50_50,3.0,False,1.0,746985.49926,856887.9941111489
later_2025,regime_switch,10,ticker_ascending,all_in,A_baseline,1000000,081150,081150:2025-01-09,2025-01-10,2025-01-24,3203.2,3031.965,311,time_open,-54708.43723625003,-5.487622973766182,,,,,,
later_2025,regime_switch,10,ticker_ascending,all_in,A_baseline,1000000,014160,014160:2025-01-23,2025-01-24,2025-01-31,2027.0249999999999,1710.288,465,stop_gap,-148586.09290874982,-15.752174214327585,,,,,,
later_2025,regime_switch,10,ticker_ascending,all_in,A_baseline,1000000,136480,136480:2025-01-31,2025-02-03,2025-02-17,2922.9199999999996,2932.065,272,time_open,1293.023060000036,0.16251551876373949,,,,,,
later_2025,regime_switch,10,ticker_ascending,all_in,A_baseline,1000000,053350,053350:2025-02-27,2025-02-28,2025-03-04,4619.615,5307.244692749999,172,take_intraday,116991.74225263507,14.712801648763406,,,,,,
later_2025,regime_switch,10,ticker_ascending,all_in,A_baseline,1000000,003030,003030:2025-03-04,2025-03-05,2025-03-06,252752.49999999997,290374.70962499996,3,take_intraday,111644.5926533438,14.71280164876343,,,,,,
later_2025,regime_switch,10,ticker_ascending,all_in,A_baseline,1000000,052220,052220:2025-03-07,2025-03-10,2025-03-21,4179.174999999999,3882.746117249999,245,stop_intraday,-74106.45427904488,-7.232256057956555,,,,,,
later_2025,regime_switch,10,ticker_ascending,all_in,A_baseline,1000000,003030,003030:2025-03-21,2025-03-24,2025-03-25,254754.49999999997,236684.76331499996,3,stop_intraday,-55314.94839745888,-7.232256057956555,,,,,,
later_2025,regime_switch,10,ticker_ascending,all_in,A_baseline,1000000,052220,052220:2025-03-26,2025-03-27,2025-03-28,4934.929999999999,4185.81,181,stop_gap,-136828.86045499984,-15.307086615066057,,,,,,
later_2025,regime_switch,10,ticker_ascending,all_in,A_baseline,1000000,025980,025980:2025-04-29,2025-04-30,2025-05-02,6956.949999999999,6463.493536499999,109,stop_intraday,-54883.875780608854,-7.232256057956532,,,,,,
later_2025,regime_switch,10,ticker_ascending,all_in,A_baseline,1000000,099220,099220:2025-05-02,2025-05-07,2025-05-09,14334.319999999998,13317.586682399997,49,stop_intraday,-50836.140132978326,-7.232256057956555,,,,,,
later_2025,regime_switch,10,ticker_ascending,all_in,A_baseline,1000000,215200,215200:2025-05-09,2025-05-12,2025-05-26,53653.59999999999,53846.1,12,time_open,1342.5026999999536,0.20835765254130223,,,,,,
later_2025,regime_switch,10,ticker_ascending,all_in,A_baseline,1000000,000850,000850:2025-05-23,2025-05-26,2025-06-11,29829.799999999996,32717.25,21,time_open,59651.333962500095,9.515353452995878,,,,,,
later_2025,regime_switch,10,ticker_ascending,all_in,A_baseline,1000000,105560,105560:2025-06-10,2025-06-11,2025-06-25,110710.59999999999,112887.0,6,time_open,12052.2108,1.8130119452861582,,,,,,
later_2025,regime_switch,10,ticker_ascending,all_in,A_baseline,1000000,003080,003080:2025-06-24,2025-06-25,2025-07-09,2837.8349999999996,2772.225,256,time_open,-17873.29151999997,-2.4583959632673014,,,,,,
later_2025,regime_switch,10,ticker_ascending,all_in,A_baseline,1000000,114090,114090:2025-07-08,2025-07-09,2025-07-17,17327.309999999998,16098.283901699997,40,stop_intraday,-50163.81174905109,-7.232256057956543,,,,,,
later_2025,regime_switch,10,ticker_ascending,all_in,A_baseline,1000000,127120,127120:2025-08-11,2025-08-12,2025-08-27,17016.999999999996,17282.7,38,time_open,9119.058550000074,1.4091518979029827,,,,,,
later_2025,regime_switch,10,ticker_ascending,all_in,A_baseline,1000000,114090,114090:2025-08-26,2025-08-27,2025-09-02,17027.01,15819.284180699997,39,stop_intraday,-48062.06105748552,-7.232256057956543,,,,,,
later_2025,regime_switch,10,ticker_ascending,all_in,A_baseline,1000000,124560,124560:2025-09-02,2025-09-03,2025-09-04,3418.4149999999995,3175.946824049999,181,stop_intraday,-44781.92446456489,-7.232256057956555,,,,,,
later_2025,regime_switch,10,ticker_ascending,all_in,A_baseline,1000000,114090,114090:2025-09-04,2025-09-05,2025-09-19,16716.699999999997,17322.66,34,time_open,19734.63632000005,3.469557289342151,,,,,,
later_2025,regime_switch,10,ticker_ascending,all_in,A_baseline,1000000,014680,014680:2025-09-18,2025-09-19,2025-10-10,208207.99999999997,220779.0,2,time_open,24498.519499999995,5.878774922304775,,,,,,
later_2025,regime_switch,10,ticker_ascending,all_in,A_baseline,1000000,265520,265520:2025-10-10,2025-10-13,2025-10-21,20370.35,23402.476597499997,30,take_intraday,89978.90932655626,14.71280164876343,,,,,,
later_2025,regime_switch,10,ticker_ascending,all_in,A_baseline,1000000,265520,265520:2025-10-21,2025-10-22,2025-10-23,22672.649999999998,21064.478935499996,31,stop_intraday,-50870.19124725042,-7.232256057956543,,,,,,
later_2025,regime_switch,10,ticker_ascending,all_in,A_baseline,1000000,015860,015860:2025-10-24,2025-10-27,2025-11-10,6596.589999999999,7262.73,99,time_open,64918.80548999994,9.933224127131046,,,,,,
later_2025,regime_switch,10,ticker_ascending,all_in,A_baseline,1000000,105560,105560:2025-11-10,2025-11-11,2025-11-19,130129.99999999999,120899.87909999998,5,stop_intraday,-47091.96654662513,-7.232256057956555,,,,,,
later_2025,regime_switch,10,ticker_ascending,all_in,A_baseline,1000000,014680,014680:2025-11-25,2025-11-26,2025-12-10,230229.99999999997,237762.0,2,time_open,14362.011999999988,3.1167199243316013,,,,,,
later_2025,regime_switch,10,ticker_ascending,all_in,A_baseline,1000000,457190,457190:2025-12-09,2025-12-10,2025-12-11,67567.49999999999,62774.93722499998,10,stop_intraday,-48903.196029187646,-7.232256057956555,,,,,,
later_2025,regime_switch,10,ticker_ascending,all_in,A_baseline,1000000,051630,051630:2025-12-11,2025-12-12,2025-12-15,3123.1199999999994,2901.597098399999,205,stop_intraday,-46338.49508187908,-7.232256057956543,,,,,,
later_2025,regime_switch,10,ticker_ascending,all_in,A_baseline,1000000,105630,105630:2025-12-15,2025-12-16,2025-12-30,13773.759999999998,12796.787203199998,43,stop_intraday,-42866.73040970322,-7.232256057956532,,,,,,
later_2025,regime_switch,10,ticker_ascending,cash_half,A_baseline,1000000,081150,081150:2025-01-09,2025-01-10,2025-01-24,,,155,time_open,-27266.262931250036,-5.487622973766182,cash_50_no_add,3.0,False,1.0,496868.37200000003,469602.10906875
later_2025,regime_switch,10,ticker_ascending,cash_half,A_baseline,1000000,014160,014160:2025-01-23,2025-01-24,2025-01-31,,,239,stop_gap,-76370.05635525001,-15.752174214327596,cash_50_no_add,3.0,False,1.0,484822.31923125,408452.26287599996
later_2025,regime_switch,10,ticker_ascending,cash_half,A_baseline,1000000,136480,136480:2025-01-31,2025-02-03,2025-02-17,,,153,time_open,727.3254712499911,0.16251551876373949,cash_50_no_add,3.0,False,1.0,447542.16507,448269.49054125
later_2025,regime_switch,10,ticker_ascending,cash_half,A_baseline,1000000,053350,053350:2025-02-27,2025-02-28,2025-03-04,,,97,take_intraday,65977.90115410229,14.712801648763385,cash_50_no_add,3.0,False,1.0,448438.73199125,514416.6331453523
later_2025,regime_switch,10,ticker_ascending,cash_half,A_baseline,1000000,003030,003030:2025-03-04,2025-03-05,2025-03-06,,,1,take_intraday,37214.8642177812,14.712801648763406,cash_50_no_add,3.0,False,1.0,252942.064375,290156.9285927812
later_2025,regime_switch,10,ticker_ascending,cash_half,A_baseline,1000000,052220,052220:2025-03-07,2025-03-10,2025-03-21,,,119,stop_intraday,-35994.563506964594,-7.232256057956543,cash_50_no_add,3.0,False,1.0,497694.8163687499,461700.2528617853
later_2025,regime_switch,10,ticker_ascending,cash_half,A_baseline,1000000,003030,003030:2025-03-21,2025-03-24,2025-03-25,,,1,stop_intraday,-18438.316132486274,-7.232256057956543,cash_50_no_add,3.0,False,1.0,254945.56587499997,236507.2497425137
later_2025,regime_switch,10,ticker_ascending,cash_half,A_baseline,1000000,052220,052220:2025-03-26,2025-03-27,2025-03-28,,,95,stop_gap,-71816.25272499991,-15.307086615066057,cash_50_no_add,3.0,False,1.0,469169.9637624999,397353.7110375
later_2025,regime_switch,10,ticker_ascending,cash_half,A_baseline,1000000,025980,025980:2025-04-29,2025-04-30,2025-05-02,,,62,stop_intraday,-31218.351361447305,-7.232256057956543,cash_50_no_add,3.0,False,1.0,431654.3981749999,400436.0468135526
later_2025,regime_switch,10,ticker_ascending,cash_half,A_baseline,1000000,099220,099220:2025-05-02,2025-05-07,2025-05-09,,,29,stop_intraday,-30086.695180742245,-7.232256057956543,cash_50_no_add,3.0,False,1.0,416007.05145999993,385920.3562792577
later_2025,regime_switch,10,ticker_ascending,cash_half,A_baseline,1000000,215200,215200:2025-05-09,2025-05-12,2025-05-26,,,7,time_open,783.1265750000603,0.20835765254132443,cash_50_no_add,3.0,False,1.0,375856.88139999995,376640.007975
later_2025,regime_switch,10,ticker_ascending,cash_half,A_baseline,1000000,000850,000850:2025-05-23,2025-05-26,2025-06-11,,,13,time_open,36927.01626250002,9.515353452995857,cash_50_no_add,3.0,False,1.0,388078.24055,425005.2568125
later_2025,regime_switch,10,ticker_ascending,cash_half,A_baseline,1000000,105560,105560:2025-06-10,2025-06-11,2025-06-25,,,3,time_open,6026.1054,1.8130119452861582,cash_50_no_add,3.0,False,1.0,332380.89885,338407.00425
later_2025,regime_switch,10,ticker_ascending,cash_half,A_baseline,1000000,003080,003080:2025-06-24,2025-06-25,2025-07-09,,,150,time_open,-10472.631749999942,-2.4583959632673014,cash_50_no_add,3.0,False,1.0,425994.50643749995,415521.8746875
later_2025,regime_switch,10,ticker_ascending,cash_half,A_baseline,1000000,114090,114090:2025-07-08,2025-07-09,2025-07-17,,,24,stop_intraday,-30098.287049430655,-7.232256057956543,cash_50_no_add,3.0,False,1.0,416167.33157999994,386069.0445305693
later_2025,regime_switch,10,ticker_ascending,cash_half,A_baseline,1000000,127120,127120:2025-08-11,2025-08-12,2025-08-27,,,23,time_open,5519.430175000045,1.4091518979029827,cash_50_no_add,3.0,False,1.0,391684.54324999993,397203.973425
later_2025,regime_switch,10,ticker_ascending,cash_half,A_baseline,1000000,114090,114090:2025-08-26,2025-08-27,2025-09-02,,,24,stop_intraday,-29576.6529584527,-7.232256057956555,cash_50_no_add,3.0,False,1.0,408954.72618,379378.0732215473
later_2025,regime_switch,10,ticker_ascending,cash_half,A_baseline,1000000,124560,124560:2025-09-02,2025-09-03,2025-09-04,,,115,stop_intraday,-28452.603941574343,-7.232256057956543,cash_50_no_add,3.0,False,1.0,393412.56329374993,364959.9593521756
later_2025,regime_switch,10,ticker_ascending,cash_half,A_baseline,1000000,114090,114090:2025-09-04,2025-09-05,2025-09-19,,,22,time_open,12769.470560000103,3.4695572893421733,cash_50_no_add,3.0,False,1.0,368043.2255499999,380812.69611
later_2025,regime_switch,10,ticker_ascending,cash_half,A_baseline,1000000,014680,014680:2025-09-18,2025-09-19,2025-10-10,,,1,time_open,12249.259749999997,5.878774922304775,cash_50_no_add,3.0,False,1.0,208364.156,220613.41575
later_2025,regime_switch,10,ticker_ascending,cash_half,A_baseline,1000000,265520,265520:2025-10-10,2025-10-13,2025-10-21,,,19,take_intraday,56986.64257348562,14.71280164876343,cash_50_no_add,3.0,False,1.0,387326.92748749995,444313.57006098557
later_2025,regime_switch,10,ticker_ascending,cash_half,A_baseline,1000000,265520,265520:2025-10-21,2025-10-22,2025-10-23,,,18,stop_intraday,-29537.53040162928,-7.232256057956543,cash_50_no_add,3.0,False,1.0,408413.780775,378876.2503733707
later_2025,regime_switch,10,ticker_ascending,cash_half,A_baseline,1000000,015860,015860:2025-10-24,2025-10-27,2025-11-10,,,61,time_open,40000.476110000105,9.93322412713107,cash_50_no_add,3.0,False,1.0,402693.7839924999,442694.26010250003
later_2025,regime_switch,10,ticker_ascending,cash_half,A_baseline,1000000,105560,105560:2025-11-10,2025-11-11,2025-11-19,,,3,stop_intraday,-28255.179927975056,-7.232256057956543,cash_50_no_add,3.0,False,1.0,390682.7925,362427.6125720249
later_2025,regime_switch,10,ticker_ascending,cash_half,A_baseline,1000000,014680,014680:2025-11-25,2025-11-26,2025-12-10,,,1,time_open,7181.005999999994,3.1167199243316013,cash_50_no_add,3.0,False,1.0,230402.6725,237583.67849999998
later_2025,regime_switch,10,ticker_ascending,cash_half,A_baseline,1000000,457190,457190:2025-12-09,2025-12-10,2025-12-11,,,6,stop_intraday,-29341.917617512518,-7.232256057956543,cash_50_no_add,3.0,False,1.0,405709.0537499999,376367.1361324874
later_2025,regime_switch,10,ticker_ascending,cash_half,A_baseline,1000000,051630,051630:2025-12-11,2025-12-12,2025-12-15,,,128,stop_intraday,-28933.304246246465,-7.232256057956555,cash_50_no_add,3.0,False,1.0,400059.17951999995,371125.8752737535
later_2025,regime_switch,10,ticker_ascending,cash_half,A_baseline,1000000,105630,105630:2025-12-15,2025-12-16,2025-12-30,,,28,stop_intraday,-27913.219801667263,-7.232256057956555,cash_50_no_add,3.0,False,1.0,385954.52895999997,358041.3091583327
later_2025,regime_switch,10,ticker_ascending,dip_3pct,A_baseline,1000000,081150,081150:2025-01-09,2025-01-10,2025-01-24,,,318,time_open,-31447.011015000055,-3.1608570086134713,dip_50_50,3.0,True,2.0,994888.7573625001,963441.7463475
later_2025,regime_switch,10,ticker_ascending,dip_3pct,A_baseline,1000000,014160,014160:2025-01-23,2025-01-24,2025-01-31,,,238,stop_gap,-76050.51637049997,-15.752174214327596,dip_50_50,3.0,False,1.0,482793.7739625,406743.257592
later_2025,regime_switch,10,ticker_ascending,dip_3pct,A_baseline,1000000,136480,136480:2025-01-31,2025-02-03,2025-02-17,,,152,time_open,722.5717099999893,0.16251551876373949,dip_50_50,3.0,False,1.0,444617.05288,445339.62458999996
later_2025,regime_switch,10,ticker_ascending,dip_3pct,A_baseline,1000000,053350,053350:2025-02-27,2025-02-28,2025-03-04,,,96,take_intraday,65297.71660612192,14.712801648763406,dip_50_50,3.0,False,1.0,443815.65228,509113.3688861219
later_2025,regime_switch,10,ticker_ascending,dip_3pct,A_baseline,1000000,003030,003030:2025-03-04,2025-03-05,2025-03-06,,,1,take_intraday,37214.8642177812,14.712801648763406,dip_50_50,3.0,False,1.0,252942.064375,290156.9285927812
later_2025,regime_switch,10,ticker_ascending,dip_3pct,A_baseline,1000000,052220,052220:2025-03-07,2025-03-10,2025-03-21,,,119,stop_intraday,-35994.563506964594,-7.232256057956543,dip_50_50,3.0,False,1.0,497694.8163687499,461700.2528617853
later_2025,regime_switch,10,ticker_ascending,dip_3pct,A_baseline,1000000,003030,003030:2025-03-21,2025-03-24,2025-03-25,,,1,stop_intraday,-18438.316132486274,-7.232256057956543,dip_50_50,3.0,False,1.0,254945.56587499997,236507.2497425137
later_2025,regime_switch,10,ticker_ascending,dip_3pct,A_baseline,1000000,052220,052220:2025-03-26,2025-03-27,2025-03-28,,,95,stop_gap,-71816.25272499991,-15.307086615066057,dip_50_50,3.0,False,1.0,469169.9637624999,397353.7110375
later_2025,regime_switch,10,ticker_ascending,dip_3pct,A_baseline,1000000,025980,025980:2025-04-29,2025-04-30,2025-05-02,,,62,stop_intraday,-31218.351361447305,-7.232256057956543,dip_50_50,3.0,False,1.0,431654.3981749999,400436.0468135526
later_2025,regime_switch,10,ticker_ascending,dip_3pct,A_baseline,1000000,099220,099220:2025-05-02,2025-05-07,2025-05-09,,,29,stop_intraday,-30086.695180742245,-7.232256057956543,dip_50_50,3.0,False,1.0,416007.05145999993,385920.3562792577
later_2025,regime_switch,10,ticker_ascending,dip_3pct,A_baseline,1000000,215200,215200:2025-05-09,2025-05-12,2025-05-26,,,15,time_open,17706.140375000075,2.2430451175675437,dip_50_50,3.0,True,2.0,789379.5909999999,807085.731375
later_2025,regime_switch,10,ticker_ascending,dip_3pct,A_baseline,1000000,000850,000850:2025-05-23,2025-05-26,2025-06-11,,,13,time_open,36927.01626250002,9.515353452995857,dip_50_50,3.0,False,1.0,388078.24055,425005.2568125
later_2025,regime_switch,10,ticker_ascending,dip_3pct,A_baseline,1000000,105560,105560:2025-06-10,2025-06-11,2025-06-25,,,7,time_open,26081.921600000118,3.415945746576421,dip_50_50,3.0,True,2.0,763534.4216499999,789616.34325
later_2025,regime_switch,10,ticker_ascending,dip_3pct,A_baseline,1000000,003080,003080:2025-06-24,2025-06-25,2025-07-09,,,317,time_open,-8423.20275124989,-0.9501001798945863,dip_50_50,3.0,True,2.0,886559.4312574998,878136.22850625
later_2025,regime_switch,10,ticker_ascending,dip_3pct,A_baseline,1000000,114090,114090:2025-07-08,2025-07-09,2025-07-17,,,51,stop_intraday,-44945.63074504014,-5.193971001845988,dip_50_50,3.0,True,2.0,865342.3503724999,820396.7196274598
later_2025,regime_switch,10,ticker_ascending,dip_3pct,A_baseline,1000000,127120,127120:2025-08-11,2025-08-12,2025-08-27,,,24,time_open,5759.405400000047,1.4091518979029827,dip_50_50,3.0,False,1.0,408714.3059999999,414473.7114
later_2025,regime_switch,10,ticker_ascending,dip_3pct,A_baseline,1000000,114090,114090:2025-08-26,2025-08-27,2025-09-02,,,50,stop_intraday,-43907.073736776365,-5.26288246835096,dip_50_50,3.0,True,2.0,834278.0596149999,790370.9858782236
later_2025,regime_switch,10,ticker_ascending,dip_3pct,A_baseline,1000000,124560,124560:2025-09-02,2025-09-03,2025-09-04,,,241,stop_intraday,-30200.333022397244,-3.7986432381673207,dip_50_50,3.0,True,2.0,795029.46523,764829.1322076027
later_2025,regime_switch,10,ticker_ascending,dip_3pct,A_baseline,1000000,114090,114090:2025-09-04,2025-09-05,2025-09-19,,,46,time_open,37759.13036000007,4.978226411422493,dip_50_50,3.0,True,2.0,758485.5978699999,796244.72823
later_2025,regime_switch,10,ticker_ascending,dip_3pct,A_baseline,1000000,014680,014680:2025-09-18,2025-09-19,2025-10-10,,,1,time_open,12249.259749999997,5.878774922304775,dip_50_50,3.0,False,1.0,208364.156,220613.41575
later_2025,regime_switch,10,ticker_ascending,dip_3pct,A_baseline,1000000,265520,265520:2025-10-10,2025-10-13,2025-10-21,,,20,take_intraday,59985.93955103739,14.712801648763406,dip_50_50,3.0,False,1.0,407712.55525000003,467698.4948010374
later_2025,regime_switch,10,ticker_ascending,dip_3pct,A_baseline,1000000,265520,265520:2025-10-21,2025-10-22,2025-10-23,,,39,stop_intraday,-46968.21978686354,-5.411915956363966,dip_50_50,3.0,True,2.0,867866.7622625,820898.5424756365
later_2025,regime_switch,10,ticker_ascending,dip_3pct,A_baseline,1000000,015860,015860:2025-10-24,2025-10-27,2025-11-10,,,128,time_open,103770.09013000003,12.57572138070897,dip_50_50,3.0,True,2.0,825162.1277899999,928932.21792
later_2025,regime_switch,10,ticker_ascending,dip_3pct,A_baseline,1000000,105560,105560:2025-11-10,2025-11-11,2025-11-19,,,7,stop_intraday,-43890.23666527518,-4.933956095428449,dip_50_50,3.0,True,2.0,889554.666,845664.4293347248
later_2025,regime_switch,10,ticker_ascending,dip_3pct,A_baseline,1000000,014680,014680:2025-11-25,2025-11-26,2025-12-10,,,1,time_open,7181.005999999994,3.1167199243316013,dip_50_50,3.0,False,1.0,230402.6725,237583.67849999998
later_2025,regime_switch,10,ticker_ascending,dip_3pct,A_baseline,1000000,457190,457190:2025-12-09,2025-12-10,2025-12-11,,,6,stop_intraday,-29341.917617512518,-7.232256057956543,dip_50_50,3.0,False,1.0,405709.0537499999,376367.1361324874
later_2025,regime_switch,10,ticker_ascending,dip_3pct,A_baseline,1000000,051630,051630:2025-12-11,2025-12-12,2025-12-15,,,283,stop_intraday,-46539.2643069356,-5.367383900519107,dip_50_50,3.0,True,2.0,867075.3791699999,820536.1148630643
later_2025,regime_switch,10,ticker_ascending,dip_3pct,A_baseline,1000000,105630,105630:2025-12-15,2025-12-16,2025-12-30,,,60,stop_intraday,-44907.991272144136,-5.529591722726623,dip_50_50,3.0,True,2.0,812139.3680399999,767231.3767678557
later_2025,regime_switch,10,factor_rank,all_in,A_baseline,1000000,081150,081150:2025-01-09,2025-01-10,2025-01-24,3203.2,3031.965,311,time_open,-54708.43723625003,-5.487622973766182,,,,,,
later_2025,regime_switch,10,factor_rank,all_in,A_baseline,1000000,014160,014160:2025-01-23,2025-01-24,2025-01-31,2027.0249999999999,1710.288,465,stop_gap,-148586.09290874982,-15.752174214327585,,,,,,
later_2025,regime_switch,10,factor_rank,all_in,A_baseline,1000000,204320,204320:2025-01-31,2025-02-03,2025-02-17,43042.99999999999,45754.2,18,time_open,47602.83779999998,6.139488731962972,,,,,,
later_2025,regime_switch,10,factor_rank,all_in,A_baseline,1000000,168360,168360:2025-02-27,2025-02-28,2025-03-04,12452.439999999999,11569.188430799999,67,stop_intraday,-60384.941965047736,-7.232256057956543,,,,,,
later_2025,regime_switch,10,factor_rank,all_in,A_baseline,1000000,003030,003030:2025-03-04,2025-03-05,2025-03-06,252752.49999999997,290374.70962499996,3,take_intraday,111644.5926533438,14.71280164876343,,,,,,
later_2025,regime_switch,10,factor_rank,all_in,A_baseline,1000000,052220,052220:2025-03-07,2025-03-10,2025-03-21,4179.174999999999,3882.746117249999,214,stop_intraday,-64729.71924781881,-7.232256057956555,,,,,,
later_2025,regime_switch,10,factor_rank,all_in,A_baseline,1000000,003570,003570:2025-03-21,2025-03-24,2025-03-25,34334.299999999996,31898.968100999995,24,stop_intraday,-59640.16440181807,-7.232256057956543,,,,,,
later_2025,regime_switch,10,factor_rank,all_in,A_baseline,1000000,052220,052220:2025-03-26,2025-03-27,2025-03-28,4934.929999999999,4185.81,156,stop_gap,-117929.8465799999,-15.307086615066067,,,,,,
later_2025,regime_switch,10,factor_rank,all_in,A_baseline,1000000,026890,026890:2025-04-29,2025-04-30,2025-05-19,9949.939999999999,10489.5,65,time_open,34074.977300000144,5.264730660120764,,,,,,
later_2025,regime_switch,10,factor_rank,all_in,A_baseline,1000000,036620,036620:2025-05-16,2025-05-19,2025-05-23,4254.249999999999,4887.495112499999,161,take_intraday,100848.59739016544,14.712801648763406,,,,,,
later_2025,regime_switch,10,factor_rank,all_in,A_baseline,1000000,036460,036460:2025-05-23,2025-05-26,2025-06-11,39689.649999999994,38011.95,19,time_open,-32983.54779999994,-4.370598364069211,,,,,,
later_2025,regime_switch,10,factor_rank,all_in,A_baseline,1000000,105560,105560:2025-06-10,2025-06-11,2025-06-25,110710.59999999999,112887.0,6,time_open,12052.2108,1.8130119452861582,,,,,,
later_2025,regime_switch,10,factor_rank,all_in,A_baseline,1000000,006220,006220:2025-06-24,2025-06-25,2025-06-27,13513.499999999998,15524.984474999996,56,take_intraday,111423.51425204985,14.712801648763406,,,,,,
later_2025,regime_switch,10,factor_rank,all_in,A_baseline,1000000,015860,015860:2025-06-30,2025-07-01,2025-07-15,5625.619999999999,6263.73,156,time_open,98154.10604999994,11.176038310713988,,,,,,
later_2025,regime_switch,10,factor_rank,all_in,A_baseline,1000000,009070,009070:2025-07-14,2025-07-15,2025-07-22,7117.109999999999,6612.293387699998,137,stop_intraday,-70570.57208318624,-7.232256057956543,,,,,,
later_2025,regime_switch,10,factor_rank,all_in,A_baseline,1000000,127120,127120:2025-08-11,2025-08-12,2025-08-27,17016.999999999996,17282.7,53,time_open,12718.686925000278,1.4091518979030049,,,,,,
later_2025,regime_switch,10,factor_rank,all_in,A_baseline,1000000,114090,114090:2025-08-26,2025-08-27,2025-09-02,17027.01,15819.284180699997,53,stop_intraday,-65315.10861658293,-7.232256057956543,,,,,,
later_2025,regime_switch,10,factor_rank,all_in,A_baseline,1000000,124560,124560:2025-09-02,2025-09-03,2025-09-04,3418.4149999999995,3175.946824049999,249,stop_intraday,-61606.072882191394,-7.232256057956543,,,,,,
later_2025,regime_switch,10,factor_rank,all_in,A_baseline,1000000,114090,114090:2025-09-04,2025-09-05,2025-09-19,16716.699999999997,17322.66,47,time_open,27280.232560000033,3.469557289342151,,,,,,
later_2025,regime_switch,10,factor_rank,all_in,A_baseline,1000000,170920,170920:2025-09-18,2025-09-19,2025-10-10,19419.399999999998,20879.1,42,time_open,60037.9972499999,7.355555894538246,,,,,,
later_2025,regime_switch,10,factor_rank,all_in,A_baseline,1000000,265520,265520:2025-10-10,2025-10-13,2025-10-21,20370.35,23402.476597499997,43,take_intraday,128969.77003473055,14.71280164876343,,,,,,
later_2025,regime_switch,10,factor_rank,all_in,A_baseline,1000000,265520,265520:2025-10-21,2025-10-22,2025-10-23,22672.649999999998,21064.478935499996,44,stop_intraday,-72202.85209287156,-7.232256057956543,,,,,,
later_2025,regime_switch,10,factor_rank,all_in,A_baseline,1000000,015860,015860:2025-10-24,2025-10-27,2025-11-10,6596.589999999999,7262.73,141,time_open,92460.11690999998,9.933224127131046,,,,,,
later_2025,regime_switch,10,factor_rank,all_in,A_baseline,1000000,309960,309960:2025-11-10,2025-11-11,2025-11-12,5685.679999999999,5282.394717599998,180,stop_intraday,-74072.0409188763,-7.232256057956565,,,,,,
later_2025,regime_switch,10,factor_rank,all_in,A_baseline,1000000,220100,220100:2025-11-12,2025-11-13,2025-11-14,19782.763,22727.427272549994,48,take_intraday,139813.51823258784,14.712801648763385,,,,,,
later_2025,regime_switch,10,factor_rank,all_in,A_baseline,1000000,220100,220100:2025-11-14,2025-11-17,2025-12-01,24143.119,26995.977,45,time_open,126652.66550999973,11.648844468742148,,,,,,
later_2025,regime_switch,10,factor_rank,all_in,A_baseline,1000000,003080,003080:2025-12-01,2025-12-02,2025-12-16,2897.8949999999995,2832.165,421,time_open,-29481.5964449998,-2.414685960058005,,,,,,
later_2025,regime_switch,10,factor_rank,all_in,A_baseline,1000000,105630,105630:2025-12-15,2025-12-16,2025-12-30,13773.759999999998,12796.787203199998,86,stop_intraday,-85733.46081940643,-7.232256057956532,,,,,,
later_2025,regime_switch,10,factor_rank,cash_half,A_baseline,1000000,081150,081150:2025-01-09,2025-01-10,2025-01-24,,,155,time_open,-27266.262931250036,-5.487622973766182,cash_50_no_add,3.0,False,1.0,496868.37200000003,469602.10906875
later_2025,regime_switch,10,factor_rank,cash_half,A_baseline,1000000,014160,014160:2025-01-23,2025-01-24,2025-01-31,,,239,stop_gap,-76370.05635525001,-15.752174214327596,cash_50_no_add,3.0,False,1.0,484822.31923125,408452.26287599996
later_2025,regime_switch,10,factor_rank,cash_half,A_baseline,1000000,204320,204320:2025-01-31,2025-02-03,2025-02-17,,,10,time_open,26446.021000000008,6.139488731962994,cash_50_no_add,3.0,False,1.0,430752.82249999995,457198.84349999996
later_2025,regime_switch,10,factor_rank,cash_half,A_baseline,1000000,168360,168360:2025-02-27,2025-02-28,2025-03-04,,,37,stop_intraday,-33346.90824935475,-7.232256057956543,cash_50_no_add,3.0,False,1.0,461085.83521,427738.92696064524
later_2025,regime_switch,10,factor_rank,cash_half,A_baseline,1000000,003030,003030:2025-03-04,2025-03-05,2025-03-06,,,1,take_intraday,37214.8642177812,14.712801648763406,cash_50_no_add,3.0,False,1.0,252942.064375,290156.9285927812
later_2025,regime_switch,10,factor_rank,cash_half,A_baseline,1000000,052220,052220:2025-03-07,2025-03-10,2025-03-21,,,110,stop_intraday,-33272.285594673245,-7.232256057956555,cash_50_no_add,3.0,False,1.0,460054.03193749994,426781.7463428267
later_2025,regime_switch,10,factor_rank,cash_half,A_baseline,1000000,003570,003570:2025-03-21,2025-03-24,2025-03-25,,,13,stop_intraday,-32305.089050984825,-7.232256057956555,cash_50_no_add,3.0,False,1.0,446680.65942499996,414375.57037401514
later_2025,regime_switch,10,factor_rank,cash_half,A_baseline,1000000,052220,052220:2025-03-26,2025-03-27,2025-03-28,,,87,stop_gap,-65768.56828500004,-15.30708661506609,cash_50_no_add,3.0,False,1.0,429660.9141825,363892.34589749994
later_2025,regime_switch,10,factor_rank,cash_half,A_baseline,1000000,026890,026890:2025-04-29,2025-04-30,2025-05-19,,,39,time_open,20444.986380000017,5.264730660120742,cash_50_no_add,3.0,False,1.0,388338.695745,408783.682125
later_2025,regime_switch,10,factor_rank,cash_half,A_baseline,1000000,036620,036620:2025-05-16,2025-05-19,2025-05-23,,,95,take_intraday,59506.9363482343,14.712801648763406,cash_50_no_add,3.0,False,1.0,404456.8653124999,463963.8016607342
later_2025,regime_switch,10,factor_rank,cash_half,A_baseline,1000000,036460,036460:2025-05-23,2025-05-26,2025-06-11,,,11,time_open,-19095.738199999905,-4.370598364069189,cash_50_no_add,3.0,False,1.0,436913.5896124999,417817.8514125
later_2025,regime_switch,10,factor_rank,cash_half,A_baseline,1000000,105560,105560:2025-06-10,2025-06-11,2025-06-25,,,3,time_open,6026.1054,1.8130119452861582,cash_50_no_add,3.0,False,1.0,332380.89885,338407.00425
later_2025,regime_switch,10,factor_rank,cash_half,A_baseline,1000000,006220,006220:2025-06-24,2025-06-25,2025-06-27,,,31,take_intraday,61680.873960956174,14.712801648763406,cash_50_no_add,3.0,False,1.0,419232.68887499993,480913.5628359561
later_2025,regime_switch,10,factor_rank,cash_half,A_baseline,1000000,015860,015860:2025-06-30,2025-07-01,2025-07-15,,,82,time_open,51593.824975000054,11.17603831071401,cash_50_no_add,3.0,False,1.0,461646.8156299999,513240.64060499996
later_2025,regime_switch,10,factor_rank,cash_half,A_baseline,1000000,009070,009070:2025-07-14,2025-07-15,2025-07-22,,,68,stop_intraday,-35027.72920917277,-7.232256057956555,cash_50_no_add,3.0,False,1.0,484326.4526099999,449298.72340082715
later_2025,regime_switch,10,factor_rank,cash_half,A_baseline,1000000,127120,127120:2025-08-11,2025-08-12,2025-08-27,,,27,time_open,6479.331075000111,1.4091518979030049,cash_50_no_add,3.0,False,1.0,459803.5942499999,466282.925325
later_2025,regime_switch,10,factor_rank,cash_half,A_baseline,1000000,114090,114090:2025-08-26,2025-08-27,2025-09-02,,,27,stop_intraday,-33273.73457825923,-7.232256057956543,cash_50_no_add,3.0,False,1.0,460074.06695249997,426800.33237424074
later_2025,regime_switch,10,factor_rank,cash_half,A_baseline,1000000,124560,124560:2025-09-02,2025-09-03,2025-09-04,,,133,stop_intraday,-32906.05499329901,-7.232256057956543,cash_50_no_add,3.0,False,1.0,454990.18189624994,422084.1269029509
later_2025,regime_switch,10,factor_rank,cash_half,A_baseline,1000000,114090,114090:2025-09-04,2025-09-05,2025-09-19,,,26,time_open,15091.192479999969,3.469557289342151,cash_50_no_add,3.0,False,1.0,434960.17565,450051.36812999996
later_2025,regime_switch,10,factor_rank,cash_half,A_baseline,1000000,170920,170920:2025-09-18,2025-09-19,2025-10-10,,,23,time_open,32877.95087500004,7.355555894538268,cash_50_no_add,3.0,False,1.0,446981.18464999995,479859.135525
later_2025,regime_switch,10,factor_rank,cash_half,A_baseline,1000000,265520,265520:2025-10-10,2025-10-13,2025-10-21,,,22,take_intraday,65984.53350614122,14.71280164876343,cash_50_no_add,3.0,False,1.0,448483.81077499996,514468.3442811412
later_2025,regime_switch,10,factor_rank,cash_half,A_baseline,1000000,265520,265520:2025-10-21,2025-10-22,2025-10-23,,,21,stop_intraday,-34460.45213523414,-7.232256057956532,cash_50_no_add,3.0,False,1.0,476482.74423749995,442022.2921022658
later_2025,regime_switch,10,factor_rank,cash_half,A_baseline,1000000,015860,015860:2025-10-24,2025-10-27,2025-11-10,,,72,time_open,47213.67672000005,9.93322412713107,cash_50_no_add,3.0,False,1.0,475310.6958599999,522524.37257999997
later_2025,regime_switch,10,factor_rank,cash_half,A_baseline,1000000,309960,309960:2025-11-10,2025-11-11,2025-11-12,,,88,stop_intraday,-36212.997782561695,-7.232256057956555,cash_50_no_add,3.0,False,1.0,500715.09488,464502.0970974383
later_2025,regime_switch,10,factor_rank,cash_half,A_baseline,1000000,220100,220100:2025-11-12,2025-11-13,2025-11-14,,,24,take_intraday,69906.75911629404,14.712801648763406,cash_50_no_add,3.0,False,1.0,475142.401734,545049.160850294
later_2025,regime_switch,10,factor_rank,cash_half,A_baseline,1000000,220100,220100:2025-11-14,2025-11-17,2025-12-01,,,21,time_open,59104.577238,11.648844468742169,cash_50_no_add,3.0,False,1.0,507385.75312425,566490.33036225
later_2025,regime_switch,10,factor_rank,cash_half,A_baseline,1000000,003080,003080:2025-12-01,2025-12-02,2025-12-16,,,189,time_open,-13235.206004999927,-2.414685960058005,cash_50_no_add,3.0,False,1.0,548112.93161625,534877.72561125
later_2025,regime_switch,10,factor_rank,cash_half,A_baseline,1000000,105630,105630:2025-12-15,2025-12-16,2025-12-30,,,39,stop_intraday,-38879.12758089363,-7.232256057956543,cash_50_no_add,3.0,False,1.0,537579.5224799999,498700.3948991063
later_2025,regime_switch,10,factor_rank,dip_3pct,A_baseline,1000000,081150,081150:2025-01-09,2025-01-10,2025-01-24,,,318,time_open,-31447.011015000055,-3.1608570086134713,dip_50_50,3.0,True,2.0,994888.7573625001,963441.7463475
later_2025,regime_switch,10,factor_rank,dip_3pct,A_baseline,1000000,014160,014160:2025-01-23,2025-01-24,2025-01-31,,,238,stop_gap,-76050.51637049997,-15.752174214327596,dip_50_50,3.0,False,1.0,482793.7739625,406743.257592
later_2025,regime_switch,10,factor_rank,dip_3pct,A_baseline,1000000,204320,204320:2025-01-31,2025-02-03,2025-02-17,,,21,time_open,67657.82817500003,7.58105098772317,dip_50_50,3.0,True,2.0,892459.743175,960117.57135
later_2025,regime_switch,10,factor_rank,dip_3pct,A_baseline,1000000,168360,168360:2025-02-27,2025-02-28,2025-03-04,,,79,stop_intraday,-38753.448658825015,-4.070595624354068,dip_50_50,3.0,True,2.0,952033.8602774999,913280.4116186749
later_2025,regime_switch,10,factor_rank,dip_3pct,A_baseline,1000000,003030,003030:2025-03-04,2025-03-05,2025-03-06,,,1,take_intraday,37214.8642177812,14.712801648763406,dip_50_50,3.0,False,1.0,252942.064375,290156.9285927812
later_2025,regime_switch,10,factor_rank,dip_3pct,A_baseline,1000000,052220,052220:2025-03-07,2025-03-10,2025-03-21,,,114,stop_intraday,-34482.18688902492,-7.232256057956543,dip_50_50,3.0,False,1.0,476783.2694624999,442301.08257347497
later_2025,regime_switch,10,factor_rank,dip_3pct,A_baseline,1000000,003570,003570:2025-03-21,2025-03-24,2025-03-25,,,13,stop_intraday,-32305.089050984825,-7.232256057956555,dip_50_50,3.0,False,1.0,446680.65942499996,414375.57037401514
later_2025,regime_switch,10,factor_rank,dip_3pct,A_baseline,1000000,052220,052220:2025-03-26,2025-03-27,2025-03-28,,,90,stop_gap,-68036.44994999998,-15.307086615066067,dip_50_50,3.0,False,1.0,444476.807775,376440.357825
later_2025,regime_switch,10,factor_rank,dip_3pct,A_baseline,1000000,026890,026890:2025-04-29,2025-04-30,2025-05-19,,,85,time_open,68361.18352000008,8.310605907319113,dip_50_50,3.0,True,2.0,822577.6108549999,890938.7943749999
later_2025,regime_switch,10,factor_rank,dip_3pct,A_baseline,1000000,036620,036620:2025-05-16,2025-05-19,2025-05-23,,,104,take_intraday,65144.43558122497,14.71280164876343,dip_50_50,3.0,False,1.0,442773.8314999999,507918.2670812249
later_2025,regime_switch,10,factor_rank,dip_3pct,A_baseline,1000000,036460,036460:2025-05-23,2025-05-26,2025-06-11,,,12,time_open,-20831.71439999994,-4.370598364069201,dip_50_50,3.0,False,1.0,476633.00684999995,455801.29245
later_2025,regime_switch,10,factor_rank,dip_3pct,A_baseline,1000000,105560,105560:2025-06-10,2025-06-11,2025-06-25,,,8,time_open,28090.62340000004,3.212824208511922,dip_50_50,3.0,True,2.0,874328.0545999999,902418.678
later_2025,regime_switch,10,factor_rank,dip_3pct,A_baseline,1000000,006220,006220:2025-06-24,2025-06-25,2025-06-27,,,35,take_intraday,69639.69640753121,14.71280164876343,dip_50_50,3.0,False,1.0,473327.22937499994,542966.9257825312
later_2025,regime_switch,10,factor_rank,dip_3pct,A_baseline,1000000,015860,015860:2025-06-30,2025-07-01,2025-07-15,,,91,time_open,57256.56186250009,11.17603831071401,dip_50_50,3.0,False,1.0,512315.36856499995,569571.9304275
later_2025,regime_switch,10,factor_rank,dip_3pct,A_baseline,1000000,009070,009070:2025-07-14,2025-07-15,2025-07-22,,,76,stop_intraday,-39148.63852789893,-7.232256057956543,dip_50_50,3.0,False,1.0,541306.0352699999,502157.39674210094
later_2025,regime_switch,10,factor_rank,dip_3pct,A_baseline,1000000,127120,127120:2025-08-11,2025-08-12,2025-08-27,,,30,time_open,7199.256750000117,1.4091518979030049,dip_50_50,3.0,False,1.0,510892.8824999999,518092.13925
later_2025,regime_switch,10,factor_rank,dip_3pct,A_baseline,1000000,114090,114090:2025-08-26,2025-08-27,2025-09-02,,,61,stop_intraday,-54738.27763606713,-5.371812318298375,dip_50_50,3.0,True,2.0,1018990.8804074998,964252.6027714327
later_2025,regime_switch,10,factor_rank,dip_3pct,A_baseline,1000000,124560,124560:2025-09-02,2025-09-03,2025-09-04,,,302,stop_intraday,-37994.829595047515,-3.813166819399727,dip_50_50,3.0,True,2.0,996411.4185024999,958416.5889074524
later_2025,regime_switch,10,factor_rank,dip_3pct,A_baseline,1000000,114090,114090:2025-09-04,2025-09-05,2025-09-19,,,58,time_open,47489.12818999996,4.965032667005453,dip_50_50,3.0,True,2.0,956471.6161,1003960.74429
later_2025,regime_switch,10,factor_rank,dip_3pct,A_baseline,1000000,170920,170920:2025-09-18,2025-09-19,2025-10-10,,,26,time_open,37166.37924999994,7.355555894538246,dip_50_50,3.0,False,1.0,505283.0783,542449.4575499999
later_2025,regime_switch,10,factor_rank,dip_3pct,A_baseline,1000000,265520,265520:2025-10-10,2025-10-13,2025-10-21,,,25,take_intraday,74982.42443879676,14.712801648763406,dip_50_50,3.0,False,1.0,509640.69406249997,584623.1185012967
later_2025,regime_switch,10,factor_rank,dip_3pct,A_baseline,1000000,265520,265520:2025-10-21,2025-10-22,2025-10-23,,,46,stop_intraday,-56752.060890275054,-5.536833059797641,dip_50_50,3.0,True,2.0,1024991.3674000001,968239.306509725
later_2025,regime_switch,10,factor_rank,dip_3pct,A_baseline,1000000,015860,015860:2025-10-24,2025-10-27,2025-11-10,,,160,time_open,128660.77437500004,12.46103766338118,dip_50_50,3.0,True,2.0,1032504.4980249999,1161165.2724
later_2025,regime_switch,10,factor_rank,dip_3pct,A_baseline,1000000,309960,309960:2025-11-10,2025-11-11,2025-11-12,,,198,stop_intraday,-47940.629900763626,-4.38586866547549,dip_50_50,3.0,True,2.0,1093070.3483699998,1045129.7184692362
later_2025,regime_switch,10,factor_rank,dip_3pct,A_baseline,1000000,220100,220100:2025-11-12,2025-11-13,2025-11-14,,,29,take_intraday,84470.66726552194,14.712801648763406,dip_50_50,3.0,False,1.0,574130.40209525,658601.0693607719
later_2025,regime_switch,10,factor_rank,dip_3pct,A_baseline,1000000,220100,220100:2025-11-14,2025-11-17,2025-12-01,,,25,time_open,70362.59195000003,11.648844468742169,dip_50_50,3.0,False,1.0,604030.65848125,674393.2504312501
later_2025,regime_switch,10,factor_rank,dip_3pct,A_baseline,1000000,003080,003080:2025-12-01,2025-12-02,2025-12-16,,,225,time_open,-15756.197624999913,-2.414685960058005,dip_50_50,3.0,False,1.0,652515.3947812499,636759.19715625
later_2025,regime_switch,10,factor_rank,dip_3pct,A_baseline,1000000,105630,105630:2025-12-15,2025-12-16,2025-12-30,,,83,stop_intraday,-64951.66537779942,-5.766876866613613,dip_50_50,3.0,True,2.0,1126288.40324,1061336.7378622005
