year,scenario,ticker,name,setup,signal_date,entry_date,target_exit_date,exit_date,shares,entry_price,exit_price,exit_basis,exit_delayed,pnl_krw,hold,cost_bps
2023,open,114090,GKL,pullback,2023-01-02,2023-01-03,2023-01-04,2023-01-04,15,18750.0,18900.0,open,False,1402.875,1,15.0
2023,open,265520,AP시스템,pullback,2023-01-04,2023-01-05,2023-01-06,2023-01-06,15,19000.0,18700.0,open,False,-5348.25,1,15.0
2023,open,073640,테라사이언스,breakout,2023-01-06,2023-01-09,2023-01-10,2023-01-10,134,2200.0,2145.0,open,False,-8243.344999999972,1,15.0
2023,open,073640,테라사이언스,breakout,2023-01-10,2023-01-11,2023-01-12,2023-01-12,123,2330.0,2185.0,open,False,-18668.017500000016,1,15.0
2023,open,036620,감성코퍼레이션,pullback,2023-01-13,2023-01-16,2023-01-17,2023-01-17,130,2060.0,2090.0,open,False,3090.75,1,15.0
2023,open,004100,태양금속,breakout,2023-01-17,2023-01-18,2023-01-19,2023-01-19,158,1710.0,1605.0,open,False,-17375.655,1,15.0
2023,open,004870,티웨이홀딩스,breakout,2023-01-19,2023-01-20,2023-01-25,2023-01-25,76,3306.0,3401.0,open,False,6455.402000000002,1,15.0
2023,open,003830,대한화섬,breakout,2023-01-25,2023-01-26,2023-01-27,2023-01-27,2,130100.0,135000.0,open,False,9004.699999999983,1,15.0
2023,open,003830,대한화섬,breakout,2023-01-27,2023-01-30,2023-01-31,2023-01-31,1,138500.0,130000.0,open,False,-8902.75,1,15.0
2023,open,123700,SJM,pullback,2023-01-31,2023-02-01,2023-02-02,2023-02-02,58,4485.0,4510.0,open,False,667.4349999999977,1,15.0
2023,open,008260,NI스틸,breakout,2023-02-02,2023-02-03,2023-02-06,2023-02-06,46,5610.0,5370.0,open,False,-11797.620000000024,1,15.0
2023,open,006220,제주은행,breakout,2023-02-06,2023-02-07,2023-02-08,2023-02-08,13,18850.0,18630.0,open,False,-3590.859999999986,1,15.0
2023,open,279600,미디어젠,breakout,2023-02-08,2023-02-09,2023-02-10,2023-02-10,12,19127.0,19127.0,open,False,-688.5720000000147,1,15.0
2023,open,064850,에프앤가이드,pullback,2023-02-10,2023-02-13,2023-02-14,2023-02-14,33,7280.0,7790.0,open,False,16084.035000000003,1,15.0
2023,open,036620,감성코퍼레이션,pullback,2023-02-14,2023-02-15,2023-02-16,2023-02-16,120,2175.0,2050.0,open,False,-15760.50000000003,1,15.0
2023,open,105630,한세실업,breakout,2023-02-16,2023-02-17,2023-02-20,2023-02-20,13,18410.0,18130.0,open,False,-4352.529999999999,1,15.0
2023,open,011780,금호석유화학,breakout,2023-02-20,2023-02-21,2023-02-22,2023-02-22,1,155000.0,159800.0,open,False,4327.8000000000175,1,15.0
2023,open,028670,팬오션,pullback,2023-02-22,2023-02-23,2023-02-24,2023-02-24,38,6470.0,6680.0,open,False,7230.450000000012,1,15.0
2023,open,123700,SJM,pullback,2023-02-24,2023-02-27,2023-02-28,2023-02-28,56,4500.0,4415.0,open,False,-5508.859999999986,1,15.0
2023,open,126640,화신정공,pullback,2023-02-28,2023-03-02,2023-03-03,2023-03-03,147,1682.0,1685.0,open,False,-301.4235000000044,1,15.0
2023,open,056080,유진로봇,breakout,2023-03-03,2023-03-06,2023-03-07,2023-03-07,34,7160.0,7730.0,open,False,18620.610000000015,1,15.0
2023,open,314130,지놈앤컴퍼니,breakout,2023-03-07,2023-03-08,2023-03-09,2023-03-09,24,10875.0,11325.0,open,False,10000.79999999996,1,15.0
2023,open,115500,케이씨에스,breakout,2023-03-09,2023-03-10,2023-03-13,2023-03-13,28,9790.0,11860.0,open,False,57050.70000000001,1,15.0
2023,open,001460,BYC,pullback,2023-03-13,2023-03-14,2023-03-15,2023-03-15,6,48500.0,48300.0,open,False,-2071.2000000000116,1,15.0
2023,open,001460,BYC,pullback,2023-03-15,2023-03-16,2023-03-17,2023-03-17,6,50800.0,51500.0,open,False,3279.2999999999884,1,15.0
2023,open,006040,동원산업,pullback,2023-03-17,2023-03-20,2023-03-21,2023-03-21,7,45329.0,45738.0,open,False,1906.7964999999967,1,15.0
2023,open,088980,맥쿼리인프라,pullback,2023-03-21,2023-03-22,2023-03-23,2023-03-23,26,12587.0,12518.0,open,False,-2773.0950000000303,1,15.0
2023,open,030210,다올투자증권,breakout,2023-03-23,2023-03-24,2023-03-27,2023-03-27,62,5290.0,5360.0,open,False,3349.5499999999884,1,15.0
2023,open,006220,제주은행,pullback,2023-03-27,2023-03-28,2023-03-29,2023-03-29,15,22250.0,21450.0,open,False,-12983.25,1,15.0
2023,open,101360,에코앤드림,breakout,2023-03-29,2023-03-30,2023-03-31,2023-03-31,8,40366.0,38384.0,open,False,-16801.0,1,15.0
2023,open,004360,세방,pullback,2023-03-31,2023-04-03,2023-04-04,2023-04-04,6,46000.0,45900.0,open,False,-1427.0999999999767,1,15.0
2023,open,030210,다올투자증권,breakout,2023-04-04,2023-04-05,2023-04-06,2023-04-06,53,5730.0,5850.0,open,False,5439.389999999956,1,15.0
2023,open,008260,NI스틸,breakout,2023-04-06,2023-04-07,2023-04-10,2023-04-10,47,6570.0,6410.0,open,False,-8435.089999999967,1,15.0
2023,open,099220,SDN,pullback,2023-04-10,2023-04-11,2023-04-12,2023-04-12,13,22300.0,21800.0,open,False,-7359.950000000012,1,15.0
2023,open,085310,엔케이,breakout,2023-04-12,2023-04-13,2023-04-14,2023-04-14,29,9950.0,9780.0,open,False,-5788.255000000005,1,15.0
2023,open,073640,테라사이언스,breakout,2023-04-14,2023-04-17,2023-04-18,2023-04-18,71,4060.0,4195.0,open,False,8705.842500000028,1,15.0
2023,open,101360,에코앤드림,pullback,2023-04-18,2023-04-19,2023-04-20,2023-04-20,7,38225.0,38026.0,open,False,-2193.635499999975,1,15.0
2023,open,319400,현대무벡스,breakout,2023-04-20,2023-04-21,2023-04-24,2023-04-24,58,5060.0,4180.0,open,False,-51843.880000000005,1,15.0
2023,open,119650,KC코트렐,breakout,2023-04-24,2023-04-25,2023-04-26,2023-04-26,31,7648.0,6398.0,open,False,-39403.138999999996,1,15.0
2023,open,011230,삼화전자,breakout,2023-04-26,2023-04-27,2023-04-28,2023-04-28,39,5239.0,7328.0,open,False,80735.83050000001,1,15.0
2023,open,011230,삼화전자,breakout,2023-04-28,2023-05-02,2023-05-03,2023-05-04,35,8015.0,12110.0,open,True,142268.4375,1,15.0
2023,open,017900,광전자,breakout,2023-05-04,2023-05-08,2023-05-09,2023-05-09,151,2830.0,2575.0,open,False,-39729.232499999984,1,15.0
2023,open,067570,엔브이에이치코리아,pullback,2023-05-09,2023-05-10,2023-05-11,2023-05-11,98,3954.0,4080.0,open,False,11167.002000000037,1,15.0
2023,open,036620,감성코퍼레이션,breakout,2023-05-11,2023-05-12,2023-05-15,2023-05-15,126,3160.0,3045.0,open,False,-15662.745000000054,1,15.0
2023,open,002700,신일전자,breakout,2023-05-15,2023-05-16,2023-05-17,2023-05-17,171,2235.0,2090.0,open,False,-25904.36249999999,1,15.0
2023,open,015360,INVENI,pullback,2023-05-17,2023-05-18,2023-05-19,2023-05-19,54,6610.0,6600.0,open,False,-1610.0100000000093,1,15.0
2023,open,073640,테라사이언스,pullback,2023-05-19,2023-05-22,2023-05-23,2023-05-23,85,4170.0,4020.0,open,False,-13794.225000000035,1,15.0
2023,open,001740,SK네트웍스,pullback,2023-05-23,2023-05-24,2023-05-25,2023-05-25,71,4800.0,4765.0,open,False,-3503.672499999986,1,15.0
2023,open,036620,감성코퍼레이션,breakout,2023-05-25,2023-05-26,2023-05-30,2023-05-30,95,3530.0,3470.0,open,False,-6697.5,1,15.0
2023,open,017900,광전자,breakout,2023-05-30,2023-05-31,2023-06-01,2023-06-01,105,3135.0,2965.0,open,False,-18810.75,1,15.0
2023,open,064850,에프앤가이드,breakout,2023-06-02,2023-06-05,2023-06-07,2023-06-07,35,8920.0,8860.0,open,False,-3033.4500000000116,1,15.0
2023,open,126640,화신정공,breakout,2023-06-07,2023-06-08,2023-06-09,2023-06-09,148,2090.0,2080.0,open,False,-2405.740000000049,1,15.0
2023,open,171120,라이온켐텍,breakout,2023-06-09,2023-06-12,2023-06-13,2023-06-13,49,6200.0,6090.0,open,False,-6293.315000000002,1,15.0
2023,open,000850,화천기공,breakout,2023-06-13,2023-06-14,2023-06-15,2023-06-15,7,40300.0,38150.0,open,False,-15873.725000000035,1,15.0
2023,open,204320,HL만도,breakout,2023-06-15,2023-06-16,2023-06-19,2023-06-19,5,49400.0,49900.0,open,False,1755.25,1,15.0
2023,open,008260,NI스틸,breakout,2023-06-19,2023-06-20,2023-06-21,2023-06-21,38,7430.0,7360.0,open,False,-3503.0299999999697,1,15.0
2023,open,204320,HL만도,breakout,2023-06-21,2023-06-22,2023-06-23,2023-06-23,5,51600.0,50900.0,open,False,-4268.750000000029,1,15.0
2023,open,168360,펨트론,breakout,2023-06-23,2023-06-26,2023-06-27,2023-06-27,36,7650.0,7255.0,open,False,-15024.870000000024,1,15.0
2023,open,105630,한세실업,breakout,2023-06-27,2023-06-28,2023-06-29,2023-06-29,13,19790.0,20750.0,open,False,11689.469999999972,1,15.0
2023,open,003030,세아제강지주,breakout,2023-06-29,2023-06-30,2023-07-03,2023-07-03,1,204000.0,207500.0,open,False,2882.75,1,15.0
2023,open,073640,테라사이언스,pullback,2023-07-03,2023-07-04,2023-07-05,2023-07-05,41,6760.0,6610.0,open,False,-6972.255000000005,1,15.0
2023,open,000430,대원강업,breakout,2023-07-05,2023-07-06,2023-07-07,2023-07-07,45,5950.0,6200.0,open,False,10429.875,1,15.0
2023,open,036620,감성코퍼레이션,breakout,2023-07-07,2023-07-10,2023-07-11,2023-07-11,60,4670.0,4735.0,open,False,3053.5500000000466,1,15.0
2023,open,011230,삼화전자,breakout,2023-07-11,2023-07-12,2023-07-13,2023-07-13,30,9361.0,9527.0,open,False,4130.040000000037,1,15.0
2023,open,001740,SK네트웍스,breakout,2023-07-13,2023-07-14,2023-07-17,2023-07-17,52,5510.0,5380.0,open,False,-7609.419999999984,1,15.0
2023,open,043910,자연과환경,breakout,2023-07-17,2023-07-18,2023-07-19,2023-07-19,18,14870.0,14140.0,open,False,-13923.26999999999,1,15.0
2023,open,149980,하이로닉,pullback,2023-07-19,2023-07-20,2023-07-21,2023-07-21,19,13801.0,13785.0,open,False,-1090.201000000001,1,15.0
2023,open,073640,테라사이언스,pullback,2023-07-24,2023-07-25,2023-07-26,2023-07-26,41,6380.0,5900.0,open,False,-20435.22,1,15.0
2023,open,326030,SK바이오팜,pullback,2023-07-26,2023-07-27,2023-07-28,2023-07-28,2,83400.0,83200.0,open,False,-899.7999999999884,1,15.0
2023,open,326030,SK바이오팜,breakout,2023-08-01,2023-08-02,2023-08-03,2023-08-03,2,90000.0,92600.0,open,False,4652.200000000012,1,15.0
2023,open,220100,퓨쳐켐,breakout,2023-08-03,2023-08-04,2023-08-07,2023-08-07,26,9582.0,9526.0,open,False,-2201.2119999999995,1,15.0
2023,open,105630,한세실업,breakout,2023-08-07,2023-08-08,2023-08-09,2023-08-09,12,19700.0,19400.0,open,False,-4303.799999999988,1,15.0
2023,open,326030,SK바이오팜,breakout,2023-08-09,2023-08-10,2023-08-11,2023-08-11,2,98200.0,99800.0,open,False,2606.0,1,15.0
2023,open,025980,아난티,breakout,2023-08-11,2023-08-14,2023-08-16,2023-08-16,29,8480.0,8750.0,open,False,7080.494999999995,1,15.0
2023,open,149980,하이로닉,breakout,2023-08-17,2023-08-18,2023-08-21,2023-08-21,16,15523.0,15581.0,open,False,181.50399999998626,1,15.0
2023,open,149980,하이로닉,breakout,2023-08-21,2023-08-22,2023-08-23,2023-08-23,12,19912.0,18362.0,open,False,-19288.932,1,15.0
2023,open,246250,에스엘에스바이오,pullback,2023-08-23,2023-08-24,2023-08-25,2023-08-25,47,4905.0,5175.0,open,False,11979.359999999986,1,15.0
2023,open,026890,스틱인베스트먼트,breakout,2023-08-25,2023-08-28,2023-08-29,2023-08-29,31,7750.0,7740.0,open,False,-1030.2849999999744,1,15.0
2023,open,089850,유비벨록스,breakout,2023-08-29,2023-08-30,2023-08-31,2023-08-31,26,9148.0,9878.0,open,False,18237.985999999975,1,15.0
2023,open,105560,KB금융,breakout,2023-08-31,2023-09-01,2023-09-04,2023-09-04,4,54200.0,53000.0,open,False,-5443.200000000012,1,15.0
2023,open,004100,태양금속,breakout,2023-09-05,2023-09-06,2023-09-07,2023-09-07,63,4070.0,4045.0,open,False,-2341.867499999993,1,15.0
2023,open,056080,유진로봇,breakout,2023-09-07,2023-09-08,2023-09-11,2023-09-11,18,14100.0,16070.0,open,False,34645.41000000003,1,15.0
2023,open,003570,SNT다이내믹스,breakout,2023-09-11,2023-09-12,2023-09-13,2023-09-13,22,12660.0,12050.0,open,False,-14235.429999999993,1,15.0
2023,open,016360,삼성증권,breakout,2023-09-13,2023-09-14,2023-09-15,2023-09-15,7,38300.0,38400.0,open,False,-105.35000000003492,1,15.0
2023,open,105560,KB금융,breakout,2023-09-15,2023-09-18,2023-09-19,2023-09-19,4,56200.0,57300.0,open,False,3719.0,1,15.0
2023,open,089850,유비벨록스,pullback,2023-09-20,2023-09-21,2023-09-22,2023-09-22,30,9224.0,9159.0,open,False,-2777.234999999986,1,15.0
2023,open,127120,제이에스링크,pullback,2023-09-22,2023-09-25,2023-09-26,2023-09-26,71,3890.0,4090.0,open,False,13350.130000000005,1,15.0
2023,open,004270,남성,breakout,2023-09-26,2023-09-27,2023-10-04,2023-10-04,13,20909.0,18683.0,open,False,-29710.043999999994,1,15.0
2023,open,004270,남성,pullback,2023-10-06,2023-10-10,2023-10-11,2023-10-11,14,18285.0,17291.0,open,False,-14663.09599999999,1,15.0
2023,open,004270,남성,pullback,2023-10-11,2023-10-12,2023-10-13,2023-10-13,13,18722.0,18722.0,open,False,-730.1580000000249,1,15.0
2023,open,004100,태양금속,pullback,2023-10-16,2023-10-17,2023-10-18,2023-10-18,63,3880.0,3980.0,open,False,5557.2300000000105,1,15.0
2023,open,105630,한세실업,pullback,2023-10-18,2023-10-19,2023-10-20,2023-10-20,12,20350.0,21100.0,open,False,8253.899999999994,1,15.0
2023,open,003570,SNT다이내믹스,pullback,2023-10-20,2023-10-23,2023-10-24,2023-10-24,22,11630.0,11990.0,open,False,7140.540000000008,1,15.0
2023,open,025900,동화기업,pullback,2023-10-24,2023-10-25,2023-10-26,2023-10-26,9,28637.0,26434.0,open,False,-20570.458500000008,1,15.0
2023,open,003570,SNT다이내믹스,pullback,2023-10-26,2023-10-27,2023-10-30,2023-10-30,19,12610.0,12970.0,open,False,6110.970000000001,1,15.0
2023,open,015360,INVENI,pullback,2023-10-30,2023-10-31,2023-11-01,2023-11-01,37,6630.0,6640.0,open,False,-366.48500000001513,1,15.0
2023,open,015360,INVENI,pullback,2023-11-01,2023-11-02,2023-11-03,2023-11-03,37,6660.0,6670.0,open,False,-369.8150000000023,1,15.0
2023,open,056080,유진로봇,pullback,2023-11-03,2023-11-06,2023-11-07,2023-11-07,21,11790.0,12200.0,open,False,7854.315000000002,1,15.0
2023,open,105630,한세실업,breakout,2023-11-09,2023-11-10,2023-11-13,2023-11-13,10,23700.0,22950.0,open,False,-8199.75,1,15.0
2023,open,015360,INVENI,breakout,2023-11-13,2023-11-14,2023-11-15,2023-11-15,36,6950.0,6980.0,open,False,327.77999999999884,1,15.0
2023,open,105630,한세실업,pullback,2023-11-16,2023-11-17,2023-11-20,2023-11-20,10,23650.0,23800.0,open,False,788.25,1,15.0
2023,open,215200,메가스터디교육,pullback,2023-11-24,2023-11-27,2023-11-28,2023-11-28,4,61400.0,61100.0,open,False,-1935.0,1,15.0
2023,open,015360,INVENI,pullback,2023-11-28,2023-11-29,2023-11-30,2023-11-30,35,7110.0,7020.0,open,False,-3891.8250000000116,1,15.0
2023,open,016360,삼성증권,pullback,2023-11-30,2023-12-01,2023-12-04,2023-12-04,6,38900.0,39000.0,open,False,-101.10000000000582,1,15.0
2023,open,016450,한세예스24홀딩스,pullback,2023-12-05,2023-12-06,2023-12-07,2023-12-07,49,4930.0,5070.0,open,False,6125.0,1,15.0
2023,open,131370,알서포트,pullback,2023-12-07,2023-12-08,2023-12-11,2023-12-11,65,3860.0,3805.0,open,False,-4322.337499999994,1,15.0
2023,open,279600,미디어젠,breakout,2023-12-11,2023-12-12,2023-12-13,2023-12-13,15,16221.0,16560.0,open,False,4347.42750000002,1,15.0
2023,open,279600,미디어젠,breakout,2023-12-13,2023-12-14,2023-12-15,2023-12-15,15,16403.0,16221.0,open,False,-3464.039999999979,1,15.0
2023,open,016360,삼성증권,breakout,2023-12-15,2023-12-18,2023-12-19,2023-12-19,6,40400.0,40050.0,open,False,-2824.0499999999884,1,15.0
2023,open,279600,미디어젠,breakout,2023-12-19,2023-12-20,2023-12-21,2023-12-21,14,17190.0,18618.0,open,False,19240.032000000007,1,15.0
2023,open,279600,미디어젠,breakout,2023-12-21,2023-12-22,2023-12-26,2023-12-26,13,18982.0,21718.0,open,False,34774.350000000006,1,15.0
2023,open,279600,미디어젠,breakout,2023-12-26,2023-12-27,2023-12-28,2023-12-28,13,22032.0,22201.0,open,False,1334.4565000000293,1,15.0
2023,open,309960,LB인베스트먼트,pullback,2023-12-28,2024-01-02,2024-01-03,2024-01-03,64,4645.0,4620.0,open,False,-2489.4400000000023,1,15.0
2023,close,114090,GKL,pullback,2023-01-02,2023-01-03,2023-01-04,2023-01-04,15,18750.0,18900.0,open,False,1402.875,1,15.0
2023,close,265520,AP시스템,pullback,2023-01-04,2023-01-05,2023-01-06,2023-01-06,15,19000.0,18700.0,open,False,-5348.25,1,15.0
2023,close,073640,테라사이언스,breakout,2023-01-06,2023-01-09,2023-01-10,2023-01-10,134,2200.0,2145.0,open,False,-8243.344999999972,1,15.0
2023,close,073640,테라사이언스,breakout,2023-01-10,2023-01-11,2023-01-12,2023-01-12,123,2330.0,2185.0,open,False,-18668.017500000016,1,15.0
2023,close,036620,감성코퍼레이션,pullback,2023-01-13,2023-01-16,2023-01-17,2023-01-17,130,2060.0,2090.0,open,False,3090.75,1,15.0
2023,close,004100,태양금속,breakout,2023-01-17,2023-01-18,2023-01-19,2023-01-19,158,1710.0,1605.0,open,False,-17375.655,1,15.0
2023,close,004870,티웨이홀딩스,breakout,2023-01-19,2023-01-20,2023-01-25,2023-01-25,76,3306.0,3401.0,open,False,6455.402000000002,1,15.0
2023,close,003830,대한화섬,breakout,2023-01-25,2023-01-26,2023-01-27,2023-01-27,2,130100.0,135000.0,open,False,9004.699999999983,1,15.0
2023,close,003830,대한화섬,breakout,2023-01-27,2023-01-30,2023-01-31,2023-01-31,1,138500.0,130000.0,open,False,-8902.75,1,15.0
2023,close,123700,SJM,pullback,2023-01-31,2023-02-01,2023-02-02,2023-02-02,58,4485.0,4510.0,open,False,667.4349999999977,1,15.0
2023,close,008260,NI스틸,breakout,2023-02-02,2023-02-03,2023-02-06,2023-02-06,46,5610.0,5370.0,open,False,-11797.620000000024,1,15.0
2023,close,006220,제주은행,breakout,2023-02-06,2023-02-07,2023-02-08,2023-02-08,13,18850.0,18630.0,open,False,-3590.859999999986,1,15.0
2023,close,279600,미디어젠,breakout,2023-02-08,2023-02-09,2023-02-10,2023-02-10,12,19127.0,19127.0,open,False,-688.5720000000147,1,15.0
2023,close,064850,에프앤가이드,pullback,2023-02-10,2023-02-13,2023-02-14,2023-02-14,33,7280.0,7790.0,open,False,16084.035000000003,1,15.0
2023,close,036620,감성코퍼레이션,pullback,2023-02-14,2023-02-15,2023-02-16,2023-02-16,120,2175.0,2050.0,open,False,-15760.50000000003,1,15.0
2023,close,105630,한세실업,breakout,2023-02-16,2023-02-17,2023-02-20,2023-02-20,13,18410.0,18130.0,open,False,-4352.529999999999,1,15.0
2023,close,011780,금호석유화학,breakout,2023-02-20,2023-02-21,2023-02-22,2023-02-22,1,155000.0,159800.0,open,False,4327.8000000000175,1,15.0
2023,close,028670,팬오션,pullback,2023-02-22,2023-02-23,2023-02-24,2023-02-24,38,6470.0,6680.0,open,False,7230.450000000012,1,15.0
2023,close,123700,SJM,pullback,2023-02-24,2023-02-27,2023-02-28,2023-02-28,56,4500.0,4415.0,open,False,-5508.859999999986,1,15.0
2023,close,126640,화신정공,pullback,2023-02-28,2023-03-02,2023-03-03,2023-03-03,147,1682.0,1685.0,open,False,-301.4235000000044,1,15.0
2023,close,056080,유진로봇,breakout,2023-03-03,2023-03-06,2023-03-07,2023-03-07,34,7160.0,7730.0,open,False,18620.610000000015,1,15.0
2023,close,314130,지놈앤컴퍼니,breakout,2023-03-07,2023-03-08,2023-03-09,2023-03-09,24,10875.0,11325.0,open,False,10000.79999999996,1,15.0
2023,close,115500,케이씨에스,breakout,2023-03-09,2023-03-10,2023-03-13,2023-03-13,28,9790.0,11860.0,open,False,57050.70000000001,1,15.0
2023,close,001460,BYC,pullback,2023-03-13,2023-03-14,2023-03-15,2023-03-15,6,48500.0,48300.0,open,False,-2071.2000000000116,1,15.0
2023,close,001460,BYC,pullback,2023-03-15,2023-03-16,2023-03-17,2023-03-17,6,50800.0,51500.0,open,False,3279.2999999999884,1,15.0
2023,close,006040,동원산업,pullback,2023-03-17,2023-03-20,2023-03-21,2023-03-21,7,45329.0,45738.0,open,False,1906.7964999999967,1,15.0
2023,close,088980,맥쿼리인프라,pullback,2023-03-21,2023-03-22,2023-03-23,2023-03-23,26,12587.0,12518.0,open,False,-2773.0950000000303,1,15.0
2023,close,030210,다올투자증권,breakout,2023-03-23,2023-03-24,2023-03-27,2023-03-27,62,5290.0,5360.0,open,False,3349.5499999999884,1,15.0
2023,close,006220,제주은행,pullback,2023-03-27,2023-03-28,2023-03-29,2023-03-29,15,22250.0,21450.0,open,False,-12983.25,1,15.0
2023,close,101360,에코앤드림,breakout,2023-03-29,2023-03-30,2023-03-31,2023-03-31,8,40366.0,38384.0,open,False,-16801.0,1,15.0
2023,close,004360,세방,pullback,2023-03-31,2023-04-03,2023-04-04,2023-04-04,6,46000.0,45900.0,open,False,-1427.0999999999767,1,15.0
2023,close,030210,다올투자증권,breakout,2023-04-04,2023-04-05,2023-04-06,2023-04-06,53,5730.0,5850.0,open,False,5439.389999999956,1,15.0
2023,close,008260,NI스틸,breakout,2023-04-06,2023-04-07,2023-04-10,2023-04-10,47,6570.0,6410.0,open,False,-8435.089999999967,1,15.0
2023,close,099220,SDN,pullback,2023-04-10,2023-04-11,2023-04-12,2023-04-12,13,22300.0,21800.0,open,False,-7359.950000000012,1,15.0
2023,close,085310,엔케이,breakout,2023-04-12,2023-04-13,2023-04-14,2023-04-14,29,9950.0,9780.0,open,False,-5788.255000000005,1,15.0
2023,close,073640,테라사이언스,breakout,2023-04-14,2023-04-17,2023-04-18,2023-04-18,71,4060.0,4195.0,open,False,8705.842500000028,1,15.0
2023,close,101360,에코앤드림,pullback,2023-04-18,2023-04-19,2023-04-20,2023-04-20,7,38225.0,38026.0,open,False,-2193.635499999975,1,15.0
2023,close,319400,현대무벡스,breakout,2023-04-20,2023-04-21,2023-04-24,2023-04-24,58,5060.0,4180.0,open,False,-51843.880000000005,1,15.0
2023,close,119650,KC코트렐,breakout,2023-04-24,2023-04-25,2023-04-26,2023-04-26,31,7648.0,6398.0,open,False,-39403.138999999996,1,15.0
2023,close,011230,삼화전자,breakout,2023-04-26,2023-04-27,2023-04-28,2023-04-28,39,5239.0,7328.0,open,False,80735.83050000001,1,15.0
2023,close,011230,삼화전자,breakout,2023-04-28,2023-05-02,2023-05-03,2023-05-04,35,8015.0,12688.0,close,True,162468.09249999997,1,15.0
2023,close,017900,광전자,breakout,2023-05-04,2023-05-08,2023-05-09,2023-05-09,158,2830.0,2575.0,open,False,-41570.984999999986,1,15.0
2023,close,067570,엔브이에이치코리아,pullback,2023-05-09,2023-05-10,2023-05-11,2023-05-11,102,3954.0,4080.0,open,False,11622.79800000001,1,15.0
2023,close,036620,감성코퍼레이션,breakout,2023-05-11,2023-05-12,2023-05-15,2023-05-15,132,3160.0,3045.0,open,False,-16408.590000000026,1,15.0
2023,close,002700,신일전자,breakout,2023-05-15,2023-05-16,2023-05-17,2023-05-17,179,2235.0,2090.0,open,False,-27116.26250000001,1,15.0
2023,close,015360,INVENI,pullback,2023-05-17,2023-05-18,2023-05-19,2023-05-19,56,6610.0,6600.0,open,False,-1669.640000000014,1,15.0
2023,close,073640,테라사이언스,pullback,2023-05-19,2023-05-22,2023-05-23,2023-05-23,89,4170.0,4020.0,open,False,-14443.36499999999,1,15.0
2023,close,001740,SK네트웍스,pullback,2023-05-23,2023-05-24,2023-05-25,2023-05-25,74,4800.0,4765.0,open,False,-3651.7150000000256,1,15.0
2023,close,036620,감성코퍼레이션,breakout,2023-05-25,2023-05-26,2023-05-30,2023-05-30,100,3530.0,3470.0,open,False,-7050.0,1,15.0
2023,close,017900,광전자,breakout,2023-05-30,2023-05-31,2023-06-01,2023-06-01,110,3135.0,2965.0,open,False,-19706.5,1,15.0
2023,close,064850,에프앤가이드,breakout,2023-06-02,2023-06-05,2023-06-07,2023-06-07,36,8920.0,8860.0,open,False,-3120.1199999999953,1,15.0
2023,close,126640,화신정공,breakout,2023-06-07,2023-06-08,2023-06-09,2023-06-09,155,2090.0,2080.0,open,False,-2519.5250000000233,1,15.0
2023,close,171120,라이온켐텍,breakout,2023-06-09,2023-06-12,2023-06-13,2023-06-13,51,6200.0,6090.0,open,False,-6550.185000000056,1,15.0
2023,close,000850,화천기공,breakout,2023-06-13,2023-06-14,2023-06-15,2023-06-15,7,40300.0,38150.0,open,False,-15873.725000000035,1,15.0
2023,close,204320,HL만도,breakout,2023-06-15,2023-06-16,2023-06-19,2023-06-19,6,49400.0,49900.0,open,False,2106.2999999999884,1,15.0
2023,close,008260,NI스틸,breakout,2023-06-19,2023-06-20,2023-06-21,2023-06-21,40,7430.0,7360.0,open,False,-3687.399999999965,1,15.0
2023,close,204320,HL만도,breakout,2023-06-21,2023-06-22,2023-06-23,2023-06-23,5,51600.0,50900.0,open,False,-4268.750000000029,1,15.0
2023,close,168360,펨트론,breakout,2023-06-23,2023-06-26,2023-06-27,2023-06-27,38,7650.0,7255.0,open,False,-15859.584999999963,1,15.0
2023,close,105630,한세실업,breakout,2023-06-27,2023-06-28,2023-06-29,2023-06-29,14,19790.0,20750.0,open,False,12588.659999999974,1,15.0
2023,close,003030,세아제강지주,breakout,2023-06-29,2023-06-30,2023-07-03,2023-07-03,1,204000.0,207500.0,open,False,2882.75,1,15.0
2023,close,073640,테라사이언스,pullback,2023-07-03,2023-07-04,2023-07-05,2023-07-05,43,6760.0,6610.0,open,False,-7312.364999999991,1,15.0
2023,close,000430,대원강업,breakout,2023-07-05,2023-07-06,2023-07-07,2023-07-07,48,5950.0,6200.0,open,False,11125.200000000012,1,15.0
2023,close,036620,감성코퍼레이션,breakout,2023-07-07,2023-07-10,2023-07-11,2023-07-11,63,4670.0,4735.0,open,False,3206.2275000000373,1,15.0
2023,close,011230,삼화전자,breakout,2023-07-11,2023-07-12,2023-07-13,2023-07-13,32,9361.0,9527.0,open,False,4405.375999999989,1,15.0
2023,close,001740,SK네트웍스,breakout,2023-07-13,2023-07-14,2023-07-17,2023-07-17,55,5510.0,5380.0,open,False,-8048.424999999988,1,15.0
2023,close,043910,자연과환경,breakout,2023-07-17,2023-07-18,2023-07-19,2023-07-19,19,14870.0,14140.0,open,False,-14696.785000000033,1,15.0
2023,close,149980,하이로닉,pullback,2023-07-19,2023-07-20,2023-07-21,2023-07-21,20,13801.0,13785.0,open,False,-1147.5800000000163,1,15.0
2023,close,073640,테라사이언스,pullback,2023-07-24,2023-07-25,2023-07-26,2023-07-26,44,6380.0,5900.0,open,False,-21930.48000000001,1,15.0
2023,close,326030,SK바이오팜,pullback,2023-07-26,2023-07-27,2023-07-28,2023-07-28,3,83400.0,83200.0,open,False,-1349.7000000000116,1,15.0
2023,close,326030,SK바이오팜,breakout,2023-08-01,2023-08-02,2023-08-03,2023-08-03,2,90000.0,92600.0,open,False,4652.200000000012,1,15.0
2023,close,220100,퓨쳐켐,breakout,2023-08-03,2023-08-04,2023-08-07,2023-08-07,27,9582.0,9526.0,open,False,-2285.8740000000107,1,15.0
2023,close,105630,한세실업,breakout,2023-08-07,2023-08-08,2023-08-09,2023-08-09,13,19700.0,19400.0,open,False,-4662.450000000012,1,15.0
2023,close,326030,SK바이오팜,breakout,2023-08-09,2023-08-10,2023-08-11,2023-08-11,2,98200.0,99800.0,open,False,2606.0,1,15.0
2023,close,025980,아난티,breakout,2023-08-11,2023-08-14,2023-08-16,2023-08-16,30,8480.0,8750.0,open,False,7324.649999999994,1,15.0
2023,close,149980,하이로닉,breakout,2023-08-17,2023-08-18,2023-08-21,2023-08-21,17,15523.0,15581.0,open,False,192.84799999999814,1,15.0
2023,close,149980,하이로닉,breakout,2023-08-21,2023-08-22,2023-08-23,2023-08-23,13,19912.0,18362.0,open,False,-20896.342999999993,1,15.0
2023,close,246250,에스엘에스바이오,pullback,2023-08-23,2023-08-24,2023-08-25,2023-08-25,49,4905.0,5175.0,open,False,12489.119999999995,1,15.0
2023,close,026890,스틱인베스트먼트,breakout,2023-08-25,2023-08-28,2023-08-29,2023-08-29,33,7750.0,7740.0,open,False,-1096.7549999999756,1,15.0
2023,close,089850,유비벨록스,breakout,2023-08-29,2023-08-30,2023-08-31,2023-08-31,27,9148.0,9878.0,open,False,18939.446999999986,1,15.0
2023,close,105560,KB금융,breakout,2023-08-31,2023-09-01,2023-09-04,2023-09-04,5,54200.0,53000.0,open,False,-6804.0,1,15.0
2023,close,004100,태양금속,breakout,2023-09-05,2023-09-06,2023-09-07,2023-09-07,65,4070.0,4045.0,open,False,-2416.2125000000233,1,15.0
2023,close,056080,유진로봇,breakout,2023-09-07,2023-09-08,2023-09-11,2023-09-11,18,14100.0,16070.0,open,False,34645.41000000003,1,15.0
2023,close,003570,SNT다이내믹스,breakout,2023-09-11,2023-09-12,2023-09-13,2023-09-13,23,12660.0,12050.0,open,False,-14882.494999999995,1,15.0
2023,close,016360,삼성증권,breakout,2023-09-13,2023-09-14,2023-09-15,2023-09-15,7,38300.0,38400.0,open,False,-105.35000000003492,1,15.0
2023,close,105560,KB금융,breakout,2023-09-15,2023-09-18,2023-09-19,2023-09-19,5,56200.0,57300.0,open,False,4648.75,1,15.0
2023,close,089850,유비벨록스,pullback,2023-09-20,2023-09-21,2023-09-22,2023-09-22,31,9224.0,9159.0,open,False,-2869.809500000032,1,15.0
2023,close,127120,제이에스링크,pullback,2023-09-22,2023-09-25,2023-09-26,2023-09-26,73,3890.0,4090.0,open,False,13726.190000000002,1,15.0
2023,close,004270,남성,breakout,2023-09-26,2023-09-27,2023-10-04,2023-10-04,14,20909.0,18683.0,open,False,-31995.43200000003,1,15.0
2023,close,004270,남성,pullback,2023-10-06,2023-10-10,2023-10-11,2023-10-11,14,18285.0,17291.0,open,False,-14663.09599999999,1,15.0
2023,close,004270,남성,pullback,2023-10-11,2023-10-12,2023-10-13,2023-10-13,13,18722.0,18722.0,open,False,-730.1580000000249,1,15.0
2023,close,004100,태양금속,pullback,2023-10-16,2023-10-17,2023-10-18,2023-10-18,65,3880.0,3980.0,open,False,5733.649999999994,1,15.0
2023,close,105630,한세실업,pullback,2023-10-18,2023-10-19,2023-10-20,2023-10-20,12,20350.0,21100.0,open,False,8253.899999999994,1,15.0
2023,close,003570,SNT다이내믹스,pullback,2023-10-20,2023-10-23,2023-10-24,2023-10-24,23,11630.0,11990.0,open,False,7465.109999999986,1,15.0
2023,close,025900,동화기업,pullback,2023-10-24,2023-10-25,2023-10-26,2023-10-26,9,28637.0,26434.0,open,False,-20570.458500000008,1,15.0
2023,close,003570,SNT다이내믹스,pullback,2023-10-26,2023-10-27,2023-10-30,2023-10-30,20,12610.0,12970.0,open,False,6432.600000000006,1,15.0
2023,close,015360,INVENI,pullback,2023-10-30,2023-10-31,2023-11-01,2023-11-01,39,6630.0,6640.0,open,False,-386.2949999999837,1,15.0
2023,close,015360,INVENI,pullback,2023-11-01,2023-11-02,2023-11-03,2023-11-03,39,6660.0,6670.0,open,False,-389.804999999993,1,15.0
2023,close,056080,유진로봇,pullback,2023-11-03,2023-11-06,2023-11-07,2023-11-07,22,11790.0,12200.0,open,False,8228.330000000016,1,15.0
2023,close,105630,한세실업,breakout,2023-11-09,2023-11-10,2023-11-13,2023-11-13,11,23700.0,22950.0,open,False,-9019.725000000006,1,15.0
2023,close,015360,INVENI,breakout,2023-11-13,2023-11-14,2023-11-15,2023-11-15,37,6950.0,6980.0,open,False,336.8850000000093,1,15.0
2023,close,105630,한세실업,pullback,2023-11-16,2023-11-17,2023-11-20,2023-11-20,10,23650.0,23800.0,open,False,788.25,1,15.0
2023,close,215200,메가스터디교육,pullback,2023-11-24,2023-11-27,2023-11-28,2023-11-28,4,61400.0,61100.0,open,False,-1935.0,1,15.0
2023,close,015360,INVENI,pullback,2023-11-28,2023-11-29,2023-11-30,2023-11-30,36,7110.0,7020.0,open,False,-4003.0199999999895,1,15.0
2023,close,016360,삼성증권,pullback,2023-11-30,2023-12-01,2023-12-04,2023-12-04,6,38900.0,39000.0,open,False,-101.10000000000582,1,15.0
2023,close,016450,한세예스24홀딩스,pullback,2023-12-05,2023-12-06,2023-12-07,2023-12-07,51,4930.0,5070.0,open,False,6375.0,1,15.0
2023,close,131370,알서포트,pullback,2023-12-07,2023-12-08,2023-12-11,2023-12-11,67,3860.0,3805.0,open,False,-4455.332500000019,1,15.0
2023,close,279600,미디어젠,breakout,2023-12-11,2023-12-12,2023-12-13,2023-12-13,15,16221.0,16560.0,open,False,4347.42750000002,1,15.0
2023,close,279600,미디어젠,breakout,2023-12-13,2023-12-14,2023-12-15,2023-12-15,15,16403.0,16221.0,open,False,-3464.039999999979,1,15.0
2023,close,016360,삼성증권,breakout,2023-12-15,2023-12-18,2023-12-19,2023-12-19,6,40400.0,40050.0,open,False,-2824.0499999999884,1,15.0
2023,close,279600,미디어젠,breakout,2023-12-19,2023-12-20,2023-12-21,2023-12-21,14,17190.0,18618.0,open,False,19240.032000000007,1,15.0
2023,close,279600,미디어젠,breakout,2023-12-21,2023-12-22,2023-12-26,2023-12-26,14,18982.0,21718.0,open,False,37449.29999999999,1,15.0
2023,close,279600,미디어젠,breakout,2023-12-26,2023-12-27,2023-12-28,2023-12-28,14,22032.0,22201.0,open,False,1437.1070000000182,1,15.0
2023,close,309960,LB인베스트먼트,pullback,2023-12-28,2024-01-02,2024-01-03,2024-01-03,67,4645.0,4620.0,open,False,-2606.132500000007,1,15.0
2023,low,114090,GKL,pullback,2023-01-02,2023-01-03,2023-01-04,2023-01-04,15,18750.0,18900.0,open,False,1402.875,1,15.0
2023,low,265520,AP시스템,pullback,2023-01-04,2023-01-05,2023-01-06,2023-01-06,15,19000.0,18700.0,open,False,-5348.25,1,15.0
2023,low,073640,테라사이언스,breakout,2023-01-06,2023-01-09,2023-01-10,2023-01-10,134,2200.0,2145.0,open,False,-8243.344999999972,1,15.0
2023,low,073640,테라사이언스,breakout,2023-01-10,2023-01-11,2023-01-12,2023-01-12,123,2330.0,2185.0,open,False,-18668.017500000016,1,15.0
2023,low,036620,감성코퍼레이션,pullback,2023-01-13,2023-01-16,2023-01-17,2023-01-17,130,2060.0,2090.0,open,False,3090.75,1,15.0
2023,low,004100,태양금속,breakout,2023-01-17,2023-01-18,2023-01-19,2023-01-19,158,1710.0,1605.0,open,False,-17375.655,1,15.0
2023,low,004870,티웨이홀딩스,breakout,2023-01-19,2023-01-20,2023-01-25,2023-01-25,76,3306.0,3401.0,open,False,6455.402000000002,1,15.0
2023,low,003830,대한화섬,breakout,2023-01-25,2023-01-26,2023-01-27,2023-01-27,2,130100.0,135000.0,open,False,9004.699999999983,1,15.0
2023,low,003830,대한화섬,breakout,2023-01-27,2023-01-30,2023-01-31,2023-01-31,1,138500.0,130000.0,open,False,-8902.75,1,15.0
2023,low,123700,SJM,pullback,2023-01-31,2023-02-01,2023-02-02,2023-02-02,58,4485.0,4510.0,open,False,667.4349999999977,1,15.0
2023,low,008260,NI스틸,breakout,2023-02-02,2023-02-03,2023-02-06,2023-02-06,46,5610.0,5370.0,open,False,-11797.620000000024,1,15.0
2023,low,006220,제주은행,breakout,2023-02-06,2023-02-07,2023-02-08,2023-02-08,13,18850.0,18630.0,open,False,-3590.859999999986,1,15.0
2023,low,279600,미디어젠,breakout,2023-02-08,2023-02-09,2023-02-10,2023-02-10,12,19127.0,19127.0,open,False,-688.5720000000147,1,15.0
2023,low,064850,에프앤가이드,pullback,2023-02-10,2023-02-13,2023-02-14,2023-02-14,33,7280.0,7790.0,open,False,16084.035000000003,1,15.0
2023,low,036620,감성코퍼레이션,pullback,2023-02-14,2023-02-15,2023-02-16,2023-02-16,120,2175.0,2050.0,open,False,-15760.50000000003,1,15.0
2023,low,105630,한세실업,breakout,2023-02-16,2023-02-17,2023-02-20,2023-02-20,13,18410.0,18130.0,open,False,-4352.529999999999,1,15.0
2023,low,011780,금호석유화학,breakout,2023-02-20,2023-02-21,2023-02-22,2023-02-22,1,155000.0,159800.0,open,False,4327.8000000000175,1,15.0
2023,low,028670,팬오션,pullback,2023-02-22,2023-02-23,2023-02-24,2023-02-24,38,6470.0,6680.0,open,False,7230.450000000012,1,15.0
2023,low,123700,SJM,pullback,2023-02-24,2023-02-27,2023-02-28,2023-02-28,56,4500.0,4415.0,open,False,-5508.859999999986,1,15.0
2023,low,126640,화신정공,pullback,2023-02-28,2023-03-02,2023-03-03,2023-03-03,147,1682.0,1685.0,open,False,-301.4235000000044,1,15.0
2023,low,056080,유진로봇,breakout,2023-03-03,2023-03-06,2023-03-07,2023-03-07,34,7160.0,7730.0,open,False,18620.610000000015,1,15.0
2023,low,314130,지놈앤컴퍼니,breakout,2023-03-07,2023-03-08,2023-03-09,2023-03-09,24,10875.0,11325.0,open,False,10000.79999999996,1,15.0
2023,low,115500,케이씨에스,breakout,2023-03-09,2023-03-10,2023-03-13,2023-03-13,28,9790.0,11860.0,open,False,57050.70000000001,1,15.0
2023,low,001460,BYC,pullback,2023-03-13,2023-03-14,2023-03-15,2023-03-15,6,48500.0,48300.0,open,False,-2071.2000000000116,1,15.0
2023,low,001460,BYC,pullback,2023-03-15,2023-03-16,2023-03-17,2023-03-17,6,50800.0,51500.0,open,False,3279.2999999999884,1,15.0
2023,low,006040,동원산업,pullback,2023-03-17,2023-03-20,2023-03-21,2023-03-21,7,45329.0,45738.0,open,False,1906.7964999999967,1,15.0
2023,low,088980,맥쿼리인프라,pullback,2023-03-21,2023-03-22,2023-03-23,2023-03-23,26,12587.0,12518.0,open,False,-2773.0950000000303,1,15.0
2023,low,030210,다올투자증권,breakout,2023-03-23,2023-03-24,2023-03-27,2023-03-27,62,5290.0,5360.0,open,False,3349.5499999999884,1,15.0
2023,low,006220,제주은행,pullback,2023-03-27,2023-03-28,2023-03-29,2023-03-29,15,22250.0,21450.0,open,False,-12983.25,1,15.0
2023,low,101360,에코앤드림,breakout,2023-03-29,2023-03-30,2023-03-31,2023-03-31,8,40366.0,38384.0,open,False,-16801.0,1,15.0
2023,low,004360,세방,pullback,2023-03-31,2023-04-03,2023-04-04,2023-04-04,6,46000.0,45900.0,open,False,-1427.0999999999767,1,15.0
2023,low,030210,다올투자증권,breakout,2023-04-04,2023-04-05,2023-04-06,2023-04-06,53,5730.0,5850.0,open,False,5439.389999999956,1,15.0
2023,low,008260,NI스틸,breakout,2023-04-06,2023-04-07,2023-04-10,2023-04-10,47,6570.0,6410.0,open,False,-8435.089999999967,1,15.0
2023,low,099220,SDN,pullback,2023-04-10,2023-04-11,2023-04-12,2023-04-12,13,22300.0,21800.0,open,False,-7359.950000000012,1,15.0
2023,low,085310,엔케이,breakout,2023-04-12,2023-04-13,2023-04-14,2023-04-14,29,9950.0,9780.0,open,False,-5788.255000000005,1,15.0
2023,low,073640,테라사이언스,breakout,2023-04-14,2023-04-17,2023-04-18,2023-04-18,71,4060.0,4195.0,open,False,8705.842500000028,1,15.0
2023,low,101360,에코앤드림,pullback,2023-04-18,2023-04-19,2023-04-20,2023-04-20,7,38225.0,38026.0,open,False,-2193.635499999975,1,15.0
2023,low,319400,현대무벡스,breakout,2023-04-20,2023-04-21,2023-04-24,2023-04-24,58,5060.0,4180.0,open,False,-51843.880000000005,1,15.0
2023,low,119650,KC코트렐,breakout,2023-04-24,2023-04-25,2023-04-26,2023-04-26,31,7648.0,6398.0,open,False,-39403.138999999996,1,15.0
2023,low,011230,삼화전자,breakout,2023-04-26,2023-04-27,2023-04-28,2023-04-28,39,5239.0,7328.0,open,False,80735.83050000001,1,15.0
2023,low,011230,삼화전자,breakout,2023-04-28,2023-05-02,2023-05-03,2023-05-04,35,8015.0,10122.0,low,True,72792.8075,1,15.0
2023,low,017900,광전자,breakout,2023-05-04,2023-05-08,2023-05-09,2023-05-09,126,2830.0,2575.0,open,False,-33151.544999999984,1,15.0
2023,low,067570,엔브이에이치코리아,pullback,2023-05-09,2023-05-10,2023-05-11,2023-05-11,82,3954.0,4080.0,open,False,9343.818000000028,1,15.0
2023,low,036620,감성코퍼레이션,breakout,2023-05-11,2023-05-12,2023-05-15,2023-05-15,105,3160.0,3045.0,open,False,-13052.287499999977,1,15.0
2023,low,002700,신일전자,breakout,2023-05-15,2023-05-16,2023-05-17,2023-05-17,143,2235.0,2090.0,open,False,-21662.712500000023,1,15.0
2023,low,015360,INVENI,pullback,2023-05-17,2023-05-18,2023-05-19,2023-05-19,45,6610.0,6600.0,open,False,-1341.6749999999884,1,15.0
2023,low,073640,테라사이언스,pullback,2023-05-19,2023-05-22,2023-05-23,2023-05-23,71,4170.0,4020.0,open,False,-11522.235000000044,1,15.0
2023,low,001740,SK네트웍스,pullback,2023-05-23,2023-05-24,2023-05-25,2023-05-25,59,4800.0,4765.0,open,False,-2911.502499999944,1,15.0
2023,low,036620,감성코퍼레이션,breakout,2023-05-25,2023-05-26,2023-05-30,2023-05-30,80,3530.0,3470.0,open,False,-5640.0,1,15.0
2023,low,017900,광전자,breakout,2023-05-30,2023-05-31,2023-06-01,2023-06-01,88,3135.0,2965.0,open,False,-15765.199999999983,1,15.0
2023,low,064850,에프앤가이드,breakout,2023-06-02,2023-06-05,2023-06-07,2023-06-07,29,8920.0,8860.0,open,False,-2513.429999999993,1,15.0
2023,low,126640,화신정공,breakout,2023-06-07,2023-06-08,2023-06-09,2023-06-09,124,2090.0,2080.0,open,False,-2015.6199999999953,1,15.0
2023,low,171120,라이온켐텍,breakout,2023-06-09,2023-06-12,2023-06-13,2023-06-13,41,6200.0,6090.0,open,False,-5265.834999999992,1,15.0
2023,low,000850,화천기공,breakout,2023-06-13,2023-06-14,2023-06-15,2023-06-15,6,40300.0,38150.0,open,False,-13606.049999999988,1,15.0
2023,low,204320,HL만도,breakout,2023-06-15,2023-06-16,2023-06-19,2023-06-19,4,49400.0,49900.0,open,False,1404.1999999999825,1,15.0
2023,low,008260,NI스틸,breakout,2023-06-19,2023-06-20,2023-06-21,2023-06-21,32,7430.0,7360.0,open,False,-2949.920000000013,1,15.0
2023,low,204320,HL만도,breakout,2023-06-21,2023-06-22,2023-06-23,2023-06-23,4,51600.0,50900.0,open,False,-3415.0,1,15.0
2023,low,168360,펨트론,breakout,2023-06-23,2023-06-26,2023-06-27,2023-06-27,30,7650.0,7255.0,open,False,-12520.724999999977,1,15.0
2023,low,105630,한세실업,breakout,2023-06-27,2023-06-28,2023-06-29,2023-06-29,11,19790.0,20750.0,open,False,9891.089999999997,1,15.0
2023,low,003030,세아제강지주,breakout,2023-06-29,2023-06-30,2023-07-03,2023-07-03,1,204000.0,207500.0,open,False,2882.75,1,15.0
2023,low,073640,테라사이언스,pullback,2023-07-03,2023-07-04,2023-07-05,2023-07-05,34,6760.0,6610.0,open,False,-5781.869999999995,1,15.0
2023,low,000430,대원강업,breakout,2023-07-05,2023-07-06,2023-07-07,2023-07-07,38,5950.0,6200.0,open,False,8807.449999999983,1,15.0
2023,low,036620,감성코퍼레이션,breakout,2023-07-07,2023-07-10,2023-07-11,2023-07-11,50,4670.0,4735.0,open,False,2544.625,1,15.0
2023,low,011230,삼화전자,breakout,2023-07-11,2023-07-12,2023-07-13,2023-07-13,25,9361.0,9527.0,open,False,3441.7000000000116,1,15.0
2023,low,001740,SK네트웍스,breakout,2023-07-13,2023-07-14,2023-07-17,2023-07-17,44,5510.0,5380.0,open,False,-6438.739999999991,1,15.0
2023,low,043910,자연과환경,breakout,2023-07-17,2023-07-18,2023-07-19,2023-07-19,15,14870.0,14140.0,open,False,-11602.725000000006,1,15.0
2023,low,149980,하이로닉,pullback,2023-07-19,2023-07-20,2023-07-21,2023-07-21,16,13801.0,13785.0,open,False,-918.064000000013,1,15.0
2023,low,073640,테라사이언스,pullback,2023-07-24,2023-07-25,2023-07-26,2023-07-26,35,6380.0,5900.0,open,False,-17444.70000000001,1,15.0
2023,low,326030,SK바이오팜,pullback,2023-07-26,2023-07-27,2023-07-28,2023-07-28,2,83400.0,83200.0,open,False,-899.7999999999884,1,15.0
2023,low,326030,SK바이오팜,breakout,2023-08-01,2023-08-02,2023-08-03,2023-08-03,2,90000.0,92600.0,open,False,4652.200000000012,1,15.0
2023,low,220100,퓨쳐켐,breakout,2023-08-03,2023-08-04,2023-08-07,2023-08-07,21,9582.0,9526.0,open,False,-1777.9020000000019,1,15.0
2023,low,105630,한세실업,breakout,2023-08-07,2023-08-08,2023-08-09,2023-08-09,10,19700.0,19400.0,open,False,-3586.5,1,15.0
2023,low,326030,SK바이오팜,breakout,2023-08-09,2023-08-10,2023-08-11,2023-08-11,2,98200.0,99800.0,open,False,2606.0,1,15.0
2023,low,025980,아난티,breakout,2023-08-11,2023-08-14,2023-08-16,2023-08-16,24,8480.0,8750.0,open,False,5859.720000000001,1,15.0
2023,low,149980,하이로닉,breakout,2023-08-17,2023-08-18,2023-08-21,2023-08-21,13,15523.0,15581.0,open,False,147.47200000000885,1,15.0
2023,low,149980,하이로닉,breakout,2023-08-21,2023-08-22,2023-08-23,2023-08-23,10,19912.0,18362.0,open,False,-16074.110000000015,1,15.0
2023,low,246250,에스엘에스바이오,pullback,2023-08-23,2023-08-24,2023-08-25,2023-08-25,40,4905.0,5175.0,open,False,10195.199999999983,1,15.0
2023,low,026890,스틱인베스트먼트,breakout,2023-08-25,2023-08-28,2023-08-29,2023-08-29,26,7750.0,7740.0,open,False,-864.109999999986,1,15.0
2023,low,089850,유비벨록스,breakout,2023-08-29,2023-08-30,2023-08-31,2023-08-31,22,9148.0,9878.0,open,False,15432.141999999993,1,15.0
2023,low,105560,KB금융,breakout,2023-08-31,2023-09-01,2023-09-04,2023-09-04,4,54200.0,53000.0,open,False,-5443.200000000012,1,15.0
2023,low,004100,태양금속,breakout,2023-09-05,2023-09-06,2023-09-07,2023-09-07,53,4070.0,4045.0,open,False,-1970.1424999999872,1,15.0
2023,low,056080,유진로봇,breakout,2023-09-07,2023-09-08,2023-09-11,2023-09-11,15,14100.0,16070.0,open,False,28871.175000000017,1,15.0
2023,low,003570,SNT다이내믹스,breakout,2023-09-11,2023-09-12,2023-09-13,2023-09-13,19,12660.0,12050.0,open,False,-12294.235000000015,1,15.0
2023,low,016360,삼성증권,breakout,2023-09-13,2023-09-14,2023-09-15,2023-09-15,6,38300.0,38400.0,open,False,-90.29999999998836,1,15.0
2023,low,105560,KB금융,breakout,2023-09-15,2023-09-18,2023-09-19,2023-09-19,4,56200.0,57300.0,open,False,3719.0,1,15.0
2023,low,089850,유비벨록스,pullback,2023-09-20,2023-09-21,2023-09-22,2023-09-22,25,9224.0,9159.0,open,False,-2314.3625000000175,1,15.0
2023,low,127120,제이에스링크,pullback,2023-09-22,2023-09-25,2023-09-26,2023-09-26,59,3890.0,4090.0,open,False,11093.76999999999,1,15.0
2023,low,004270,남성,breakout,2023-09-26,2023-09-27,2023-10-04,2023-10-04,11,20909.0,18683.0,open,False,-25139.26800000001,1,15.0
2023,low,004270,남성,pullback,2023-10-06,2023-10-10,2023-10-11,2023-10-11,11,18285.0,17291.0,open,False,-11521.004000000015,1,15.0
2023,low,004270,남성,pullback,2023-10-11,2023-10-12,2023-10-13,2023-10-13,11,18722.0,18722.0,open,False,-617.8260000000009,1,15.0
2023,low,004100,태양금속,pullback,2023-10-16,2023-10-17,2023-10-18,2023-10-18,53,3880.0,3980.0,open,False,4675.130000000005,1,15.0
2023,low,105630,한세실업,pullback,2023-10-18,2023-10-19,2023-10-20,2023-10-20,10,20350.0,21100.0,open,False,6878.25,1,15.0
2023,low,003570,SNT다이내믹스,pullback,2023-10-20,2023-10-23,2023-10-24,2023-10-24,18,11630.0,11990.0,open,False,5842.260000000009,1,15.0
2023,low,025900,동화기업,pullback,2023-10-24,2023-10-25,2023-10-26,2023-10-26,7,28637.0,26434.0,open,False,-15999.24550000002,1,15.0
2023,low,003570,SNT다이내믹스,pullback,2023-10-26,2023-10-27,2023-10-30,2023-10-30,16,12610.0,12970.0,open,False,5146.079999999987,1,15.0
2023,low,015360,INVENI,pullback,2023-10-30,2023-10-31,2023-11-01,2023-11-01,32,6630.0,6640.0,open,False,-316.96000000002095,1,15.0
2023,low,015360,INVENI,pullback,2023-11-01,2023-11-02,2023-11-03,2023-11-03,32,6660.0,6670.0,open,False,-319.8399999999965,1,15.0
2023,low,056080,유진로봇,pullback,2023-11-03,2023-11-06,2023-11-07,2023-11-07,18,11790.0,12200.0,open,False,6732.2699999999895,1,15.0
2023,low,105630,한세실업,breakout,2023-11-09,2023-11-10,2023-11-13,2023-11-13,9,23700.0,22950.0,open,False,-7379.774999999994,1,15.0
2023,low,015360,INVENI,breakout,2023-11-13,2023-11-14,2023-11-15,2023-11-15,30,6950.0,6980.0,open,False,273.1500000000233,1,15.0
2023,low,105630,한세실업,pullback,2023-11-16,2023-11-17,2023-11-20,2023-11-20,8,23650.0,23800.0,open,False,630.6000000000058,1,15.0
2023,low,215200,메가스터디교육,pullback,2023-11-24,2023-11-27,2023-11-28,2023-11-28,3,61400.0,61100.0,open,False,-1451.25,1,15.0
2023,low,015360,INVENI,pullback,2023-11-28,2023-11-29,2023-11-30,2023-11-30,29,7110.0,7020.0,open,False,-3224.654999999999,1,15.0
2023,low,016360,삼성증권,pullback,2023-11-30,2023-12-01,2023-12-04,2023-12-04,5,38900.0,39000.0,open,False,-84.25,1,15.0
2023,low,016450,한세예스24홀딩스,pullback,2023-12-05,2023-12-06,2023-12-07,2023-12-07,42,4930.0,5070.0,open,False,5250.0,1,15.0
2023,low,131370,알서포트,pullback,2023-12-07,2023-12-08,2023-12-11,2023-12-11,55,3860.0,3805.0,open,False,-3657.3624999999884,1,15.0
2023,low,279600,미디어젠,breakout,2023-12-11,2023-12-12,2023-12-13,2023-12-13,12,16221.0,16560.0,open,False,3477.94200000001,1,15.0
2023,low,279600,미디어젠,breakout,2023-12-13,2023-12-14,2023-12-15,2023-12-15,13,16403.0,16221.0,open,False,-3002.168000000005,1,15.0
2023,low,016360,삼성증권,breakout,2023-12-15,2023-12-18,2023-12-19,2023-12-19,5,40400.0,40050.0,open,False,-2353.375,1,15.0
2023,low,279600,미디어젠,breakout,2023-12-19,2023-12-20,2023-12-21,2023-12-21,12,17190.0,18618.0,open,False,16491.456000000006,1,15.0
2023,low,279600,미디어젠,breakout,2023-12-21,2023-12-22,2023-12-26,2023-12-26,11,18982.0,21718.0,open,False,29424.45000000001,1,15.0
2023,low,279600,미디어젠,breakout,2023-12-26,2023-12-27,2023-12-28,2023-12-28,11,22032.0,22201.0,open,False,1129.1554999999935,1,15.0
2023,low,309960,LB인베스트먼트,pullback,2023-12-28,2024-01-02,2024-01-03,2024-01-03,54,4645.0,4620.0,open,False,-2100.4649999999965,1,15.0
2024,open,326030,SK바이오팜,breakout,2024-01-02,2024-01-03,2024-01-04,2024-01-04,2,103300.0,102800.0,open,False,-1618.3000000000175,1,15.0
2024,open,326030,SK바이오팜,pullback,2024-01-05,2024-01-08,2024-01-09,2024-01-09,3,97500.0,96300.0,open,False,-4472.099999999977,1,15.0
2024,open,004540,깨끗한나라,breakout,2024-01-10,2024-01-11,2024-01-12,2024-01-12,95,3085.0,3020.0,open,False,-7044.962499999965,1,15.0
2024,open,089850,유비벨록스,pullback,2024-01-15,2024-01-16,2024-01-17,2024-01-17,34,8424.0,8363.0,open,False,-2930.136999999988,1,15.0
2024,open,131370,알서포트,breakout,2024-01-18,2024-01-19,2024-01-22,2024-01-22,53,5280.0,5310.0,open,False,748.0950000000303,1,15.0
2024,open,270870,뉴트리,pullback,2024-01-22,2024-01-23,2024-01-24,2024-01-24,39,7170.0,7130.0,open,False,-2396.5499999999884,1,15.0
2024,open,170920,엘티씨,breakout,2024-01-25,2024-01-26,2024-01-29,2024-01-29,15,17700.0,17680.0,open,False,-1096.0499999999884,1,15.0
2024,open,003830,대한화섬,breakout,2024-01-29,2024-01-30,2024-01-31,2024-01-31,2,114600.0,117100.0,open,False,4304.899999999994,1,15.0
2024,open,003030,세아제강지주,pullback,2024-01-31,2024-02-01,2024-02-02,2024-02-02,1,220000.0,223500.0,open,False,2834.75,1,15.0
2024,open,163560,동일고무벨트,breakout,2024-02-05,2024-02-06,2024-02-07,2024-02-07,43,6650.0,6350.0,open,False,-13738.5,1,15.0
2024,open,004360,세방,breakout,2024-02-07,2024-02-08,2024-02-13,2024-02-13,19,14370.0,13960.0,open,False,-8597.405000000028,1,15.0
2024,open,170920,엘티씨,pullback,2024-02-13,2024-02-14,2024-02-15,2024-02-15,16,16210.0,17400.0,open,False,18233.360000000015,1,15.0
2024,open,003530,한화투자증권,breakout,2024-02-15,2024-02-16,2024-02-19,2024-02-19,62,4510.0,4460.0,open,False,-3934.2099999999627,1,15.0
2024,open,036460,한국가스공사,breakout,2024-02-19,2024-02-20,2024-02-21,2024-02-21,9,30900.0,29950.0,open,False,-9371.475000000035,1,15.0
2024,open,014830,유니드,breakout,2024-02-21,2024-02-22,2024-02-23,2024-02-23,3,80400.0,81400.0,open,False,2271.899999999994,1,15.0
2024,open,001130,대한제분,breakout,2024-02-23,2024-02-26,2024-02-27,2024-02-27,19,14220.0,13900.0,open,False,-6881.419999999984,1,15.0
2024,open,163560,동일고무벨트,breakout,2024-02-27,2024-02-28,2024-02-29,2024-02-29,28,9320.0,9720.0,open,False,10400.320000000007,1,15.0
2024,open,088980,맥쿼리인프라,breakout,2024-02-29,2024-03-04,2024-03-05,2024-03-05,21,12708.0,12778.0,open,False,667.1909999999916,1,15.0
2024,open,001460,BYC,breakout,2024-03-05,2024-03-06,2024-03-07,2024-03-07,5,50500.0,49950.0,open,False,-3503.375,1,15.0
2024,open,270870,뉴트리,pullback,2024-03-07,2024-03-08,2024-03-11,2024-03-11,32,8380.0,8400.0,open,False,-165.44000000000233,1,15.0
2024,open,088980,맥쿼리인프라,pullback,2024-03-11,2024-03-12,2024-03-13,2024-03-13,21,12857.0,12808.0,open,False,-1837.4475000000093,1,15.0
2024,open,006220,제주은행,pullback,2024-03-13,2024-03-14,2024-03-15,2024-03-15,18,14300.0,13840.0,open,False,-9039.779999999999,1,15.0
2024,open,015360,INVENI,pullback,2024-03-15,2024-03-18,2024-03-19,2024-03-19,33,7900.0,7870.0,open,False,-1770.6149999999907,1,15.0
2024,open,014160,대영포장,breakout,2024-03-19,2024-03-20,2024-03-21,2024-03-21,190,1368.0,1866.0,open,False,93698.31,1,15.0
2024,open,014160,대영포장,breakout,2024-03-21,2024-03-22,2024-03-25,2024-03-25,189,1868.0,1995.0,open,False,22907.839500000002,1,15.0
2024,open,026890,스틱인베스트먼트,breakout,2024-03-25,2024-03-26,2024-03-27,2024-03-27,50,7540.0,7490.0,open,False,-3627.25,1,15.0
2024,open,026890,스틱인베스트먼트,breakout,2024-03-27,2024-03-28,2024-03-29,2024-03-29,47,7800.0,7750.0,open,False,-3446.2750000000233,1,15.0
2024,open,094280,효성ITX,breakout,2024-03-29,2024-04-01,2024-04-02,2024-04-02,28,12830.0,12700.0,open,False,-4712.260000000009,1,15.0
2024,open,006360,GS건설,breakout,2024-04-03,2024-04-04,2024-04-05,2024-04-05,23,15760.0,15030.0,open,False,-17852.255000000005,1,15.0
2024,open,026890,스틱인베스트먼트,pullback,2024-04-05,2024-04-08,2024-04-09,2024-04-09,44,7860.0,7910.0,open,False,1159.179999999993,1,15.0
2024,open,101360,에코앤드림,pullback,2024-04-09,2024-04-11,2024-04-12,2024-04-12,7,46949.0,45838.0,open,False,-8751.263500000001,1,15.0
2024,open,265520,AP시스템,breakout,2024-04-12,2024-04-15,2024-04-16,2024-04-16,12,27400.0,27450.0,open,False,-387.29999999998836,1,15.0
2024,open,006220,제주은행,breakout,2024-04-16,2024-04-17,2024-04-18,2024-04-18,21,15700.0,15200.0,open,False,-11473.350000000035,1,15.0
2024,open,265520,AP시스템,breakout,2024-04-18,2024-04-19,2024-04-22,2024-04-22,10,32500.0,31800.0,open,False,-7964.5,1,15.0
2024,open,105560,KB금융,pullback,2024-04-22,2024-04-23,2024-04-24,2024-04-24,4,70500.0,69900.0,open,False,-3242.399999999965,1,15.0
2024,open,220100,퓨쳐켐,breakout,2024-04-24,2024-04-25,2024-04-26,2024-04-26,29,10663.0,10211.0,open,False,-14016.018999999971,1,15.0
2024,open,003030,세아제강지주,pullback,2024-04-26,2024-04-29,2024-04-30,2024-04-30,1,223500.0,230500.0,open,False,6319.0,1,15.0
2024,open,004450,삼화왕관,pullback,2024-04-30,2024-05-02,2024-05-03,2024-05-03,9,32800.0,33100.0,open,False,1810.350000000035,1,15.0
2024,open,149980,하이로닉,pullback,2024-05-03,2024-05-07,2024-05-08,2024-05-08,21,14324.0,14000.0,open,False,-7696.206000000006,1,15.0
2024,open,081580,성우전자,breakout,2024-05-08,2024-05-09,2024-05-10,2024-05-10,118,2550.0,2585.0,open,False,3221.1049999999814,1,15.0
2024,open,081580,성우전자,breakout,2024-05-10,2024-05-13,2024-05-14,2024-05-14,113,2690.0,2610.0,open,False,-9938.349999999977,1,15.0
2024,open,270870,뉴트리,breakout,2024-05-14,2024-05-16,2024-05-17,2024-05-17,27,10630.0,11330.0,open,False,18010.619999999995,1,15.0
2024,open,094280,효성ITX,breakout,2024-05-17,2024-05-20,2024-05-21,2024-05-21,23,13210.0,13240.0,open,False,-222.52499999996508,1,15.0
2024,open,170920,엘티씨,breakout,2024-05-21,2024-05-22,2024-05-23,2024-05-23,16,18570.0,19720.0,open,False,17481.040000000037,1,15.0
2024,open,282720,금양그린파워,breakout,2024-05-23,2024-05-24,2024-05-27,2024-05-27,19,16700.0,17230.0,open,False,9102.994999999995,1,15.0
2024,open,094280,효성ITX,breakout,2024-05-27,2024-05-28,2024-05-29,2024-05-29,24,13940.0,13670.0,open,False,-7473.960000000021,1,15.0
2024,open,009300,삼아제약,breakout,2024-05-29,2024-05-30,2024-05-31,2024-05-31,15,21200.0,20550.0,open,False,-10689.375,1,15.0
2024,open,036460,한국가스공사,breakout,2024-05-31,2024-06-03,2024-06-04,2024-06-04,10,29800.0,40800.0,open,False,108941.0,1,15.0
2024,open,036460,한국가스공사,breakout,2024-06-04,2024-06-05,2024-06-07,2024-06-07,11,39000.0,43700.0,open,False,50335.45000000001,1,15.0
2024,open,051630,진양화학,breakout,2024-06-07,2024-06-10,2024-06-11,2024-06-11,143,3366.0,3315.0,open,False,-8726.074499999988,1,15.0
2024,open,081580,성우전자,breakout,2024-06-11,2024-06-12,2024-06-13,2024-06-13,149,3170.0,3325.0,open,False,21643.367499999993,1,15.0
2024,open,003830,대한화섬,breakout,2024-06-13,2024-06-14,2024-06-17,2024-06-17,4,114500.0,114200.0,open,False,-2572.1999999999534,1,15.0
2024,open,009300,삼아제약,pullback,2024-06-17,2024-06-18,2024-06-19,2024-06-19,24,20350.0,21200.0,open,False,18904.20000000001,1,15.0
2024,open,011780,금호석유화학,pullback,2024-06-19,2024-06-20,2024-06-21,2024-06-21,3,150200.0,156400.0,open,False,17220.29999999999,1,15.0
2024,open,220100,퓨쳐켐,pullback,2024-06-21,2024-06-24,2024-06-25,2024-06-25,41,12607.0,12301.0,open,False,-14077.842000000004,1,15.0
2024,open,270870,뉴트리,pullback,2024-06-25,2024-06-26,2024-06-27,2024-06-27,47,10790.0,10620.0,open,False,-9499.40499999997,1,15.0
2024,open,094280,효성ITX,pullback,2024-06-27,2024-06-28,2024-07-01,2024-07-01,37,13400.0,13470.0,open,False,1098.7150000000256,1,15.0
2024,open,094280,효성ITX,pullback,2024-07-01,2024-07-02,2024-07-03,2024-07-03,36,13940.0,14190.0,open,False,7480.98000000004,1,15.0
2024,open,003570,SNT다이내믹스,pullback,2024-07-04,2024-07-05,2024-07-08,2024-07-08,25,20300.0,20000.0,open,False,-9011.25,1,15.0
2024,open,009300,삼아제약,pullback,2024-07-08,2024-07-09,2024-07-10,2024-07-10,21,23350.0,23650.0,open,False,4819.5,1,15.0
2024,open,009300,삼아제약,breakout,2024-07-10,2024-07-11,2024-07-12,2024-07-12,19,26700.0,25000.0,open,False,-33773.45000000001,1,15.0
2024,open,220100,퓨쳐켐,breakout,2024-07-12,2024-07-15,2024-07-16,2024-07-16,28,16859.0,18190.0,open,False,35795.94199999998,1,15.0
2024,open,006360,GS건설,breakout,2024-07-16,2024-07-17,2024-07-18,2024-07-18,28,17660.0,18300.0,open,False,16409.679999999993,1,15.0
2024,open,003570,SNT다이내믹스,pullback,2024-07-18,2024-07-19,2024-07-22,2024-07-22,24,21100.0,21100.0,open,False,-1519.2000000000116,1,15.0
2024,open,105560,KB금융,pullback,2024-07-22,2024-07-23,2024-07-24,2024-07-24,6,87200.0,89400.0,open,False,11610.599999999977,1,15.0
2024,open,053350,이니텍,pullback,2024-07-25,2024-07-26,2024-07-29,2024-07-29,145,3705.0,3750.0,open,False,4903.537499999977,1,15.0
2024,open,006360,GS건설,breakout,2024-07-29,2024-07-30,2024-07-31,2024-07-31,27,19660.0,19500.0,open,False,-5905.979999999981,1,15.0
2024,open,036460,한국가스공사,pullback,2024-07-31,2024-08-01,2024-08-02,2024-08-02,12,43900.0,42000.0,open,False,-24346.20000000007,1,15.0
2024,open,053350,이니텍,breakout,2024-08-02,2024-08-05,2024-08-06,2024-08-06,128,3975.0,3260.0,open,False,-92909.12,1,15.0
2024,open,064850,에프앤가이드,pullback,2024-08-06,2024-08-07,2024-08-08,2024-08-08,53,7780.0,8090.0,open,False,15168.335000000021,1,15.0
2024,open,246250,에스엘에스바이오,pullback,2024-08-08,2024-08-09,2024-08-12,2024-08-12,124,3490.0,4560.0,open,False,131182.70000000007,1,15.0
2024,open,246250,에스엘에스바이오,breakout,2024-08-12,2024-08-13,2024-08-14,2024-08-14,118,4790.0,4555.0,open,False,-29384.06500000006,1,15.0
2024,open,016360,삼성증권,pullback,2024-08-14,2024-08-16,2024-08-19,2024-08-19,11,44900.0,45200.0,open,False,1813.3499999999767,1,15.0
2024,open,000080,하이트진로,breakout,2024-08-19,2024-08-20,2024-08-21,2024-08-21,24,22250.0,21950.0,open,False,-8791.199999999953,1,15.0
2024,open,004100,태양금속,pullback,2024-08-22,2024-08-23,2024-08-26,2024-08-26,168,3140.0,3075.0,open,False,-12486.179999999993,1,15.0
2024,open,064850,에프앤가이드,breakout,2024-08-26,2024-08-27,2024-08-28,2024-08-28,59,8680.0,9190.0,open,False,28508.505000000005,1,15.0
2024,open,064850,에프앤가이드,breakout,2024-08-28,2024-08-29,2024-08-30,2024-08-30,58,9340.0,9690.0,open,False,18644.390000000014,1,15.0
2024,open,081580,성우전자,breakout,2024-08-30,2024-09-02,2024-09-03,2024-09-03,139,4050.0,3990.0,open,False,-10016.339999999967,1,15.0
2024,open,015360,INVENI,breakout,2024-09-03,2024-09-04,2024-09-05,2024-09-05,61,9070.0,9040.0,open,False,-3487.064999999944,1,15.0
2024,open,064850,에프앤가이드,breakout,2024-09-05,2024-09-06,2024-09-09,2024-09-09,41,13420.0,14290.0,open,False,33965.83499999996,1,15.0
2024,open,015360,INVENI,pullback,2024-09-09,2024-09-10,2024-09-11,2024-09-11,63,9150.0,9360.0,open,False,11480.804999999935,1,15.0
2024,open,010130,고려아연,pullback,2024-09-11,2024-09-12,2024-09-13,2024-09-13,1,549000.0,660000.0,open,False,109186.5,1,15.0
2024,open,010130,고려아연,breakout,2024-09-13,2024-09-19,2024-09-20,2024-09-20,1,679000.0,720000.0,open,False,38901.5,1,15.0
2024,open,064850,에프앤가이드,breakout,2024-09-20,2024-09-23,2024-09-24,2024-09-24,32,23000.0,38450.0,open,False,491450.40000000014,1,15.0
2024,open,081580,성우전자,breakout,2024-09-24,2024-09-25,2024-09-26,2024-09-26,284,4345.0,4565.0,open,False,58684.340000000084,1,15.0
2024,open,006800,미래에셋증권,pullback,2024-09-26,2024-09-27,2024-09-30,2024-09-30,149,8662.0,8662.0,open,False,-3871.914000000106,1,15.0
2024,open,220100,퓨쳐켐,breakout,2024-09-30,2024-10-02,2024-10-04,2024-10-04,59,21820.0,19601.0,open,False,-134586.7585,1,15.0
2024,open,010130,고려아연,breakout,2024-10-04,2024-10-07,2024-10-08,2024-10-08,1,777000.0,778000.0,open,False,-1332.5,1,15.0
2024,open,220100,퓨쳐켐,pullback,2024-10-08,2024-10-10,2024-10-11,2024-10-11,54,21053.0,21860.0,open,False,40102.04700000002,1,15.0
2024,open,326030,SK바이오팜,breakout,2024-10-11,2024-10-14,2024-10-15,2024-10-15,9,120000.0,119800.0,open,False,-5037.300000000047,1,15.0
2024,open,326030,SK바이오팜,breakout,2024-10-15,2024-10-16,2024-10-17,2024-10-17,9,125700.0,127700.0,open,False,14579.100000000093,1,15.0
2024,open,015360,INVENI,breakout,2024-10-18,2024-10-21,2024-10-22,2024-10-22,125,9590.0,9690.0,open,False,8885.0,1,15.0
2024,open,015360,INVENI,breakout,2024-10-22,2024-10-23,2024-10-24,2024-10-24,120,10040.0,10280.0,open,False,25142.40000000014,1,15.0
2024,open,004870,티웨이홀딩스,pullback,2024-10-25,2024-10-28,2024-10-29,2024-10-29,324,3810.0,3439.0,open,False,-123727.0140000002,1,15.0
2024,open,015360,INVENI,breakout,2024-10-29,2024-10-30,2024-10-31,2024-10-31,106,10500.0,10120.0,open,False,-43558.57999999984,1,15.0
2024,open,004870,티웨이홀딩스,breakout,2024-10-31,2024-11-01,2024-11-04,2024-11-04,246,4343.0,3995.0,open,False,-88684.72199999995,1,15.0
2024,open,102460,이연제약,pullback,2024-11-04,2024-11-05,2024-11-06,2024-11-06,59,16560.0,16430.0,open,False,-10589.61499999999,1,15.0
2024,open,105560,KB금융,pullback,2024-11-06,2024-11-07,2024-11-08,2024-11-08,10,94900.0,93900.0,open,False,-12832.0,1,15.0
2024,open,016090,대현,pullback,2024-11-08,2024-11-11,2024-11-12,2024-11-12,458,2090.0,2070.0,open,False,-12017.920000000042,1,15.0
2024,open,127120,제이에스링크,breakout,2024-11-12,2024-11-13,2024-11-14,2024-11-14,238,3965.0,3790.0,open,False,-44418.534999999916,1,15.0
2024,open,006800,미래에셋증권,pullback,2024-11-14,2024-11-15,2024-11-18,2024-11-18,105,8542.0,8313.0,open,False,-26699.662500000093,1,15.0
2024,open,016090,대현,pullback,2024-11-18,2024-11-19,2024-11-20,2024-11-20,416,2100.0,2130.0,open,False,9840.479999999981,1,15.0
2024,open,016090,대현,breakout,2024-11-20,2024-11-21,2024-11-22,2024-11-22,404,2185.0,2190.0,open,False,-631.25,1,15.0
2024,open,127120,제이에스링크,pullback,2024-11-25,2024-11-26,2024-11-27,2024-11-27,238,3710.0,3870.0,open,False,35373.939999999944,1,15.0
2024,open,127120,제이에스링크,breakout,2024-11-27,2024-11-28,2024-11-29,2024-11-29,224,4100.0,4250.0,open,False,30794.399999999907,1,15.0
2024,open,105560,KB금융,pullback,2024-11-29,2024-12-02,2024-12-03,2024-12-03,9,96800.0,97400.0,open,False,2778.3000000000466,1,15.0
2024,open,016360,삼성증권,breakout,2024-12-03,2024-12-04,2024-12-05,2024-12-05,19,49800.0,48950.0,open,False,-18964.375,1,15.0
2024,open,003530,한화투자증권,pullback,2024-12-05,2024-12-06,2024-12-09,2024-12-09,230,4060.0,3910.0,open,False,-37249.65000000002,1,15.0
2024,open,015020,이스타코,breakout,2024-12-09,2024-12-10,2024-12-11,2024-12-11,204,4390.0,5310.0,open,False,184711.80000000005,1,15.0
2024,open,115500,케이씨에스,breakout,2024-12-11,2024-12-12,2024-12-13,2024-12-13,116,9270.0,10540.0,open,False,143873.06000000006,1,15.0
2024,open,015360,INVENI,pullback,2024-12-16,2024-12-17,2024-12-18,2024-12-18,117,10400.0,10640.0,open,False,24387.480000000214,1,15.0
2024,open,127120,제이에스링크,breakout,2024-12-18,2024-12-19,2024-12-20,2024-12-20,279,4470.0,4780.0,open,False,82618.875,1,15.0
2024,open,127120,제이에스링크,breakout,2024-12-20,2024-12-23,2024-12-24,2024-12-24,266,5000.0,5090.0,open,False,19914.090000000084,1,15.0
2024,open,015360,INVENI,breakout,2024-12-26,2024-12-27,2024-12-30,2024-12-30,125,10760.0,10260.0,open,False,-66441.25,1,15.0
2024,open,115500,케이씨에스,breakout,2024-12-30,2025-01-02,2025-01-03,2025-01-03,89,14300.0,14460.0,open,False,10400.540000000037,1,15.0
2024,close,326030,SK바이오팜,breakout,2024-01-02,2024-01-03,2024-01-04,2024-01-04,2,103300.0,102800.0,open,False,-1618.3000000000175,1,15.0
2024,close,326030,SK바이오팜,pullback,2024-01-05,2024-01-08,2024-01-09,2024-01-09,3,97500.0,96300.0,open,False,-4472.099999999977,1,15.0
2024,close,004540,깨끗한나라,breakout,2024-01-10,2024-01-11,2024-01-12,2024-01-12,95,3085.0,3020.0,open,False,-7044.962499999965,1,15.0
2024,close,089850,유비벨록스,pullback,2024-01-15,2024-01-16,2024-01-17,2024-01-17,34,8424.0,8363.0,open,False,-2930.136999999988,1,15.0
2024,close,131370,알서포트,breakout,2024-01-18,2024-01-19,2024-01-22,2024-01-22,53,5280.0,5310.0,open,False,748.0950000000303,1,15.0
2024,close,270870,뉴트리,pullback,2024-01-22,2024-01-23,2024-01-24,2024-01-24,39,7170.0,7130.0,open,False,-2396.5499999999884,1,15.0
2024,close,170920,엘티씨,breakout,2024-01-25,2024-01-26,2024-01-29,2024-01-29,15,17700.0,17680.0,open,False,-1096.0499999999884,1,15.0
2024,close,003830,대한화섬,breakout,2024-01-29,2024-01-30,2024-01-31,2024-01-31,2,114600.0,117100.0,open,False,4304.899999999994,1,15.0
2024,close,003030,세아제강지주,pullback,2024-01-31,2024-02-01,2024-02-02,2024-02-02,1,220000.0,223500.0,open,False,2834.75,1,15.0
2024,close,163560,동일고무벨트,breakout,2024-02-05,2024-02-06,2024-02-07,2024-02-07,43,6650.0,6350.0,open,False,-13738.5,1,15.0
2024,close,004360,세방,breakout,2024-02-07,2024-02-08,2024-02-13,2024-02-13,19,14370.0,13960.0,open,False,-8597.405000000028,1,15.0
2024,close,170920,엘티씨,pullback,2024-02-13,2024-02-14,2024-02-15,2024-02-15,16,16210.0,17400.0,open,False,18233.360000000015,1,15.0
2024,close,003530,한화투자증권,breakout,2024-02-15,2024-02-16,2024-02-19,2024-02-19,62,4510.0,4460.0,open,False,-3934.2099999999627,1,15.0
2024,close,036460,한국가스공사,breakout,2024-02-19,2024-02-20,2024-02-21,2024-02-21,9,30900.0,29950.0,open,False,-9371.475000000035,1,15.0
2024,close,014830,유니드,breakout,2024-02-21,2024-02-22,2024-02-23,2024-02-23,3,80400.0,81400.0,open,False,2271.899999999994,1,15.0
2024,close,001130,대한제분,breakout,2024-02-23,2024-02-26,2024-02-27,2024-02-27,19,14220.0,13900.0,open,False,-6881.419999999984,1,15.0
2024,close,163560,동일고무벨트,breakout,2024-02-27,2024-02-28,2024-02-29,2024-02-29,28,9320.0,9720.0,open,False,10400.320000000007,1,15.0
2024,close,088980,맥쿼리인프라,breakout,2024-02-29,2024-03-04,2024-03-05,2024-03-05,21,12708.0,12778.0,open,False,667.1909999999916,1,15.0
2024,close,001460,BYC,breakout,2024-03-05,2024-03-06,2024-03-07,2024-03-07,5,50500.0,49950.0,open,False,-3503.375,1,15.0
2024,close,270870,뉴트리,pullback,2024-03-07,2024-03-08,2024-03-11,2024-03-11,32,8380.0,8400.0,open,False,-165.44000000000233,1,15.0
2024,close,088980,맥쿼리인프라,pullback,2024-03-11,2024-03-12,2024-03-13,2024-03-13,21,12857.0,12808.0,open,False,-1837.4475000000093,1,15.0
2024,close,006220,제주은행,pullback,2024-03-13,2024-03-14,2024-03-15,2024-03-15,18,14300.0,13840.0,open,False,-9039.779999999999,1,15.0
2024,close,015360,INVENI,pullback,2024-03-15,2024-03-18,2024-03-19,2024-03-19,33,7900.0,7870.0,open,False,-1770.6149999999907,1,15.0
2024,close,014160,대영포장,breakout,2024-03-19,2024-03-20,2024-03-21,2024-03-21,190,1368.0,1866.0,open,False,93698.31,1,15.0
2024,close,014160,대영포장,breakout,2024-03-21,2024-03-22,2024-03-25,2024-03-25,189,1868.0,1995.0,open,False,22907.839500000002,1,15.0
2024,close,026890,스틱인베스트먼트,breakout,2024-03-25,2024-03-26,2024-03-27,2024-03-27,50,7540.0,7490.0,open,False,-3627.25,1,15.0
2024,close,026890,스틱인베스트먼트,breakout,2024-03-27,2024-03-28,2024-03-29,2024-03-29,47,7800.0,7750.0,open,False,-3446.2750000000233,1,15.0
2024,close,094280,효성ITX,breakout,2024-03-29,2024-04-01,2024-04-02,2024-04-02,28,12830.0,12700.0,open,False,-4712.260000000009,1,15.0
2024,close,006360,GS건설,breakout,2024-04-03,2024-04-04,2024-04-05,2024-04-05,23,15760.0,15030.0,open,False,-17852.255000000005,1,15.0
2024,close,026890,스틱인베스트먼트,pullback,2024-04-05,2024-04-08,2024-04-09,2024-04-09,44,7860.0,7910.0,open,False,1159.179999999993,1,15.0
2024,close,101360,에코앤드림,pullback,2024-04-09,2024-04-11,2024-04-12,2024-04-12,7,46949.0,45838.0,open,False,-8751.263500000001,1,15.0
2024,close,265520,AP시스템,breakout,2024-04-12,2024-04-15,2024-04-16,2024-04-16,12,27400.0,27450.0,open,False,-387.29999999998836,1,15.0
2024,close,006220,제주은행,breakout,2024-04-16,2024-04-17,2024-04-18,2024-04-18,21,15700.0,15200.0,open,False,-11473.350000000035,1,15.0
2024,close,265520,AP시스템,breakout,2024-04-18,2024-04-19,2024-04-22,2024-04-22,10,32500.0,31800.0,open,False,-7964.5,1,15.0
2024,close,105560,KB금융,pullback,2024-04-22,2024-04-23,2024-04-24,2024-04-24,4,70500.0,69900.0,open,False,-3242.399999999965,1,15.0
2024,close,220100,퓨쳐켐,breakout,2024-04-24,2024-04-25,2024-04-26,2024-04-26,29,10663.0,10211.0,open,False,-14016.018999999971,1,15.0
2024,close,003030,세아제강지주,pullback,2024-04-26,2024-04-29,2024-04-30,2024-04-30,1,223500.0,230500.0,open,False,6319.0,1,15.0
2024,close,004450,삼화왕관,pullback,2024-04-30,2024-05-02,2024-05-03,2024-05-03,9,32800.0,33100.0,open,False,1810.350000000035,1,15.0
2024,close,149980,하이로닉,pullback,2024-05-03,2024-05-07,2024-05-08,2024-05-08,21,14324.0,14000.0,open,False,-7696.206000000006,1,15.0
2024,close,081580,성우전자,breakout,2024-05-08,2024-05-09,2024-05-10,2024-05-10,118,2550.0,2585.0,open,False,3221.1049999999814,1,15.0
2024,close,081580,성우전자,breakout,2024-05-10,2024-05-13,2024-05-14,2024-05-14,113,2690.0,2610.0,open,False,-9938.349999999977,1,15.0
2024,close,270870,뉴트리,breakout,2024-05-14,2024-05-16,2024-05-17,2024-05-17,27,10630.0,11330.0,open,False,18010.619999999995,1,15.0
2024,close,094280,효성ITX,breakout,2024-05-17,2024-05-20,2024-05-21,2024-05-21,23,13210.0,13240.0,open,False,-222.52499999996508,1,15.0
2024,close,170920,엘티씨,breakout,2024-05-21,2024-05-22,2024-05-23,2024-05-23,16,18570.0,19720.0,open,False,17481.040000000037,1,15.0
2024,close,282720,금양그린파워,breakout,2024-05-23,2024-05-24,2024-05-27,2024-05-27,19,16700.0,17230.0,open,False,9102.994999999995,1,15.0
2024,close,094280,효성ITX,breakout,2024-05-27,2024-05-28,2024-05-29,2024-05-29,24,13940.0,13670.0,open,False,-7473.960000000021,1,15.0
2024,close,009300,삼아제약,breakout,2024-05-29,2024-05-30,2024-05-31,2024-05-31,15,21200.0,20550.0,open,False,-10689.375,1,15.0
2024,close,036460,한국가스공사,breakout,2024-05-31,2024-06-03,2024-06-04,2024-06-04,10,29800.0,40800.0,open,False,108941.0,1,15.0
2024,close,036460,한국가스공사,breakout,2024-06-04,2024-06-05,2024-06-07,2024-06-07,11,39000.0,43700.0,open,False,50335.45000000001,1,15.0
2024,close,051630,진양화학,breakout,2024-06-07,2024-06-10,2024-06-11,2024-06-11,143,3366.0,3315.0,open,False,-8726.074499999988,1,15.0
2024,close,081580,성우전자,breakout,2024-06-11,2024-06-12,2024-06-13,2024-06-13,149,3170.0,3325.0,open,False,21643.367499999993,1,15.0
2024,close,003830,대한화섬,breakout,2024-06-13,2024-06-14,2024-06-17,2024-06-17,4,114500.0,114200.0,open,False,-2572.1999999999534,1,15.0
2024,close,009300,삼아제약,pullback,2024-06-17,2024-06-18,2024-06-19,2024-06-19,24,20350.0,21200.0,open,False,18904.20000000001,1,15.0
2024,close,011780,금호석유화학,pullback,2024-06-19,2024-06-20,2024-06-21,2024-06-21,3,150200.0,156400.0,open,False,17220.29999999999,1,15.0
2024,close,220100,퓨쳐켐,pullback,2024-06-21,2024-06-24,2024-06-25,2024-06-25,41,12607.0,12301.0,open,False,-14077.842000000004,1,15.0
2024,close,270870,뉴트리,pullback,2024-06-25,2024-06-26,2024-06-27,2024-06-27,47,10790.0,10620.0,open,False,-9499.40499999997,1,15.0
2024,close,094280,효성ITX,pullback,2024-06-27,2024-06-28,2024-07-01,2024-07-01,37,13400.0,13470.0,open,False,1098.7150000000256,1,15.0
2024,close,094280,효성ITX,pullback,2024-07-01,2024-07-02,2024-07-03,2024-07-03,36,13940.0,14190.0,open,False,7480.98000000004,1,15.0
2024,close,003570,SNT다이내믹스,pullback,2024-07-04,2024-07-05,2024-07-08,2024-07-08,25,20300.0,20000.0,open,False,-9011.25,1,15.0
2024,close,009300,삼아제약,pullback,2024-07-08,2024-07-09,2024-07-10,2024-07-10,21,23350.0,23650.0,open,False,4819.5,1,15.0
2024,close,009300,삼아제약,breakout,2024-07-10,2024-07-11,2024-07-12,2024-07-12,19,26700.0,25000.0,open,False,-33773.45000000001,1,15.0
2024,close,220100,퓨쳐켐,breakout,2024-07-12,2024-07-15,2024-07-16,2024-07-16,28,16859.0,18190.0,open,False,35795.94199999998,1,15.0
2024,close,006360,GS건설,breakout,2024-07-16,2024-07-17,2024-07-18,2024-07-18,28,17660.0,18300.0,open,False,16409.679999999993,1,15.0
2024,close,003570,SNT다이내믹스,pullback,2024-07-18,2024-07-19,2024-07-22,2024-07-22,24,21100.0,21100.0,open,False,-1519.2000000000116,1,15.0
2024,close,105560,KB금융,pullback,2024-07-22,2024-07-23,2024-07-24,2024-07-24,6,87200.0,89400.0,open,False,11610.599999999977,1,15.0
2024,close,053350,이니텍,pullback,2024-07-25,2024-07-26,2024-07-29,2024-07-29,145,3705.0,3750.0,open,False,4903.537499999977,1,15.0
2024,close,006360,GS건설,breakout,2024-07-29,2024-07-30,2024-07-31,2024-07-31,27,19660.0,19500.0,open,False,-5905.979999999981,1,15.0
2024,close,036460,한국가스공사,pullback,2024-07-31,2024-08-01,2024-08-02,2024-08-02,12,43900.0,42000.0,open,False,-24346.20000000007,1,15.0
2024,close,053350,이니텍,breakout,2024-08-02,2024-08-05,2024-08-06,2024-08-06,128,3975.0,3260.0,open,False,-92909.12,1,15.0
2024,close,064850,에프앤가이드,pullback,2024-08-06,2024-08-07,2024-08-08,2024-08-08,53,7780.0,8090.0,open,False,15168.335000000021,1,15.0
2024,close,246250,에스엘에스바이오,pullback,2024-08-08,2024-08-09,2024-08-12,2024-08-12,124,3490.0,4560.0,open,False,131182.70000000007,1,15.0
2024,close,246250,에스엘에스바이오,breakout,2024-08-12,2024-08-13,2024-08-14,2024-08-14,118,4790.0,4555.0,open,False,-29384.06500000006,1,15.0
2024,close,016360,삼성증권,pullback,2024-08-14,2024-08-16,2024-08-19,2024-08-19,11,44900.0,45200.0,open,False,1813.3499999999767,1,15.0
2024,close,000080,하이트진로,breakout,2024-08-19,2024-08-20,2024-08-21,2024-08-21,24,22250.0,21950.0,open,False,-8791.199999999953,1,15.0
2024,close,004100,태양금속,pullback,2024-08-22,2024-08-23,2024-08-26,2024-08-26,168,3140.0,3075.0,open,False,-12486.179999999993,1,15.0
2024,close,064850,에프앤가이드,breakout,2024-08-26,2024-08-27,2024-08-28,2024-08-28,59,8680.0,9190.0,open,False,28508.505000000005,1,15.0
2024,close,064850,에프앤가이드,breakout,2024-08-28,2024-08-29,2024-08-30,2024-08-30,58,9340.0,9690.0,open,False,18644.390000000014,1,15.0
2024,close,081580,성우전자,breakout,2024-08-30,2024-09-02,2024-09-03,2024-09-03,139,4050.0,3990.0,open,False,-10016.339999999967,1,15.0
2024,close,015360,INVENI,breakout,2024-09-03,2024-09-04,2024-09-05,2024-09-05,61,9070.0,9040.0,open,False,-3487.064999999944,1,15.0
2024,close,064850,에프앤가이드,breakout,2024-09-05,2024-09-06,2024-09-09,2024-09-09,41,13420.0,14290.0,open,False,33965.83499999996,1,15.0
2024,close,015360,INVENI,pullback,2024-09-09,2024-09-10,2024-09-11,2024-09-11,63,9150.0,9360.0,open,False,11480.804999999935,1,15.0
2024,close,010130,고려아연,pullback,2024-09-11,2024-09-12,2024-09-13,2024-09-13,1,549000.0,660000.0,open,False,109186.5,1,15.0
2024,close,010130,고려아연,breakout,2024-09-13,2024-09-19,2024-09-20,2024-09-20,1,679000.0,720000.0,open,False,38901.5,1,15.0
2024,close,064850,에프앤가이드,breakout,2024-09-20,2024-09-23,2024-09-24,2024-09-24,32,23000.0,38450.0,open,False,491450.40000000014,1,15.0
2024,close,081580,성우전자,breakout,2024-09-24,2024-09-25,2024-09-26,2024-09-26,284,4345.0,4565.0,open,False,58684.340000000084,1,15.0
2024,close,006800,미래에셋증권,pullback,2024-09-26,2024-09-27,2024-09-30,2024-09-30,149,8662.0,8662.0,open,False,-3871.914000000106,1,15.0
2024,close,220100,퓨쳐켐,breakout,2024-09-30,2024-10-02,2024-10-04,2024-10-04,59,21820.0,19601.0,open,False,-134586.7585,1,15.0
2024,close,010130,고려아연,breakout,2024-10-04,2024-10-07,2024-10-08,2024-10-08,1,777000.0,778000.0,open,False,-1332.5,1,15.0
2024,close,220100,퓨쳐켐,pullback,2024-10-08,2024-10-10,2024-10-11,2024-10-11,54,21053.0,21860.0,open,False,40102.04700000002,1,15.0
2024,close,326030,SK바이오팜,breakout,2024-10-11,2024-10-14,2024-10-15,2024-10-15,9,120000.0,119800.0,open,False,-5037.300000000047,1,15.0
2024,close,326030,SK바이오팜,breakout,2024-10-15,2024-10-16,2024-10-17,2024-10-17,9,125700.0,127700.0,open,False,14579.100000000093,1,15.0
2024,close,015360,INVENI,breakout,2024-10-18,2024-10-21,2024-10-22,2024-10-22,125,9590.0,9690.0,open,False,8885.0,1,15.0
2024,close,015360,INVENI,breakout,2024-10-22,2024-10-23,2024-10-24,2024-10-24,120,10040.0,10280.0,open,False,25142.40000000014,1,15.0
2024,close,004870,티웨이홀딩스,pullback,2024-10-25,2024-10-28,2024-10-29,2024-10-29,324,3810.0,3439.0,open,False,-123727.0140000002,1,15.0
2024,close,015360,INVENI,breakout,2024-10-29,2024-10-30,2024-10-31,2024-10-31,106,10500.0,10120.0,open,False,-43558.57999999984,1,15.0
2024,close,004870,티웨이홀딩스,breakout,2024-10-31,2024-11-01,2024-11-04,2024-11-04,246,4343.0,3995.0,open,False,-88684.72199999995,1,15.0
2024,close,102460,이연제약,pullback,2024-11-04,2024-11-05,2024-11-06,2024-11-06,59,16560.0,16430.0,open,False,-10589.61499999999,1,15.0
2024,close,105560,KB금융,pullback,2024-11-06,2024-11-07,2024-11-08,2024-11-08,10,94900.0,93900.0,open,False,-12832.0,1,15.0
2024,close,016090,대현,pullback,2024-11-08,2024-11-11,2024-11-12,2024-11-12,458,2090.0,2070.0,open,False,-12017.920000000042,1,15.0
2024,close,127120,제이에스링크,breakout,2024-11-12,2024-11-13,2024-11-14,2024-11-14,238,3965.0,3790.0,open,False,-44418.534999999916,1,15.0
2024,close,006800,미래에셋증권,pullback,2024-11-14,2024-11-15,2024-11-18,2024-11-18,105,8542.0,8313.0,open,False,-26699.662500000093,1,15.0
2024,close,016090,대현,pullback,2024-11-18,2024-11-19,2024-11-20,2024-11-20,416,2100.0,2130.0,open,False,9840.479999999981,1,15.0
2024,close,016090,대현,breakout,2024-11-20,2024-11-21,2024-11-22,2024-11-22,404,2185.0,2190.0,open,False,-631.25,1,15.0
2024,close,127120,제이에스링크,pullback,2024-11-25,2024-11-26,2024-11-27,2024-11-27,238,3710.0,3870.0,open,False,35373.939999999944,1,15.0
2024,close,127120,제이에스링크,breakout,2024-11-27,2024-11-28,2024-11-29,2024-11-29,224,4100.0,4250.0,open,False,30794.399999999907,1,15.0
2024,close,105560,KB금융,pullback,2024-11-29,2024-12-02,2024-12-03,2024-12-03,9,96800.0,97400.0,open,False,2778.3000000000466,1,15.0
2024,close,016360,삼성증권,breakout,2024-12-03,2024-12-04,2024-12-05,2024-12-05,19,49800.0,48950.0,open,False,-18964.375,1,15.0
2024,close,003530,한화투자증권,pullback,2024-12-05,2024-12-06,2024-12-09,2024-12-09,230,4060.0,3910.0,open,False,-37249.65000000002,1,15.0
2024,close,015020,이스타코,breakout,2024-12-09,2024-12-10,2024-12-11,2024-12-11,204,4390.0,5310.0,open,False,184711.80000000005,1,15.0
2024,close,115500,케이씨에스,breakout,2024-12-11,2024-12-12,2024-12-13,2024-12-13,116,9270.0,10540.0,open,False,143873.06000000006,1,15.0
2024,close,015360,INVENI,pullback,2024-12-16,2024-12-17,2024-12-18,2024-12-18,117,10400.0,10640.0,open,False,24387.480000000214,1,15.0
2024,close,127120,제이에스링크,breakout,2024-12-18,2024-12-19,2024-12-20,2024-12-20,279,4470.0,4780.0,open,False,82618.875,1,15.0
2024,close,127120,제이에스링크,breakout,2024-12-20,2024-12-23,2024-12-24,2024-12-24,266,5000.0,5090.0,open,False,19914.090000000084,1,15.0
2024,close,015360,INVENI,breakout,2024-12-26,2024-12-27,2024-12-30,2024-12-30,125,10760.0,10260.0,open,False,-66441.25,1,15.0
2024,close,115500,케이씨에스,breakout,2024-12-30,2025-01-02,2025-01-03,2025-01-03,89,14300.0,14460.0,open,False,10400.540000000037,1,15.0
2024,low,326030,SK바이오팜,breakout,2024-01-02,2024-01-03,2024-01-04,2024-01-04,2,103300.0,102800.0,open,False,-1618.3000000000175,1,15.0
2024,low,326030,SK바이오팜,pullback,2024-01-05,2024-01-08,2024-01-09,2024-01-09,3,97500.0,96300.0,open,False,-4472.099999999977,1,15.0
2024,low,004540,깨끗한나라,breakout,2024-01-10,2024-01-11,2024-01-12,2024-01-12,95,3085.0,3020.0,open,False,-7044.962499999965,1,15.0
2024,low,089850,유비벨록스,pullback,2024-01-15,2024-01-16,2024-01-17,2024-01-17,34,8424.0,8363.0,open,False,-2930.136999999988,1,15.0
2024,low,131370,알서포트,breakout,2024-01-18,2024-01-19,2024-01-22,2024-01-22,53,5280.0,5310.0,open,False,748.0950000000303,1,15.0
2024,low,270870,뉴트리,pullback,2024-01-22,2024-01-23,2024-01-24,2024-01-24,39,7170.0,7130.0,open,False,-2396.5499999999884,1,15.0
2024,low,170920,엘티씨,breakout,2024-01-25,2024-01-26,2024-01-29,2024-01-29,15,17700.0,17680.0,open,False,-1096.0499999999884,1,15.0
2024,low,003830,대한화섬,breakout,2024-01-29,2024-01-30,2024-01-31,2024-01-31,2,114600.0,117100.0,open,False,4304.899999999994,1,15.0
2024,low,003030,세아제강지주,pullback,2024-01-31,2024-02-01,2024-02-02,2024-02-02,1,220000.0,223500.0,open,False,2834.75,1,15.0
2024,low,163560,동일고무벨트,breakout,2024-02-05,2024-02-06,2024-02-07,2024-02-07,43,6650.0,6350.0,open,False,-13738.5,1,15.0
2024,low,004360,세방,breakout,2024-02-07,2024-02-08,2024-02-13,2024-02-13,19,14370.0,13960.0,open,False,-8597.405000000028,1,15.0
2024,low,170920,엘티씨,pullback,2024-02-13,2024-02-14,2024-02-15,2024-02-15,16,16210.0,17400.0,open,False,18233.360000000015,1,15.0
2024,low,003530,한화투자증권,breakout,2024-02-15,2024-02-16,2024-02-19,2024-02-19,62,4510.0,4460.0,open,False,-3934.2099999999627,1,15.0
2024,low,036460,한국가스공사,breakout,2024-02-19,2024-02-20,2024-02-21,2024-02-21,9,30900.0,29950.0,open,False,-9371.475000000035,1,15.0
2024,low,014830,유니드,breakout,2024-02-21,2024-02-22,2024-02-23,2024-02-23,3,80400.0,81400.0,open,False,2271.899999999994,1,15.0
2024,low,001130,대한제분,breakout,2024-02-23,2024-02-26,2024-02-27,2024-02-27,19,14220.0,13900.0,open,False,-6881.419999999984,1,15.0
2024,low,163560,동일고무벨트,breakout,2024-02-27,2024-02-28,2024-02-29,2024-02-29,28,9320.0,9720.0,open,False,10400.320000000007,1,15.0
2024,low,088980,맥쿼리인프라,breakout,2024-02-29,2024-03-04,2024-03-05,2024-03-05,21,12708.0,12778.0,open,False,667.1909999999916,1,15.0
2024,low,001460,BYC,breakout,2024-03-05,2024-03-06,2024-03-07,2024-03-07,5,50500.0,49950.0,open,False,-3503.375,1,15.0
2024,low,270870,뉴트리,pullback,2024-03-07,2024-03-08,2024-03-11,2024-03-11,32,8380.0,8400.0,open,False,-165.44000000000233,1,15.0
2024,low,088980,맥쿼리인프라,pullback,2024-03-11,2024-03-12,2024-03-13,2024-03-13,21,12857.0,12808.0,open,False,-1837.4475000000093,1,15.0
2024,low,006220,제주은행,pullback,2024-03-13,2024-03-14,2024-03-15,2024-03-15,18,14300.0,13840.0,open,False,-9039.779999999999,1,15.0
2024,low,015360,INVENI,pullback,2024-03-15,2024-03-18,2024-03-19,2024-03-19,33,7900.0,7870.0,open,False,-1770.6149999999907,1,15.0
2024,low,014160,대영포장,breakout,2024-03-19,2024-03-20,2024-03-21,2024-03-21,190,1368.0,1866.0,open,False,93698.31,1,15.0
2024,low,014160,대영포장,breakout,2024-03-21,2024-03-22,2024-03-25,2024-03-25,189,1868.0,1995.0,open,False,22907.839500000002,1,15.0
2024,low,026890,스틱인베스트먼트,breakout,2024-03-25,2024-03-26,2024-03-27,2024-03-27,50,7540.0,7490.0,open,False,-3627.25,1,15.0
2024,low,026890,스틱인베스트먼트,breakout,2024-03-27,2024-03-28,2024-03-29,2024-03-29,47,7800.0,7750.0,open,False,-3446.2750000000233,1,15.0
2024,low,094280,효성ITX,breakout,2024-03-29,2024-04-01,2024-04-02,2024-04-02,28,12830.0,12700.0,open,False,-4712.260000000009,1,15.0
2024,low,006360,GS건설,breakout,2024-04-03,2024-04-04,2024-04-05,2024-04-05,23,15760.0,15030.0,open,False,-17852.255000000005,1,15.0
2024,low,026890,스틱인베스트먼트,pullback,2024-04-05,2024-04-08,2024-04-09,2024-04-09,44,7860.0,7910.0,open,False,1159.179999999993,1,15.0
2024,low,101360,에코앤드림,pullback,2024-04-09,2024-04-11,2024-04-12,2024-04-12,7,46949.0,45838.0,open,False,-8751.263500000001,1,15.0
2024,low,265520,AP시스템,breakout,2024-04-12,2024-04-15,2024-04-16,2024-04-16,12,27400.0,27450.0,open,False,-387.29999999998836,1,15.0
2024,low,006220,제주은행,breakout,2024-04-16,2024-04-17,2024-04-18,2024-04-18,21,15700.0,15200.0,open,False,-11473.350000000035,1,15.0
2024,low,265520,AP시스템,breakout,2024-04-18,2024-04-19,2024-04-22,2024-04-22,10,32500.0,31800.0,open,False,-7964.5,1,15.0
2024,low,105560,KB금융,pullback,2024-04-22,2024-04-23,2024-04-24,2024-04-24,4,70500.0,69900.0,open,False,-3242.399999999965,1,15.0
2024,low,220100,퓨쳐켐,breakout,2024-04-24,2024-04-25,2024-04-26,2024-04-26,29,10663.0,10211.0,open,False,-14016.018999999971,1,15.0
2024,low,003030,세아제강지주,pullback,2024-04-26,2024-04-29,2024-04-30,2024-04-30,1,223500.0,230500.0,open,False,6319.0,1,15.0
2024,low,004450,삼화왕관,pullback,2024-04-30,2024-05-02,2024-05-03,2024-05-03,9,32800.0,33100.0,open,False,1810.350000000035,1,15.0
2024,low,149980,하이로닉,pullback,2024-05-03,2024-05-07,2024-05-08,2024-05-08,21,14324.0,14000.0,open,False,-7696.206000000006,1,15.0
2024,low,081580,성우전자,breakout,2024-05-08,2024-05-09,2024-05-10,2024-05-10,118,2550.0,2585.0,open,False,3221.1049999999814,1,15.0
2024,low,081580,성우전자,breakout,2024-05-10,2024-05-13,2024-05-14,2024-05-14,113,2690.0,2610.0,open,False,-9938.349999999977,1,15.0
2024,low,270870,뉴트리,breakout,2024-05-14,2024-05-16,2024-05-17,2024-05-17,27,10630.0,11330.0,open,False,18010.619999999995,1,15.0
2024,low,094280,효성ITX,breakout,2024-05-17,2024-05-20,2024-05-21,2024-05-21,23,13210.0,13240.0,open,False,-222.52499999996508,1,15.0
2024,low,170920,엘티씨,breakout,2024-05-21,2024-05-22,2024-05-23,2024-05-23,16,18570.0,19720.0,open,False,17481.040000000037,1,15.0
2024,low,282720,금양그린파워,breakout,2024-05-23,2024-05-24,2024-05-27,2024-05-27,19,16700.0,17230.0,open,False,9102.994999999995,1,15.0
2024,low,094280,효성ITX,breakout,2024-05-27,2024-05-28,2024-05-29,2024-05-29,24,13940.0,13670.0,open,False,-7473.960000000021,1,15.0
2024,low,009300,삼아제약,breakout,2024-05-29,2024-05-30,2024-05-31,2024-05-31,15,21200.0,20550.0,open,False,-10689.375,1,15.0
2024,low,036460,한국가스공사,breakout,2024-05-31,2024-06-03,2024-06-04,2024-06-04,10,29800.0,40800.0,open,False,108941.0,1,15.0
2024,low,036460,한국가스공사,breakout,2024-06-04,2024-06-05,2024-06-07,2024-06-07,11,39000.0,43700.0,open,False,50335.45000000001,1,15.0
2024,low,051630,진양화학,breakout,2024-06-07,2024-06-10,2024-06-11,2024-06-11,143,3366.0,3315.0,open,False,-8726.074499999988,1,15.0
2024,low,081580,성우전자,breakout,2024-06-11,2024-06-12,2024-06-13,2024-06-13,149,3170.0,3325.0,open,False,21643.367499999993,1,15.0
2024,low,003830,대한화섬,breakout,2024-06-13,2024-06-14,2024-06-17,2024-06-17,4,114500.0,114200.0,open,False,-2572.1999999999534,1,15.0
2024,low,009300,삼아제약,pullback,2024-06-17,2024-06-18,2024-06-19,2024-06-19,24,20350.0,21200.0,open,False,18904.20000000001,1,15.0
2024,low,011780,금호석유화학,pullback,2024-06-19,2024-06-20,2024-06-21,2024-06-21,3,150200.0,156400.0,open,False,17220.29999999999,1,15.0
2024,low,220100,퓨쳐켐,pullback,2024-06-21,2024-06-24,2024-06-25,2024-06-25,41,12607.0,12301.0,open,False,-14077.842000000004,1,15.0
2024,low,270870,뉴트리,pullback,2024-06-25,2024-06-26,2024-06-27,2024-06-27,47,10790.0,10620.0,open,False,-9499.40499999997,1,15.0
2024,low,094280,효성ITX,pullback,2024-06-27,2024-06-28,2024-07-01,2024-07-01,37,13400.0,13470.0,open,False,1098.7150000000256,1,15.0
2024,low,094280,효성ITX,pullback,2024-07-01,2024-07-02,2024-07-03,2024-07-03,36,13940.0,14190.0,open,False,7480.98000000004,1,15.0
2024,low,003570,SNT다이내믹스,pullback,2024-07-04,2024-07-05,2024-07-08,2024-07-08,25,20300.0,20000.0,open,False,-9011.25,1,15.0
2024,low,009300,삼아제약,pullback,2024-07-08,2024-07-09,2024-07-10,2024-07-10,21,23350.0,23650.0,open,False,4819.5,1,15.0
2024,low,009300,삼아제약,breakout,2024-07-10,2024-07-11,2024-07-12,2024-07-12,19,26700.0,25000.0,open,False,-33773.45000000001,1,15.0
2024,low,220100,퓨쳐켐,breakout,2024-07-12,2024-07-15,2024-07-16,2024-07-16,28,16859.0,18190.0,open,False,35795.94199999998,1,15.0
2024,low,006360,GS건설,breakout,2024-07-16,2024-07-17,2024-07-18,2024-07-18,28,17660.0,18300.0,open,False,16409.679999999993,1,15.0
2024,low,003570,SNT다이내믹스,pullback,2024-07-18,2024-07-19,2024-07-22,2024-07-22,24,21100.0,21100.0,open,False,-1519.2000000000116,1,15.0
2024,low,105560,KB금융,pullback,2024-07-22,2024-07-23,2024-07-24,2024-07-24,6,87200.0,89400.0,open,False,11610.599999999977,1,15.0
2024,low,053350,이니텍,pullback,2024-07-25,2024-07-26,2024-07-29,2024-07-29,145,3705.0,3750.0,open,False,4903.537499999977,1,15.0
2024,low,006360,GS건설,breakout,2024-07-29,2024-07-30,2024-07-31,2024-07-31,27,19660.0,19500.0,open,False,-5905.979999999981,1,15.0
2024,low,036460,한국가스공사,pullback,2024-07-31,2024-08-01,2024-08-02,2024-08-02,12,43900.0,42000.0,open,False,-24346.20000000007,1,15.0
2024,low,053350,이니텍,breakout,2024-08-02,2024-08-05,2024-08-06,2024-08-06,128,3975.0,3260.0,open,False,-92909.12,1,15.0
2024,low,064850,에프앤가이드,pullback,2024-08-06,2024-08-07,2024-08-08,2024-08-08,53,7780.0,8090.0,open,False,15168.335000000021,1,15.0
2024,low,246250,에스엘에스바이오,pullback,2024-08-08,2024-08-09,2024-08-12,2024-08-12,124,3490.0,4560.0,open,False,131182.70000000007,1,15.0
2024,low,246250,에스엘에스바이오,breakout,2024-08-12,2024-08-13,2024-08-14,2024-08-14,118,4790.0,4555.0,open,False,-29384.06500000006,1,15.0
2024,low,016360,삼성증권,pullback,2024-08-14,2024-08-16,2024-08-19,2024-08-19,11,44900.0,45200.0,open,False,1813.3499999999767,1,15.0
2024,low,000080,하이트진로,breakout,2024-08-19,2024-08-20,2024-08-21,2024-08-21,24,22250.0,21950.0,open,False,-8791.199999999953,1,15.0
2024,low,004100,태양금속,pullback,2024-08-22,2024-08-23,2024-08-26,2024-08-26,168,3140.0,3075.0,open,False,-12486.179999999993,1,15.0
2024,low,064850,에프앤가이드,breakout,2024-08-26,2024-08-27,2024-08-28,2024-08-28,59,8680.0,9190.0,open,False,28508.505000000005,1,15.0
2024,low,064850,에프앤가이드,breakout,2024-08-28,2024-08-29,2024-08-30,2024-08-30,58,9340.0,9690.0,open,False,18644.390000000014,1,15.0
2024,low,081580,성우전자,breakout,2024-08-30,2024-09-02,2024-09-03,2024-09-03,139,4050.0,3990.0,open,False,-10016.339999999967,1,15.0
2024,low,015360,INVENI,breakout,2024-09-03,2024-09-04,2024-09-05,2024-09-05,61,9070.0,9040.0,open,False,-3487.064999999944,1,15.0
2024,low,064850,에프앤가이드,breakout,2024-09-05,2024-09-06,2024-09-09,2024-09-09,41,13420.0,14290.0,open,False,33965.83499999996,1,15.0
2024,low,015360,INVENI,pullback,2024-09-09,2024-09-10,2024-09-11,2024-09-11,63,9150.0,9360.0,open,False,11480.804999999935,1,15.0
2024,low,010130,고려아연,pullback,2024-09-11,2024-09-12,2024-09-13,2024-09-13,1,549000.0,660000.0,open,False,109186.5,1,15.0
2024,low,010130,고려아연,breakout,2024-09-13,2024-09-19,2024-09-20,2024-09-20,1,679000.0,720000.0,open,False,38901.5,1,15.0
2024,low,064850,에프앤가이드,breakout,2024-09-20,2024-09-23,2024-09-24,2024-09-24,32,23000.0,38450.0,open,False,491450.40000000014,1,15.0
2024,low,081580,성우전자,breakout,2024-09-24,2024-09-25,2024-09-26,2024-09-26,284,4345.0,4565.0,open,False,58684.340000000084,1,15.0
2024,low,006800,미래에셋증권,pullback,2024-09-26,2024-09-27,2024-09-30,2024-09-30,149,8662.0,8662.0,open,False,-3871.914000000106,1,15.0
2024,low,220100,퓨쳐켐,breakout,2024-09-30,2024-10-02,2024-10-04,2024-10-04,59,21820.0,19601.0,open,False,-134586.7585,1,15.0
2024,low,010130,고려아연,breakout,2024-10-04,2024-10-07,2024-10-08,2024-10-08,1,777000.0,778000.0,open,False,-1332.5,1,15.0
2024,low,220100,퓨쳐켐,pullback,2024-10-08,2024-10-10,2024-10-11,2024-10-11,54,21053.0,21860.0,open,False,40102.04700000002,1,15.0
2024,low,326030,SK바이오팜,breakout,2024-10-11,2024-10-14,2024-10-15,2024-10-15,9,120000.0,119800.0,open,False,-5037.300000000047,1,15.0
2024,low,326030,SK바이오팜,breakout,2024-10-15,2024-10-16,2024-10-17,2024-10-17,9,125700.0,127700.0,open,False,14579.100000000093,1,15.0
2024,low,015360,INVENI,breakout,2024-10-18,2024-10-21,2024-10-22,2024-10-22,125,9590.0,9690.0,open,False,8885.0,1,15.0
2024,low,015360,INVENI,breakout,2024-10-22,2024-10-23,2024-10-24,2024-10-24,120,10040.0,10280.0,open,False,25142.40000000014,1,15.0
2024,low,004870,티웨이홀딩스,pullback,2024-10-25,2024-10-28,2024-10-29,2024-10-29,324,3810.0,3439.0,open,False,-123727.0140000002,1,15.0
2024,low,015360,INVENI,breakout,2024-10-29,2024-10-30,2024-10-31,2024-10-31,106,10500.0,10120.0,open,False,-43558.57999999984,1,15.0
2024,low,004870,티웨이홀딩스,breakout,2024-10-31,2024-11-01,2024-11-04,2024-11-04,246,4343.0,3995.0,open,False,-88684.72199999995,1,15.0
2024,low,102460,이연제약,pullback,2024-11-04,2024-11-05,2024-11-06,2024-11-06,59,16560.0,16430.0,open,False,-10589.61499999999,1,15.0
2024,low,105560,KB금융,pullback,2024-11-06,2024-11-07,2024-11-08,2024-11-08,10,94900.0,93900.0,open,False,-12832.0,1,15.0
2024,low,016090,대현,pullback,2024-11-08,2024-11-11,2024-11-12,2024-11-12,458,2090.0,2070.0,open,False,-12017.920000000042,1,15.0
2024,low,127120,제이에스링크,breakout,2024-11-12,2024-11-13,2024-11-14,2024-11-14,238,3965.0,3790.0,open,False,-44418.534999999916,1,15.0
2024,low,006800,미래에셋증권,pullback,2024-11-14,2024-11-15,2024-11-18,2024-11-18,105,8542.0,8313.0,open,False,-26699.662500000093,1,15.0
2024,low,016090,대현,pullback,2024-11-18,2024-11-19,2024-11-20,2024-11-20,416,2100.0,2130.0,open,False,9840.479999999981,1,15.0
2024,low,016090,대현,breakout,2024-11-20,2024-11-21,2024-11-22,2024-11-22,404,2185.0,2190.0,open,False,-631.25,1,15.0
2024,low,127120,제이에스링크,pullback,2024-11-25,2024-11-26,2024-11-27,2024-11-27,238,3710.0,3870.0,open,False,35373.939999999944,1,15.0
2024,low,127120,제이에스링크,breakout,2024-11-27,2024-11-28,2024-11-29,2024-11-29,224,4100.0,4250.0,open,False,30794.399999999907,1,15.0
2024,low,105560,KB금융,pullback,2024-11-29,2024-12-02,2024-12-03,2024-12-03,9,96800.0,97400.0,open,False,2778.3000000000466,1,15.0
2024,low,016360,삼성증권,breakout,2024-12-03,2024-12-04,2024-12-05,2024-12-05,19,49800.0,48950.0,open,False,-18964.375,1,15.0
2024,low,003530,한화투자증권,pullback,2024-12-05,2024-12-06,2024-12-09,2024-12-09,230,4060.0,3910.0,open,False,-37249.65000000002,1,15.0
2024,low,015020,이스타코,breakout,2024-12-09,2024-12-10,2024-12-11,2024-12-11,204,4390.0,5310.0,open,False,184711.80000000005,1,15.0
2024,low,115500,케이씨에스,breakout,2024-12-11,2024-12-12,2024-12-13,2024-12-13,116,9270.0,10540.0,open,False,143873.06000000006,1,15.0
2024,low,015360,INVENI,pullback,2024-12-16,2024-12-17,2024-12-18,2024-12-18,117,10400.0,10640.0,open,False,24387.480000000214,1,15.0
2024,low,127120,제이에스링크,breakout,2024-12-18,2024-12-19,2024-12-20,2024-12-20,279,4470.0,4780.0,open,False,82618.875,1,15.0
2024,low,127120,제이에스링크,breakout,2024-12-20,2024-12-23,2024-12-24,2024-12-24,266,5000.0,5090.0,open,False,19914.090000000084,1,15.0
2024,low,015360,INVENI,breakout,2024-12-26,2024-12-27,2024-12-30,2024-12-30,125,10760.0,10260.0,open,False,-66441.25,1,15.0
2024,low,115500,케이씨에스,breakout,2024-12-30,2025-01-02,2025-01-03,2025-01-03,89,14300.0,14460.0,open,False,10400.540000000037,1,15.0
2025,open,204320,HL만도,pullback,2025-01-02,2025-01-03,2025-01-06,2025-01-06,7,42000.0,40900.0,open,False,-8570.450000000012,1,15.0
2025,open,127120,제이에스링크,breakout,2025-01-06,2025-01-07,2025-01-08,2025-01-08,46,6250.0,6410.0,open,False,6486.460000000021,1,15.0
2025,open,319400,현대무벡스,breakout,2025-01-08,2025-01-09,2025-01-10,2025-01-10,76,3905.0,3875.0,open,False,-3166.920000000042,1,15.0
2025,open,025980,아난티,pullback,2025-01-13,2025-01-14,2025-01-15,2025-01-15,52,5570.0,5600.0,open,False,688.7399999999907,1,15.0
2025,open,058860,KTis,pullback,2025-01-15,2025-01-16,2025-01-17,2025-01-17,106,2765.0,2730.0,open,False,-4583.705000000016,1,15.0
2025,open,003030,세아제강지주,breakout,2025-01-17,2025-01-20,2025-01-21,2025-01-21,1,206500.0,218500.0,open,False,11362.5,1,15.0
2025,open,004870,티웨이홀딩스,breakout,2025-01-21,2025-01-22,2025-01-23,2025-01-23,61,4876.0,5727.0,open,False,50940.82549999998,1,15.0
2025,open,014160,대영포장,breakout,2025-01-23,2025-01-24,2025-01-31,2025-01-31,174,2025.0,1712.0,open,False,-55437.35700000002,1,15.0
2025,open,051630,진양화학,breakout,2025-01-31,2025-02-03,2025-02-04,2025-02-04,61,4800.0,4760.0,open,False,-3314.7399999999907,1,15.0
2025,open,168360,펨트론,breakout,2025-02-04,2025-02-05,2025-02-06,2025-02-06,30,9510.0,9640.0,open,False,3038.25,1,15.0
2025,open,136480,하림,breakout,2025-02-06,2025-02-07,2025-02-10,2025-02-10,99,2980.0,2930.0,open,False,-5827.635000000009,1,15.0
2025,open,056080,유진로봇,breakout,2025-02-10,2025-02-11,2025-02-12,2025-02-12,30,9550.0,9270.0,open,False,-9246.899999999965,1,15.0
2025,open,127120,제이에스링크,pullback,2025-02-12,2025-02-13,2025-02-14,2025-02-14,45,6200.0,6000.0,open,False,-9823.5,1,15.0
2025,open,025980,아난티,pullback,2025-02-14,2025-02-17,2025-02-18,2025-02-18,44,6090.0,6090.0,open,False,-803.8800000000047,1,15.0
2025,open,136480,하림,pullback,2025-02-18,2025-02-19,2025-02-20,2025-02-20,91,2955.0,2955.0,open,False,-806.7150000000256,1,15.0
2025,open,003030,세아제강지주,pullback,2025-02-20,2025-02-21,2025-02-24,2025-02-24,1,230000.0,223500.0,open,False,-7180.25,1,15.0
2025,open,058860,KTis,pullback,2025-02-24,2025-02-25,2025-02-26,2025-02-26,93,2810.0,2740.0,open,False,-7284.225000000006,1,15.0
2025,open,053350,이니텍,breakout,2025-02-27,2025-02-28,2025-03-04,2025-03-04,55,4615.0,4970.0,open,False,18734.237500000017,1,15.0
2025,open,003030,세아제강지주,breakout,2025-03-04,2025-03-05,2025-03-06,2025-03-06,1,252500.0,257000.0,open,False,3735.75,1,15.0
2025,open,136480,하림,pullback,2025-03-06,2025-03-07,2025-03-10,2025-03-10,92,3020.0,3100.0,open,False,6515.440000000002,1,15.0
2025,open,053350,이니텍,breakout,2025-03-10,2025-03-11,2025-03-12,2025-03-12,47,6050.0,6490.0,open,False,19795.929999999993,1,15.0
2025,open,115500,케이씨에스,pullback,2025-03-13,2025-03-14,2025-03-17,2025-03-17,24,12670.0,13640.0,open,False,22332.840000000026,1,15.0
2025,open,127120,제이에스링크,pullback,2025-03-17,2025-03-18,2025-03-19,2025-03-19,52,6250.0,6680.0,open,False,21351.46000000002,1,15.0
2025,open,011230,삼화전자,breakout,2025-03-19,2025-03-20,2025-03-21,2025-03-21,93,3730.0,4350.0,open,False,56532.840000000026,1,15.0
2025,open,003570,SNT다이내믹스,pullback,2025-03-21,2025-03-24,2025-03-25,2025-03-25,11,34300.0,33550.0,open,False,-9369.524999999965,1,15.0
2025,open,030210,다올투자증권,breakout,2025-03-25,2025-03-26,2025-03-27,2025-03-27,118,3340.0,3340.0,open,False,-1182.3600000000442,1,15.0
2025,open,053350,이니텍,breakout,2025-03-28,2025-03-31,2025-04-01,2025-04-01,39,9970.0,9330.0,open,False,-26089.04999999999,1,15.0
2025,open,052220,iMBC,breakout,2025-04-01,2025-04-02,2025-04-03,2025-04-03,71,5170.0,5110.0,open,False,-5354.820000000007,1,15.0
2025,open,052220,iMBC,breakout,2025-04-03,2025-04-04,2025-04-07,2025-04-07,62,5790.0,4550.0,open,False,-77841.62,1,15.0
2025,open,052220,iMBC,pullback,2025-04-07,2025-04-08,2025-04-09,2025-04-09,60,4695.0,4620.0,open,False,-5338.349999999977,1,15.0
2025,open,127120,제이에스링크,breakout,2025-04-09,2025-04-10,2025-04-11,2025-04-11,34,8020.0,8300.0,open,False,8687.679999999993,1,15.0
2025,open,310200,애니플러스,pullback,2025-04-11,2025-04-14,2025-04-15,2025-04-15,87,3315.0,3280.0,open,False,-3905.647500000021,1,15.0
2025,open,006040,동원산업,breakout,2025-04-15,2025-04-16,2025-04-17,2025-04-17,7,39450.0,41750.0,open,False,15247.399999999965,1,15.0
2025,open,030210,다올투자증권,breakout,2025-04-17,2025-04-18,2025-04-21,2025-04-21,82,3650.0,3745.0,open,False,6880.414999999979,1,15.0
2025,open,309960,LB인베스트먼트,breakout,2025-04-21,2025-04-22,2025-04-23,2025-04-23,50,6090.0,5970.0,open,False,-6904.5,1,15.0
2025,open,014830,유니드,breakout,2025-04-23,2025-04-24,2025-04-25,2025-04-25,3,89700.0,89300.0,open,False,-2005.5,1,15.0
2025,open,006800,미래에셋증권,breakout,2025-04-25,2025-04-28,2025-04-29,2025-04-29,29,10255.0,10404.0,open,False,3422.333500000008,1,15.0
2025,open,006800,미래에셋증권,breakout,2025-04-29,2025-04-30,2025-05-02,2025-05-02,27,10833.0,11778.0,open,False,24599.25450000004,1,15.0
2025,open,127120,제이에스링크,breakout,2025-05-02,2025-05-07,2025-05-08,2025-05-08,30,10750.0,10420.0,open,False,-10852.649999999965,1,15.0
2025,open,003570,SNT다이내믹스,breakout,2025-05-08,2025-05-09,2025-05-12,2025-05-12,8,36350.0,36550.0,open,False,725.2000000000116,1,15.0
2025,open,006800,미래에셋증권,breakout,2025-05-12,2025-05-13,2025-05-14,2025-05-14,25,12495.0,12874.0,open,False,8523.662500000035,1,15.0
2025,open,344860,이노진,breakout,2025-05-14,2025-05-15,2025-05-16,2025-05-16,125,2575.0,2510.0,open,False,-9078.4375,1,15.0
2025,open,026890,스틱인베스트먼트,pullback,2025-05-16,2025-05-19,2025-05-20,2025-05-20,30,10500.0,10450.0,open,False,-2442.75,1,15.0
2025,open,003570,SNT다이내믹스,breakout,2025-05-20,2025-05-21,2025-05-22,2025-05-22,8,39000.0,40350.0,open,False,9847.800000000047,1,15.0
2025,open,114090,GKL,breakout,2025-05-22,2025-05-23,2025-05-26,2025-05-26,23,13840.0,14000.0,open,False,2719.5199999999604,1,15.0
2025,open,000850,화천기공,breakout,2025-05-26,2025-05-27,2025-05-28,2025-05-28,10,31050.0,31050.0,open,False,-931.5,1,15.0
2025,open,053350,이니텍,breakout,2025-05-28,2025-05-29,2025-05-30,2025-05-30,33,9750.0,9570.0,open,False,-6896.339999999967,1,15.0
2025,open,014680,한솔케미칼,breakout,2025-05-30,2025-06-02,2025-06-04,2025-06-04,2,131800.0,132300.0,open,False,207.70000000001164,1,15.0
2025,open,309960,LB인베스트먼트,breakout,2025-06-04,2025-06-05,2025-06-09,2025-06-09,58,5410.0,5570.0,open,False,8324.73999999999,1,15.0
2025,open,015860,일진홀딩스,breakout,2025-06-09,2025-06-10,2025-06-11,2025-06-11,63,5150.0,5210.0,open,False,2800.9799999999814,1,15.0
2025,open,310200,애니플러스,breakout,2025-06-11,2025-06-12,2025-06-13,2025-06-13,76,4290.0,4400.0,open,False,7369.340000000026,1,15.0
2025,open,025980,아난티,breakout,2025-06-13,2025-06-16,2025-06-17,2025-06-17,32,10280.0,11130.0,open,False,26172.320000000007,1,15.0
2025,open,094280,효성ITX,breakout,2025-06-17,2025-06-18,2025-06-19,2025-06-19,25,13990.0,15240.0,open,False,30153.875,1,15.0
2025,open,319400,현대무벡스,breakout,2025-06-19,2025-06-20,2025-06-23,2025-06-23,82,4750.0,4740.0,open,False,-1987.2699999999604,1,15.0
2025,open,006220,제주은행,breakout,2025-06-23,2025-06-24,2025-06-25,2025-06-25,34,11290.0,13500.0,open,False,73875.70999999996,1,15.0
2025,open,009070,KCTC,breakout,2025-06-25,2025-06-26,2025-06-27,2025-06-27,91,5100.0,4795.0,open,False,-29105.66749999998,1,15.0
2025,open,015860,일진홀딩스,pullback,2025-06-27,2025-06-30,2025-07-01,2025-07-01,83,5190.0,5620.0,open,False,34344.15499999997,1,15.0
2025,open,004360,세방,breakout,2025-07-01,2025-07-02,2025-07-03,2025-07-03,29,16070.0,15620.0,open,False,-14428.515000000014,1,15.0
2025,open,081150,티플랙스,breakout,2025-07-03,2025-07-04,2025-07-07,2025-07-07,133,3420.0,3445.0,open,False,1955.4324999999953,1,15.0
2025,open,000080,하이트진로,breakout,2025-07-07,2025-07-08,2025-07-09,2025-07-09,20,21800.0,21550.0,open,False,-6300.5,1,15.0
2025,open,026890,스틱인베스트먼트,breakout,2025-07-09,2025-07-10,2025-07-11,2025-07-11,37,11990.0,11440.0,open,False,-21650.36499999999,1,15.0
2025,open,030210,다올투자증권,breakout,2025-07-11,2025-07-14,2025-07-15,2025-07-15,103,4160.0,4150.0,open,False,-2313.8950000000186,1,15.0
2025,open,003080,SB성보,breakout,2025-07-15,2025-07-16,2025-07-17,2025-07-17,147,2900.0,2905.0,open,False,-545.0025000000023,1,15.0
2025,open,009300,삼아제약,pullback,2025-07-17,2025-07-18,2025-07-21,2025-07-21,22,18930.0,18820.0,open,False,-3665.75,1,15.0
2025,open,008260,NI스틸,pullback,2025-07-21,2025-07-22,2025-07-23,2025-07-23,110,3825.0,3755.0,open,False,-8950.699999999953,1,15.0
2025,open,036460,한국가스공사,pullback,2025-07-23,2025-07-24,2025-07-25,2025-07-25,9,45850.0,44850.0,open,False,-10224.450000000012,1,15.0
2025,open,014680,한솔케미칼,pullback,2025-07-28,2025-07-29,2025-07-30,2025-07-30,2,183700.0,182600.0,open,False,-3298.9000000000233,1,15.0
2025,open,319400,현대무벡스,pullback,2025-07-30,2025-07-31,2025-08-01,2025-08-01,77,5130.0,5140.0,open,False,-416.1849999999977,1,15.0
2025,open,025980,아난티,breakout,2025-08-01,2025-08-04,2025-08-05,2025-08-05,39,10170.0,10290.0,open,False,3483.0900000000256,1,15.0
2025,open,064850,에프앤가이드,pullback,2025-08-05,2025-08-06,2025-08-07,2025-08-07,47,8420.0,8370.0,open,False,-3533.695000000007,1,15.0
2025,open,011230,삼화전자,pullback,2025-08-07,2025-08-08,2025-08-11,2025-08-11,74,5370.0,5510.0,open,False,9152.320000000007,1,15.0
2025,open,127120,제이에스링크,breakout,2025-08-11,2025-08-12,2025-08-13,2025-08-13,24,17000.0,16500.0,open,False,-13206.0,1,15.0
2025,open,265520,AP시스템,breakout,2025-08-13,2025-08-14,2025-08-18,2025-08-18,20,19110.0,18410.0,open,False,-15125.600000000035,1,15.0
2025,open,415380,스튜디오삼익,breakout,2025-08-18,2025-08-19,2025-08-20,2025-08-20,116,3263.0,3250.0,open,False,-2641.262000000046,1,15.0
2025,open,415380,스튜디오삼익,breakout,2025-08-20,2025-08-21,2025-08-22,2025-08-22,112,3371.0,3444.0,open,False,7031.079999999958,1,15.0
2025,open,415380,스튜디오삼익,breakout,2025-08-22,2025-08-25,2025-08-26,2025-08-26,105,3656.0,3868.0,open,False,21074.97000000003,1,15.0
2025,open,003570,SNT다이내믹스,breakout,2025-08-26,2025-08-27,2025-08-28,2025-08-28,6,64000.0,60400.0,open,False,-22719.599999999977,1,15.0
2025,open,085310,엔케이,breakout,2025-08-28,2025-08-29,2025-09-01,2025-09-01,28,13630.0,13400.0,open,False,-7575.260000000009,1,15.0
2025,open,170920,엘티씨,pullback,2025-09-01,2025-09-02,2025-09-03,2025-09-03,30,12250.0,12060.0,open,False,-6793.949999999953,1,15.0
2025,open,319400,현대무벡스,breakout,2025-09-03,2025-09-04,2025-09-05,2025-09-05,56,6530.0,6690.0,open,False,7849.520000000019,1,15.0
2025,open,319400,현대무벡스,breakout,2025-09-05,2025-09-08,2025-09-09,2025-09-09,51,7300.0,7770.0,open,False,22817.14500000002,1,15.0
2025,open,170920,엘티씨,breakout,2025-09-11,2025-09-12,2025-09-15,2025-09-15,27,14670.0,14590.0,open,False,-3345.0299999999697,1,15.0
2025,open,170920,엘티씨,breakout,2025-09-15,2025-09-16,2025-09-17,2025-09-17,24,16350.0,16390.0,open,False,-218.64000000001397,1,15.0
2025,open,170920,엘티씨,breakout,2025-09-17,2025-09-18,2025-09-19,2025-09-19,22,17350.0,19400.0,open,False,43887.25,1,15.0
2025,open,127120,제이에스링크,breakout,2025-09-19,2025-09-22,2025-09-23,2025-09-23,18,24100.0,23700.0,open,False,-8490.599999999977,1,15.0
2025,open,457190,이수스페셜티케미컬,breakout,2025-09-23,2025-09-24,2025-09-25,2025-09-25,8,51600.0,50400.0,open,False,-10824.0,1,15.0
2025,open,064850,에프앤가이드,pullback,2025-09-25,2025-09-26,2025-09-29,2025-09-29,48,8610.0,8560.0,open,False,-3636.2399999999907,1,15.0
2025,open,006800,미래에셋증권,pullback,2025-09-29,2025-09-30,2025-10-01,2025-10-01,18,21954.0,21357.0,open,False,-11915.396999999997,1,15.0
2025,open,102460,이연제약,pullback,2025-10-01,2025-10-02,2025-10-10,2025-10-10,34,11870.0,12010.0,open,False,3542.1200000000536,1,15.0
2025,open,265520,AP시스템,breakout,2025-10-10,2025-10-13,2025-10-14,2025-10-14,20,20350.0,21300.0,open,False,17750.5,1,15.0
2025,open,319400,현대무벡스,breakout,2025-10-14,2025-10-15,2025-10-16,2025-10-16,39,10780.0,12280.0,open,False,57150.99000000005,1,15.0
2025,open,457190,이수스페셜티케미컬,breakout,2025-10-16,2025-10-17,2025-10-20,2025-10-20,8,55500.0,54800.0,open,False,-6923.599999999977,1,15.0
2025,open,006800,미래에셋증권,breakout,2025-10-20,2025-10-21,2025-10-22,2025-10-22,18,25340.0,23846.0,open,False,-28220.022000000055,1,15.0
2025,open,011170,롯데케미칼,breakout,2025-10-22,2025-10-23,2025-10-24,2025-10-24,5,77600.0,75400.0,open,False,-12147.5,1,15.0
2025,open,015860,일진홀딩스,breakout,2025-10-24,2025-10-27,2025-10-28,2025-10-28,66,6590.0,6290.0,open,False,-21075.119999999995,1,15.0
2025,open,019170,신풍제약,breakout,2025-10-28,2025-10-29,2025-10-30,2025-10-30,26,15720.0,14100.0,open,False,-43282.97999999998,1,15.0
2025,open,015860,일진홀딩스,breakout,2025-10-30,2025-10-31,2025-11-03,2025-11-03,55,6740.0,7080.0,open,False,17559.849999999977,1,15.0
2025,open,015860,일진홀딩스,breakout,2025-11-03,2025-11-04,2025-11-05,2025-11-05,53,7210.0,7200.0,open,False,-1675.594999999972,1,15.0
2025,open,309960,LB인베스트먼트,pullback,2025-11-05,2025-11-06,2025-11-07,2025-11-07,74,5210.0,5290.0,open,False,4754.5,1,15.0
2025,open,309960,LB인베스트먼트,pullback,2025-11-07,2025-11-10,2025-11-11,2025-11-11,70,5580.0,5680.0,open,False,5817.700000000012,1,15.0
2025,open,015860,일진홀딩스,breakout,2025-11-11,2025-11-12,2025-11-13,2025-11-13,49,8090.0,8050.0,open,False,-3146.2900000000373,1,15.0
2025,open,220100,퓨쳐켐,breakout,2025-11-13,2025-11-14,2025-11-17,2025-11-17,18,21134.0,24119.0,open,False,52508.168999999994,1,15.0
2025,open,220100,퓨쳐켐,breakout,2025-11-17,2025-11-18,2025-11-19,2025-11-19,17,25490.0,25611.0,open,False,753.9244999999646,1,15.0
2025,open,204320,HL만도,pullback,2025-11-19,2025-11-20,2025-11-21,2025-11-21,11,38900.0,38800.0,open,False,-2382.0499999999884,1,15.0
2025,open,064850,에프앤가이드,pullback,2025-11-21,2025-11-24,2025-11-25,2025-11-25,51,8700.0,8580.0,open,False,-7441.920000000042,1,15.0
2025,open,138360,앤로보틱스,breakout,2025-11-25,2025-11-26,2025-11-27,2025-11-27,406,1079.0,1230.0,open,False,59899.81900000002,1,15.0
2025,open,314130,지놈앤컴퍼니,breakout,2025-11-27,2025-11-28,2025-12-01,2025-12-01,131,3790.0,3930.0,open,False,16823.01999999996,1,15.0
2025,open,204320,HL만도,breakout,2025-12-01,2025-12-02,2025-12-03,2025-12-03,9,53200.0,52100.0,open,False,-11321.549999999988,1,15.0
2025,open,314130,지놈앤컴퍼니,breakout,2025-12-03,2025-12-04,2025-12-05,2025-12-05,113,4430.0,4360.0,open,False,-9399.90499999997,1,15.0
2025,open,204320,HL만도,breakout,2025-12-05,2025-12-08,2025-12-09,2025-12-09,8,61000.0,56900.0,open,False,-34214.79999999999,1,15.0
2025,open,457190,이수스페셜티케미컬,breakout,2025-12-09,2025-12-10,2025-12-11,2025-12-11,6,67500.0,67200.0,open,False,-3012.2999999999884,1,15.0
2025,open,056080,유진로봇,breakout,2025-12-11,2025-12-12,2025-12-15,2025-12-15,29,15610.0,16620.0,open,False,27887.994999999995,1,15.0
2025,open,105630,한세실업,breakout,2025-12-15,2025-12-16,2025-12-17,2025-12-17,35,13760.0,13530.0,open,False,-9482.724999999977,1,15.0
2025,open,105630,한세실업,breakout,2025-12-17,2025-12-18,2025-12-19,2025-12-19,32,14740.0,15070.0,open,False,9129.119999999995,1,15.0
2025,open,309960,LB인베스트먼트,breakout,2025-12-19,2025-12-22,2025-12-23,2025-12-23,70,6830.0,6600.0,open,False,-17510.150000000023,1,15.0
2025,open,048770,TPC로보틱스,pullback,2025-12-23,2025-12-24,2025-12-26,2025-12-26,169,2760.0,2950.0,open,False,30662.515000000014,1,15.0
2025,open,126640,화신정공,pullback,2025-12-26,2025-12-29,2025-12-30,2025-12-30,379,1313.0,1285.0,open,False,-12088.962999999989,1,15.0
2025,close,204320,HL만도,pullback,2025-01-02,2025-01-03,2025-01-06,2025-01-06,7,42000.0,40900.0,open,False,-8570.450000000012,1,15.0
2025,close,127120,제이에스링크,breakout,2025-01-06,2025-01-07,2025-01-08,2025-01-08,46,6250.0,6410.0,open,False,6486.460000000021,1,15.0
2025,close,319400,현대무벡스,breakout,2025-01-08,2025-01-09,2025-01-10,2025-01-10,76,3905.0,3875.0,open,False,-3166.920000000042,1,15.0
2025,close,025980,아난티,pullback,2025-01-13,2025-01-14,2025-01-15,2025-01-15,52,5570.0,5600.0,open,False,688.7399999999907,1,15.0
2025,close,058860,KTis,pullback,2025-01-15,2025-01-16,2025-01-17,2025-01-17,106,2765.0,2730.0,open,False,-4583.705000000016,1,15.0
2025,close,003030,세아제강지주,breakout,2025-01-17,2025-01-20,2025-01-21,2025-01-21,1,206500.0,218500.0,open,False,11362.5,1,15.0
2025,close,004870,티웨이홀딩스,breakout,2025-01-21,2025-01-22,2025-01-23,2025-01-23,61,4876.0,5727.0,open,False,50940.82549999998,1,15.0
2025,close,014160,대영포장,breakout,2025-01-23,2025-01-24,2025-01-31,2025-01-31,174,2025.0,1712.0,open,False,-55437.35700000002,1,15.0
2025,close,051630,진양화학,breakout,2025-01-31,2025-02-03,2025-02-04,2025-02-04,61,4800.0,4760.0,open,False,-3314.7399999999907,1,15.0
2025,close,168360,펨트론,breakout,2025-02-04,2025-02-05,2025-02-06,2025-02-06,30,9510.0,9640.0,open,False,3038.25,1,15.0
2025,close,136480,하림,breakout,2025-02-06,2025-02-07,2025-02-10,2025-02-10,99,2980.0,2930.0,open,False,-5827.635000000009,1,15.0
2025,close,056080,유진로봇,breakout,2025-02-10,2025-02-11,2025-02-12,2025-02-12,30,9550.0,9270.0,open,False,-9246.899999999965,1,15.0
2025,close,127120,제이에스링크,pullback,2025-02-12,2025-02-13,2025-02-14,2025-02-14,45,6200.0,6000.0,open,False,-9823.5,1,15.0
2025,close,025980,아난티,pullback,2025-02-14,2025-02-17,2025-02-18,2025-02-18,44,6090.0,6090.0,open,False,-803.8800000000047,1,15.0
2025,close,136480,하림,pullback,2025-02-18,2025-02-19,2025-02-20,2025-02-20,91,2955.0,2955.0,open,False,-806.7150000000256,1,15.0
2025,close,003030,세아제강지주,pullback,2025-02-20,2025-02-21,2025-02-24,2025-02-24,1,230000.0,223500.0,open,False,-7180.25,1,15.0
2025,close,058860,KTis,pullback,2025-02-24,2025-02-25,2025-02-26,2025-02-26,93,2810.0,2740.0,open,False,-7284.225000000006,1,15.0
2025,close,053350,이니텍,breakout,2025-02-27,2025-02-28,2025-03-04,2025-03-04,55,4615.0,4970.0,open,False,18734.237500000017,1,15.0
2025,close,003030,세아제강지주,breakout,2025-03-04,2025-03-05,2025-03-06,2025-03-06,1,252500.0,257000.0,open,False,3735.75,1,15.0
2025,close,136480,하림,pullback,2025-03-06,2025-03-07,2025-03-10,2025-03-10,92,3020.0,3100.0,open,False,6515.440000000002,1,15.0
2025,close,053350,이니텍,breakout,2025-03-10,2025-03-11,2025-03-12,2025-03-12,47,6050.0,6490.0,open,False,19795.929999999993,1,15.0
2025,close,115500,케이씨에스,pullback,2025-03-13,2025-03-14,2025-03-17,2025-03-17,24,12670.0,13640.0,open,False,22332.840000000026,1,15.0
2025,close,127120,제이에스링크,pullback,2025-03-17,2025-03-18,2025-03-19,2025-03-19,52,6250.0,6680.0,open,False,21351.46000000002,1,15.0
2025,close,011230,삼화전자,breakout,2025-03-19,2025-03-20,2025-03-21,2025-03-21,93,3730.0,4350.0,open,False,56532.840000000026,1,15.0
2025,close,003570,SNT다이내믹스,pullback,2025-03-21,2025-03-24,2025-03-25,2025-03-25,11,34300.0,33550.0,open,False,-9369.524999999965,1,15.0
2025,close,030210,다올투자증권,breakout,2025-03-25,2025-03-26,2025-03-27,2025-03-27,118,3340.0,3340.0,open,False,-1182.3600000000442,1,15.0
2025,close,053350,이니텍,breakout,2025-03-28,2025-03-31,2025-04-01,2025-04-01,39,9970.0,9330.0,open,False,-26089.04999999999,1,15.0
2025,close,052220,iMBC,breakout,2025-04-01,2025-04-02,2025-04-03,2025-04-03,71,5170.0,5110.0,open,False,-5354.820000000007,1,15.0
2025,close,052220,iMBC,breakout,2025-04-03,2025-04-04,2025-04-07,2025-04-07,62,5790.0,4550.0,open,False,-77841.62,1,15.0
2025,close,052220,iMBC,pullback,2025-04-07,2025-04-08,2025-04-09,2025-04-09,60,4695.0,4620.0,open,False,-5338.349999999977,1,15.0
2025,close,127120,제이에스링크,breakout,2025-04-09,2025-04-10,2025-04-11,2025-04-11,34,8020.0,8300.0,open,False,8687.679999999993,1,15.0
2025,close,310200,애니플러스,pullback,2025-04-11,2025-04-14,2025-04-15,2025-04-15,87,3315.0,3280.0,open,False,-3905.647500000021,1,15.0
2025,close,006040,동원산업,breakout,2025-04-15,2025-04-16,2025-04-17,2025-04-17,7,39450.0,41750.0,open,False,15247.399999999965,1,15.0
2025,close,030210,다올투자증권,breakout,2025-04-17,2025-04-18,2025-04-21,2025-04-21,82,3650.0,3745.0,open,False,6880.414999999979,1,15.0
2025,close,309960,LB인베스트먼트,breakout,2025-04-21,2025-04-22,2025-04-23,2025-04-23,50,6090.0,5970.0,open,False,-6904.5,1,15.0
2025,close,014830,유니드,breakout,2025-04-23,2025-04-24,2025-04-25,2025-04-25,3,89700.0,89300.0,open,False,-2005.5,1,15.0
2025,close,006800,미래에셋증권,breakout,2025-04-25,2025-04-28,2025-04-29,2025-04-29,29,10255.0,10404.0,open,False,3422.333500000008,1,15.0
2025,close,006800,미래에셋증권,breakout,2025-04-29,2025-04-30,2025-05-02,2025-05-02,27,10833.0,11778.0,open,False,24599.25450000004,1,15.0
2025,close,127120,제이에스링크,breakout,2025-05-02,2025-05-07,2025-05-08,2025-05-08,30,10750.0,10420.0,open,False,-10852.649999999965,1,15.0
2025,close,003570,SNT다이내믹스,breakout,2025-05-08,2025-05-09,2025-05-12,2025-05-12,8,36350.0,36550.0,open,False,725.2000000000116,1,15.0
2025,close,006800,미래에셋증권,breakout,2025-05-12,2025-05-13,2025-05-14,2025-05-14,25,12495.0,12874.0,open,False,8523.662500000035,1,15.0
2025,close,344860,이노진,breakout,2025-05-14,2025-05-15,2025-05-16,2025-05-16,125,2575.0,2510.0,open,False,-9078.4375,1,15.0
2025,close,026890,스틱인베스트먼트,pullback,2025-05-16,2025-05-19,2025-05-20,2025-05-20,30,10500.0,10450.0,open,False,-2442.75,1,15.0
2025,close,003570,SNT다이내믹스,breakout,2025-05-20,2025-05-21,2025-05-22,2025-05-22,8,39000.0,40350.0,open,False,9847.800000000047,1,15.0
2025,close,114090,GKL,breakout,2025-05-22,2025-05-23,2025-05-26,2025-05-26,23,13840.0,14000.0,open,False,2719.5199999999604,1,15.0
2025,close,000850,화천기공,breakout,2025-05-26,2025-05-27,2025-05-28,2025-05-28,10,31050.0,31050.0,open,False,-931.5,1,15.0
2025,close,053350,이니텍,breakout,2025-05-28,2025-05-29,2025-05-30,2025-05-30,33,9750.0,9570.0,open,False,-6896.339999999967,1,15.0
2025,close,014680,한솔케미칼,breakout,2025-05-30,2025-06-02,2025-06-04,2025-06-04,2,131800.0,132300.0,open,False,207.70000000001164,1,15.0
2025,close,309960,LB인베스트먼트,breakout,2025-06-04,2025-06-05,2025-06-09,2025-06-09,58,5410.0,5570.0,open,False,8324.73999999999,1,15.0
2025,close,015860,일진홀딩스,breakout,2025-06-09,2025-06-10,2025-06-11,2025-06-11,63,5150.0,5210.0,open,False,2800.9799999999814,1,15.0
2025,close,310200,애니플러스,breakout,2025-06-11,2025-06-12,2025-06-13,2025-06-13,76,4290.0,4400.0,open,False,7369.340000000026,1,15.0
2025,close,025980,아난티,breakout,2025-06-13,2025-06-16,2025-06-17,2025-06-17,32,10280.0,11130.0,open,False,26172.320000000007,1,15.0
2025,close,094280,효성ITX,breakout,2025-06-17,2025-06-18,2025-06-19,2025-06-19,25,13990.0,15240.0,open,False,30153.875,1,15.0
2025,close,319400,현대무벡스,breakout,2025-06-19,2025-06-20,2025-06-23,2025-06-23,82,4750.0,4740.0,open,False,-1987.2699999999604,1,15.0
2025,close,006220,제주은행,breakout,2025-06-23,2025-06-24,2025-06-25,2025-06-25,34,11290.0,13500.0,open,False,73875.70999999996,1,15.0
2025,close,009070,KCTC,breakout,2025-06-25,2025-06-26,2025-06-27,2025-06-27,91,5100.0,4795.0,open,False,-29105.66749999998,1,15.0
2025,close,015860,일진홀딩스,pullback,2025-06-27,2025-06-30,2025-07-01,2025-07-01,83,5190.0,5620.0,open,False,34344.15499999997,1,15.0
2025,close,004360,세방,breakout,2025-07-01,2025-07-02,2025-07-03,2025-07-03,29,16070.0,15620.0,open,False,-14428.515000000014,1,15.0
2025,close,081150,티플랙스,breakout,2025-07-03,2025-07-04,2025-07-07,2025-07-07,133,3420.0,3445.0,open,False,1955.4324999999953,1,15.0
2025,close,000080,하이트진로,breakout,2025-07-07,2025-07-08,2025-07-09,2025-07-09,20,21800.0,21550.0,open,False,-6300.5,1,15.0
2025,close,026890,스틱인베스트먼트,breakout,2025-07-09,2025-07-10,2025-07-11,2025-07-11,37,11990.0,11440.0,open,False,-21650.36499999999,1,15.0
2025,close,030210,다올투자증권,breakout,2025-07-11,2025-07-14,2025-07-15,2025-07-15,103,4160.0,4150.0,open,False,-2313.8950000000186,1,15.0
2025,close,003080,SB성보,breakout,2025-07-15,2025-07-16,2025-07-17,2025-07-17,147,2900.0,2905.0,open,False,-545.0025000000023,1,15.0
2025,close,009300,삼아제약,pullback,2025-07-17,2025-07-18,2025-07-21,2025-07-21,22,18930.0,18820.0,open,False,-3665.75,1,15.0
2025,close,008260,NI스틸,pullback,2025-07-21,2025-07-22,2025-07-23,2025-07-23,110,3825.0,3755.0,open,False,-8950.699999999953,1,15.0
2025,close,036460,한국가스공사,pullback,2025-07-23,2025-07-24,2025-07-25,2025-07-25,9,45850.0,44850.0,open,False,-10224.450000000012,1,15.0
2025,close,014680,한솔케미칼,pullback,2025-07-28,2025-07-29,2025-07-30,2025-07-30,2,183700.0,182600.0,open,False,-3298.9000000000233,1,15.0
2025,close,319400,현대무벡스,pullback,2025-07-30,2025-07-31,2025-08-01,2025-08-01,77,5130.0,5140.0,open,False,-416.1849999999977,1,15.0
2025,close,025980,아난티,breakout,2025-08-01,2025-08-04,2025-08-05,2025-08-05,39,10170.0,10290.0,open,False,3483.0900000000256,1,15.0
2025,close,064850,에프앤가이드,pullback,2025-08-05,2025-08-06,2025-08-07,2025-08-07,47,8420.0,8370.0,open,False,-3533.695000000007,1,15.0
2025,close,011230,삼화전자,pullback,2025-08-07,2025-08-08,2025-08-11,2025-08-11,74,5370.0,5510.0,open,False,9152.320000000007,1,15.0
2025,close,127120,제이에스링크,breakout,2025-08-11,2025-08-12,2025-08-13,2025-08-13,24,17000.0,16500.0,open,False,-13206.0,1,15.0
2025,close,265520,AP시스템,breakout,2025-08-13,2025-08-14,2025-08-18,2025-08-18,20,19110.0,18410.0,open,False,-15125.600000000035,1,15.0
2025,close,415380,스튜디오삼익,breakout,2025-08-18,2025-08-19,2025-08-20,2025-08-20,116,3263.0,3250.0,open,False,-2641.262000000046,1,15.0
2025,close,415380,스튜디오삼익,breakout,2025-08-20,2025-08-21,2025-08-22,2025-08-22,112,3371.0,3444.0,open,False,7031.079999999958,1,15.0
2025,close,415380,스튜디오삼익,breakout,2025-08-22,2025-08-25,2025-08-26,2025-08-26,105,3656.0,3868.0,open,False,21074.97000000003,1,15.0
2025,close,003570,SNT다이내믹스,breakout,2025-08-26,2025-08-27,2025-08-28,2025-08-28,6,64000.0,60400.0,open,False,-22719.599999999977,1,15.0
2025,close,085310,엔케이,breakout,2025-08-28,2025-08-29,2025-09-01,2025-09-01,28,13630.0,13400.0,open,False,-7575.260000000009,1,15.0
2025,close,170920,엘티씨,pullback,2025-09-01,2025-09-02,2025-09-03,2025-09-03,30,12250.0,12060.0,open,False,-6793.949999999953,1,15.0
2025,close,319400,현대무벡스,breakout,2025-09-03,2025-09-04,2025-09-05,2025-09-05,56,6530.0,6690.0,open,False,7849.520000000019,1,15.0
2025,close,319400,현대무벡스,breakout,2025-09-05,2025-09-08,2025-09-09,2025-09-09,51,7300.0,7770.0,open,False,22817.14500000002,1,15.0
2025,close,170920,엘티씨,breakout,2025-09-11,2025-09-12,2025-09-15,2025-09-15,27,14670.0,14590.0,open,False,-3345.0299999999697,1,15.0
2025,close,170920,엘티씨,breakout,2025-09-15,2025-09-16,2025-09-17,2025-09-17,24,16350.0,16390.0,open,False,-218.64000000001397,1,15.0
2025,close,170920,엘티씨,breakout,2025-09-17,2025-09-18,2025-09-19,2025-09-19,22,17350.0,19400.0,open,False,43887.25,1,15.0
2025,close,127120,제이에스링크,breakout,2025-09-19,2025-09-22,2025-09-23,2025-09-23,18,24100.0,23700.0,open,False,-8490.599999999977,1,15.0
2025,close,457190,이수스페셜티케미컬,breakout,2025-09-23,2025-09-24,2025-09-25,2025-09-25,8,51600.0,50400.0,open,False,-10824.0,1,15.0
2025,close,064850,에프앤가이드,pullback,2025-09-25,2025-09-26,2025-09-29,2025-09-29,48,8610.0,8560.0,open,False,-3636.2399999999907,1,15.0
2025,close,006800,미래에셋증권,pullback,2025-09-29,2025-09-30,2025-10-01,2025-10-01,18,21954.0,21357.0,open,False,-11915.396999999997,1,15.0
2025,close,102460,이연제약,pullback,2025-10-01,2025-10-02,2025-10-10,2025-10-10,34,11870.0,12010.0,open,False,3542.1200000000536,1,15.0
2025,close,265520,AP시스템,breakout,2025-10-10,2025-10-13,2025-10-14,2025-10-14,20,20350.0,21300.0,open,False,17750.5,1,15.0
2025,close,319400,현대무벡스,breakout,2025-10-14,2025-10-15,2025-10-16,2025-10-16,39,10780.0,12280.0,open,False,57150.99000000005,1,15.0
2025,close,457190,이수스페셜티케미컬,breakout,2025-10-16,2025-10-17,2025-10-20,2025-10-20,8,55500.0,54800.0,open,False,-6923.599999999977,1,15.0
2025,close,006800,미래에셋증권,breakout,2025-10-20,2025-10-21,2025-10-22,2025-10-22,18,25340.0,23846.0,open,False,-28220.022000000055,1,15.0
2025,close,011170,롯데케미칼,breakout,2025-10-22,2025-10-23,2025-10-24,2025-10-24,5,77600.0,75400.0,open,False,-12147.5,1,15.0
2025,close,015860,일진홀딩스,breakout,2025-10-24,2025-10-27,2025-10-28,2025-10-28,66,6590.0,6290.0,open,False,-21075.119999999995,1,15.0
2025,close,019170,신풍제약,breakout,2025-10-28,2025-10-29,2025-10-30,2025-10-30,26,15720.0,14100.0,open,False,-43282.97999999998,1,15.0
2025,close,015860,일진홀딩스,breakout,2025-10-30,2025-10-31,2025-11-03,2025-11-03,55,6740.0,7080.0,open,False,17559.849999999977,1,15.0
2025,close,015860,일진홀딩스,breakout,2025-11-03,2025-11-04,2025-11-05,2025-11-05,53,7210.0,7200.0,open,False,-1675.594999999972,1,15.0
2025,close,309960,LB인베스트먼트,pullback,2025-11-05,2025-11-06,2025-11-07,2025-11-07,74,5210.0,5290.0,open,False,4754.5,1,15.0
2025,close,309960,LB인베스트먼트,pullback,2025-11-07,2025-11-10,2025-11-11,2025-11-11,70,5580.0,5680.0,open,False,5817.700000000012,1,15.0
2025,close,015860,일진홀딩스,breakout,2025-11-11,2025-11-12,2025-11-13,2025-11-13,49,8090.0,8050.0,open,False,-3146.2900000000373,1,15.0
2025,close,220100,퓨쳐켐,breakout,2025-11-13,2025-11-14,2025-11-17,2025-11-17,18,21134.0,24119.0,open,False,52508.168999999994,1,15.0
2025,close,220100,퓨쳐켐,breakout,2025-11-17,2025-11-18,2025-11-19,2025-11-19,17,25490.0,25611.0,open,False,753.9244999999646,1,15.0
2025,close,204320,HL만도,pullback,2025-11-19,2025-11-20,2025-11-21,2025-11-21,11,38900.0,38800.0,open,False,-2382.0499999999884,1,15.0
2025,close,064850,에프앤가이드,pullback,2025-11-21,2025-11-24,2025-11-25,2025-11-25,51,8700.0,8580.0,open,False,-7441.920000000042,1,15.0
2025,close,138360,앤로보틱스,breakout,2025-11-25,2025-11-26,2025-11-27,2025-11-27,406,1079.0,1230.0,open,False,59899.81900000002,1,15.0
2025,close,314130,지놈앤컴퍼니,breakout,2025-11-27,2025-11-28,2025-12-01,2025-12-01,131,3790.0,3930.0,open,False,16823.01999999996,1,15.0
2025,close,204320,HL만도,breakout,2025-12-01,2025-12-02,2025-12-03,2025-12-03,9,53200.0,52100.0,open,False,-11321.549999999988,1,15.0
2025,close,314130,지놈앤컴퍼니,breakout,2025-12-03,2025-12-04,2025-12-05,2025-12-05,113,4430.0,4360.0,open,False,-9399.90499999997,1,15.0
2025,close,204320,HL만도,breakout,2025-12-05,2025-12-08,2025-12-09,2025-12-09,8,61000.0,56900.0,open,False,-34214.79999999999,1,15.0
2025,close,457190,이수스페셜티케미컬,breakout,2025-12-09,2025-12-10,2025-12-11,2025-12-11,6,67500.0,67200.0,open,False,-3012.2999999999884,1,15.0
2025,close,056080,유진로봇,breakout,2025-12-11,2025-12-12,2025-12-15,2025-12-15,29,15610.0,16620.0,open,False,27887.994999999995,1,15.0
2025,close,105630,한세실업,breakout,2025-12-15,2025-12-16,2025-12-17,2025-12-17,35,13760.0,13530.0,open,False,-9482.724999999977,1,15.0
2025,close,105630,한세실업,breakout,2025-12-17,2025-12-18,2025-12-19,2025-12-19,32,14740.0,15070.0,open,False,9129.119999999995,1,15.0
2025,close,309960,LB인베스트먼트,breakout,2025-12-19,2025-12-22,2025-12-23,2025-12-23,70,6830.0,6600.0,open,False,-17510.150000000023,1,15.0
2025,close,048770,TPC로보틱스,pullback,2025-12-23,2025-12-24,2025-12-26,2025-12-26,169,2760.0,2950.0,open,False,30662.515000000014,1,15.0
2025,close,126640,화신정공,pullback,2025-12-26,2025-12-29,2025-12-30,2025-12-30,379,1313.0,1285.0,open,False,-12088.962999999989,1,15.0
2025,low,204320,HL만도,pullback,2025-01-02,2025-01-03,2025-01-06,2025-01-06,7,42000.0,40900.0,open,False,-8570.450000000012,1,15.0
2025,low,127120,제이에스링크,breakout,2025-01-06,2025-01-07,2025-01-08,2025-01-08,46,6250.0,6410.0,open,False,6486.460000000021,1,15.0
2025,low,319400,현대무벡스,breakout,2025-01-08,2025-01-09,2025-01-10,2025-01-10,76,3905.0,3875.0,open,False,-3166.920000000042,1,15.0
2025,low,025980,아난티,pullback,2025-01-13,2025-01-14,2025-01-15,2025-01-15,52,5570.0,5600.0,open,False,688.7399999999907,1,15.0
2025,low,058860,KTis,pullback,2025-01-15,2025-01-16,2025-01-17,2025-01-17,106,2765.0,2730.0,open,False,-4583.705000000016,1,15.0
2025,low,003030,세아제강지주,breakout,2025-01-17,2025-01-20,2025-01-21,2025-01-21,1,206500.0,218500.0,open,False,11362.5,1,15.0
2025,low,004870,티웨이홀딩스,breakout,2025-01-21,2025-01-22,2025-01-23,2025-01-23,61,4876.0,5727.0,open,False,50940.82549999998,1,15.0
2025,low,014160,대영포장,breakout,2025-01-23,2025-01-24,2025-01-31,2025-01-31,174,2025.0,1712.0,open,False,-55437.35700000002,1,15.0
2025,low,051630,진양화학,breakout,2025-01-31,2025-02-03,2025-02-04,2025-02-04,61,4800.0,4760.0,open,False,-3314.7399999999907,1,15.0
2025,low,168360,펨트론,breakout,2025-02-04,2025-02-05,2025-02-06,2025-02-06,30,9510.0,9640.0,open,False,3038.25,1,15.0
2025,low,136480,하림,breakout,2025-02-06,2025-02-07,2025-02-10,2025-02-10,99,2980.0,2930.0,open,False,-5827.635000000009,1,15.0
2025,low,056080,유진로봇,breakout,2025-02-10,2025-02-11,2025-02-12,2025-02-12,30,9550.0,9270.0,open,False,-9246.899999999965,1,15.0
2025,low,127120,제이에스링크,pullback,2025-02-12,2025-02-13,2025-02-14,2025-02-14,45,6200.0,6000.0,open,False,-9823.5,1,15.0
2025,low,025980,아난티,pullback,2025-02-14,2025-02-17,2025-02-18,2025-02-18,44,6090.0,6090.0,open,False,-803.8800000000047,1,15.0
2025,low,136480,하림,pullback,2025-02-18,2025-02-19,2025-02-20,2025-02-20,91,2955.0,2955.0,open,False,-806.7150000000256,1,15.0
2025,low,003030,세아제강지주,pullback,2025-02-20,2025-02-21,2025-02-24,2025-02-24,1,230000.0,223500.0,open,False,-7180.25,1,15.0
2025,low,058860,KTis,pullback,2025-02-24,2025-02-25,2025-02-26,2025-02-26,93,2810.0,2740.0,open,False,-7284.225000000006,1,15.0
2025,low,053350,이니텍,breakout,2025-02-27,2025-02-28,2025-03-04,2025-03-04,55,4615.0,4970.0,open,False,18734.237500000017,1,15.0
2025,low,003030,세아제강지주,breakout,2025-03-04,2025-03-05,2025-03-06,2025-03-06,1,252500.0,257000.0,open,False,3735.75,1,15.0
2025,low,136480,하림,pullback,2025-03-06,2025-03-07,2025-03-10,2025-03-10,92,3020.0,3100.0,open,False,6515.440000000002,1,15.0
2025,low,053350,이니텍,breakout,2025-03-10,2025-03-11,2025-03-12,2025-03-12,47,6050.0,6490.0,open,False,19795.929999999993,1,15.0
2025,low,115500,케이씨에스,pullback,2025-03-13,2025-03-14,2025-03-17,2025-03-17,24,12670.0,13640.0,open,False,22332.840000000026,1,15.0
2025,low,127120,제이에스링크,pullback,2025-03-17,2025-03-18,2025-03-19,2025-03-19,52,6250.0,6680.0,open,False,21351.46000000002,1,15.0
2025,low,011230,삼화전자,breakout,2025-03-19,2025-03-20,2025-03-21,2025-03-21,93,3730.0,4350.0,open,False,56532.840000000026,1,15.0
2025,low,003570,SNT다이내믹스,pullback,2025-03-21,2025-03-24,2025-03-25,2025-03-25,11,34300.0,33550.0,open,False,-9369.524999999965,1,15.0
2025,low,030210,다올투자증권,breakout,2025-03-25,2025-03-26,2025-03-27,2025-03-27,118,3340.0,3340.0,open,False,-1182.3600000000442,1,15.0
2025,low,053350,이니텍,breakout,2025-03-28,2025-03-31,2025-04-01,2025-04-01,39,9970.0,9330.0,open,False,-26089.04999999999,1,15.0
2025,low,052220,iMBC,breakout,2025-04-01,2025-04-02,2025-04-03,2025-04-03,71,5170.0,5110.0,open,False,-5354.820000000007,1,15.0
2025,low,052220,iMBC,breakout,2025-04-03,2025-04-04,2025-04-07,2025-04-07,62,5790.0,4550.0,open,False,-77841.62,1,15.0
2025,low,052220,iMBC,pullback,2025-04-07,2025-04-08,2025-04-09,2025-04-09,60,4695.0,4620.0,open,False,-5338.349999999977,1,15.0
2025,low,127120,제이에스링크,breakout,2025-04-09,2025-04-10,2025-04-11,2025-04-11,34,8020.0,8300.0,open,False,8687.679999999993,1,15.0
2025,low,310200,애니플러스,pullback,2025-04-11,2025-04-14,2025-04-15,2025-04-15,87,3315.0,3280.0,open,False,-3905.647500000021,1,15.0
2025,low,006040,동원산업,breakout,2025-04-15,2025-04-16,2025-04-17,2025-04-17,7,39450.0,41750.0,open,False,15247.399999999965,1,15.0
2025,low,030210,다올투자증권,breakout,2025-04-17,2025-04-18,2025-04-21,2025-04-21,82,3650.0,3745.0,open,False,6880.414999999979,1,15.0
2025,low,309960,LB인베스트먼트,breakout,2025-04-21,2025-04-22,2025-04-23,2025-04-23,50,6090.0,5970.0,open,False,-6904.5,1,15.0
2025,low,014830,유니드,breakout,2025-04-23,2025-04-24,2025-04-25,2025-04-25,3,89700.0,89300.0,open,False,-2005.5,1,15.0
2025,low,006800,미래에셋증권,breakout,2025-04-25,2025-04-28,2025-04-29,2025-04-29,29,10255.0,10404.0,open,False,3422.333500000008,1,15.0
2025,low,006800,미래에셋증권,breakout,2025-04-29,2025-04-30,2025-05-02,2025-05-02,27,10833.0,11778.0,open,False,24599.25450000004,1,15.0
2025,low,127120,제이에스링크,breakout,2025-05-02,2025-05-07,2025-05-08,2025-05-08,30,10750.0,10420.0,open,False,-10852.649999999965,1,15.0
2025,low,003570,SNT다이내믹스,breakout,2025-05-08,2025-05-09,2025-05-12,2025-05-12,8,36350.0,36550.0,open,False,725.2000000000116,1,15.0
2025,low,006800,미래에셋증권,breakout,2025-05-12,2025-05-13,2025-05-14,2025-05-14,25,12495.0,12874.0,open,False,8523.662500000035,1,15.0
2025,low,344860,이노진,breakout,2025-05-14,2025-05-15,2025-05-16,2025-05-16,125,2575.0,2510.0,open,False,-9078.4375,1,15.0
2025,low,026890,스틱인베스트먼트,pullback,2025-05-16,2025-05-19,2025-05-20,2025-05-20,30,10500.0,10450.0,open,False,-2442.75,1,15.0
2025,low,003570,SNT다이내믹스,breakout,2025-05-20,2025-05-21,2025-05-22,2025-05-22,8,39000.0,40350.0,open,False,9847.800000000047,1,15.0
2025,low,114090,GKL,breakout,2025-05-22,2025-05-23,2025-05-26,2025-05-26,23,13840.0,14000.0,open,False,2719.5199999999604,1,15.0
2025,low,000850,화천기공,breakout,2025-05-26,2025-05-27,2025-05-28,2025-05-28,10,31050.0,31050.0,open,False,-931.5,1,15.0
2025,low,053350,이니텍,breakout,2025-05-28,2025-05-29,2025-05-30,2025-05-30,33,9750.0,9570.0,open,False,-6896.339999999967,1,15.0
2025,low,014680,한솔케미칼,breakout,2025-05-30,2025-06-02,2025-06-04,2025-06-04,2,131800.0,132300.0,open,False,207.70000000001164,1,15.0
2025,low,309960,LB인베스트먼트,breakout,2025-06-04,2025-06-05,2025-06-09,2025-06-09,58,5410.0,5570.0,open,False,8324.73999999999,1,15.0
2025,low,015860,일진홀딩스,breakout,2025-06-09,2025-06-10,2025-06-11,2025-06-11,63,5150.0,5210.0,open,False,2800.9799999999814,1,15.0
2025,low,310200,애니플러스,breakout,2025-06-11,2025-06-12,2025-06-13,2025-06-13,76,4290.0,4400.0,open,False,7369.340000000026,1,15.0
2025,low,025980,아난티,breakout,2025-06-13,2025-06-16,2025-06-17,2025-06-17,32,10280.0,11130.0,open,False,26172.320000000007,1,15.0
2025,low,094280,효성ITX,breakout,2025-06-17,2025-06-18,2025-06-19,2025-06-19,25,13990.0,15240.0,open,False,30153.875,1,15.0
2025,low,319400,현대무벡스,breakout,2025-06-19,2025-06-20,2025-06-23,2025-06-23,82,4750.0,4740.0,open,False,-1987.2699999999604,1,15.0
2025,low,006220,제주은행,breakout,2025-06-23,2025-06-24,2025-06-25,2025-06-25,34,11290.0,13500.0,open,False,73875.70999999996,1,15.0
2025,low,009070,KCTC,breakout,2025-06-25,2025-06-26,2025-06-27,2025-06-27,91,5100.0,4795.0,open,False,-29105.66749999998,1,15.0
2025,low,015860,일진홀딩스,pullback,2025-06-27,2025-06-30,2025-07-01,2025-07-01,83,5190.0,5620.0,open,False,34344.15499999997,1,15.0
2025,low,004360,세방,breakout,2025-07-01,2025-07-02,2025-07-03,2025-07-03,29,16070.0,15620.0,open,False,-14428.515000000014,1,15.0
2025,low,081150,티플랙스,breakout,2025-07-03,2025-07-04,2025-07-07,2025-07-07,133,3420.0,3445.0,open,False,1955.4324999999953,1,15.0
2025,low,000080,하이트진로,breakout,2025-07-07,2025-07-08,2025-07-09,2025-07-09,20,21800.0,21550.0,open,False,-6300.5,1,15.0
2025,low,026890,스틱인베스트먼트,breakout,2025-07-09,2025-07-10,2025-07-11,2025-07-11,37,11990.0,11440.0,open,False,-21650.36499999999,1,15.0
2025,low,030210,다올투자증권,breakout,2025-07-11,2025-07-14,2025-07-15,2025-07-15,103,4160.0,4150.0,open,False,-2313.8950000000186,1,15.0
2025,low,003080,SB성보,breakout,2025-07-15,2025-07-16,2025-07-17,2025-07-17,147,2900.0,2905.0,open,False,-545.0025000000023,1,15.0
2025,low,009300,삼아제약,pullback,2025-07-17,2025-07-18,2025-07-21,2025-07-21,22,18930.0,18820.0,open,False,-3665.75,1,15.0
2025,low,008260,NI스틸,pullback,2025-07-21,2025-07-22,2025-07-23,2025-07-23,110,3825.0,3755.0,open,False,-8950.699999999953,1,15.0
2025,low,036460,한국가스공사,pullback,2025-07-23,2025-07-24,2025-07-25,2025-07-25,9,45850.0,44850.0,open,False,-10224.450000000012,1,15.0
2025,low,014680,한솔케미칼,pullback,2025-07-28,2025-07-29,2025-07-30,2025-07-30,2,183700.0,182600.0,open,False,-3298.9000000000233,1,15.0
2025,low,319400,현대무벡스,pullback,2025-07-30,2025-07-31,2025-08-01,2025-08-01,77,5130.0,5140.0,open,False,-416.1849999999977,1,15.0
2025,low,025980,아난티,breakout,2025-08-01,2025-08-04,2025-08-05,2025-08-05,39,10170.0,10290.0,open,False,3483.0900000000256,1,15.0
2025,low,064850,에프앤가이드,pullback,2025-08-05,2025-08-06,2025-08-07,2025-08-07,47,8420.0,8370.0,open,False,-3533.695000000007,1,15.0
2025,low,011230,삼화전자,pullback,2025-08-07,2025-08-08,2025-08-11,2025-08-11,74,5370.0,5510.0,open,False,9152.320000000007,1,15.0
2025,low,127120,제이에스링크,breakout,2025-08-11,2025-08-12,2025-08-13,2025-08-13,24,17000.0,16500.0,open,False,-13206.0,1,15.0
2025,low,265520,AP시스템,breakout,2025-08-13,2025-08-14,2025-08-18,2025-08-18,20,19110.0,18410.0,open,False,-15125.600000000035,1,15.0
2025,low,415380,스튜디오삼익,breakout,2025-08-18,2025-08-19,2025-08-20,2025-08-20,116,3263.0,3250.0,open,False,-2641.262000000046,1,15.0
2025,low,415380,스튜디오삼익,breakout,2025-08-20,2025-08-21,2025-08-22,2025-08-22,112,3371.0,3444.0,open,False,7031.079999999958,1,15.0
2025,low,415380,스튜디오삼익,breakout,2025-08-22,2025-08-25,2025-08-26,2025-08-26,105,3656.0,3868.0,open,False,21074.97000000003,1,15.0
2025,low,003570,SNT다이내믹스,breakout,2025-08-26,2025-08-27,2025-08-28,2025-08-28,6,64000.0,60400.0,open,False,-22719.599999999977,1,15.0
2025,low,085310,엔케이,breakout,2025-08-28,2025-08-29,2025-09-01,2025-09-01,28,13630.0,13400.0,open,False,-7575.260000000009,1,15.0
2025,low,170920,엘티씨,pullback,2025-09-01,2025-09-02,2025-09-03,2025-09-03,30,12250.0,12060.0,open,False,-6793.949999999953,1,15.0
2025,low,319400,현대무벡스,breakout,2025-09-03,2025-09-04,2025-09-05,2025-09-05,56,6530.0,6690.0,open,False,7849.520000000019,1,15.0
2025,low,319400,현대무벡스,breakout,2025-09-05,2025-09-08,2025-09-09,2025-09-09,51,7300.0,7770.0,open,False,22817.14500000002,1,15.0
2025,low,170920,엘티씨,breakout,2025-09-11,2025-09-12,2025-09-15,2025-09-15,27,14670.0,14590.0,open,False,-3345.0299999999697,1,15.0
2025,low,170920,엘티씨,breakout,2025-09-15,2025-09-16,2025-09-17,2025-09-17,24,16350.0,16390.0,open,False,-218.64000000001397,1,15.0
2025,low,170920,엘티씨,breakout,2025-09-17,2025-09-18,2025-09-19,2025-09-19,22,17350.0,19400.0,open,False,43887.25,1,15.0
2025,low,127120,제이에스링크,breakout,2025-09-19,2025-09-22,2025-09-23,2025-09-23,18,24100.0,23700.0,open,False,-8490.599999999977,1,15.0
2025,low,457190,이수스페셜티케미컬,breakout,2025-09-23,2025-09-24,2025-09-25,2025-09-25,8,51600.0,50400.0,open,False,-10824.0,1,15.0
2025,low,064850,에프앤가이드,pullback,2025-09-25,2025-09-26,2025-09-29,2025-09-29,48,8610.0,8560.0,open,False,-3636.2399999999907,1,15.0
2025,low,006800,미래에셋증권,pullback,2025-09-29,2025-09-30,2025-10-01,2025-10-01,18,21954.0,21357.0,open,False,-11915.396999999997,1,15.0
2025,low,102460,이연제약,pullback,2025-10-01,2025-10-02,2025-10-10,2025-10-10,34,11870.0,12010.0,open,False,3542.1200000000536,1,15.0
2025,low,265520,AP시스템,breakout,2025-10-10,2025-10-13,2025-10-14,2025-10-14,20,20350.0,21300.0,open,False,17750.5,1,15.0
2025,low,319400,현대무벡스,breakout,2025-10-14,2025-10-15,2025-10-16,2025-10-16,39,10780.0,12280.0,open,False,57150.99000000005,1,15.0
2025,low,457190,이수스페셜티케미컬,breakout,2025-10-16,2025-10-17,2025-10-20,2025-10-20,8,55500.0,54800.0,open,False,-6923.599999999977,1,15.0
2025,low,006800,미래에셋증권,breakout,2025-10-20,2025-10-21,2025-10-22,2025-10-22,18,25340.0,23846.0,open,False,-28220.022000000055,1,15.0
2025,low,011170,롯데케미칼,breakout,2025-10-22,2025-10-23,2025-10-24,2025-10-24,5,77600.0,75400.0,open,False,-12147.5,1,15.0
2025,low,015860,일진홀딩스,breakout,2025-10-24,2025-10-27,2025-10-28,2025-10-28,66,6590.0,6290.0,open,False,-21075.119999999995,1,15.0
2025,low,019170,신풍제약,breakout,2025-10-28,2025-10-29,2025-10-30,2025-10-30,26,15720.0,14100.0,open,False,-43282.97999999998,1,15.0
2025,low,015860,일진홀딩스,breakout,2025-10-30,2025-10-31,2025-11-03,2025-11-03,55,6740.0,7080.0,open,False,17559.849999999977,1,15.0
2025,low,015860,일진홀딩스,breakout,2025-11-03,2025-11-04,2025-11-05,2025-11-05,53,7210.0,7200.0,open,False,-1675.594999999972,1,15.0
2025,low,309960,LB인베스트먼트,pullback,2025-11-05,2025-11-06,2025-11-07,2025-11-07,74,5210.0,5290.0,open,False,4754.5,1,15.0
2025,low,309960,LB인베스트먼트,pullback,2025-11-07,2025-11-10,2025-11-11,2025-11-11,70,5580.0,5680.0,open,False,5817.700000000012,1,15.0
2025,low,015860,일진홀딩스,breakout,2025-11-11,2025-11-12,2025-11-13,2025-11-13,49,8090.0,8050.0,open,False,-3146.2900000000373,1,15.0
2025,low,220100,퓨쳐켐,breakout,2025-11-13,2025-11-14,2025-11-17,2025-11-17,18,21134.0,24119.0,open,False,52508.168999999994,1,15.0
2025,low,220100,퓨쳐켐,breakout,2025-11-17,2025-11-18,2025-11-19,2025-11-19,17,25490.0,25611.0,open,False,753.9244999999646,1,15.0
2025,low,204320,HL만도,pullback,2025-11-19,2025-11-20,2025-11-21,2025-11-21,11,38900.0,38800.0,open,False,-2382.0499999999884,1,15.0
2025,low,064850,에프앤가이드,pullback,2025-11-21,2025-11-24,2025-11-25,2025-11-25,51,8700.0,8580.0,open,False,-7441.920000000042,1,15.0
2025,low,138360,앤로보틱스,breakout,2025-11-25,2025-11-26,2025-11-27,2025-11-27,406,1079.0,1230.0,open,False,59899.81900000002,1,15.0
2025,low,314130,지놈앤컴퍼니,breakout,2025-11-27,2025-11-28,2025-12-01,2025-12-01,131,3790.0,3930.0,open,False,16823.01999999996,1,15.0
2025,low,204320,HL만도,breakout,2025-12-01,2025-12-02,2025-12-03,2025-12-03,9,53200.0,52100.0,open,False,-11321.549999999988,1,15.0
2025,low,314130,지놈앤컴퍼니,breakout,2025-12-03,2025-12-04,2025-12-05,2025-12-05,113,4430.0,4360.0,open,False,-9399.90499999997,1,15.0
2025,low,204320,HL만도,breakout,2025-12-05,2025-12-08,2025-12-09,2025-12-09,8,61000.0,56900.0,open,False,-34214.79999999999,1,15.0
2025,low,457190,이수스페셜티케미컬,breakout,2025-12-09,2025-12-10,2025-12-11,2025-12-11,6,67500.0,67200.0,open,False,-3012.2999999999884,1,15.0
2025,low,056080,유진로봇,breakout,2025-12-11,2025-12-12,2025-12-15,2025-12-15,29,15610.0,16620.0,open,False,27887.994999999995,1,15.0
2025,low,105630,한세실업,breakout,2025-12-15,2025-12-16,2025-12-17,2025-12-17,35,13760.0,13530.0,open,False,-9482.724999999977,1,15.0
2025,low,105630,한세실업,breakout,2025-12-17,2025-12-18,2025-12-19,2025-12-19,32,14740.0,15070.0,open,False,9129.119999999995,1,15.0
2025,low,309960,LB인베스트먼트,breakout,2025-12-19,2025-12-22,2025-12-23,2025-12-23,70,6830.0,6600.0,open,False,-17510.150000000023,1,15.0
2025,low,048770,TPC로보틱스,pullback,2025-12-23,2025-12-24,2025-12-26,2025-12-26,169,2760.0,2950.0,open,False,30662.515000000014,1,15.0
2025,low,126640,화신정공,pullback,2025-12-26,2025-12-29,2025-12-30,2025-12-30,379,1313.0,1285.0,open,False,-12088.962999999989,1,15.0
2023,open,114090,GKL,pullback,2023-01-02,2023-01-03,2023-01-05,2023-01-05,15,18750.0,18600.0,open,False,-3090.375,2,15.0
2023,open,105560,KB금융,breakout,2023-01-05,2023-01-06,2023-01-10,2023-01-10,5,53800.0,56400.0,open,False,12173.5,2,15.0
2023,open,073640,테라사이언스,breakout,2023-01-10,2023-01-11,2023-01-13,2023-01-13,132,2330.0,2135.0,open,False,-26624.070000000007,2,15.0
2023,open,036620,감성코퍼레이션,pullback,2023-01-13,2023-01-16,2023-01-18,2023-01-18,136,2060.0,2115.0,open,False,6628.300000000047,2,15.0
2023,open,004870,티웨이홀딩스,breakout,2023-01-18,2023-01-19,2023-01-25,2023-01-25,92,3115.0,3401.0,open,False,25412.792000000016,2,15.0
2023,open,003830,대한화섬,breakout,2023-01-25,2023-01-26,2023-01-30,2023-01-30,2,130100.0,138500.0,open,False,15994.199999999983,2,15.0
2023,open,002700,신일전자,breakout,2023-01-30,2023-01-31,2023-02-02,2023-02-02,162,2035.0,2065.0,open,False,3863.7000000000116,2,15.0
2023,open,008260,NI스틸,breakout,2023-02-02,2023-02-03,2023-02-07,2023-02-07,59,5610.0,5480.0,open,False,-8651.465000000026,2,15.0
2023,open,105630,한세실업,breakout,2023-02-07,2023-02-08,2023-02-10,2023-02-10,18,17360.0,16780.0,open,False,-11361.780000000028,2,15.0
2023,open,064850,에프앤가이드,pullback,2023-02-10,2023-02-13,2023-02-15,2023-02-15,43,7280.0,7460.0,open,False,6789.270000000019,2,15.0
2023,open,105630,한세실업,pullback,2023-02-15,2023-02-16,2023-02-20,2023-02-20,18,17780.0,18130.0,open,False,5330.429999999993,2,15.0
2023,open,011780,금호석유화학,breakout,2023-02-20,2023-02-21,2023-02-23,2023-02-23,2,155000.0,158900.0,open,False,6858.299999999988,2,15.0
2023,open,000850,화천기공,breakout,2023-02-23,2023-02-24,2023-02-28,2023-02-28,9,33650.0,34300.0,open,False,4932.674999999988,2,15.0
2023,open,126640,화신정공,pullback,2023-02-28,2023-03-02,2023-03-06,2023-03-06,200,1682.0,1691.0,open,False,788.0999999999767,2,15.0
2023,open,056080,유진로봇,breakout,2023-03-06,2023-03-07,2023-03-09,2023-03-09,43,7730.0,7520.0,open,False,-10013.625,2,15.0
2023,open,115500,케이씨에스,breakout,2023-03-09,2023-03-10,2023-03-14,2023-03-14,33,9790.0,10540.0,open,False,23743.66499999998,2,15.0
2023,open,001460,BYC,pullback,2023-03-15,2023-03-16,2023-03-20,2023-03-20,6,50800.0,50300.0,open,False,-3909.9000000000233,2,15.0
2023,open,064850,에프앤가이드,pullback,2023-03-20,2023-03-21,2023-03-23,2023-03-23,47,7400.0,7450.0,open,False,1303.0750000000116,2,15.0
2023,open,030210,다올투자증권,breakout,2023-03-23,2023-03-24,2023-03-28,2023-03-28,66,5290.0,5360.0,open,False,3565.6500000000233,2,15.0
2023,open,265520,AP시스템,breakout,2023-03-28,2023-03-29,2023-03-31,2023-03-31,15,23000.0,23200.0,open,False,1960.5,2,15.0
2023,open,004360,세방,pullback,2023-03-31,2023-04-03,2023-04-05,2023-04-05,7,46000.0,46650.0,open,False,3577.1750000000466,2,15.0
2023,open,314130,지놈앤컴퍼니,breakout,2023-04-05,2023-04-06,2023-04-10,2023-04-10,27,12900.0,11600.0,open,False,-36092.25,2,15.0
2023,open,099220,SDN,pullback,2023-04-10,2023-04-11,2023-04-13,2023-04-13,14,22300.0,21950.0,open,False,-5829.250000000058,2,15.0
2023,open,004100,태양금속,breakout,2023-04-13,2023-04-14,2023-04-18,2023-04-18,149,2125.0,2140.0,open,False,1281.772500000021,2,15.0
2023,open,101360,에코앤드림,pullback,2023-04-18,2023-04-19,2023-04-21,2023-04-21,8,38225.0,35290.0,open,False,-24362.179999999993,2,15.0
2023,open,204320,HL만도,pullback,2023-04-21,2023-04-24,2023-04-26,2023-04-26,6,47550.0,49800.0,open,False,12623.849999999977,2,15.0
2023,open,011230,삼화전자,breakout,2023-04-26,2023-04-27,2023-05-02,2023-05-02,58,5239.0,8015.0,open,False,159854.902,2,15.0
2023,open,000430,대원강업,pullback,2023-05-02,2023-05-03,2023-05-08,2023-05-08,112,4150.0,4220.0,open,False,6433.840000000026,2,15.0
2023,open,067570,엔브이에이치코리아,pullback,2023-05-08,2023-05-09,2023-05-11,2023-05-11,122,3861.0,4080.0,open,False,25264.79700000002,2,15.0
2023,open,036620,감성코퍼레이션,breakout,2023-05-11,2023-05-12,2023-05-16,2023-05-16,157,3160.0,3170.0,open,False,79.28499999997439,2,15.0
2023,open,000850,화천기공,pullback,2023-05-16,2023-05-17,2023-05-19,2023-05-19,12,38650.0,39300.0,open,False,6396.900000000023,2,15.0
2023,open,073640,테라사이언스,pullback,2023-05-19,2023-05-22,2023-05-24,2023-05-24,120,4170.0,4245.0,open,False,7485.299999999988,2,15.0
2023,open,006800,미래에셋증권,breakout,2023-05-24,2023-05-25,2023-05-30,2023-05-30,68,7427.0,7278.0,open,False,-11631.909999999974,2,15.0
2023,open,017900,광전자,breakout,2023-05-30,2023-05-31,2023-06-02,2023-06-02,159,3135.0,3160.0,open,False,2473.6425000000163,2,15.0
2023,open,064850,에프앤가이드,breakout,2023-06-02,2023-06-05,2023-06-08,2023-06-08,56,8920.0,8790.0,open,False,-8767.640000000014,2,15.0
2023,open,017900,광전자,breakout,2023-06-08,2023-06-09,2023-06-13,2023-06-13,134,3675.0,3420.0,open,False,-35596.09500000003,2,15.0
2023,open,000850,화천기공,breakout,2023-06-13,2023-06-14,2023-06-16,2023-06-16,11,40300.0,37750.0,open,False,-29337.82500000001,2,15.0
2023,open,085310,엔케이,breakout,2023-06-16,2023-06-19,2023-06-21,2023-06-21,41,10220.0,10070.0,open,False,-7397.835000000021,2,15.0
2023,open,204320,HL만도,breakout,2023-06-21,2023-06-22,2023-06-26,2023-06-26,8,51600.0,50400.0,open,False,-10824.0,2,15.0
2023,open,026890,스틱인베스트먼트,breakout,2023-06-26,2023-06-27,2023-06-29,2023-06-29,59,6860.0,6580.0,open,False,-17709.440000000002,2,15.0
2023,open,003030,세아제강지주,breakout,2023-06-29,2023-06-30,2023-07-04,2023-07-04,1,204000.0,207000.0,open,False,2383.5,2,15.0
2023,open,000430,대원강업,breakout,2023-07-04,2023-07-05,2023-07-07,2023-07-07,66,5930.0,6200.0,open,False,16619.130000000005,2,15.0
2023,open,036620,감성코퍼레이션,breakout,2023-07-07,2023-07-10,2023-07-12,2023-07-12,88,4670.0,4555.0,open,False,-11337.699999999953,2,15.0
2023,open,011230,삼화전자,breakout,2023-07-12,2023-07-13,2023-07-17,2023-07-17,42,9527.0,8693.0,open,False,-36175.859999999986,2,15.0
2023,open,043910,자연과환경,breakout,2023-07-17,2023-07-18,2023-07-20,2023-07-20,24,14870.0,13220.0,open,False,-40611.23999999999,2,15.0
2023,open,149980,하이로닉,breakout,2023-07-20,2023-07-21,2023-07-25,2023-07-25,23,13785.0,12786.0,open,False,-23893.699499999988,2,15.0
2023,open,001740,SK네트웍스,breakout,2023-07-25,2023-07-26,2023-07-28,2023-07-28,48,6170.0,5870.0,open,False,-15266.879999999946,2,15.0
2023,open,326030,SK바이오팜,breakout,2023-08-01,2023-08-02,2023-08-04,2023-08-04,3,90000.0,95700.0,open,False,16264.350000000035,2,15.0
2023,open,105630,한세실업,pullback,2023-08-04,2023-08-07,2023-08-09,2023-08-09,15,19290.0,19400.0,open,False,779.4749999999767,2,15.0
2023,open,326030,SK바이오팜,breakout,2023-08-09,2023-08-10,2023-08-14,2023-08-14,3,98200.0,94600.0,open,False,-11667.600000000035,2,15.0
2023,open,105630,한세실업,breakout,2023-08-14,2023-08-16,2023-08-18,2023-08-18,13,21600.0,20700.0,open,False,-12524.849999999977,2,15.0
2023,open,149980,하이로닉,breakout,2023-08-21,2023-08-22,2023-08-24,2023-08-24,13,19912.0,17956.0,open,False,-26166.426000000007,2,15.0
2023,open,085310,엔케이,pullback,2023-08-24,2023-08-25,2023-08-29,2023-08-29,23,10720.0,10910.0,open,False,3623.764999999985,2,15.0
2023,open,089850,유비벨록스,breakout,2023-08-29,2023-08-30,2023-09-01,2023-09-01,27,9148.0,9112.0,open,False,-1711.5299999999988,2,15.0
2023,open,127120,제이에스링크,breakout,2023-09-01,2023-09-04,2023-09-06,2023-09-06,64,3945.0,3690.0,open,False,-17052.959999999992,2,15.0
2023,open,003570,SNT다이내믹스,breakout,2023-09-06,2023-09-07,2023-09-11,2023-09-11,20,11400.0,10970.0,open,False,-9271.099999999977,2,15.0
2023,open,003570,SNT다이내믹스,breakout,2023-09-11,2023-09-12,2023-09-14,2023-09-14,17,12660.0,11920.0,open,False,-13206.790000000008,2,15.0
2023,open,326030,SK바이오팜,pullback,2023-09-14,2023-09-15,2023-09-19,2023-09-19,2,92300.0,91100.0,open,False,-2950.2000000000116,2,15.0
2023,open,089850,유비벨록스,pullback,2023-09-20,2023-09-21,2023-09-25,2023-09-25,22,9224.0,8940.0,open,False,-6847.412000000011,2,15.0
2023,open,105630,한세실업,pullback,2023-09-25,2023-09-26,2023-10-04,2023-10-04,9,20550.0,19320.0,open,False,-11608.244999999995,2,15.0
2023,open,004270,남성,pullback,2023-10-06,2023-10-10,2023-10-12,2023-10-12,10,18285.0,18722.0,open,False,3814.8949999999895,2,15.0
2023,open,004100,태양금속,pullback,2023-10-12,2023-10-13,2023-10-17,2023-10-17,51,3840.0,3880.0,open,False,1449.4200000000128,2,15.0
2023,open,105630,한세실업,pullback,2023-10-18,2023-10-19,2023-10-23,2023-10-23,9,20350.0,20900.0,open,False,4393.125,2,15.0
2023,open,003570,SNT다이내믹스,pullback,2023-10-23,2023-10-24,2023-10-26,2023-10-26,16,11990.0,11660.0,open,False,-5847.600000000006,2,15.0
2023,open,003570,SNT다이내믹스,pullback,2023-10-26,2023-10-27,2023-10-31,2023-10-31,15,12610.0,13600.0,open,False,14260.274999999994,2,15.0
2023,open,105630,한세실업,breakout,2023-10-31,2023-11-01,2023-11-03,2023-11-03,9,23000.0,22800.0,open,False,-2418.2999999999884,2,15.0
2023,open,056080,유진로봇,pullback,2023-11-03,2023-11-06,2023-11-08,2023-11-08,17,11790.0,12030.0,open,False,3472.5899999999965,2,15.0
2023,open,105630,한세실업,breakout,2023-11-09,2023-11-10,2023-11-14,2023-11-14,8,23700.0,23150.0,open,False,-4962.200000000012,2,15.0
2023,open,105630,한세실업,pullback,2023-11-16,2023-11-17,2023-11-21,2023-11-21,8,23650.0,23250.0,open,False,-3762.8000000000175,2,15.0
2023,open,215200,메가스터디교육,pullback,2023-11-24,2023-11-27,2023-11-29,2023-11-29,3,61400.0,59400.0,open,False,-6543.600000000006,2,15.0
2023,open,016360,삼성증권,pullback,2023-11-30,2023-12-01,2023-12-05,2023-12-05,5,38900.0,38750.0,open,False,-1332.375,2,15.0
2023,open,016450,한세예스24홀딩스,pullback,2023-12-05,2023-12-06,2023-12-08,2023-12-08,39,4930.0,4980.0,open,False,1370.265000000014,2,15.0
2023,open,279600,미디어젠,breakout,2023-12-11,2023-12-12,2023-12-14,2023-12-14,12,16221.0,16403.0,open,False,1596.768000000011,2,15.0
2023,open,016360,삼성증권,breakout,2023-12-14,2023-12-15,2023-12-19,2023-12-19,4,40200.0,40050.0,open,False,-1081.5,2,15.0
2023,open,279600,미디어젠,breakout,2023-12-19,2023-12-20,2023-12-22,2023-12-22,11,17190.0,18982.0,open,False,19115.16200000001,2,15.0
2023,open,279600,미디어젠,breakout,2023-12-22,2023-12-26,2023-12-28,2023-12-28,9,21718.0,22201.0,open,False,3754.0935000000172,2,15.0
2023,open,309960,LB인베스트먼트,pullback,2023-12-28,2024-01-02,2024-01-04,2024-01-04,47,4645.0,4565.0,open,False,-4409.304999999993,2,15.0
2023,close,114090,GKL,pullback,2023-01-02,2023-01-03,2023-01-05,2023-01-05,15,18750.0,18600.0,open,False,-3090.375,2,15.0
2023,close,105560,KB금융,breakout,2023-01-05,2023-01-06,2023-01-10,2023-01-10,5,53800.0,56400.0,open,False,12173.5,2,15.0
2023,close,073640,테라사이언스,breakout,2023-01-10,2023-01-11,2023-01-13,2023-01-13,132,2330.0,2135.0,open,False,-26624.070000000007,2,15.0
2023,close,036620,감성코퍼레이션,pullback,2023-01-13,2023-01-16,2023-01-18,2023-01-18,136,2060.0,2115.0,open,False,6628.300000000047,2,15.0
2023,close,004870,티웨이홀딩스,breakout,2023-01-18,2023-01-19,2023-01-25,2023-01-25,92,3115.0,3401.0,open,False,25412.792000000016,2,15.0
2023,close,003830,대한화섬,breakout,2023-01-25,2023-01-26,2023-01-30,2023-01-30,2,130100.0,138500.0,open,False,15994.199999999983,2,15.0
2023,close,002700,신일전자,breakout,2023-01-30,2023-01-31,2023-02-02,2023-02-02,162,2035.0,2065.0,open,False,3863.7000000000116,2,15.0
2023,close,008260,NI스틸,breakout,2023-02-02,2023-02-03,2023-02-07,2023-02-07,59,5610.0,5480.0,open,False,-8651.465000000026,2,15.0
2023,close,105630,한세실업,breakout,2023-02-07,2023-02-08,2023-02-10,2023-02-10,18,17360.0,16780.0,open,False,-11361.780000000028,2,15.0
2023,close,064850,에프앤가이드,pullback,2023-02-10,2023-02-13,2023-02-15,2023-02-15,43,7280.0,7460.0,open,False,6789.270000000019,2,15.0
2023,close,105630,한세실업,pullback,2023-02-15,2023-02-16,2023-02-20,2023-02-20,18,17780.0,18130.0,open,False,5330.429999999993,2,15.0
2023,close,011780,금호석유화학,breakout,2023-02-20,2023-02-21,2023-02-23,2023-02-23,2,155000.0,158900.0,open,False,6858.299999999988,2,15.0
2023,close,000850,화천기공,breakout,2023-02-23,2023-02-24,2023-02-28,2023-02-28,9,33650.0,34300.0,open,False,4932.674999999988,2,15.0
2023,close,126640,화신정공,pullback,2023-02-28,2023-03-02,2023-03-06,2023-03-06,200,1682.0,1691.0,open,False,788.0999999999767,2,15.0
2023,close,056080,유진로봇,breakout,2023-03-06,2023-03-07,2023-03-09,2023-03-09,43,7730.0,7520.0,open,False,-10013.625,2,15.0
2023,close,115500,케이씨에스,breakout,2023-03-09,2023-03-10,2023-03-14,2023-03-14,33,9790.0,10540.0,open,False,23743.66499999998,2,15.0
2023,close,001460,BYC,pullback,2023-03-15,2023-03-16,2023-03-20,2023-03-20,6,50800.0,50300.0,open,False,-3909.9000000000233,2,15.0
2023,close,064850,에프앤가이드,pullback,2023-03-20,2023-03-21,2023-03-23,2023-03-23,47,7400.0,7450.0,open,False,1303.0750000000116,2,15.0
2023,close,030210,다올투자증권,breakout,2023-03-23,2023-03-24,2023-03-28,2023-03-28,66,5290.0,5360.0,open,False,3565.6500000000233,2,15.0
2023,close,265520,AP시스템,breakout,2023-03-28,2023-03-29,2023-03-31,2023-03-31,15,23000.0,23200.0,open,False,1960.5,2,15.0
2023,close,004360,세방,pullback,2023-03-31,2023-04-03,2023-04-05,2023-04-05,7,46000.0,46650.0,open,False,3577.1750000000466,2,15.0
2023,close,314130,지놈앤컴퍼니,breakout,2023-04-05,2023-04-06,2023-04-10,2023-04-10,27,12900.0,11600.0,open,False,-36092.25,2,15.0
2023,close,099220,SDN,pullback,2023-04-10,2023-04-11,2023-04-13,2023-04-13,14,22300.0,21950.0,open,False,-5829.250000000058,2,15.0
2023,close,004100,태양금속,breakout,2023-04-13,2023-04-14,2023-04-18,2023-04-18,149,2125.0,2140.0,open,False,1281.772500000021,2,15.0
2023,close,101360,에코앤드림,pullback,2023-04-18,2023-04-19,2023-04-21,2023-04-21,8,38225.0,35290.0,open,False,-24362.179999999993,2,15.0
2023,close,204320,HL만도,pullback,2023-04-21,2023-04-24,2023-04-26,2023-04-26,6,47550.0,49800.0,open,False,12623.849999999977,2,15.0
2023,close,011230,삼화전자,breakout,2023-04-26,2023-04-27,2023-05-02,2023-05-02,58,5239.0,8015.0,open,False,159854.902,2,15.0
2023,close,000430,대원강업,pullback,2023-05-02,2023-05-03,2023-05-08,2023-05-08,112,4150.0,4220.0,open,False,6433.840000000026,2,15.0
2023,close,067570,엔브이에이치코리아,pullback,2023-05-08,2023-05-09,2023-05-11,2023-05-11,122,3861.0,4080.0,open,False,25264.79700000002,2,15.0
2023,close,036620,감성코퍼레이션,breakout,2023-05-11,2023-05-12,2023-05-16,2023-05-16,157,3160.0,3170.0,open,False,79.28499999997439,2,15.0
2023,close,000850,화천기공,pullback,2023-05-16,2023-05-17,2023-05-19,2023-05-19,12,38650.0,39300.0,open,False,6396.900000000023,2,15.0
2023,close,073640,테라사이언스,pullback,2023-05-19,2023-05-22,2023-05-24,2023-05-24,120,4170.0,4245.0,open,False,7485.299999999988,2,15.0
2023,close,006800,미래에셋증권,breakout,2023-05-24,2023-05-25,2023-05-30,2023-05-30,68,7427.0,7278.0,open,False,-11631.909999999974,2,15.0
2023,close,017900,광전자,breakout,2023-05-30,2023-05-31,2023-06-02,2023-06-02,159,3135.0,3160.0,open,False,2473.6425000000163,2,15.0
2023,close,064850,에프앤가이드,breakout,2023-06-02,2023-06-05,2023-06-08,2023-06-08,56,8920.0,8790.0,open,False,-8767.640000000014,2,15.0
2023,close,017900,광전자,breakout,2023-06-08,2023-06-09,2023-06-13,2023-06-13,134,3675.0,3420.0,open,False,-35596.09500000003,2,15.0
2023,close,000850,화천기공,breakout,2023-06-13,2023-06-14,2023-06-16,2023-06-16,11,40300.0,37750.0,open,False,-29337.82500000001,2,15.0
2023,close,085310,엔케이,breakout,2023-06-16,2023-06-19,2023-06-21,2023-06-21,41,10220.0,10070.0,open,False,-7397.835000000021,2,15.0
2023,close,204320,HL만도,breakout,2023-06-21,2023-06-22,2023-06-26,2023-06-26,8,51600.0,50400.0,open,False,-10824.0,2,15.0
2023,close,026890,스틱인베스트먼트,breakout,2023-06-26,2023-06-27,2023-06-29,2023-06-29,59,6860.0,6580.0,open,False,-17709.440000000002,2,15.0
2023,close,003030,세아제강지주,breakout,2023-06-29,2023-06-30,2023-07-04,2023-07-04,1,204000.0,207000.0,open,False,2383.5,2,15.0
2023,close,000430,대원강업,breakout,2023-07-04,2023-07-05,2023-07-07,2023-07-07,66,5930.0,6200.0,open,False,16619.130000000005,2,15.0
2023,close,036620,감성코퍼레이션,breakout,2023-07-07,2023-07-10,2023-07-12,2023-07-12,88,4670.0,4555.0,open,False,-11337.699999999953,2,15.0
2023,close,011230,삼화전자,breakout,2023-07-12,2023-07-13,2023-07-17,2023-07-17,42,9527.0,8693.0,open,False,-36175.859999999986,2,15.0
2023,close,043910,자연과환경,breakout,2023-07-17,2023-07-18,2023-07-20,2023-07-20,24,14870.0,13220.0,open,False,-40611.23999999999,2,15.0
2023,close,149980,하이로닉,breakout,2023-07-20,2023-07-21,2023-07-25,2023-07-25,23,13785.0,12786.0,open,False,-23893.699499999988,2,15.0
2023,close,001740,SK네트웍스,breakout,2023-07-25,2023-07-26,2023-07-28,2023-07-28,48,6170.0,5870.0,open,False,-15266.879999999946,2,15.0
2023,close,326030,SK바이오팜,breakout,2023-08-01,2023-08-02,2023-08-04,2023-08-04,3,90000.0,95700.0,open,False,16264.350000000035,2,15.0
2023,close,105630,한세실업,pullback,2023-08-04,2023-08-07,2023-08-09,2023-08-09,15,19290.0,19400.0,open,False,779.4749999999767,2,15.0
2023,close,326030,SK바이오팜,breakout,2023-08-09,2023-08-10,2023-08-14,2023-08-14,3,98200.0,94600.0,open,False,-11667.600000000035,2,15.0
2023,close,105630,한세실업,breakout,2023-08-14,2023-08-16,2023-08-18,2023-08-18,13,21600.0,20700.0,open,False,-12524.849999999977,2,15.0
2023,close,149980,하이로닉,breakout,2023-08-21,2023-08-22,2023-08-24,2023-08-24,13,19912.0,17956.0,open,False,-26166.426000000007,2,15.0
2023,close,085310,엔케이,pullback,2023-08-24,2023-08-25,2023-08-29,2023-08-29,23,10720.0,10910.0,open,False,3623.764999999985,2,15.0
2023,close,089850,유비벨록스,breakout,2023-08-29,2023-08-30,2023-09-01,2023-09-01,27,9148.0,9112.0,open,False,-1711.5299999999988,2,15.0
2023,close,127120,제이에스링크,breakout,2023-09-01,2023-09-04,2023-09-06,2023-09-06,64,3945.0,3690.0,open,False,-17052.959999999992,2,15.0
2023,close,003570,SNT다이내믹스,breakout,2023-09-06,2023-09-07,2023-09-11,2023-09-11,20,11400.0,10970.0,open,False,-9271.099999999977,2,15.0
2023,close,003570,SNT다이내믹스,breakout,2023-09-11,2023-09-12,2023-09-14,2023-09-14,17,12660.0,11920.0,open,False,-13206.790000000008,2,15.0
2023,close,326030,SK바이오팜,pullback,2023-09-14,2023-09-15,2023-09-19,2023-09-19,2,92300.0,91100.0,open,False,-2950.2000000000116,2,15.0
2023,close,089850,유비벨록스,pullback,2023-09-20,2023-09-21,2023-09-25,2023-09-25,22,9224.0,8940.0,open,False,-6847.412000000011,2,15.0
2023,close,105630,한세실업,pullback,2023-09-25,2023-09-26,2023-10-04,2023-10-04,9,20550.0,19320.0,open,False,-11608.244999999995,2,15.0
2023,close,004270,남성,pullback,2023-10-06,2023-10-10,2023-10-12,2023-10-12,10,18285.0,18722.0,open,False,3814.8949999999895,2,15.0
2023,close,004100,태양금속,pullback,2023-10-12,2023-10-13,2023-10-17,2023-10-17,51,3840.0,3880.0,open,False,1449.4200000000128,2,15.0
2023,close,105630,한세실업,pullback,2023-10-18,2023-10-19,2023-10-23,2023-10-23,9,20350.0,20900.0,open,False,4393.125,2,15.0
2023,close,003570,SNT다이내믹스,pullback,2023-10-23,2023-10-24,2023-10-26,2023-10-26,16,11990.0,11660.0,open,False,-5847.600000000006,2,15.0
2023,close,003570,SNT다이내믹스,pullback,2023-10-26,2023-10-27,2023-10-31,2023-10-31,15,12610.0,13600.0,open,False,14260.274999999994,2,15.0
2023,close,105630,한세실업,breakout,2023-10-31,2023-11-01,2023-11-03,2023-11-03,9,23000.0,22800.0,open,False,-2418.2999999999884,2,15.0
2023,close,056080,유진로봇,pullback,2023-11-03,2023-11-06,2023-11-08,2023-11-08,17,11790.0,12030.0,open,False,3472.5899999999965,2,15.0
2023,close,105630,한세실업,breakout,2023-11-09,2023-11-10,2023-11-14,2023-11-14,8,23700.0,23150.0,open,False,-4962.200000000012,2,15.0
2023,close,105630,한세실업,pullback,2023-11-16,2023-11-17,2023-11-21,2023-11-21,8,23650.0,23250.0,open,False,-3762.8000000000175,2,15.0
2023,close,215200,메가스터디교육,pullback,2023-11-24,2023-11-27,2023-11-29,2023-11-29,3,61400.0,59400.0,open,False,-6543.600000000006,2,15.0
2023,close,016360,삼성증권,pullback,2023-11-30,2023-12-01,2023-12-05,2023-12-05,5,38900.0,38750.0,open,False,-1332.375,2,15.0
2023,close,016450,한세예스24홀딩스,pullback,2023-12-05,2023-12-06,2023-12-08,2023-12-08,39,4930.0,4980.0,open,False,1370.265000000014,2,15.0
2023,close,279600,미디어젠,breakout,2023-12-11,2023-12-12,2023-12-14,2023-12-14,12,16221.0,16403.0,open,False,1596.768000000011,2,15.0
2023,close,016360,삼성증권,breakout,2023-12-14,2023-12-15,2023-12-19,2023-12-19,4,40200.0,40050.0,open,False,-1081.5,2,15.0
2023,close,279600,미디어젠,breakout,2023-12-19,2023-12-20,2023-12-22,2023-12-22,11,17190.0,18982.0,open,False,19115.16200000001,2,15.0
2023,close,279600,미디어젠,breakout,2023-12-22,2023-12-26,2023-12-28,2023-12-28,9,21718.0,22201.0,open,False,3754.0935000000172,2,15.0
2023,close,309960,LB인베스트먼트,pullback,2023-12-28,2024-01-02,2024-01-04,2024-01-04,47,4645.0,4565.0,open,False,-4409.304999999993,2,15.0
2023,low,114090,GKL,pullback,2023-01-02,2023-01-03,2023-01-05,2023-01-05,15,18750.0,18600.0,open,False,-3090.375,2,15.0
2023,low,105560,KB금융,breakout,2023-01-05,2023-01-06,2023-01-10,2023-01-10,5,53800.0,56400.0,open,False,12173.5,2,15.0
2023,low,073640,테라사이언스,breakout,2023-01-10,2023-01-11,2023-01-13,2023-01-13,132,2330.0,2135.0,open,False,-26624.070000000007,2,15.0
2023,low,036620,감성코퍼레이션,pullback,2023-01-13,2023-01-16,2023-01-18,2023-01-18,136,2060.0,2115.0,open,False,6628.300000000047,2,15.0
2023,low,004870,티웨이홀딩스,breakout,2023-01-18,2023-01-19,2023-01-25,2023-01-25,92,3115.0,3401.0,open,False,25412.792000000016,2,15.0
2023,low,003830,대한화섬,breakout,2023-01-25,2023-01-26,2023-01-30,2023-01-30,2,130100.0,138500.0,open,False,15994.199999999983,2,15.0
2023,low,002700,신일전자,breakout,2023-01-30,2023-01-31,2023-02-02,2023-02-02,162,2035.0,2065.0,open,False,3863.7000000000116,2,15.0
2023,low,008260,NI스틸,breakout,2023-02-02,2023-02-03,2023-02-07,2023-02-07,59,5610.0,5480.0,open,False,-8651.465000000026,2,15.0
2023,low,105630,한세실업,breakout,2023-02-07,2023-02-08,2023-02-10,2023-02-10,18,17360.0,16780.0,open,False,-11361.780000000028,2,15.0
2023,low,064850,에프앤가이드,pullback,2023-02-10,2023-02-13,2023-02-15,2023-02-15,43,7280.0,7460.0,open,False,6789.270000000019,2,15.0
2023,low,105630,한세실업,pullback,2023-02-15,2023-02-16,2023-02-20,2023-02-20,18,17780.0,18130.0,open,False,5330.429999999993,2,15.0
2023,low,011780,금호석유화학,breakout,2023-02-20,2023-02-21,2023-02-23,2023-02-23,2,155000.0,158900.0,open,False,6858.299999999988,2,15.0
2023,low,000850,화천기공,breakout,2023-02-23,2023-02-24,2023-02-28,2023-02-28,9,33650.0,34300.0,open,False,4932.674999999988,2,15.0
2023,low,126640,화신정공,pullback,2023-02-28,2023-03-02,2023-03-06,2023-03-06,200,1682.0,1691.0,open,False,788.0999999999767,2,15.0
2023,low,056080,유진로봇,breakout,2023-03-06,2023-03-07,2023-03-09,2023-03-09,43,7730.0,7520.0,open,False,-10013.625,2,15.0
2023,low,115500,케이씨에스,breakout,2023-03-09,2023-03-10,2023-03-14,2023-03-14,33,9790.0,10540.0,open,False,23743.66499999998,2,15.0
2023,low,001460,BYC,pullback,2023-03-15,2023-03-16,2023-03-20,2023-03-20,6,50800.0,50300.0,open,False,-3909.9000000000233,2,15.0
2023,low,064850,에프앤가이드,pullback,2023-03-20,2023-03-21,2023-03-23,2023-03-23,47,7400.0,7450.0,open,False,1303.0750000000116,2,15.0
2023,low,030210,다올투자증권,breakout,2023-03-23,2023-03-24,2023-03-28,2023-03-28,66,5290.0,5360.0,open,False,3565.6500000000233,2,15.0
2023,low,265520,AP시스템,breakout,2023-03-28,2023-03-29,2023-03-31,2023-03-31,15,23000.0,23200.0,open,False,1960.5,2,15.0
2023,low,004360,세방,pullback,2023-03-31,2023-04-03,2023-04-05,2023-04-05,7,46000.0,46650.0,open,False,3577.1750000000466,2,15.0
2023,low,314130,지놈앤컴퍼니,breakout,2023-04-05,2023-04-06,2023-04-10,2023-04-10,27,12900.0,11600.0,open,False,-36092.25,2,15.0
2023,low,099220,SDN,pullback,2023-04-10,2023-04-11,2023-04-13,2023-04-13,14,22300.0,21950.0,open,False,-5829.250000000058,2,15.0
2023,low,004100,태양금속,breakout,2023-04-13,2023-04-14,2023-04-18,2023-04-18,149,2125.0,2140.0,open,False,1281.772500000021,2,15.0
2023,low,101360,에코앤드림,pullback,2023-04-18,2023-04-19,2023-04-21,2023-04-21,8,38225.0,35290.0,open,False,-24362.179999999993,2,15.0
2023,low,204320,HL만도,pullback,2023-04-21,2023-04-24,2023-04-26,2023-04-26,6,47550.0,49800.0,open,False,12623.849999999977,2,15.0
2023,low,011230,삼화전자,breakout,2023-04-26,2023-04-27,2023-05-02,2023-05-02,58,5239.0,8015.0,open,False,159854.902,2,15.0
2023,low,000430,대원강업,pullback,2023-05-02,2023-05-03,2023-05-08,2023-05-08,112,4150.0,4220.0,open,False,6433.840000000026,2,15.0
2023,low,067570,엔브이에이치코리아,pullback,2023-05-08,2023-05-09,2023-05-11,2023-05-11,122,3861.0,4080.0,open,False,25264.79700000002,2,15.0
2023,low,036620,감성코퍼레이션,breakout,2023-05-11,2023-05-12,2023-05-16,2023-05-16,157,3160.0,3170.0,open,False,79.28499999997439,2,15.0
2023,low,000850,화천기공,pullback,2023-05-16,2023-05-17,2023-05-19,2023-05-19,12,38650.0,39300.0,open,False,6396.900000000023,2,15.0
2023,low,073640,테라사이언스,pullback,2023-05-19,2023-05-22,2023-05-24,2023-05-24,120,4170.0,4245.0,open,False,7485.299999999988,2,15.0
2023,low,006800,미래에셋증권,breakout,2023-05-24,2023-05-25,2023-05-30,2023-05-30,68,7427.0,7278.0,open,False,-11631.909999999974,2,15.0
2023,low,017900,광전자,breakout,2023-05-30,2023-05-31,2023-06-02,2023-06-02,159,3135.0,3160.0,open,False,2473.6425000000163,2,15.0
2023,low,064850,에프앤가이드,breakout,2023-06-02,2023-06-05,2023-06-08,2023-06-08,56,8920.0,8790.0,open,False,-8767.640000000014,2,15.0
2023,low,017900,광전자,breakout,2023-06-08,2023-06-09,2023-06-13,2023-06-13,134,3675.0,3420.0,open,False,-35596.09500000003,2,15.0
2023,low,000850,화천기공,breakout,2023-06-13,2023-06-14,2023-06-16,2023-06-16,11,40300.0,37750.0,open,False,-29337.82500000001,2,15.0
2023,low,085310,엔케이,breakout,2023-06-16,2023-06-19,2023-06-21,2023-06-21,41,10220.0,10070.0,open,False,-7397.835000000021,2,15.0
2023,low,204320,HL만도,breakout,2023-06-21,2023-06-22,2023-06-26,2023-06-26,8,51600.0,50400.0,open,False,-10824.0,2,15.0
2023,low,026890,스틱인베스트먼트,breakout,2023-06-26,2023-06-27,2023-06-29,2023-06-29,59,6860.0,6580.0,open,False,-17709.440000000002,2,15.0
2023,low,003030,세아제강지주,breakout,2023-06-29,2023-06-30,2023-07-04,2023-07-04,1,204000.0,207000.0,open,False,2383.5,2,15.0
2023,low,000430,대원강업,breakout,2023-07-04,2023-07-05,2023-07-07,2023-07-07,66,5930.0,6200.0,open,False,16619.130000000005,2,15.0
2023,low,036620,감성코퍼레이션,breakout,2023-07-07,2023-07-10,2023-07-12,2023-07-12,88,4670.0,4555.0,open,False,-11337.699999999953,2,15.0
2023,low,011230,삼화전자,breakout,2023-07-12,2023-07-13,2023-07-17,2023-07-17,42,9527.0,8693.0,open,False,-36175.859999999986,2,15.0
2023,low,043910,자연과환경,breakout,2023-07-17,2023-07-18,2023-07-20,2023-07-20,24,14870.0,13220.0,open,False,-40611.23999999999,2,15.0
2023,low,149980,하이로닉,breakout,2023-07-20,2023-07-21,2023-07-25,2023-07-25,23,13785.0,12786.0,open,False,-23893.699499999988,2,15.0
2023,low,001740,SK네트웍스,breakout,2023-07-25,2023-07-26,2023-07-28,2023-07-28,48,6170.0,5870.0,open,False,-15266.879999999946,2,15.0
2023,low,326030,SK바이오팜,breakout,2023-08-01,2023-08-02,2023-08-04,2023-08-04,3,90000.0,95700.0,open,False,16264.350000000035,2,15.0
2023,low,105630,한세실업,pullback,2023-08-04,2023-08-07,2023-08-09,2023-08-09,15,19290.0,19400.0,open,False,779.4749999999767,2,15.0
2023,low,326030,SK바이오팜,breakout,2023-08-09,2023-08-10,2023-08-14,2023-08-14,3,98200.0,94600.0,open,False,-11667.600000000035,2,15.0
2023,low,105630,한세실업,breakout,2023-08-14,2023-08-16,2023-08-18,2023-08-18,13,21600.0,20700.0,open,False,-12524.849999999977,2,15.0
2023,low,149980,하이로닉,breakout,2023-08-21,2023-08-22,2023-08-24,2023-08-24,13,19912.0,17956.0,open,False,-26166.426000000007,2,15.0
2023,low,085310,엔케이,pullback,2023-08-24,2023-08-25,2023-08-29,2023-08-29,23,10720.0,10910.0,open,False,3623.764999999985,2,15.0
2023,low,089850,유비벨록스,breakout,2023-08-29,2023-08-30,2023-09-01,2023-09-01,27,9148.0,9112.0,open,False,-1711.5299999999988,2,15.0
2023,low,127120,제이에스링크,breakout,2023-09-01,2023-09-04,2023-09-06,2023-09-06,64,3945.0,3690.0,open,False,-17052.959999999992,2,15.0
2023,low,003570,SNT다이내믹스,breakout,2023-09-06,2023-09-07,2023-09-11,2023-09-11,20,11400.0,10970.0,open,False,-9271.099999999977,2,15.0
2023,low,003570,SNT다이내믹스,breakout,2023-09-11,2023-09-12,2023-09-14,2023-09-14,17,12660.0,11920.0,open,False,-13206.790000000008,2,15.0
2023,low,326030,SK바이오팜,pullback,2023-09-14,2023-09-15,2023-09-19,2023-09-19,2,92300.0,91100.0,open,False,-2950.2000000000116,2,15.0
2023,low,089850,유비벨록스,pullback,2023-09-20,2023-09-21,2023-09-25,2023-09-25,22,9224.0,8940.0,open,False,-6847.412000000011,2,15.0
2023,low,105630,한세실업,pullback,2023-09-25,2023-09-26,2023-10-04,2023-10-04,9,20550.0,19320.0,open,False,-11608.244999999995,2,15.0
2023,low,004270,남성,pullback,2023-10-06,2023-10-10,2023-10-12,2023-10-12,10,18285.0,18722.0,open,False,3814.8949999999895,2,15.0
2023,low,004100,태양금속,pullback,2023-10-12,2023-10-13,2023-10-17,2023-10-17,51,3840.0,3880.0,open,False,1449.4200000000128,2,15.0
2023,low,105630,한세실업,pullback,2023-10-18,2023-10-19,2023-10-23,2023-10-23,9,20350.0,20900.0,open,False,4393.125,2,15.0
2023,low,003570,SNT다이내믹스,pullback,2023-10-23,2023-10-24,2023-10-26,2023-10-26,16,11990.0,11660.0,open,False,-5847.600000000006,2,15.0
2023,low,003570,SNT다이내믹스,pullback,2023-10-26,2023-10-27,2023-10-31,2023-10-31,15,12610.0,13600.0,open,False,14260.274999999994,2,15.0
2023,low,105630,한세실업,breakout,2023-10-31,2023-11-01,2023-11-03,2023-11-03,9,23000.0,22800.0,open,False,-2418.2999999999884,2,15.0
2023,low,056080,유진로봇,pullback,2023-11-03,2023-11-06,2023-11-08,2023-11-08,17,11790.0,12030.0,open,False,3472.5899999999965,2,15.0
2023,low,105630,한세실업,breakout,2023-11-09,2023-11-10,2023-11-14,2023-11-14,8,23700.0,23150.0,open,False,-4962.200000000012,2,15.0
2023,low,105630,한세실업,pullback,2023-11-16,2023-11-17,2023-11-21,2023-11-21,8,23650.0,23250.0,open,False,-3762.8000000000175,2,15.0
2023,low,215200,메가스터디교육,pullback,2023-11-24,2023-11-27,2023-11-29,2023-11-29,3,61400.0,59400.0,open,False,-6543.600000000006,2,15.0
2023,low,016360,삼성증권,pullback,2023-11-30,2023-12-01,2023-12-05,2023-12-05,5,38900.0,38750.0,open,False,-1332.375,2,15.0
2023,low,016450,한세예스24홀딩스,pullback,2023-12-05,2023-12-06,2023-12-08,2023-12-08,39,4930.0,4980.0,open,False,1370.265000000014,2,15.0
2023,low,279600,미디어젠,breakout,2023-12-11,2023-12-12,2023-12-14,2023-12-14,12,16221.0,16403.0,open,False,1596.768000000011,2,15.0
2023,low,016360,삼성증권,breakout,2023-12-14,2023-12-15,2023-12-19,2023-12-19,4,40200.0,40050.0,open,False,-1081.5,2,15.0
2023,low,279600,미디어젠,breakout,2023-12-19,2023-12-20,2023-12-22,2023-12-22,11,17190.0,18982.0,open,False,19115.16200000001,2,15.0
2023,low,279600,미디어젠,breakout,2023-12-22,2023-12-26,2023-12-28,2023-12-28,9,21718.0,22201.0,open,False,3754.0935000000172,2,15.0
2023,low,309960,LB인베스트먼트,pullback,2023-12-28,2024-01-02,2024-01-04,2024-01-04,47,4645.0,4565.0,open,False,-4409.304999999993,2,15.0
2024,open,326030,SK바이오팜,breakout,2024-01-02,2024-01-03,2024-01-05,2024-01-05,2,103300.0,95700.0,open,False,-15797.0,2,15.0
2024,open,326030,SK바이오팜,pullback,2024-01-05,2024-01-08,2024-01-10,2024-01-10,2,97500.0,97300.0,open,False,-984.3999999999942,2,15.0
2024,open,004540,깨끗한나라,breakout,2024-01-10,2024-01-11,2024-01-15,2024-01-15,91,3085.0,2890.0,open,False,-18560.587500000023,2,15.0
2024,open,089850,유비벨록스,pullback,2024-01-15,2024-01-16,2024-01-18,2024-01-18,31,8424.0,8353.0,open,False,-2981.1304999999993,2,15.0
2024,open,131370,알서포트,breakout,2024-01-18,2024-01-19,2024-01-23,2024-01-23,49,5280.0,5300.0,open,False,202.36999999999534,2,15.0
2024,open,279600,미디어젠,pullback,2024-01-23,2024-01-24,2024-01-26,2024-01-26,11,22250.0,21644.0,open,False,-7390.250999999989,2,15.0
2024,open,003830,대한화섬,pullback,2024-01-26,2024-01-29,2024-01-31,2024-01-31,2,107500.0,117100.0,open,False,18526.20000000001,2,15.0
2024,open,003030,세아제강지주,pullback,2024-01-31,2024-02-01,2024-02-05,2024-02-05,1,220000.0,212000.0,open,False,-8648.0,2,15.0
2024,open,163560,동일고무벨트,breakout,2024-02-05,2024-02-06,2024-02-08,2024-02-08,39,6650.0,6390.0,open,False,-10902.839999999997,2,15.0
2024,open,170920,엘티씨,pullback,2024-02-13,2024-02-14,2024-02-16,2024-02-16,15,16210.0,16180.0,open,False,-1178.7749999999942,2,15.0
2024,open,006800,미래에셋증권,breakout,2024-02-16,2024-02-19,2024-02-21,2024-02-21,28,8911.0,8732.0,open,False,-5753.005999999994,2,15.0
2024,open,014830,유니드,breakout,2024-02-21,2024-02-22,2024-02-26,2024-02-26,3,80400.0,78500.0,open,False,-6415.0500000000175,2,15.0
2024,open,457190,이수스페셜티케미컬,breakout,2024-02-26,2024-02-27,2024-02-29,2024-02-29,3,65800.0,71700.0,open,False,17081.25,2,15.0
2024,open,088980,맥쿼리인프라,breakout,2024-02-29,2024-03-04,2024-03-06,2024-03-06,20,12708.0,12818.0,open,False,1434.2200000000012,2,15.0
2024,open,001460,BYC,breakout,2024-03-06,2024-03-07,2024-03-11,2024-03-11,5,49950.0,48250.0,open,False,-9236.5,2,15.0
2024,open,088980,맥쿼리인프라,pullback,2024-03-11,2024-03-12,2024-03-14,2024-03-14,19,12857.0,12877.0,open,False,-353.4190000000235,2,15.0
2024,open,016360,삼성증권,pullback,2024-03-14,2024-03-15,2024-03-19,2024-03-19,5,41800.0,40700.0,open,False,-6118.75,2,15.0
2024,open,014160,대영포장,breakout,2024-03-19,2024-03-20,2024-03-22,2024-03-22,177,1368.0,1868.0,open,False,87640.842,2,15.0
2024,open,015360,INVENI,pullback,2024-03-22,2024-03-25,2024-03-27,2024-03-27,41,7960.0,8390.0,open,False,16624.474999999977,2,15.0
2024,open,026890,스틱인베스트먼트,breakout,2024-03-27,2024-03-28,2024-04-01,2024-04-01,44,7800.0,7800.0,open,False,-1029.600000000035,2,15.0
2024,open,003030,세아제강지주,pullback,2024-04-01,2024-04-02,2024-04-04,2024-04-04,1,224500.0,223500.0,open,False,-1672.0,2,15.0
2024,open,015860,일진홀딩스,pullback,2024-04-04,2024-04-05,2024-04-09,2024-04-09,77,4450.0,4295.0,open,False,-12945.047500000044,2,15.0
2024,open,101360,에코앤드림,pullback,2024-04-09,2024-04-11,2024-04-15,2024-04-15,7,46949.0,42507.0,open,False,-32033.288,2,15.0
2024,open,096870,엘디티,pullback,2024-04-15,2024-04-16,2024-04-18,2024-04-18,94,3170.0,3115.0,open,False,-6056.184999999998,2,15.0
2024,open,265520,AP시스템,breakout,2024-04-18,2024-04-19,2024-04-23,2024-04-23,9,32500.0,32800.0,open,False,1818.4500000000116,2,15.0
2024,open,026890,스틱인베스트먼트,breakout,2024-04-23,2024-04-24,2024-04-26,2024-04-26,33,8850.0,8690.0,open,False,-6148.229999999981,2,15.0
2024,open,003030,세아제강지주,pullback,2024-04-26,2024-04-29,2024-05-02,2024-05-02,1,223500.0,229000.0,open,False,4821.25,2,15.0
2024,open,019170,신풍제약,pullback,2024-05-02,2024-05-03,2024-05-08,2024-05-08,19,14770.0,14400.0,open,False,-7861.344999999972,2,15.0
2024,open,081580,성우전자,breakout,2024-05-08,2024-05-09,2024-05-13,2024-05-13,112,2550.0,2690.0,open,False,14799.679999999993,2,15.0
2024,open,064850,에프앤가이드,pullback,2024-05-13,2024-05-14,2024-05-17,2024-05-17,40,7490.0,7500.0,open,False,-499.4000000000233,2,15.0
2024,open,094280,효성ITX,breakout,2024-05-17,2024-05-20,2024-05-22,2024-05-22,22,13210.0,13280.0,open,False,665.8300000000163,2,15.0
2024,open,026890,스틱인베스트먼트,breakout,2024-05-22,2024-05-23,2024-05-27,2024-05-27,27,10870.0,10800.0,open,False,-2767.6350000000093,2,15.0
2024,open,094280,효성ITX,breakout,2024-05-27,2024-05-28,2024-05-30,2024-05-30,21,13940.0,13400.0,open,False,-12201.210000000021,2,15.0
2024,open,064850,에프앤가이드,pullback,2024-05-30,2024-05-31,2024-06-04,2024-06-04,36,7800.0,7730.0,open,False,-3358.6199999999953,2,15.0
2024,open,036460,한국가스공사,breakout,2024-06-04,2024-06-05,2024-06-10,2024-06-10,7,39000.0,37500.0,open,False,-11303.25,2,15.0
2024,open,053350,이니텍,breakout,2024-06-10,2024-06-11,2024-06-13,2024-06-13,71,3775.0,3590.0,open,False,-13919.372500000027,2,15.0
2024,open,003830,대한화섬,breakout,2024-06-13,2024-06-14,2024-06-18,2024-06-18,2,114500.0,113300.0,open,False,-3083.399999999994,2,15.0
2024,open,081580,성우전자,breakout,2024-06-18,2024-06-19,2024-06-21,2024-06-21,71,3570.0,3375.0,open,False,-14584.642500000016,2,15.0
2024,open,220100,퓨쳐켐,pullback,2024-06-21,2024-06-24,2024-06-26,2024-06-26,18,12607.0,11607.0,open,False,-18653.77800000002,2,15.0
2024,open,149980,하이로닉,breakout,2024-06-26,2024-06-27,2024-07-01,2024-07-01,11,18434.0,17035.0,open,False,-15974.238500000007,2,15.0
2024,open,094280,효성ITX,pullback,2024-07-01,2024-07-02,2024-07-04,2024-07-04,14,13940.0,13710.0,open,False,-3800.6500000000233,2,15.0
2024,open,003570,SNT다이내믹스,pullback,2024-07-04,2024-07-05,2024-07-09,2024-07-09,9,20300.0,20800.0,open,False,3945.149999999994,2,15.0
2024,open,220100,퓨쳐켐,breakout,2024-07-09,2024-07-10,2024-07-12,2024-07-12,13,15326.0,15003.0,open,False,-4790.415500000003,2,15.0
2024,open,220100,퓨쳐켐,breakout,2024-07-12,2024-07-15,2024-07-17,2024-07-17,11,16859.0,18835.0,open,False,21147.049,2,15.0
2024,open,006360,GS건설,breakout,2024-07-17,2024-07-18,2024-07-22,2024-07-22,12,18300.0,17870.0,open,False,-5811.059999999998,2,15.0
2024,open,105560,KB금융,pullback,2024-07-22,2024-07-23,2024-07-25,2024-07-25,2,87200.0,84300.0,open,False,-6314.5,2,15.0
2024,open,053350,이니텍,pullback,2024-07-25,2024-07-26,2024-07-30,2024-07-30,56,3705.0,3765.0,open,False,2732.5200000000186,2,15.0
2024,open,036460,한국가스공사,pullback,2024-07-31,2024-08-01,2024-08-05,2024-08-05,4,43900.0,40350.0,open,False,-14705.5,2,15.0
2024,open,064850,에프앤가이드,pullback,2024-08-06,2024-08-07,2024-08-09,2024-08-09,25,7780.0,8360.0,open,False,13894.75,2,15.0
2024,open,246250,에스엘에스바이오,breakout,2024-08-09,2024-08-12,2024-08-14,2024-08-14,46,4560.0,4555.0,open,False,-858.9349999999977,2,15.0
2024,open,016360,삼성증권,pullback,2024-08-14,2024-08-16,2024-08-20,2024-08-20,4,44900.0,45850.0,open,False,3255.5,2,15.0
2024,open,081580,성우전자,breakout,2024-08-20,2024-08-21,2024-08-23,2024-08-23,55,3850.0,3795.0,open,False,-3655.712499999994,2,15.0
2024,open,105560,KB금융,pullback,2024-08-23,2024-08-26,2024-08-28,2024-08-28,2,86800.0,87100.0,open,False,78.29999999998836,2,15.0
2024,open,064850,에프앤가이드,breakout,2024-08-28,2024-08-29,2024-09-02,2024-09-02,22,9340.0,9650.0,open,False,6193.330000000016,2,15.0
2024,open,064850,에프앤가이드,breakout,2024-09-02,2024-09-03,2024-09-05,2024-09-05,19,11290.0,11080.0,open,False,-4627.545000000013,2,15.0
2024,open,064850,에프앤가이드,breakout,2024-09-05,2024-09-06,2024-09-10,2024-09-10,15,13420.0,14900.0,open,False,21562.79999999999,2,15.0
2024,open,015360,INVENI,pullback,2024-09-10,2024-09-11,2024-09-13,2024-09-13,24,9360.0,9260.0,open,False,-3070.320000000007,2,15.0
2024,open,006800,미래에셋증권,pullback,2024-09-13,2024-09-19,2024-09-23,2024-09-23,26,8752.0,8662.0,open,False,-3019.146000000008,2,15.0
2024,open,064850,에프앤가이드,breakout,2024-09-23,2024-09-24,2024-09-26,2024-09-26,5,38450.0,27600.0,open,False,-54745.375,2,15.0
2024,open,006800,미래에셋증권,pullback,2024-09-26,2024-09-27,2024-10-02,2024-10-02,19,8662.0,8264.0,open,False,-8044.391000000003,2,15.0
2024,open,081580,성우전자,breakout,2024-10-04,2024-10-07,2024-10-10,2024-10-10,33,4890.0,4935.0,open,False,998.6624999999767,2,15.0
2024,open,015360,INVENI,pullback,2024-10-10,2024-10-11,2024-10-15,2024-10-15,17,9350.0,9290.0,open,False,-1495.320000000007,2,15.0
2024,open,326030,SK바이오팜,breakout,2024-10-15,2024-10-16,2024-10-18,2024-10-18,1,125700.0,124800.0,open,False,-1275.75,2,15.0
2024,open,015360,INVENI,breakout,2024-10-18,2024-10-21,2024-10-23,2024-10-23,16,9590.0,10040.0,open,False,6728.880000000005,2,15.0
2024,open,015360,INVENI,breakout,2024-10-23,2024-10-24,2024-10-28,2024-10-28,16,10280.0,10200.0,open,False,-1771.5199999999895,2,15.0
2024,open,004100,태양금속,breakout,2024-10-28,2024-10-29,2024-10-31,2024-10-31,48,3440.0,3350.0,open,False,-4808.880000000005,2,15.0
2024,open,004870,티웨이홀딩스,breakout,2024-10-31,2024-11-01,2024-11-05,2024-11-05,37,4343.0,4081.0,open,False,-10161.532000000007,2,15.0
2024,open,016360,삼성증권,pullback,2024-11-05,2024-11-06,2024-11-08,2024-11-08,3,46650.0,46750.0,open,False,-120.30000000001746,2,15.0
2024,open,016090,대현,pullback,2024-11-08,2024-11-11,2024-11-13,2024-11-13,72,2090.0,2065.0,open,False,-2248.7399999999907,2,15.0
2024,open,006800,미래에셋증권,pullback,2024-11-14,2024-11-15,2024-11-19,2024-11-19,17,8542.0,8652.0,open,False,1431.5530000000144,2,15.0
2024,open,000080,하이트진로,pullback,2024-11-19,2024-11-20,2024-11-22,2024-11-22,7,20750.0,21150.0,open,False,2360.0500000000175,2,15.0
2024,open,127120,제이에스링크,pullback,2024-11-25,2024-11-26,2024-11-28,2024-11-28,41,3710.0,4100.0,open,False,15509.684999999998,2,15.0
2024,open,105560,KB금융,pullback,2024-11-29,2024-12-02,2024-12-04,2024-12-04,1,96800.0,97300.0,open,False,208.84999999999127,2,15.0
2024,open,016090,대현,pullback,2024-12-04,2024-12-05,2024-12-09,2024-12-09,77,2190.0,2160.0,open,False,-2812.4249999999884,2,15.0
2024,open,015020,이스타코,breakout,2024-12-09,2024-12-10,2024-12-12,2024-12-13,38,4390.0,4690.0,open,True,10882.440000000002,2,15.0
2024,open,015360,INVENI,pullback,2024-12-16,2024-12-17,2024-12-19,2024-12-19,17,10400.0,11060.0,open,False,10672.76999999999,2,15.0
2024,open,127120,제이에스링크,breakout,2024-12-19,2024-12-20,2024-12-24,2024-12-24,39,4780.0,5090.0,open,False,11512.60500000001,2,15.0
2024,open,015360,INVENI,breakout,2024-12-26,2024-12-27,2025-01-02,2025-01-02,18,10760.0,10080.0,open,False,-12802.680000000022,2,15.0
2024,close,326030,SK바이오팜,breakout,2024-01-02,2024-01-03,2024-01-05,2024-01-05,2,103300.0,95700.0,open,False,-15797.0,2,15.0
2024,close,326030,SK바이오팜,pullback,2024-01-05,2024-01-08,2024-01-10,2024-01-10,2,97500.0,97300.0,open,False,-984.3999999999942,2,15.0
2024,close,004540,깨끗한나라,breakout,2024-01-10,2024-01-11,2024-01-15,2024-01-15,91,3085.0,2890.0,open,False,-18560.587500000023,2,15.0
2024,close,089850,유비벨록스,pullback,2024-01-15,2024-01-16,2024-01-18,2024-01-18,31,8424.0,8353.0,open,False,-2981.1304999999993,2,15.0
2024,close,131370,알서포트,breakout,2024-01-18,2024-01-19,2024-01-23,2024-01-23,49,5280.0,5300.0,open,False,202.36999999999534,2,15.0
2024,close,279600,미디어젠,pullback,2024-01-23,2024-01-24,2024-01-26,2024-01-26,11,22250.0,21644.0,open,False,-7390.250999999989,2,15.0
2024,close,003830,대한화섬,pullback,2024-01-26,2024-01-29,2024-01-31,2024-01-31,2,107500.0,117100.0,open,False,18526.20000000001,2,15.0
2024,close,003030,세아제강지주,pullback,2024-01-31,2024-02-01,2024-02-05,2024-02-05,1,220000.0,212000.0,open,False,-8648.0,2,15.0
2024,close,163560,동일고무벨트,breakout,2024-02-05,2024-02-06,2024-02-08,2024-02-08,39,6650.0,6390.0,open,False,-10902.839999999997,2,15.0
2024,close,170920,엘티씨,pullback,2024-02-13,2024-02-14,2024-02-16,2024-02-16,15,16210.0,16180.0,open,False,-1178.7749999999942,2,15.0
2024,close,006800,미래에셋증권,breakout,2024-02-16,2024-02-19,2024-02-21,2024-02-21,28,8911.0,8732.0,open,False,-5753.005999999994,2,15.0
2024,close,014830,유니드,breakout,2024-02-21,2024-02-22,2024-02-26,2024-02-26,3,80400.0,78500.0,open,False,-6415.0500000000175,2,15.0
2024,close,457190,이수스페셜티케미컬,breakout,2024-02-26,2024-02-27,2024-02-29,2024-02-29,3,65800.0,71700.0,open,False,17081.25,2,15.0
2024,close,088980,맥쿼리인프라,breakout,2024-02-29,2024-03-04,2024-03-06,2024-03-06,20,12708.0,12818.0,open,False,1434.2200000000012,2,15.0
2024,close,001460,BYC,breakout,2024-03-06,2024-03-07,2024-03-11,2024-03-11,5,49950.0,48250.0,open,False,-9236.5,2,15.0
2024,close,088980,맥쿼리인프라,pullback,2024-03-11,2024-03-12,2024-03-14,2024-03-14,19,12857.0,12877.0,open,False,-353.4190000000235,2,15.0
2024,close,016360,삼성증권,pullback,2024-03-14,2024-03-15,2024-03-19,2024-03-19,5,41800.0,40700.0,open,False,-6118.75,2,15.0
2024,close,014160,대영포장,breakout,2024-03-19,2024-03-20,2024-03-22,2024-03-22,177,1368.0,1868.0,open,False,87640.842,2,15.0
2024,close,015360,INVENI,pullback,2024-03-22,2024-03-25,2024-03-27,2024-03-27,41,7960.0,8390.0,open,False,16624.474999999977,2,15.0
2024,close,026890,스틱인베스트먼트,breakout,2024-03-27,2024-03-28,2024-04-01,2024-04-01,44,7800.0,7800.0,open,False,-1029.600000000035,2,15.0
2024,close,003030,세아제강지주,pullback,2024-04-01,2024-04-02,2024-04-04,2024-04-04,1,224500.0,223500.0,open,False,-1672.0,2,15.0
2024,close,015860,일진홀딩스,pullback,2024-04-04,2024-04-05,2024-04-09,2024-04-09,77,4450.0,4295.0,open,False,-12945.047500000044,2,15.0
2024,close,101360,에코앤드림,pullback,2024-04-09,2024-04-11,2024-04-15,2024-04-15,7,46949.0,42507.0,open,False,-32033.288,2,15.0
2024,close,096870,엘디티,pullback,2024-04-15,2024-04-16,2024-04-18,2024-04-18,94,3170.0,3115.0,open,False,-6056.184999999998,2,15.0
2024,close,265520,AP시스템,breakout,2024-04-18,2024-04-19,2024-04-23,2024-04-23,9,32500.0,32800.0,open,False,1818.4500000000116,2,15.0
2024,close,026890,스틱인베스트먼트,breakout,2024-04-23,2024-04-24,2024-04-26,2024-04-26,33,8850.0,8690.0,open,False,-6148.229999999981,2,15.0
2024,close,003030,세아제강지주,pullback,2024-04-26,2024-04-29,2024-05-02,2024-05-02,1,223500.0,229000.0,open,False,4821.25,2,15.0
2024,close,019170,신풍제약,pullback,2024-05-02,2024-05-03,2024-05-08,2024-05-08,19,14770.0,14400.0,open,False,-7861.344999999972,2,15.0
2024,close,081580,성우전자,breakout,2024-05-08,2024-05-09,2024-05-13,2024-05-13,112,2550.0,2690.0,open,False,14799.679999999993,2,15.0
2024,close,064850,에프앤가이드,pullback,2024-05-13,2024-05-14,2024-05-17,2024-05-17,40,7490.0,7500.0,open,False,-499.4000000000233,2,15.0
2024,close,094280,효성ITX,breakout,2024-05-17,2024-05-20,2024-05-22,2024-05-22,22,13210.0,13280.0,open,False,665.8300000000163,2,15.0
2024,close,026890,스틱인베스트먼트,breakout,2024-05-22,2024-05-23,2024-05-27,2024-05-27,27,10870.0,10800.0,open,False,-2767.6350000000093,2,15.0
2024,close,094280,효성ITX,breakout,2024-05-27,2024-05-28,2024-05-30,2024-05-30,21,13940.0,13400.0,open,False,-12201.210000000021,2,15.0
2024,close,064850,에프앤가이드,pullback,2024-05-30,2024-05-31,2024-06-04,2024-06-04,36,7800.0,7730.0,open,False,-3358.6199999999953,2,15.0
2024,close,036460,한국가스공사,breakout,2024-06-04,2024-06-05,2024-06-10,2024-06-10,7,39000.0,37500.0,open,False,-11303.25,2,15.0
2024,close,053350,이니텍,breakout,2024-06-10,2024-06-11,2024-06-13,2024-06-13,71,3775.0,3590.0,open,False,-13919.372500000027,2,15.0
2024,close,003830,대한화섬,breakout,2024-06-13,2024-06-14,2024-06-18,2024-06-18,2,114500.0,113300.0,open,False,-3083.399999999994,2,15.0
2024,close,081580,성우전자,breakout,2024-06-18,2024-06-19,2024-06-21,2024-06-21,71,3570.0,3375.0,open,False,-14584.642500000016,2,15.0
2024,close,220100,퓨쳐켐,pullback,2024-06-21,2024-06-24,2024-06-26,2024-06-26,18,12607.0,11607.0,open,False,-18653.77800000002,2,15.0
2024,close,149980,하이로닉,breakout,2024-06-26,2024-06-27,2024-07-01,2024-07-01,11,18434.0,17035.0,open,False,-15974.238500000007,2,15.0
2024,close,094280,효성ITX,pullback,2024-07-01,2024-07-02,2024-07-04,2024-07-04,14,13940.0,13710.0,open,False,-3800.6500000000233,2,15.0
2024,close,003570,SNT다이내믹스,pullback,2024-07-04,2024-07-05,2024-07-09,2024-07-09,9,20300.0,20800.0,open,False,3945.149999999994,2,15.0
2024,close,220100,퓨쳐켐,breakout,2024-07-09,2024-07-10,2024-07-12,2024-07-12,13,15326.0,15003.0,open,False,-4790.415500000003,2,15.0
2024,close,220100,퓨쳐켐,breakout,2024-07-12,2024-07-15,2024-07-17,2024-07-17,11,16859.0,18835.0,open,False,21147.049,2,15.0
2024,close,006360,GS건설,breakout,2024-07-17,2024-07-18,2024-07-22,2024-07-22,12,18300.0,17870.0,open,False,-5811.059999999998,2,15.0
2024,close,105560,KB금융,pullback,2024-07-22,2024-07-23,2024-07-25,2024-07-25,2,87200.0,84300.0,open,False,-6314.5,2,15.0
2024,close,053350,이니텍,pullback,2024-07-25,2024-07-26,2024-07-30,2024-07-30,56,3705.0,3765.0,open,False,2732.5200000000186,2,15.0
2024,close,036460,한국가스공사,pullback,2024-07-31,2024-08-01,2024-08-05,2024-08-05,4,43900.0,40350.0,open,False,-14705.5,2,15.0
2024,close,064850,에프앤가이드,pullback,2024-08-06,2024-08-07,2024-08-09,2024-08-09,25,7780.0,8360.0,open,False,13894.75,2,15.0
2024,close,246250,에스엘에스바이오,breakout,2024-08-09,2024-08-12,2024-08-14,2024-08-14,46,4560.0,4555.0,open,False,-858.9349999999977,2,15.0
2024,close,016360,삼성증권,pullback,2024-08-14,2024-08-16,2024-08-20,2024-08-20,4,44900.0,45850.0,open,False,3255.5,2,15.0
2024,close,081580,성우전자,breakout,2024-08-20,2024-08-21,2024-08-23,2024-08-23,55,3850.0,3795.0,open,False,-3655.712499999994,2,15.0
2024,close,105560,KB금융,pullback,2024-08-23,2024-08-26,2024-08-28,2024-08-28,2,86800.0,87100.0,open,False,78.29999999998836,2,15.0
2024,close,064850,에프앤가이드,breakout,2024-08-28,2024-08-29,2024-09-02,2024-09-02,22,9340.0,9650.0,open,False,6193.330000000016,2,15.0
2024,close,064850,에프앤가이드,breakout,2024-09-02,2024-09-03,2024-09-05,2024-09-05,19,11290.0,11080.0,open,False,-4627.545000000013,2,15.0
2024,close,064850,에프앤가이드,breakout,2024-09-05,2024-09-06,2024-09-10,2024-09-10,15,13420.0,14900.0,open,False,21562.79999999999,2,15.0
2024,close,015360,INVENI,pullback,2024-09-10,2024-09-11,2024-09-13,2024-09-13,24,9360.0,9260.0,open,False,-3070.320000000007,2,15.0
2024,close,006800,미래에셋증권,pullback,2024-09-13,2024-09-19,2024-09-23,2024-09-23,26,8752.0,8662.0,open,False,-3019.146000000008,2,15.0
2024,close,064850,에프앤가이드,breakout,2024-09-23,2024-09-24,2024-09-26,2024-09-26,5,38450.0,27600.0,open,False,-54745.375,2,15.0
2024,close,006800,미래에셋증권,pullback,2024-09-26,2024-09-27,2024-10-02,2024-10-02,19,8662.0,8264.0,open,False,-8044.391000000003,2,15.0
2024,close,081580,성우전자,breakout,2024-10-04,2024-10-07,2024-10-10,2024-10-10,33,4890.0,4935.0,open,False,998.6624999999767,2,15.0
2024,close,015360,INVENI,pullback,2024-10-10,2024-10-11,2024-10-15,2024-10-15,17,9350.0,9290.0,open,False,-1495.320000000007,2,15.0
2024,close,326030,SK바이오팜,breakout,2024-10-15,2024-10-16,2024-10-18,2024-10-18,1,125700.0,124800.0,open,False,-1275.75,2,15.0
2024,close,015360,INVENI,breakout,2024-10-18,2024-10-21,2024-10-23,2024-10-23,16,9590.0,10040.0,open,False,6728.880000000005,2,15.0
2024,close,015360,INVENI,breakout,2024-10-23,2024-10-24,2024-10-28,2024-10-28,16,10280.0,10200.0,open,False,-1771.5199999999895,2,15.0
2024,close,004100,태양금속,breakout,2024-10-28,2024-10-29,2024-10-31,2024-10-31,48,3440.0,3350.0,open,False,-4808.880000000005,2,15.0
2024,close,004870,티웨이홀딩스,breakout,2024-10-31,2024-11-01,2024-11-05,2024-11-05,37,4343.0,4081.0,open,False,-10161.532000000007,2,15.0
2024,close,016360,삼성증권,pullback,2024-11-05,2024-11-06,2024-11-08,2024-11-08,3,46650.0,46750.0,open,False,-120.30000000001746,2,15.0
2024,close,016090,대현,pullback,2024-11-08,2024-11-11,2024-11-13,2024-11-13,72,2090.0,2065.0,open,False,-2248.7399999999907,2,15.0
2024,close,006800,미래에셋증권,pullback,2024-11-14,2024-11-15,2024-11-19,2024-11-19,17,8542.0,8652.0,open,False,1431.5530000000144,2,15.0
2024,close,000080,하이트진로,pullback,2024-11-19,2024-11-20,2024-11-22,2024-11-22,7,20750.0,21150.0,open,False,2360.0500000000175,2,15.0
2024,close,127120,제이에스링크,pullback,2024-11-25,2024-11-26,2024-11-28,2024-11-28,41,3710.0,4100.0,open,False,15509.684999999998,2,15.0
2024,close,105560,KB금융,pullback,2024-11-29,2024-12-02,2024-12-04,2024-12-04,1,96800.0,97300.0,open,False,208.84999999999127,2,15.0
2024,close,016090,대현,pullback,2024-12-04,2024-12-05,2024-12-09,2024-12-09,77,2190.0,2160.0,open,False,-2812.4249999999884,2,15.0
2024,close,015020,이스타코,breakout,2024-12-09,2024-12-10,2024-12-12,2024-12-13,38,4390.0,4460.0,close,True,2155.5499999999884,2,15.0
2024,close,015360,INVENI,pullback,2024-12-16,2024-12-17,2024-12-19,2024-12-19,16,10400.0,11060.0,open,False,10044.959999999992,2,15.0
2024,close,127120,제이에스링크,breakout,2024-12-19,2024-12-20,2024-12-24,2024-12-24,37,4780.0,5090.0,open,False,10922.214999999997,2,15.0
2024,close,015360,INVENI,breakout,2024-12-26,2024-12-27,2025-01-02,2025-01-02,17,10760.0,10080.0,open,False,-12091.419999999984,2,15.0
2024,low,326030,SK바이오팜,breakout,2024-01-02,2024-01-03,2024-01-05,2024-01-05,2,103300.0,95700.0,open,False,-15797.0,2,15.0
2024,low,326030,SK바이오팜,pullback,2024-01-05,2024-01-08,2024-01-10,2024-01-10,2,97500.0,97300.0,open,False,-984.3999999999942,2,15.0
2024,low,004540,깨끗한나라,breakout,2024-01-10,2024-01-11,2024-01-15,2024-01-15,91,3085.0,2890.0,open,False,-18560.587500000023,2,15.0
2024,low,089850,유비벨록스,pullback,2024-01-15,2024-01-16,2024-01-18,2024-01-18,31,8424.0,8353.0,open,False,-2981.1304999999993,2,15.0
2024,low,131370,알서포트,breakout,2024-01-18,2024-01-19,2024-01-23,2024-01-23,49,5280.0,5300.0,open,False,202.36999999999534,2,15.0
2024,low,279600,미디어젠,pullback,2024-01-23,2024-01-24,2024-01-26,2024-01-26,11,22250.0,21644.0,open,False,-7390.250999999989,2,15.0
2024,low,003830,대한화섬,pullback,2024-01-26,2024-01-29,2024-01-31,2024-01-31,2,107500.0,117100.0,open,False,18526.20000000001,2,15.0
2024,low,003030,세아제강지주,pullback,2024-01-31,2024-02-01,2024-02-05,2024-02-05,1,220000.0,212000.0,open,False,-8648.0,2,15.0
2024,low,163560,동일고무벨트,breakout,2024-02-05,2024-02-06,2024-02-08,2024-02-08,39,6650.0,6390.0,open,False,-10902.839999999997,2,15.0
2024,low,170920,엘티씨,pullback,2024-02-13,2024-02-14,2024-02-16,2024-02-16,15,16210.0,16180.0,open,False,-1178.7749999999942,2,15.0
2024,low,006800,미래에셋증권,breakout,2024-02-16,2024-02-19,2024-02-21,2024-02-21,28,8911.0,8732.0,open,False,-5753.005999999994,2,15.0
2024,low,014830,유니드,breakout,2024-02-21,2024-02-22,2024-02-26,2024-02-26,3,80400.0,78500.0,open,False,-6415.0500000000175,2,15.0
2024,low,457190,이수스페셜티케미컬,breakout,2024-02-26,2024-02-27,2024-02-29,2024-02-29,3,65800.0,71700.0,open,False,17081.25,2,15.0
2024,low,088980,맥쿼리인프라,breakout,2024-02-29,2024-03-04,2024-03-06,2024-03-06,20,12708.0,12818.0,open,False,1434.2200000000012,2,15.0
2024,low,001460,BYC,breakout,2024-03-06,2024-03-07,2024-03-11,2024-03-11,5,49950.0,48250.0,open,False,-9236.5,2,15.0
2024,low,088980,맥쿼리인프라,pullback,2024-03-11,2024-03-12,2024-03-14,2024-03-14,19,12857.0,12877.0,open,False,-353.4190000000235,2,15.0
2024,low,016360,삼성증권,pullback,2024-03-14,2024-03-15,2024-03-19,2024-03-19,5,41800.0,40700.0,open,False,-6118.75,2,15.0
2024,low,014160,대영포장,breakout,2024-03-19,2024-03-20,2024-03-22,2024-03-22,177,1368.0,1868.0,open,False,87640.842,2,15.0
2024,low,015360,INVENI,pullback,2024-03-22,2024-03-25,2024-03-27,2024-03-27,41,7960.0,8390.0,open,False,16624.474999999977,2,15.0
2024,low,026890,스틱인베스트먼트,breakout,2024-03-27,2024-03-28,2024-04-01,2024-04-01,44,7800.0,7800.0,open,False,-1029.600000000035,2,15.0
2024,low,003030,세아제강지주,pullback,2024-04-01,2024-04-02,2024-04-04,2024-04-04,1,224500.0,223500.0,open,False,-1672.0,2,15.0
2024,low,015860,일진홀딩스,pullback,2024-04-04,2024-04-05,2024-04-09,2024-04-09,77,4450.0,4295.0,open,False,-12945.047500000044,2,15.0
2024,low,101360,에코앤드림,pullback,2024-04-09,2024-04-11,2024-04-15,2024-04-15,7,46949.0,42507.0,open,False,-32033.288,2,15.0
2024,low,096870,엘디티,pullback,2024-04-15,2024-04-16,2024-04-18,2024-04-18,94,3170.0,3115.0,open,False,-6056.184999999998,2,15.0
2024,low,265520,AP시스템,breakout,2024-04-18,2024-04-19,2024-04-23,2024-04-23,9,32500.0,32800.0,open,False,1818.4500000000116,2,15.0
2024,low,026890,스틱인베스트먼트,breakout,2024-04-23,2024-04-24,2024-04-26,2024-04-26,33,8850.0,8690.0,open,False,-6148.229999999981,2,15.0
2024,low,003030,세아제강지주,pullback,2024-04-26,2024-04-29,2024-05-02,2024-05-02,1,223500.0,229000.0,open,False,4821.25,2,15.0
2024,low,019170,신풍제약,pullback,2024-05-02,2024-05-03,2024-05-08,2024-05-08,19,14770.0,14400.0,open,False,-7861.344999999972,2,15.0
2024,low,081580,성우전자,breakout,2024-05-08,2024-05-09,2024-05-13,2024-05-13,112,2550.0,2690.0,open,False,14799.679999999993,2,15.0
2024,low,064850,에프앤가이드,pullback,2024-05-13,2024-05-14,2024-05-17,2024-05-17,40,7490.0,7500.0,open,False,-499.4000000000233,2,15.0
2024,low,094280,효성ITX,breakout,2024-05-17,2024-05-20,2024-05-22,2024-05-22,22,13210.0,13280.0,open,False,665.8300000000163,2,15.0
2024,low,026890,스틱인베스트먼트,breakout,2024-05-22,2024-05-23,2024-05-27,2024-05-27,27,10870.0,10800.0,open,False,-2767.6350000000093,2,15.0
2024,low,094280,효성ITX,breakout,2024-05-27,2024-05-28,2024-05-30,2024-05-30,21,13940.0,13400.0,open,False,-12201.210000000021,2,15.0
2024,low,064850,에프앤가이드,pullback,2024-05-30,2024-05-31,2024-06-04,2024-06-04,36,7800.0,7730.0,open,False,-3358.6199999999953,2,15.0
2024,low,036460,한국가스공사,breakout,2024-06-04,2024-06-05,2024-06-10,2024-06-10,7,39000.0,37500.0,open,False,-11303.25,2,15.0
2024,low,053350,이니텍,breakout,2024-06-10,2024-06-11,2024-06-13,2024-06-13,71,3775.0,3590.0,open,False,-13919.372500000027,2,15.0
2024,low,003830,대한화섬,breakout,2024-06-13,2024-06-14,2024-06-18,2024-06-18,2,114500.0,113300.0,open,False,-3083.399999999994,2,15.0
2024,low,081580,성우전자,breakout,2024-06-18,2024-06-19,2024-06-21,2024-06-21,71,3570.0,3375.0,open,False,-14584.642500000016,2,15.0
2024,low,220100,퓨쳐켐,pullback,2024-06-21,2024-06-24,2024-06-26,2024-06-26,18,12607.0,11607.0,open,False,-18653.77800000002,2,15.0
2024,low,149980,하이로닉,breakout,2024-06-26,2024-06-27,2024-07-01,2024-07-01,11,18434.0,17035.0,open,False,-15974.238500000007,2,15.0
2024,low,094280,효성ITX,pullback,2024-07-01,2024-07-02,2024-07-04,2024-07-04,14,13940.0,13710.0,open,False,-3800.6500000000233,2,15.0
2024,low,003570,SNT다이내믹스,pullback,2024-07-04,2024-07-05,2024-07-09,2024-07-09,9,20300.0,20800.0,open,False,3945.149999999994,2,15.0
2024,low,220100,퓨쳐켐,breakout,2024-07-09,2024-07-10,2024-07-12,2024-07-12,13,15326.0,15003.0,open,False,-4790.415500000003,2,15.0
2024,low,220100,퓨쳐켐,breakout,2024-07-12,2024-07-15,2024-07-17,2024-07-17,11,16859.0,18835.0,open,False,21147.049,2,15.0
2024,low,006360,GS건설,breakout,2024-07-17,2024-07-18,2024-07-22,2024-07-22,12,18300.0,17870.0,open,False,-5811.059999999998,2,15.0
2024,low,105560,KB금융,pullback,2024-07-22,2024-07-23,2024-07-25,2024-07-25,2,87200.0,84300.0,open,False,-6314.5,2,15.0
2024,low,053350,이니텍,pullback,2024-07-25,2024-07-26,2024-07-30,2024-07-30,56,3705.0,3765.0,open,False,2732.5200000000186,2,15.0
2024,low,036460,한국가스공사,pullback,2024-07-31,2024-08-01,2024-08-05,2024-08-05,4,43900.0,40350.0,open,False,-14705.5,2,15.0
2024,low,064850,에프앤가이드,pullback,2024-08-06,2024-08-07,2024-08-09,2024-08-09,25,7780.0,8360.0,open,False,13894.75,2,15.0
2024,low,246250,에스엘에스바이오,breakout,2024-08-09,2024-08-12,2024-08-14,2024-08-14,46,4560.0,4555.0,open,False,-858.9349999999977,2,15.0
2024,low,016360,삼성증권,pullback,2024-08-14,2024-08-16,2024-08-20,2024-08-20,4,44900.0,45850.0,open,False,3255.5,2,15.0
2024,low,081580,성우전자,breakout,2024-08-20,2024-08-21,2024-08-23,2024-08-23,55,3850.0,3795.0,open,False,-3655.712499999994,2,15.0
2024,low,105560,KB금융,pullback,2024-08-23,2024-08-26,2024-08-28,2024-08-28,2,86800.0,87100.0,open,False,78.29999999998836,2,15.0
2024,low,064850,에프앤가이드,breakout,2024-08-28,2024-08-29,2024-09-02,2024-09-02,22,9340.0,9650.0,open,False,6193.330000000016,2,15.0
2024,low,064850,에프앤가이드,breakout,2024-09-02,2024-09-03,2024-09-05,2024-09-05,19,11290.0,11080.0,open,False,-4627.545000000013,2,15.0
2024,low,064850,에프앤가이드,breakout,2024-09-05,2024-09-06,2024-09-10,2024-09-10,15,13420.0,14900.0,open,False,21562.79999999999,2,15.0
2024,low,015360,INVENI,pullback,2024-09-10,2024-09-11,2024-09-13,2024-09-13,24,9360.0,9260.0,open,False,-3070.320000000007,2,15.0
2024,low,006800,미래에셋증권,pullback,2024-09-13,2024-09-19,2024-09-23,2024-09-23,26,8752.0,8662.0,open,False,-3019.146000000008,2,15.0
2024,low,064850,에프앤가이드,breakout,2024-09-23,2024-09-24,2024-09-26,2024-09-26,5,38450.0,27600.0,open,False,-54745.375,2,15.0
2024,low,006800,미래에셋증권,pullback,2024-09-26,2024-09-27,2024-10-02,2024-10-02,19,8662.0,8264.0,open,False,-8044.391000000003,2,15.0
2024,low,081580,성우전자,breakout,2024-10-04,2024-10-07,2024-10-10,2024-10-10,33,4890.0,4935.0,open,False,998.6624999999767,2,15.0
2024,low,015360,INVENI,pullback,2024-10-10,2024-10-11,2024-10-15,2024-10-15,17,9350.0,9290.0,open,False,-1495.320000000007,2,15.0
2024,low,326030,SK바이오팜,breakout,2024-10-15,2024-10-16,2024-10-18,2024-10-18,1,125700.0,124800.0,open,False,-1275.75,2,15.0
2024,low,015360,INVENI,breakout,2024-10-18,2024-10-21,2024-10-23,2024-10-23,16,9590.0,10040.0,open,False,6728.880000000005,2,15.0
2024,low,015360,INVENI,breakout,2024-10-23,2024-10-24,2024-10-28,2024-10-28,16,10280.0,10200.0,open,False,-1771.5199999999895,2,15.0
2024,low,004100,태양금속,breakout,2024-10-28,2024-10-29,2024-10-31,2024-10-31,48,3440.0,3350.0,open,False,-4808.880000000005,2,15.0
2024,low,004870,티웨이홀딩스,breakout,2024-10-31,2024-11-01,2024-11-05,2024-11-05,37,4343.0,4081.0,open,False,-10161.532000000007,2,15.0
2024,low,016360,삼성증권,pullback,2024-11-05,2024-11-06,2024-11-08,2024-11-08,3,46650.0,46750.0,open,False,-120.30000000001746,2,15.0
2024,low,016090,대현,pullback,2024-11-08,2024-11-11,2024-11-13,2024-11-13,72,2090.0,2065.0,open,False,-2248.7399999999907,2,15.0
2024,low,006800,미래에셋증권,pullback,2024-11-14,2024-11-15,2024-11-19,2024-11-19,17,8542.0,8652.0,open,False,1431.5530000000144,2,15.0
2024,low,000080,하이트진로,pullback,2024-11-19,2024-11-20,2024-11-22,2024-11-22,7,20750.0,21150.0,open,False,2360.0500000000175,2,15.0
2024,low,127120,제이에스링크,pullback,2024-11-25,2024-11-26,2024-11-28,2024-11-28,41,3710.0,4100.0,open,False,15509.684999999998,2,15.0
2024,low,105560,KB금융,pullback,2024-11-29,2024-12-02,2024-12-04,2024-12-04,1,96800.0,97300.0,open,False,208.84999999999127,2,15.0
2024,low,016090,대현,pullback,2024-12-04,2024-12-05,2024-12-09,2024-12-09,77,2190.0,2160.0,open,False,-2812.4249999999884,2,15.0
2024,low,015020,이스타코,breakout,2024-12-09,2024-12-10,2024-12-12,2024-12-13,38,4390.0,4010.0,low,True,-14918.799999999988,2,15.0
2024,low,015360,INVENI,pullback,2024-12-16,2024-12-17,2024-12-19,2024-12-19,14,10400.0,11060.0,open,False,8789.340000000026,2,15.0
2024,low,127120,제이에스링크,breakout,2024-12-19,2024-12-20,2024-12-24,2024-12-24,33,4780.0,5090.0,open,False,9741.434999999998,2,15.0
2024,low,015360,INVENI,breakout,2024-12-26,2024-12-27,2025-01-02,2025-01-02,15,10760.0,10080.0,open,False,-10668.899999999994,2,15.0
2025,open,204320,HL만도,pullback,2025-01-02,2025-01-03,2025-01-07,2025-01-07,7,42000.0,42900.0,open,False,5408.549999999988,2,15.0
2025,open,058860,KTis,pullback,2025-01-07,2025-01-08,2025-01-10,2025-01-10,111,2740.0,2685.0,open,False,-7008.262500000012,2,15.0
2025,open,025980,아난티,pullback,2025-01-13,2025-01-14,2025-01-16,2025-01-16,53,5570.0,5710.0,open,False,6523.239999999991,2,15.0
2025,open,003030,세아제강지주,breakout,2025-01-17,2025-01-20,2025-01-22,2025-01-22,1,206500.0,224000.0,open,False,16854.25,2,15.0
2025,open,004870,티웨이홀딩스,breakout,2025-01-22,2025-01-23,2025-01-31,2025-01-31,56,5727.0,5351.0,open,False,-21986.552000000025,2,15.0
2025,open,051630,진양화학,breakout,2025-01-31,2025-02-03,2025-02-05,2025-02-05,62,4800.0,4845.0,open,False,1893.015000000014,2,15.0
2025,open,051630,진양화학,breakout,2025-02-05,2025-02-06,2025-02-10,2025-02-10,54,5500.0,4440.0,open,False,-58045.139999999985,2,15.0
2025,open,056080,유진로봇,breakout,2025-02-10,2025-02-11,2025-02-13,2025-02-13,25,9550.0,8500.0,open,False,-26926.875,2,15.0
2025,open,204320,HL만도,breakout,2025-02-13,2025-02-14,2025-02-18,2025-02-18,4,46650.0,45650.0,open,False,-4553.8000000000175,2,15.0
2025,open,136480,하림,pullback,2025-02-18,2025-02-19,2025-02-21,2025-02-21,71,2955.0,2960.0,open,False,-274.9475000000093,2,15.0
2025,open,015360,INVENI,pullback,2025-02-21,2025-02-24,2025-02-26,2025-02-26,19,10760.0,10620.0,open,False,-3269.329999999987,2,15.0
2025,open,053350,이니텍,breakout,2025-02-27,2025-02-28,2025-03-05,2025-03-05,45,4615.0,4700.0,open,False,3196.2374999999884,2,15.0
2025,open,085310,엔케이,pullback,2025-03-05,2025-03-06,2025-03-10,2025-03-10,21,9830.0,9310.0,open,False,-11522.910000000003,2,15.0
2025,open,053350,이니텍,breakout,2025-03-10,2025-03-11,2025-03-13,2025-03-13,33,6050.0,6540.0,open,False,15546.795000000013,2,15.0
2025,open,115500,케이씨에스,pullback,2025-03-13,2025-03-14,2025-03-18,2025-03-18,17,12670.0,12950.0,open,False,4106.690000000002,2,15.0
2025,open,127120,제이에스링크,pullback,2025-03-18,2025-03-19,2025-03-21,2025-03-21,32,6680.0,6560.0,open,False,-4475.5199999999895,2,15.0
2025,open,003570,SNT다이내믹스,pullback,2025-03-21,2025-03-24,2025-03-26,2025-03-26,6,34300.0,31400.0,open,False,-17991.29999999999,2,15.0
2025,open,016920,카스,pullback,2025-03-26,2025-03-27,2025-03-31,2025-03-31,84,2330.0,1850.0,open,False,-40846.68000000002,2,15.0
2025,open,052220,iMBC,breakout,2025-04-01,2025-04-02,2025-04-04,2025-04-04,30,5170.0,5790.0,open,False,18106.79999999999,2,15.0
2025,open,331520,밸로프,pullback,2025-04-04,2025-04-07,2025-04-09,2025-04-09,35,4860.0,5220.0,open,False,12070.799999999988,2,15.0
2025,open,127120,제이에스링크,breakout,2025-04-09,2025-04-10,2025-04-14,2025-04-14,23,8020.0,9220.0,open,False,27005.22,2,15.0
2025,open,014830,유니드,breakout,2025-04-14,2025-04-15,2025-04-17,2025-04-17,2,81700.0,79900.0,open,False,-4084.7999999999884,2,15.0
2025,open,030210,다올투자증권,breakout,2025-04-17,2025-04-18,2025-04-22,2025-04-22,57,3650.0,3930.0,open,False,15311.910000000003,2,15.0
2025,open,099220,SDN,breakout,2025-04-22,2025-04-23,2025-04-25,2025-04-25,13,17220.0,15340.0,open,False,-25074.919999999984,2,15.0
2025,open,006800,미래에셋증권,breakout,2025-04-25,2025-04-28,2025-04-30,2025-04-30,19,10255.0,10833.0,open,False,10380.991999999998,2,15.0
2025,open,006800,미래에셋증권,breakout,2025-04-30,2025-05-02,2025-05-08,2025-05-08,17,11778.0,11878.0,open,False,1096.7719999999972,2,15.0
2025,open,003570,SNT다이내믹스,breakout,2025-05-08,2025-05-09,2025-05-13,2025-05-13,5,36350.0,32900.0,open,False,-17769.375,2,15.0
2025,open,114090,GKL,breakout,2025-05-13,2025-05-14,2025-05-16,2025-05-16,15,12740.0,13110.0,open,False,4968.375,2,15.0
2025,open,026890,스틱인베스트먼트,pullback,2025-05-16,2025-05-19,2025-05-21,2025-05-21,18,10500.0,10400.0,open,False,-2364.2999999999884,2,15.0
2025,open,036620,감성코퍼레이션,breakout,2025-05-21,2025-05-22,2025-05-26,2025-05-26,45,4350.0,5260.0,open,False,40301.32500000001,2,15.0
2025,open,000850,화천기공,breakout,2025-05-26,2025-05-27,2025-05-29,2025-05-29,7,31050.0,31300.0,open,False,1095.3249999999825,2,15.0
2025,open,030210,다올투자증권,breakout,2025-05-29,2025-05-30,2025-06-04,2025-06-04,64,3655.0,3650.0,open,False,-1021.2799999999988,2,15.0
2025,open,309960,LB인베스트먼트,breakout,2025-06-04,2025-06-05,2025-06-10,2025-06-10,43,5410.0,5630.0,open,False,8747.920000000013,2,15.0
2025,open,310200,애니플러스,breakout,2025-06-10,2025-06-11,2025-06-13,2025-06-13,61,4000.0,4400.0,open,False,23631.400000000023,2,15.0
2025,open,025980,아난티,breakout,2025-06-13,2025-06-16,2025-06-18,2025-06-18,26,10280.0,10860.0,open,False,14255.539999999979,2,15.0
2025,open,319400,현대무벡스,breakout,2025-06-18,2025-06-19,2025-06-23,2025-06-23,61,4575.0,4740.0,open,False,9212.677500000049,2,15.0
2025,open,006220,제주은행,breakout,2025-06-23,2025-06-24,2025-06-26,2025-06-26,25,11290.0,15120.0,open,False,94759.625,2,15.0
2025,open,017900,광전자,breakout,2025-06-26,2025-06-27,2025-07-01,2025-07-01,189,2040.0,2010.0,open,False,-6818.174999999988,2,15.0
2025,open,004360,세방,breakout,2025-07-01,2025-07-02,2025-07-04,2025-07-04,23,16070.0,15600.0,open,False,-11902.61499999999,2,15.0
2025,open,036460,한국가스공사,breakout,2025-07-04,2025-07-07,2025-07-09,2025-07-09,7,46400.0,44600.0,open,False,-13555.5,2,15.0
2025,open,026890,스틱인베스트먼트,breakout,2025-07-09,2025-07-10,2025-07-14,2025-07-14,29,11990.0,12200.0,open,False,5037.735000000044,2,15.0
2025,open,009070,KCTC,breakout,2025-07-14,2025-07-15,2025-07-17,2025-07-17,50,7110.0,7250.0,open,False,5923.0,2,15.0
2025,open,009300,삼아제약,pullback,2025-07-17,2025-07-18,2025-07-22,2025-07-22,19,18930.0,18760.0,open,False,-4304.164999999979,2,15.0
2025,open,015360,INVENI,pullback,2025-07-22,2025-07-23,2025-07-25,2025-07-25,28,12540.0,12220.0,open,False,-9999.919999999984,2,15.0
2025,open,014680,한솔케미칼,pullback,2025-07-28,2025-07-29,2025-07-31,2025-07-31,1,183700.0,182300.0,open,False,-1949.0,2,15.0
2025,open,025980,아난티,pullback,2025-07-31,2025-08-01,2025-08-05,2025-08-05,35,9760.0,10290.0,open,False,17497.375,2,15.0
2025,open,064850,에프앤가이드,pullback,2025-08-05,2025-08-06,2025-08-08,2025-08-08,43,8420.0,8160.0,open,False,-12249.410000000033,2,15.0
2025,open,138360,앤로보틱스,breakout,2025-08-08,2025-08-11,2025-08-13,2025-08-13,337,1049.0,944.0,open,False,-36392.461499999976,2,15.0
2025,open,265520,AP시스템,breakout,2025-08-13,2025-08-14,2025-08-19,2025-08-19,16,19110.0,17500.0,open,False,-26638.640000000014,2,15.0
2025,open,415380,스튜디오삼익,breakout,2025-08-19,2025-08-20,2025-08-22,2025-08-22,89,3250.0,3444.0,open,False,16372.351000000024,2,15.0
2025,open,415380,스튜디오삼익,breakout,2025-08-22,2025-08-25,2025-08-27,2025-08-27,84,3656.0,3656.0,open,False,-921.3119999999763,2,15.0
2025,open,085310,엔케이,pullback,2025-08-27,2025-08-28,2025-09-01,2025-09-01,23,13200.0,13400.0,open,False,3682.2999999999884,2,15.0
2025,open,170920,엘티씨,pullback,2025-09-01,2025-09-02,2025-09-04,2025-09-04,25,12250.0,12250.0,open,False,-918.75,2,15.0
2025,open,114090,GKL,pullback,2025-09-04,2025-09-05,2025-09-09,2025-09-09,18,16700.0,17340.0,open,False,10600.919999999984,2,15.0
2025,open,170920,엘티씨,breakout,2025-09-11,2025-09-12,2025-09-16,2025-09-16,21,14670.0,16350.0,open,False,34302.869999999995,2,15.0
2025,open,168360,펨트론,breakout,2025-09-16,2025-09-17,2025-09-19,2025-09-19,20,17460.0,19100.0,open,False,31703.199999999953,2,15.0
2025,open,127120,제이에스링크,breakout,2025-09-19,2025-09-22,2025-09-24,2025-09-24,16,24100.0,25100.0,open,False,14819.200000000012,2,15.0
2025,open,014680,한솔케미칼,breakout,2025-09-24,2025-09-25,2025-09-29,2025-09-29,1,213000.0,205000.0,open,False,-8627.0,2,15.0
2025,open,006800,미래에셋증권,pullback,2025-09-29,2025-09-30,2025-10-02,2025-10-02,17,21954.0,21257.0,open,False,-12950.880500000028,2,15.0
2025,open,006800,미래에셋증권,pullback,2025-10-02,2025-10-10,2025-10-14,2025-10-14,17,22203.0,21407.0,open,False,-14644.054999999993,2,15.0
2025,open,319400,현대무벡스,breakout,2025-10-14,2025-10-15,2025-10-17,2025-10-17,33,10780.0,10800.0,open,False,-408.21000000002095,2,15.0
2025,open,011170,롯데케미칼,breakout,2025-10-17,2025-10-20,2025-10-22,2025-10-22,5,72000.0,71700.0,open,False,-2577.75,2,15.0
2025,open,011170,롯데케미칼,breakout,2025-10-22,2025-10-23,2025-10-27,2025-10-27,4,77600.0,77500.0,open,False,-1330.600000000035,2,15.0
2025,open,009070,KCTC,pullback,2025-10-27,2025-10-28,2025-10-30,2025-10-30,59,6090.0,5780.0,open,False,-19340.494999999995,2,15.0
2025,open,015860,일진홀딩스,breakout,2025-10-30,2025-10-31,2025-11-04,2025-11-04,50,6740.0,7210.0,open,False,22453.75,2,15.0
2025,open,019170,신풍제약,pullback,2025-11-04,2025-11-05,2025-11-07,2025-11-07,24,14890.0,14160.0,open,False,-18565.800000000047,2,15.0
2025,open,309960,LB인베스트먼트,pullback,2025-11-07,2025-11-10,2025-11-12,2025-11-12,61,5580.0,5320.0,open,False,-16857.349999999977,2,15.0
2025,open,011170,롯데케미칼,breakout,2025-11-12,2025-11-13,2025-11-17,2025-11-17,3,83400.0,86400.0,open,False,8235.899999999994,2,15.0
2025,open,220100,퓨쳐켐,breakout,2025-11-17,2025-11-18,2025-11-20,2025-11-20,13,25490.0,25006.0,open,False,-7276.671999999962,2,15.0
2025,open,016360,삼성증권,pullback,2025-11-20,2025-11-21,2025-11-25,2025-11-25,4,78500.0,80100.0,open,False,5448.400000000023,2,15.0
2025,open,138360,앤로보틱스,breakout,2025-11-25,2025-11-26,2025-11-28,2025-11-28,310,1079.0,1193.0,open,False,34283.51999999996,2,15.0
2025,open,204320,HL만도,breakout,2025-11-28,2025-12-01,2025-12-03,2025-12-03,7,49500.0,52100.0,open,False,17133.20000000001,2,15.0
2025,open,314130,지놈앤컴퍼니,breakout,2025-12-03,2025-12-04,2025-12-08,2025-12-08,87,4430.0,5270.0,open,False,71814.14999999997,2,15.0
2025,open,457190,이수스페셜티케미컬,breakout,2025-12-08,2025-12-09,2025-12-11,2025-12-11,7,58500.0,67200.0,open,False,59580.15000000002,2,15.0
2025,open,056080,유진로봇,breakout,2025-12-11,2025-12-12,2025-12-16,2025-12-16,33,15610.0,15860.0,open,False,6692.235000000044,2,15.0
2025,open,064850,에프앤가이드,breakout,2025-12-16,2025-12-17,2025-12-19,2025-12-19,58,8970.0,8900.0,open,False,-5614.690000000002,2,15.0
2025,open,309960,LB인베스트먼트,breakout,2025-12-19,2025-12-22,2025-12-24,2025-12-24,75,6830.0,6140.0,open,False,-53209.12500000006,2,15.0
2025,open,319400,현대무벡스,breakout,2025-12-24,2025-12-26,2025-12-30,2025-12-30,24,19120.0,20350.0,open,False,28099.080000000016,2,15.0
2025,close,204320,HL만도,pullback,2025-01-02,2025-01-03,2025-01-07,2025-01-07,7,42000.0,42900.0,open,False,5408.549999999988,2,15.0
2025,close,058860,KTis,pullback,2025-01-07,2025-01-08,2025-01-10,2025-01-10,111,2740.0,2685.0,open,False,-7008.262500000012,2,15.0
2025,close,025980,아난티,pullback,2025-01-13,2025-01-14,2025-01-16,2025-01-16,53,5570.0,5710.0,open,False,6523.239999999991,2,15.0
2025,close,003030,세아제강지주,breakout,2025-01-17,2025-01-20,2025-01-22,2025-01-22,1,206500.0,224000.0,open,False,16854.25,2,15.0
2025,close,004870,티웨이홀딩스,breakout,2025-01-22,2025-01-23,2025-01-31,2025-01-31,56,5727.0,5351.0,open,False,-21986.552000000025,2,15.0
2025,close,051630,진양화학,breakout,2025-01-31,2025-02-03,2025-02-05,2025-02-05,62,4800.0,4845.0,open,False,1893.015000000014,2,15.0
2025,close,051630,진양화학,breakout,2025-02-05,2025-02-06,2025-02-10,2025-02-10,54,5500.0,4440.0,open,False,-58045.139999999985,2,15.0
2025,close,056080,유진로봇,breakout,2025-02-10,2025-02-11,2025-02-13,2025-02-13,25,9550.0,8500.0,open,False,-26926.875,2,15.0
2025,close,204320,HL만도,breakout,2025-02-13,2025-02-14,2025-02-18,2025-02-18,4,46650.0,45650.0,open,False,-4553.8000000000175,2,15.0
2025,close,136480,하림,pullback,2025-02-18,2025-02-19,2025-02-21,2025-02-21,71,2955.0,2960.0,open,False,-274.9475000000093,2,15.0
2025,close,015360,INVENI,pullback,2025-02-21,2025-02-24,2025-02-26,2025-02-26,19,10760.0,10620.0,open,False,-3269.329999999987,2,15.0
2025,close,053350,이니텍,breakout,2025-02-27,2025-02-28,2025-03-05,2025-03-05,45,4615.0,4700.0,open,False,3196.2374999999884,2,15.0
2025,close,085310,엔케이,pullback,2025-03-05,2025-03-06,2025-03-10,2025-03-10,21,9830.0,9310.0,open,False,-11522.910000000003,2,15.0
2025,close,053350,이니텍,breakout,2025-03-10,2025-03-11,2025-03-13,2025-03-13,33,6050.0,6540.0,open,False,15546.795000000013,2,15.0
2025,close,115500,케이씨에스,pullback,2025-03-13,2025-03-14,2025-03-18,2025-03-18,17,12670.0,12950.0,open,False,4106.690000000002,2,15.0
2025,close,127120,제이에스링크,pullback,2025-03-18,2025-03-19,2025-03-21,2025-03-21,32,6680.0,6560.0,open,False,-4475.5199999999895,2,15.0
2025,close,003570,SNT다이내믹스,pullback,2025-03-21,2025-03-24,2025-03-26,2025-03-26,6,34300.0,31400.0,open,False,-17991.29999999999,2,15.0
2025,close,016920,카스,pullback,2025-03-26,2025-03-27,2025-03-31,2025-03-31,84,2330.0,1850.0,open,False,-40846.68000000002,2,15.0
2025,close,052220,iMBC,breakout,2025-04-01,2025-04-02,2025-04-04,2025-04-04,30,5170.0,5790.0,open,False,18106.79999999999,2,15.0
2025,close,331520,밸로프,pullback,2025-04-04,2025-04-07,2025-04-09,2025-04-09,35,4860.0,5220.0,open,False,12070.799999999988,2,15.0
2025,close,127120,제이에스링크,breakout,2025-04-09,2025-04-10,2025-04-14,2025-04-14,23,8020.0,9220.0,open,False,27005.22,2,15.0
2025,close,014830,유니드,breakout,2025-04-14,2025-04-15,2025-04-17,2025-04-17,2,81700.0,79900.0,open,False,-4084.7999999999884,2,15.0
2025,close,030210,다올투자증권,breakout,2025-04-17,2025-04-18,2025-04-22,2025-04-22,57,3650.0,3930.0,open,False,15311.910000000003,2,15.0
2025,close,099220,SDN,breakout,2025-04-22,2025-04-23,2025-04-25,2025-04-25,13,17220.0,15340.0,open,False,-25074.919999999984,2,15.0
2025,close,006800,미래에셋증권,breakout,2025-04-25,2025-04-28,2025-04-30,2025-04-30,19,10255.0,10833.0,open,False,10380.991999999998,2,15.0
2025,close,006800,미래에셋증권,breakout,2025-04-30,2025-05-02,2025-05-08,2025-05-08,17,11778.0,11878.0,open,False,1096.7719999999972,2,15.0
2025,close,003570,SNT다이내믹스,breakout,2025-05-08,2025-05-09,2025-05-13,2025-05-13,5,36350.0,32900.0,open,False,-17769.375,2,15.0
2025,close,114090,GKL,breakout,2025-05-13,2025-05-14,2025-05-16,2025-05-16,15,12740.0,13110.0,open,False,4968.375,2,15.0
2025,close,026890,스틱인베스트먼트,pullback,2025-05-16,2025-05-19,2025-05-21,2025-05-21,18,10500.0,10400.0,open,False,-2364.2999999999884,2,15.0
2025,close,036620,감성코퍼레이션,breakout,2025-05-21,2025-05-22,2025-05-26,2025-05-26,45,4350.0,5260.0,open,False,40301.32500000001,2,15.0
2025,close,000850,화천기공,breakout,2025-05-26,2025-05-27,2025-05-29,2025-05-29,7,31050.0,31300.0,open,False,1095.3249999999825,2,15.0
2025,close,030210,다올투자증권,breakout,2025-05-29,2025-05-30,2025-06-04,2025-06-04,64,3655.0,3650.0,open,False,-1021.2799999999988,2,15.0
2025,close,309960,LB인베스트먼트,breakout,2025-06-04,2025-06-05,2025-06-10,2025-06-10,43,5410.0,5630.0,open,False,8747.920000000013,2,15.0
2025,close,310200,애니플러스,breakout,2025-06-10,2025-06-11,2025-06-13,2025-06-13,61,4000.0,4400.0,open,False,23631.400000000023,2,15.0
2025,close,025980,아난티,breakout,2025-06-13,2025-06-16,2025-06-18,2025-06-18,26,10280.0,10860.0,open,False,14255.539999999979,2,15.0
2025,close,319400,현대무벡스,breakout,2025-06-18,2025-06-19,2025-06-23,2025-06-23,61,4575.0,4740.0,open,False,9212.677500000049,2,15.0
2025,close,006220,제주은행,breakout,2025-06-23,2025-06-24,2025-06-26,2025-06-26,25,11290.0,15120.0,open,False,94759.625,2,15.0
2025,close,017900,광전자,breakout,2025-06-26,2025-06-27,2025-07-01,2025-07-01,189,2040.0,2010.0,open,False,-6818.174999999988,2,15.0
2025,close,004360,세방,breakout,2025-07-01,2025-07-02,2025-07-04,2025-07-04,23,16070.0,15600.0,open,False,-11902.61499999999,2,15.0
2025,close,036460,한국가스공사,breakout,2025-07-04,2025-07-07,2025-07-09,2025-07-09,7,46400.0,44600.0,open,False,-13555.5,2,15.0
2025,close,026890,스틱인베스트먼트,breakout,2025-07-09,2025-07-10,2025-07-14,2025-07-14,29,11990.0,12200.0,open,False,5037.735000000044,2,15.0
2025,close,009070,KCTC,breakout,2025-07-14,2025-07-15,2025-07-17,2025-07-17,50,7110.0,7250.0,open,False,5923.0,2,15.0
2025,close,009300,삼아제약,pullback,2025-07-17,2025-07-18,2025-07-22,2025-07-22,19,18930.0,18760.0,open,False,-4304.164999999979,2,15.0
2025,close,015360,INVENI,pullback,2025-07-22,2025-07-23,2025-07-25,2025-07-25,28,12540.0,12220.0,open,False,-9999.919999999984,2,15.0
2025,close,014680,한솔케미칼,pullback,2025-07-28,2025-07-29,2025-07-31,2025-07-31,1,183700.0,182300.0,open,False,-1949.0,2,15.0
2025,close,025980,아난티,pullback,2025-07-31,2025-08-01,2025-08-05,2025-08-05,35,9760.0,10290.0,open,False,17497.375,2,15.0
2025,close,064850,에프앤가이드,pullback,2025-08-05,2025-08-06,2025-08-08,2025-08-08,43,8420.0,8160.0,open,False,-12249.410000000033,2,15.0
2025,close,138360,앤로보틱스,breakout,2025-08-08,2025-08-11,2025-08-13,2025-08-13,337,1049.0,944.0,open,False,-36392.461499999976,2,15.0
2025,close,265520,AP시스템,breakout,2025-08-13,2025-08-14,2025-08-19,2025-08-19,16,19110.0,17500.0,open,False,-26638.640000000014,2,15.0
2025,close,415380,스튜디오삼익,breakout,2025-08-19,2025-08-20,2025-08-22,2025-08-22,89,3250.0,3444.0,open,False,16372.351000000024,2,15.0
2025,close,415380,스튜디오삼익,breakout,2025-08-22,2025-08-25,2025-08-27,2025-08-27,84,3656.0,3656.0,open,False,-921.3119999999763,2,15.0
2025,close,085310,엔케이,pullback,2025-08-27,2025-08-28,2025-09-01,2025-09-01,23,13200.0,13400.0,open,False,3682.2999999999884,2,15.0
2025,close,170920,엘티씨,pullback,2025-09-01,2025-09-02,2025-09-04,2025-09-04,25,12250.0,12250.0,open,False,-918.75,2,15.0
2025,close,114090,GKL,pullback,2025-09-04,2025-09-05,2025-09-09,2025-09-09,18,16700.0,17340.0,open,False,10600.919999999984,2,15.0
2025,close,170920,엘티씨,breakout,2025-09-11,2025-09-12,2025-09-16,2025-09-16,21,14670.0,16350.0,open,False,34302.869999999995,2,15.0
2025,close,168360,펨트론,breakout,2025-09-16,2025-09-17,2025-09-19,2025-09-19,20,17460.0,19100.0,open,False,31703.199999999953,2,15.0
2025,close,127120,제이에스링크,breakout,2025-09-19,2025-09-22,2025-09-24,2025-09-24,16,24100.0,25100.0,open,False,14819.200000000012,2,15.0
2025,close,014680,한솔케미칼,breakout,2025-09-24,2025-09-25,2025-09-29,2025-09-29,1,213000.0,205000.0,open,False,-8627.0,2,15.0
2025,close,006800,미래에셋증권,pullback,2025-09-29,2025-09-30,2025-10-02,2025-10-02,17,21954.0,21257.0,open,False,-12950.880500000028,2,15.0
2025,close,006800,미래에셋증권,pullback,2025-10-02,2025-10-10,2025-10-14,2025-10-14,17,22203.0,21407.0,open,False,-14644.054999999993,2,15.0
2025,close,319400,현대무벡스,breakout,2025-10-14,2025-10-15,2025-10-17,2025-10-17,33,10780.0,10800.0,open,False,-408.21000000002095,2,15.0
2025,close,011170,롯데케미칼,breakout,2025-10-17,2025-10-20,2025-10-22,2025-10-22,5,72000.0,71700.0,open,False,-2577.75,2,15.0
2025,close,011170,롯데케미칼,breakout,2025-10-22,2025-10-23,2025-10-27,2025-10-27,4,77600.0,77500.0,open,False,-1330.600000000035,2,15.0
2025,close,009070,KCTC,pullback,2025-10-27,2025-10-28,2025-10-30,2025-10-30,59,6090.0,5780.0,open,False,-19340.494999999995,2,15.0
2025,close,015860,일진홀딩스,breakout,2025-10-30,2025-10-31,2025-11-04,2025-11-04,50,6740.0,7210.0,open,False,22453.75,2,15.0
2025,close,019170,신풍제약,pullback,2025-11-04,2025-11-05,2025-11-07,2025-11-07,24,14890.0,14160.0,open,False,-18565.800000000047,2,15.0
2025,close,309960,LB인베스트먼트,pullback,2025-11-07,2025-11-10,2025-11-12,2025-11-12,61,5580.0,5320.0,open,False,-16857.349999999977,2,15.0
2025,close,011170,롯데케미칼,breakout,2025-11-12,2025-11-13,2025-11-17,2025-11-17,3,83400.0,86400.0,open,False,8235.899999999994,2,15.0
2025,close,220100,퓨쳐켐,breakout,2025-11-17,2025-11-18,2025-11-20,2025-11-20,13,25490.0,25006.0,open,False,-7276.671999999962,2,15.0
2025,close,016360,삼성증권,pullback,2025-11-20,2025-11-21,2025-11-25,2025-11-25,4,78500.0,80100.0,open,False,5448.400000000023,2,15.0
2025,close,138360,앤로보틱스,breakout,2025-11-25,2025-11-26,2025-11-28,2025-11-28,310,1079.0,1193.0,open,False,34283.51999999996,2,15.0
2025,close,204320,HL만도,breakout,2025-11-28,2025-12-01,2025-12-03,2025-12-03,7,49500.0,52100.0,open,False,17133.20000000001,2,15.0
2025,close,314130,지놈앤컴퍼니,breakout,2025-12-03,2025-12-04,2025-12-08,2025-12-08,87,4430.0,5270.0,open,False,71814.14999999997,2,15.0
2025,close,457190,이수스페셜티케미컬,breakout,2025-12-08,2025-12-09,2025-12-11,2025-12-11,7,58500.0,67200.0,open,False,59580.15000000002,2,15.0
2025,close,056080,유진로봇,breakout,2025-12-11,2025-12-12,2025-12-16,2025-12-16,33,15610.0,15860.0,open,False,6692.235000000044,2,15.0
2025,close,064850,에프앤가이드,breakout,2025-12-16,2025-12-17,2025-12-19,2025-12-19,58,8970.0,8900.0,open,False,-5614.690000000002,2,15.0
2025,close,309960,LB인베스트먼트,breakout,2025-12-19,2025-12-22,2025-12-24,2025-12-24,75,6830.0,6140.0,open,False,-53209.12500000006,2,15.0
2025,close,319400,현대무벡스,breakout,2025-12-24,2025-12-26,2025-12-30,2025-12-30,24,19120.0,20350.0,open,False,28099.080000000016,2,15.0
2025,low,204320,HL만도,pullback,2025-01-02,2025-01-03,2025-01-07,2025-01-07,7,42000.0,42900.0,open,False,5408.549999999988,2,15.0
2025,low,058860,KTis,pullback,2025-01-07,2025-01-08,2025-01-10,2025-01-10,111,2740.0,2685.0,open,False,-7008.262500000012,2,15.0
2025,low,025980,아난티,pullback,2025-01-13,2025-01-14,2025-01-16,2025-01-16,53,5570.0,5710.0,open,False,6523.239999999991,2,15.0
2025,low,003030,세아제강지주,breakout,2025-01-17,2025-01-20,2025-01-22,2025-01-22,1,206500.0,224000.0,open,False,16854.25,2,15.0
2025,low,004870,티웨이홀딩스,breakout,2025-01-22,2025-01-23,2025-01-31,2025-01-31,56,5727.0,5351.0,open,False,-21986.552000000025,2,15.0
2025,low,051630,진양화학,breakout,2025-01-31,2025-02-03,2025-02-05,2025-02-05,62,4800.0,4845.0,open,False,1893.015000000014,2,15.0
2025,low,051630,진양화학,breakout,2025-02-05,2025-02-06,2025-02-10,2025-02-10,54,5500.0,4440.0,open,False,-58045.139999999985,2,15.0
2025,low,056080,유진로봇,breakout,2025-02-10,2025-02-11,2025-02-13,2025-02-13,25,9550.0,8500.0,open,False,-26926.875,2,15.0
2025,low,204320,HL만도,breakout,2025-02-13,2025-02-14,2025-02-18,2025-02-18,4,46650.0,45650.0,open,False,-4553.8000000000175,2,15.0
2025,low,136480,하림,pullback,2025-02-18,2025-02-19,2025-02-21,2025-02-21,71,2955.0,2960.0,open,False,-274.9475000000093,2,15.0
2025,low,015360,INVENI,pullback,2025-02-21,2025-02-24,2025-02-26,2025-02-26,19,10760.0,10620.0,open,False,-3269.329999999987,2,15.0
2025,low,053350,이니텍,breakout,2025-02-27,2025-02-28,2025-03-05,2025-03-05,45,4615.0,4700.0,open,False,3196.2374999999884,2,15.0
2025,low,085310,엔케이,pullback,2025-03-05,2025-03-06,2025-03-10,2025-03-10,21,9830.0,9310.0,open,False,-11522.910000000003,2,15.0
2025,low,053350,이니텍,breakout,2025-03-10,2025-03-11,2025-03-13,2025-03-13,33,6050.0,6540.0,open,False,15546.795000000013,2,15.0
2025,low,115500,케이씨에스,pullback,2025-03-13,2025-03-14,2025-03-18,2025-03-18,17,12670.0,12950.0,open,False,4106.690000000002,2,15.0
2025,low,127120,제이에스링크,pullback,2025-03-18,2025-03-19,2025-03-21,2025-03-21,32,6680.0,6560.0,open,False,-4475.5199999999895,2,15.0
2025,low,003570,SNT다이내믹스,pullback,2025-03-21,2025-03-24,2025-03-26,2025-03-26,6,34300.0,31400.0,open,False,-17991.29999999999,2,15.0
2025,low,016920,카스,pullback,2025-03-26,2025-03-27,2025-03-31,2025-03-31,84,2330.0,1850.0,open,False,-40846.68000000002,2,15.0
2025,low,052220,iMBC,breakout,2025-04-01,2025-04-02,2025-04-04,2025-04-04,30,5170.0,5790.0,open,False,18106.79999999999,2,15.0
2025,low,331520,밸로프,pullback,2025-04-04,2025-04-07,2025-04-09,2025-04-09,35,4860.0,5220.0,open,False,12070.799999999988,2,15.0
2025,low,127120,제이에스링크,breakout,2025-04-09,2025-04-10,2025-04-14,2025-04-14,23,8020.0,9220.0,open,False,27005.22,2,15.0
2025,low,014830,유니드,breakout,2025-04-14,2025-04-15,2025-04-17,2025-04-17,2,81700.0,79900.0,open,False,-4084.7999999999884,2,15.0
2025,low,030210,다올투자증권,breakout,2025-04-17,2025-04-18,2025-04-22,2025-04-22,57,3650.0,3930.0,open,False,15311.910000000003,2,15.0
2025,low,099220,SDN,breakout,2025-04-22,2025-04-23,2025-04-25,2025-04-25,13,17220.0,15340.0,open,False,-25074.919999999984,2,15.0
2025,low,006800,미래에셋증권,breakout,2025-04-25,2025-04-28,2025-04-30,2025-04-30,19,10255.0,10833.0,open,False,10380.991999999998,2,15.0
2025,low,006800,미래에셋증권,breakout,2025-04-30,2025-05-02,2025-05-08,2025-05-08,17,11778.0,11878.0,open,False,1096.7719999999972,2,15.0
2025,low,003570,SNT다이내믹스,breakout,2025-05-08,2025-05-09,2025-05-13,2025-05-13,5,36350.0,32900.0,open,False,-17769.375,2,15.0
2025,low,114090,GKL,breakout,2025-05-13,2025-05-14,2025-05-16,2025-05-16,15,12740.0,13110.0,open,False,4968.375,2,15.0
2025,low,026890,스틱인베스트먼트,pullback,2025-05-16,2025-05-19,2025-05-21,2025-05-21,18,10500.0,10400.0,open,False,-2364.2999999999884,2,15.0
2025,low,036620,감성코퍼레이션,breakout,2025-05-21,2025-05-22,2025-05-26,2025-05-26,45,4350.0,5260.0,open,False,40301.32500000001,2,15.0
2025,low,000850,화천기공,breakout,2025-05-26,2025-05-27,2025-05-29,2025-05-29,7,31050.0,31300.0,open,False,1095.3249999999825,2,15.0
2025,low,030210,다올투자증권,breakout,2025-05-29,2025-05-30,2025-06-04,2025-06-04,64,3655.0,3650.0,open,False,-1021.2799999999988,2,15.0
2025,low,309960,LB인베스트먼트,breakout,2025-06-04,2025-06-05,2025-06-10,2025-06-10,43,5410.0,5630.0,open,False,8747.920000000013,2,15.0
2025,low,310200,애니플러스,breakout,2025-06-10,2025-06-11,2025-06-13,2025-06-13,61,4000.0,4400.0,open,False,23631.400000000023,2,15.0
2025,low,025980,아난티,breakout,2025-06-13,2025-06-16,2025-06-18,2025-06-18,26,10280.0,10860.0,open,False,14255.539999999979,2,15.0
2025,low,319400,현대무벡스,breakout,2025-06-18,2025-06-19,2025-06-23,2025-06-23,61,4575.0,4740.0,open,False,9212.677500000049,2,15.0
2025,low,006220,제주은행,breakout,2025-06-23,2025-06-24,2025-06-26,2025-06-26,25,11290.0,15120.0,open,False,94759.625,2,15.0
2025,low,017900,광전자,breakout,2025-06-26,2025-06-27,2025-07-01,2025-07-01,189,2040.0,2010.0,open,False,-6818.174999999988,2,15.0
2025,low,004360,세방,breakout,2025-07-01,2025-07-02,2025-07-04,2025-07-04,23,16070.0,15600.0,open,False,-11902.61499999999,2,15.0
2025,low,036460,한국가스공사,breakout,2025-07-04,2025-07-07,2025-07-09,2025-07-09,7,46400.0,44600.0,open,False,-13555.5,2,15.0
2025,low,026890,스틱인베스트먼트,breakout,2025-07-09,2025-07-10,2025-07-14,2025-07-14,29,11990.0,12200.0,open,False,5037.735000000044,2,15.0
2025,low,009070,KCTC,breakout,2025-07-14,2025-07-15,2025-07-17,2025-07-17,50,7110.0,7250.0,open,False,5923.0,2,15.0
2025,low,009300,삼아제약,pullback,2025-07-17,2025-07-18,2025-07-22,2025-07-22,19,18930.0,18760.0,open,False,-4304.164999999979,2,15.0
2025,low,015360,INVENI,pullback,2025-07-22,2025-07-23,2025-07-25,2025-07-25,28,12540.0,12220.0,open,False,-9999.919999999984,2,15.0
2025,low,014680,한솔케미칼,pullback,2025-07-28,2025-07-29,2025-07-31,2025-07-31,1,183700.0,182300.0,open,False,-1949.0,2,15.0
2025,low,025980,아난티,pullback,2025-07-31,2025-08-01,2025-08-05,2025-08-05,35,9760.0,10290.0,open,False,17497.375,2,15.0
2025,low,064850,에프앤가이드,pullback,2025-08-05,2025-08-06,2025-08-08,2025-08-08,43,8420.0,8160.0,open,False,-12249.410000000033,2,15.0
2025,low,138360,앤로보틱스,breakout,2025-08-08,2025-08-11,2025-08-13,2025-08-13,337,1049.0,944.0,open,False,-36392.461499999976,2,15.0
2025,low,265520,AP시스템,breakout,2025-08-13,2025-08-14,2025-08-19,2025-08-19,16,19110.0,17500.0,open,False,-26638.640000000014,2,15.0
2025,low,415380,스튜디오삼익,breakout,2025-08-19,2025-08-20,2025-08-22,2025-08-22,89,3250.0,3444.0,open,False,16372.351000000024,2,15.0
2025,low,415380,스튜디오삼익,breakout,2025-08-22,2025-08-25,2025-08-27,2025-08-27,84,3656.0,3656.0,open,False,-921.3119999999763,2,15.0
2025,low,085310,엔케이,pullback,2025-08-27,2025-08-28,2025-09-01,2025-09-01,23,13200.0,13400.0,open,False,3682.2999999999884,2,15.0
2025,low,170920,엘티씨,pullback,2025-09-01,2025-09-02,2025-09-04,2025-09-04,25,12250.0,12250.0,open,False,-918.75,2,15.0
2025,low,114090,GKL,pullback,2025-09-04,2025-09-05,2025-09-09,2025-09-09,18,16700.0,17340.0,open,False,10600.919999999984,2,15.0
2025,low,170920,엘티씨,breakout,2025-09-11,2025-09-12,2025-09-16,2025-09-16,21,14670.0,16350.0,open,False,34302.869999999995,2,15.0
2025,low,168360,펨트론,breakout,2025-09-16,2025-09-17,2025-09-19,2025-09-19,20,17460.0,19100.0,open,False,31703.199999999953,2,15.0
2025,low,127120,제이에스링크,breakout,2025-09-19,2025-09-22,2025-09-24,2025-09-24,16,24100.0,25100.0,open,False,14819.200000000012,2,15.0
2025,low,014680,한솔케미칼,breakout,2025-09-24,2025-09-25,2025-09-29,2025-09-29,1,213000.0,205000.0,open,False,-8627.0,2,15.0
2025,low,006800,미래에셋증권,pullback,2025-09-29,2025-09-30,2025-10-02,2025-10-02,17,21954.0,21257.0,open,False,-12950.880500000028,2,15.0
2025,low,006800,미래에셋증권,pullback,2025-10-02,2025-10-10,2025-10-14,2025-10-14,17,22203.0,21407.0,open,False,-14644.054999999993,2,15.0
2025,low,319400,현대무벡스,breakout,2025-10-14,2025-10-15,2025-10-17,2025-10-17,33,10780.0,10800.0,open,False,-408.21000000002095,2,15.0
2025,low,011170,롯데케미칼,breakout,2025-10-17,2025-10-20,2025-10-22,2025-10-22,5,72000.0,71700.0,open,False,-2577.75,2,15.0
2025,low,011170,롯데케미칼,breakout,2025-10-22,2025-10-23,2025-10-27,2025-10-27,4,77600.0,77500.0,open,False,-1330.600000000035,2,15.0
2025,low,009070,KCTC,pullback,2025-10-27,2025-10-28,2025-10-30,2025-10-30,59,6090.0,5780.0,open,False,-19340.494999999995,2,15.0
2025,low,015860,일진홀딩스,breakout,2025-10-30,2025-10-31,2025-11-04,2025-11-04,50,6740.0,7210.0,open,False,22453.75,2,15.0
2025,low,019170,신풍제약,pullback,2025-11-04,2025-11-05,2025-11-07,2025-11-07,24,14890.0,14160.0,open,False,-18565.800000000047,2,15.0
2025,low,309960,LB인베스트먼트,pullback,2025-11-07,2025-11-10,2025-11-12,2025-11-12,61,5580.0,5320.0,open,False,-16857.349999999977,2,15.0
2025,low,011170,롯데케미칼,breakout,2025-11-12,2025-11-13,2025-11-17,2025-11-17,3,83400.0,86400.0,open,False,8235.899999999994,2,15.0
2025,low,220100,퓨쳐켐,breakout,2025-11-17,2025-11-18,2025-11-20,2025-11-20,13,25490.0,25006.0,open,False,-7276.671999999962,2,15.0
2025,low,016360,삼성증권,pullback,2025-11-20,2025-11-21,2025-11-25,2025-11-25,4,78500.0,80100.0,open,False,5448.400000000023,2,15.0
2025,low,138360,앤로보틱스,breakout,2025-11-25,2025-11-26,2025-11-28,2025-11-28,310,1079.0,1193.0,open,False,34283.51999999996,2,15.0
2025,low,204320,HL만도,breakout,2025-11-28,2025-12-01,2025-12-03,2025-12-03,7,49500.0,52100.0,open,False,17133.20000000001,2,15.0
2025,low,314130,지놈앤컴퍼니,breakout,2025-12-03,2025-12-04,2025-12-08,2025-12-08,87,4430.0,5270.0,open,False,71814.14999999997,2,15.0
2025,low,457190,이수스페셜티케미컬,breakout,2025-12-08,2025-12-09,2025-12-11,2025-12-11,7,58500.0,67200.0,open,False,59580.15000000002,2,15.0
2025,low,056080,유진로봇,breakout,2025-12-11,2025-12-12,2025-12-16,2025-12-16,33,15610.0,15860.0,open,False,6692.235000000044,2,15.0
2025,low,064850,에프앤가이드,breakout,2025-12-16,2025-12-17,2025-12-19,2025-12-19,58,8970.0,8900.0,open,False,-5614.690000000002,2,15.0
2025,low,309960,LB인베스트먼트,breakout,2025-12-19,2025-12-22,2025-12-24,2025-12-24,75,6830.0,6140.0,open,False,-53209.12500000006,2,15.0
2025,low,319400,현대무벡스,breakout,2025-12-24,2025-12-26,2025-12-30,2025-12-30,24,19120.0,20350.0,open,False,28099.080000000016,2,15.0
2023,open,114090,GKL,pullback,2023-01-02,2023-01-03,2023-01-06,2023-01-06,15,18750.0,19100.0,open,False,4398.375,3,15.0
2023,open,073640,테라사이언스,breakout,2023-01-06,2023-01-09,2023-01-12,2023-01-12,138,2200.0,2185.0,open,False,-2977.695000000007,3,15.0
2023,open,036620,감성코퍼레이션,pullback,2023-01-13,2023-01-16,2023-01-19,2023-01-19,146,2060.0,2070.0,open,False,555.5300000000279,3,15.0
2023,open,004870,티웨이홀딩스,breakout,2023-01-19,2023-01-20,2023-01-27,2023-01-27,91,3306.0,3258.0,open,False,-5263.9860000000335,3,15.0
2023,open,003830,대한화섬,breakout,2023-01-27,2023-01-30,2023-02-02,2023-02-02,2,138500.0,133800.0,open,False,-10216.899999999965,3,15.0
2023,open,008260,NI스틸,breakout,2023-02-02,2023-02-03,2023-02-08,2023-02-08,50,5610.0,5550.0,open,False,-3837.0,3,15.0
2023,open,279600,미디어젠,breakout,2023-02-08,2023-02-09,2023-02-14,2023-02-14,14,19127.0,18933.0,open,False,-3515.2600000000093,3,15.0
2023,open,036620,감성코퍼레이션,pullback,2023-02-14,2023-02-15,2023-02-20,2023-02-20,128,2175.0,2090.0,open,False,-11698.880000000005,3,15.0
2023,open,011780,금호석유화학,breakout,2023-02-20,2023-02-21,2023-02-24,2023-02-24,1,155000.0,159800.0,open,False,4327.8000000000175,3,15.0
2023,open,123700,SJM,pullback,2023-02-24,2023-02-27,2023-03-03,2023-03-03,60,4500.0,4570.0,open,False,3383.7000000000116,3,15.0
2023,open,056080,유진로봇,breakout,2023-03-03,2023-03-06,2023-03-09,2023-03-09,38,7160.0,7520.0,open,False,12843.240000000049,3,15.0
2023,open,115500,케이씨에스,breakout,2023-03-09,2023-03-10,2023-03-15,2023-03-15,29,9790.0,10800.0,open,False,28394.33500000002,3,15.0
2023,open,001460,BYC,pullback,2023-03-15,2023-03-16,2023-03-21,2023-03-21,6,50800.0,52000.0,open,False,6274.799999999988,3,15.0
2023,open,088980,맥쿼리인프라,pullback,2023-03-21,2023-03-22,2023-03-27,2023-03-27,25,12587.0,12577.0,open,False,-1193.6500000000233,3,15.0
2023,open,006220,제주은행,pullback,2023-03-27,2023-03-28,2023-03-31,2023-03-31,14,22250.0,23300.0,open,False,13743.450000000012,3,15.0
2023,open,004360,세방,pullback,2023-03-31,2023-04-03,2023-04-06,2023-04-06,7,46000.0,45600.0,open,False,-3761.7999999999884,3,15.0
2023,open,008260,NI스틸,breakout,2023-04-06,2023-04-07,2023-04-12,2023-04-12,50,6570.0,6430.0,open,False,-7975.0,3,15.0
2023,open,085310,엔케이,breakout,2023-04-12,2023-04-13,2023-04-18,2023-04-18,32,9950.0,9610.0,open,False,-11818.880000000005,3,15.0
2023,open,101360,에코앤드림,pullback,2023-04-18,2023-04-19,2023-04-24,2023-04-24,8,38225.0,34061.0,open,False,-34179.43199999997,3,15.0
2023,open,119650,KC코트렐,breakout,2023-04-24,2023-04-25,2023-04-28,2023-04-28,36,7648.0,6332.0,open,False,-48130.92000000001,3,15.0
2023,open,011230,삼화전자,breakout,2023-04-28,2023-05-02,2023-05-08,2023-05-08,28,8015.0,12092.0,open,False,113311.506,3,15.0
2023,open,067570,엔브이에이치코리아,pullback,2023-05-08,2023-05-09,2023-05-12,2023-05-12,88,3861.0,3982.0,open,False,9612.724000000046,3,15.0
2023,open,000430,대원강업,breakout,2023-05-12,2023-05-15,2023-05-18,2023-05-18,73,4795.0,4700.0,open,False,-7974.702500000014,3,15.0
2023,open,088980,맥쿼리인프라,pullback,2023-05-18,2023-05-19,2023-05-24,2023-05-24,26,12816.0,12798.0,open,False,-1466.9459999999963,3,15.0
2023,open,006800,미래에셋증권,breakout,2023-05-24,2023-05-25,2023-05-31,2023-05-31,46,7427.0,7218.0,open,False,-10624.505000000005,3,15.0
2023,open,004870,티웨이홀딩스,pullback,2023-05-31,2023-06-01,2023-06-07,2023-06-07,106,3120.0,3039.0,open,False,-9565.281000000017,3,15.0
2023,open,126640,화신정공,breakout,2023-06-07,2023-06-08,2023-06-13,2023-06-13,154,2090.0,2010.0,open,False,-13267.100000000035,3,15.0
2023,open,000850,화천기공,breakout,2023-06-13,2023-06-14,2023-06-19,2023-06-19,7,40300.0,38300.0,open,False,-14825.299999999988,3,15.0
2023,open,008260,NI스틸,breakout,2023-06-19,2023-06-20,2023-06-23,2023-06-23,39,7430.0,7200.0,open,False,-9825.85500000004,3,15.0
2023,open,168360,펨트론,breakout,2023-06-23,2023-06-26,2023-06-29,2023-06-29,37,7650.0,6815.0,open,False,-31697.807499999995,3,15.0
2023,open,003030,세아제강지주,breakout,2023-06-29,2023-06-30,2023-07-05,2023-07-05,1,204000.0,204000.0,open,False,-612.0,3,15.0
2023,open,000430,대원강업,breakout,2023-07-05,2023-07-06,2023-07-11,2023-07-11,42,5950.0,6750.0,open,False,32799.899999999994,3,15.0
2023,open,011230,삼화전자,breakout,2023-07-11,2023-07-12,2023-07-17,2023-07-17,30,9361.0,8693.0,open,False,-20852.429999999993,3,15.0
2023,open,043910,자연과환경,breakout,2023-07-17,2023-07-18,2023-07-21,2023-07-21,17,14870.0,12830.0,open,False,-35386.350000000006,3,15.0
2023,open,073640,테라사이언스,pullback,2023-07-24,2023-07-25,2023-07-28,2023-07-28,35,6380.0,3990.0,open,False,-84194.42500000002,3,15.0
2023,open,326030,SK바이오팜,breakout,2023-08-01,2023-08-02,2023-08-07,2023-08-07,1,90000.0,95700.0,open,False,5421.450000000012,3,15.0
2023,open,105630,한세실업,breakout,2023-08-07,2023-08-08,2023-08-11,2023-08-11,7,19700.0,20100.0,open,False,2382.100000000006,3,15.0
2023,open,025980,아난티,breakout,2023-08-11,2023-08-14,2023-08-18,2023-08-18,17,8480.0,8070.0,open,False,-7392.025000000023,3,15.0
2023,open,149980,하이로닉,breakout,2023-08-21,2023-08-22,2023-08-25,2023-08-25,7,19912.0,17972.0,open,False,-13977.781999999992,3,15.0
2023,open,026890,스틱인베스트먼트,breakout,2023-08-25,2023-08-28,2023-08-31,2023-08-31,16,7750.0,7770.0,open,False,-52.479999999995925,3,15.0
2023,open,105560,KB금융,breakout,2023-08-31,2023-09-01,2023-09-06,2023-09-06,2,54200.0,54200.0,open,False,-325.1999999999971,3,15.0
2023,open,003570,SNT다이내믹스,breakout,2023-09-06,2023-09-07,2023-09-12,2023-09-12,11,11400.0,12660.0,open,False,13463.01000000001,3,15.0
2023,open,168360,펨트론,breakout,2023-09-12,2023-09-13,2023-09-18,2023-09-18,11,12100.0,11150.0,open,False,-10833.624999999985,3,15.0
2023,open,089850,유비벨록스,pullback,2023-09-20,2023-09-21,2023-09-26,2023-09-26,14,9224.0,8688.0,open,False,-7880.152000000002,3,15.0
2023,open,004270,남성,breakout,2023-09-26,2023-09-27,2023-10-06,2023-10-06,5,20909.0,18007.0,open,False,-14801.869999999995,3,15.0
2023,open,004270,남성,pullback,2023-10-06,2023-10-10,2023-10-13,2023-10-13,6,18285.0,18722.0,open,False,2288.9370000000054,3,15.0
2023,open,004100,태양금속,pullback,2023-10-16,2023-10-17,2023-10-20,2023-10-20,29,3880.0,3675.0,open,False,-6273.642500000002,3,15.0
2023,open,003570,SNT다이내믹스,pullback,2023-10-20,2023-10-23,2023-10-26,2023-10-26,9,11630.0,11660.0,open,False,-44.4149999999936,3,15.0
2023,open,003570,SNT다이내믹스,pullback,2023-10-26,2023-10-27,2023-11-01,2023-11-01,8,12610.0,13130.0,open,False,3851.1199999999953,3,15.0
2023,open,015360,INVENI,pullback,2023-11-01,2023-11-02,2023-11-07,2023-11-07,16,6660.0,6770.0,open,False,1437.679999999993,3,15.0
2023,open,105630,한세실업,breakout,2023-11-09,2023-11-10,2023-11-15,2023-11-15,4,23700.0,22600.0,open,False,-4677.800000000003,3,15.0
2023,open,105630,한세실업,pullback,2023-11-16,2023-11-17,2023-11-22,2023-11-22,4,23650.0,23250.0,open,False,-1881.4000000000087,3,15.0
2023,open,215200,메가스터디교육,pullback,2023-11-24,2023-11-27,2023-11-30,2023-11-30,1,61400.0,58300.0,open,False,-3279.550000000003,3,15.0
2023,open,016360,삼성증권,pullback,2023-11-30,2023-12-01,2023-12-06,2023-12-06,2,38900.0,39250.0,open,False,465.54999999998836,3,15.0
2023,open,131370,알서포트,pullback,2023-12-06,2023-12-07,2023-12-12,2023-12-12,27,3785.0,3725.0,open,False,-1924.1549999999988,3,15.0
2023,open,215200,메가스터디교육,breakout,2023-12-12,2023-12-13,2023-12-18,2023-12-18,1,65800.0,63900.0,open,False,-2094.5499999999956,3,15.0
2023,open,025900,동화기업,pullback,2023-12-18,2023-12-19,2023-12-22,2023-12-22,3,28597.0,27155.0,open,False,-4576.8840000000055,3,15.0
2023,open,279600,미디어젠,breakout,2023-12-22,2023-12-26,2024-01-02,2024-01-02,4,21718.0,20701.0,open,False,-4322.513999999996,3,15.0
2023,close,114090,GKL,pullback,2023-01-02,2023-01-03,2023-01-06,2023-01-06,15,18750.0,19100.0,open,False,4398.375,3,15.0
2023,close,073640,테라사이언스,breakout,2023-01-06,2023-01-09,2023-01-12,2023-01-12,138,2200.0,2185.0,open,False,-2977.695000000007,3,15.0
2023,close,036620,감성코퍼레이션,pullback,2023-01-13,2023-01-16,2023-01-19,2023-01-19,146,2060.0,2070.0,open,False,555.5300000000279,3,15.0
2023,close,004870,티웨이홀딩스,breakout,2023-01-19,2023-01-20,2023-01-27,2023-01-27,91,3306.0,3258.0,open,False,-5263.9860000000335,3,15.0
2023,close,003830,대한화섬,breakout,2023-01-27,2023-01-30,2023-02-02,2023-02-02,2,138500.0,133800.0,open,False,-10216.899999999965,3,15.0
2023,close,008260,NI스틸,breakout,2023-02-02,2023-02-03,2023-02-08,2023-02-08,50,5610.0,5550.0,open,False,-3837.0,3,15.0
2023,close,279600,미디어젠,breakout,2023-02-08,2023-02-09,2023-02-14,2023-02-14,14,19127.0,18933.0,open,False,-3515.2600000000093,3,15.0
2023,close,036620,감성코퍼레이션,pullback,2023-02-14,2023-02-15,2023-02-20,2023-02-20,128,2175.0,2090.0,open,False,-11698.880000000005,3,15.0
2023,close,011780,금호석유화학,breakout,2023-02-20,2023-02-21,2023-02-24,2023-02-24,1,155000.0,159800.0,open,False,4327.8000000000175,3,15.0
2023,close,123700,SJM,pullback,2023-02-24,2023-02-27,2023-03-03,2023-03-03,60,4500.0,4570.0,open,False,3383.7000000000116,3,15.0
2023,close,056080,유진로봇,breakout,2023-03-03,2023-03-06,2023-03-09,2023-03-09,38,7160.0,7520.0,open,False,12843.240000000049,3,15.0
2023,close,115500,케이씨에스,breakout,2023-03-09,2023-03-10,2023-03-15,2023-03-15,29,9790.0,10800.0,open,False,28394.33500000002,3,15.0
2023,close,001460,BYC,pullback,2023-03-15,2023-03-16,2023-03-21,2023-03-21,6,50800.0,52000.0,open,False,6274.799999999988,3,15.0
2023,close,088980,맥쿼리인프라,pullback,2023-03-21,2023-03-22,2023-03-27,2023-03-27,25,12587.0,12577.0,open,False,-1193.6500000000233,3,15.0
2023,close,006220,제주은행,pullback,2023-03-27,2023-03-28,2023-03-31,2023-03-31,14,22250.0,23300.0,open,False,13743.450000000012,3,15.0
2023,close,004360,세방,pullback,2023-03-31,2023-04-03,2023-04-06,2023-04-06,7,46000.0,45600.0,open,False,-3761.7999999999884,3,15.0
2023,close,008260,NI스틸,breakout,2023-04-06,2023-04-07,2023-04-12,2023-04-12,50,6570.0,6430.0,open,False,-7975.0,3,15.0
2023,close,085310,엔케이,breakout,2023-04-12,2023-04-13,2023-04-18,2023-04-18,32,9950.0,9610.0,open,False,-11818.880000000005,3,15.0
2023,close,101360,에코앤드림,pullback,2023-04-18,2023-04-19,2023-04-24,2023-04-24,8,38225.0,34061.0,open,False,-34179.43199999997,3,15.0
2023,close,119650,KC코트렐,breakout,2023-04-24,2023-04-25,2023-04-28,2023-04-28,36,7648.0,6332.0,open,False,-48130.92000000001,3,15.0
2023,close,011230,삼화전자,breakout,2023-04-28,2023-05-02,2023-05-08,2023-05-08,28,8015.0,12092.0,open,False,113311.506,3,15.0
2023,close,067570,엔브이에이치코리아,pullback,2023-05-08,2023-05-09,2023-05-12,2023-05-12,88,3861.0,3982.0,open,False,9612.724000000046,3,15.0
2023,close,000430,대원강업,breakout,2023-05-12,2023-05-15,2023-05-18,2023-05-18,73,4795.0,4700.0,open,False,-7974.702500000014,3,15.0
2023,close,088980,맥쿼리인프라,pullback,2023-05-18,2023-05-19,2023-05-24,2023-05-24,26,12816.0,12798.0,open,False,-1466.9459999999963,3,15.0
2023,close,006800,미래에셋증권,breakout,2023-05-24,2023-05-25,2023-05-31,2023-05-31,46,7427.0,7218.0,open,False,-10624.505000000005,3,15.0
2023,close,004870,티웨이홀딩스,pullback,2023-05-31,2023-06-01,2023-06-07,2023-06-07,106,3120.0,3039.0,open,False,-9565.281000000017,3,15.0
2023,close,126640,화신정공,breakout,2023-06-07,2023-06-08,2023-06-13,2023-06-13,154,2090.0,2010.0,open,False,-13267.100000000035,3,15.0
2023,close,000850,화천기공,breakout,2023-06-13,2023-06-14,2023-06-19,2023-06-19,7,40300.0,38300.0,open,False,-14825.299999999988,3,15.0
2023,close,008260,NI스틸,breakout,2023-06-19,2023-06-20,2023-06-23,2023-06-23,39,7430.0,7200.0,open,False,-9825.85500000004,3,15.0
2023,close,168360,펨트론,breakout,2023-06-23,2023-06-26,2023-06-29,2023-06-29,37,7650.0,6815.0,open,False,-31697.807499999995,3,15.0
2023,close,003030,세아제강지주,breakout,2023-06-29,2023-06-30,2023-07-05,2023-07-05,1,204000.0,204000.0,open,False,-612.0,3,15.0
2023,close,000430,대원강업,breakout,2023-07-05,2023-07-06,2023-07-11,2023-07-11,42,5950.0,6750.0,open,False,32799.899999999994,3,15.0
2023,close,011230,삼화전자,breakout,2023-07-11,2023-07-12,2023-07-17,2023-07-17,30,9361.0,8693.0,open,False,-20852.429999999993,3,15.0
2023,close,043910,자연과환경,breakout,2023-07-17,2023-07-18,2023-07-21,2023-07-21,17,14870.0,12830.0,open,False,-35386.350000000006,3,15.0
2023,close,073640,테라사이언스,pullback,2023-07-24,2023-07-25,2023-07-28,2023-07-28,35,6380.0,3990.0,open,False,-84194.42500000002,3,15.0
2023,close,326030,SK바이오팜,breakout,2023-08-01,2023-08-02,2023-08-07,2023-08-07,1,90000.0,95700.0,open,False,5421.450000000012,3,15.0
2023,close,105630,한세실업,breakout,2023-08-07,2023-08-08,2023-08-11,2023-08-11,7,19700.0,20100.0,open,False,2382.100000000006,3,15.0
2023,close,025980,아난티,breakout,2023-08-11,2023-08-14,2023-08-18,2023-08-18,17,8480.0,8070.0,open,False,-7392.025000000023,3,15.0
2023,close,149980,하이로닉,breakout,2023-08-21,2023-08-22,2023-08-25,2023-08-25,7,19912.0,17972.0,open,False,-13977.781999999992,3,15.0
2023,close,026890,스틱인베스트먼트,breakout,2023-08-25,2023-08-28,2023-08-31,2023-08-31,16,7750.0,7770.0,open,False,-52.479999999995925,3,15.0
2023,close,105560,KB금융,breakout,2023-08-31,2023-09-01,2023-09-06,2023-09-06,2,54200.0,54200.0,open,False,-325.1999999999971,3,15.0
2023,close,003570,SNT다이내믹스,breakout,2023-09-06,2023-09-07,2023-09-12,2023-09-12,11,11400.0,12660.0,open,False,13463.01000000001,3,15.0
2023,close,168360,펨트론,breakout,2023-09-12,2023-09-13,2023-09-18,2023-09-18,11,12100.0,11150.0,open,False,-10833.624999999985,3,15.0
2023,close,089850,유비벨록스,pullback,2023-09-20,2023-09-21,2023-09-26,2023-09-26,14,9224.0,8688.0,open,False,-7880.152000000002,3,15.0
2023,close,004270,남성,breakout,2023-09-26,2023-09-27,2023-10-06,2023-10-06,5,20909.0,18007.0,open,False,-14801.869999999995,3,15.0
2023,close,004270,남성,pullback,2023-10-06,2023-10-10,2023-10-13,2023-10-13,6,18285.0,18722.0,open,False,2288.9370000000054,3,15.0
2023,close,004100,태양금속,pullback,2023-10-16,2023-10-17,2023-10-20,2023-10-20,29,3880.0,3675.0,open,False,-6273.642500000002,3,15.0
2023,close,003570,SNT다이내믹스,pullback,2023-10-20,2023-10-23,2023-10-26,2023-10-26,9,11630.0,11660.0,open,False,-44.4149999999936,3,15.0
2023,close,003570,SNT다이내믹스,pullback,2023-10-26,2023-10-27,2023-11-01,2023-11-01,8,12610.0,13130.0,open,False,3851.1199999999953,3,15.0
2023,close,015360,INVENI,pullback,2023-11-01,2023-11-02,2023-11-07,2023-11-07,16,6660.0,6770.0,open,False,1437.679999999993,3,15.0
2023,close,105630,한세실업,breakout,2023-11-09,2023-11-10,2023-11-15,2023-11-15,4,23700.0,22600.0,open,False,-4677.800000000003,3,15.0
2023,close,105630,한세실업,pullback,2023-11-16,2023-11-17,2023-11-22,2023-11-22,4,23650.0,23250.0,open,False,-1881.4000000000087,3,15.0
2023,close,215200,메가스터디교육,pullback,2023-11-24,2023-11-27,2023-11-30,2023-11-30,1,61400.0,58300.0,open,False,-3279.550000000003,3,15.0
2023,close,016360,삼성증권,pullback,2023-11-30,2023-12-01,2023-12-06,2023-12-06,2,38900.0,39250.0,open,False,465.54999999998836,3,15.0
2023,close,131370,알서포트,pullback,2023-12-06,2023-12-07,2023-12-12,2023-12-12,27,3785.0,3725.0,open,False,-1924.1549999999988,3,15.0
2023,close,215200,메가스터디교육,breakout,2023-12-12,2023-12-13,2023-12-18,2023-12-18,1,65800.0,63900.0,open,False,-2094.5499999999956,3,15.0
2023,close,025900,동화기업,pullback,2023-12-18,2023-12-19,2023-12-22,2023-12-22,3,28597.0,27155.0,open,False,-4576.8840000000055,3,15.0
2023,close,279600,미디어젠,breakout,2023-12-22,2023-12-26,2024-01-02,2024-01-02,4,21718.0,20701.0,open,False,-4322.513999999996,3,15.0
2023,low,114090,GKL,pullback,2023-01-02,2023-01-03,2023-01-06,2023-01-06,15,18750.0,19100.0,open,False,4398.375,3,15.0
2023,low,073640,테라사이언스,breakout,2023-01-06,2023-01-09,2023-01-12,2023-01-12,138,2200.0,2185.0,open,False,-2977.695000000007,3,15.0
2023,low,036620,감성코퍼레이션,pullback,2023-01-13,2023-01-16,2023-01-19,2023-01-19,146,2060.0,2070.0,open,False,555.5300000000279,3,15.0
2023,low,004870,티웨이홀딩스,breakout,2023-01-19,2023-01-20,2023-01-27,2023-01-27,91,3306.0,3258.0,open,False,-5263.9860000000335,3,15.0
2023,low,003830,대한화섬,breakout,2023-01-27,2023-01-30,2023-02-02,2023-02-02,2,138500.0,133800.0,open,False,-10216.899999999965,3,15.0
2023,low,008260,NI스틸,breakout,2023-02-02,2023-02-03,2023-02-08,2023-02-08,50,5610.0,5550.0,open,False,-3837.0,3,15.0
2023,low,279600,미디어젠,breakout,2023-02-08,2023-02-09,2023-02-14,2023-02-14,14,19127.0,18933.0,open,False,-3515.2600000000093,3,15.0
2023,low,036620,감성코퍼레이션,pullback,2023-02-14,2023-02-15,2023-02-20,2023-02-20,128,2175.0,2090.0,open,False,-11698.880000000005,3,15.0
2023,low,011780,금호석유화학,breakout,2023-02-20,2023-02-21,2023-02-24,2023-02-24,1,155000.0,159800.0,open,False,4327.8000000000175,3,15.0
2023,low,123700,SJM,pullback,2023-02-24,2023-02-27,2023-03-03,2023-03-03,60,4500.0,4570.0,open,False,3383.7000000000116,3,15.0
2023,low,056080,유진로봇,breakout,2023-03-03,2023-03-06,2023-03-09,2023-03-09,38,7160.0,7520.0,open,False,12843.240000000049,3,15.0
2023,low,115500,케이씨에스,breakout,2023-03-09,2023-03-10,2023-03-15,2023-03-15,29,9790.0,10800.0,open,False,28394.33500000002,3,15.0
2023,low,001460,BYC,pullback,2023-03-15,2023-03-16,2023-03-21,2023-03-21,6,50800.0,52000.0,open,False,6274.799999999988,3,15.0
2023,low,088980,맥쿼리인프라,pullback,2023-03-21,2023-03-22,2023-03-27,2023-03-27,25,12587.0,12577.0,open,False,-1193.6500000000233,3,15.0
2023,low,006220,제주은행,pullback,2023-03-27,2023-03-28,2023-03-31,2023-03-31,14,22250.0,23300.0,open,False,13743.450000000012,3,15.0
2023,low,004360,세방,pullback,2023-03-31,2023-04-03,2023-04-06,2023-04-06,7,46000.0,45600.0,open,False,-3761.7999999999884,3,15.0
2023,low,008260,NI스틸,breakout,2023-04-06,2023-04-07,2023-04-12,2023-04-12,50,6570.0,6430.0,open,False,-7975.0,3,15.0
2023,low,085310,엔케이,breakout,2023-04-12,2023-04-13,2023-04-18,2023-04-18,32,9950.0,9610.0,open,False,-11818.880000000005,3,15.0
2023,low,101360,에코앤드림,pullback,2023-04-18,2023-04-19,2023-04-24,2023-04-24,8,38225.0,34061.0,open,False,-34179.43199999997,3,15.0
2023,low,119650,KC코트렐,breakout,2023-04-24,2023-04-25,2023-04-28,2023-04-28,36,7648.0,6332.0,open,False,-48130.92000000001,3,15.0
2023,low,011230,삼화전자,breakout,2023-04-28,2023-05-02,2023-05-08,2023-05-08,28,8015.0,12092.0,open,False,113311.506,3,15.0
2023,low,067570,엔브이에이치코리아,pullback,2023-05-08,2023-05-09,2023-05-12,2023-05-12,88,3861.0,3982.0,open,False,9612.724000000046,3,15.0
2023,low,000430,대원강업,breakout,2023-05-12,2023-05-15,2023-05-18,2023-05-18,73,4795.0,4700.0,open,False,-7974.702500000014,3,15.0
2023,low,088980,맥쿼리인프라,pullback,2023-05-18,2023-05-19,2023-05-24,2023-05-24,26,12816.0,12798.0,open,False,-1466.9459999999963,3,15.0
2023,low,006800,미래에셋증권,breakout,2023-05-24,2023-05-25,2023-05-31,2023-05-31,46,7427.0,7218.0,open,False,-10624.505000000005,3,15.0
2023,low,004870,티웨이홀딩스,pullback,2023-05-31,2023-06-01,2023-06-07,2023-06-07,106,3120.0,3039.0,open,False,-9565.281000000017,3,15.0
2023,low,126640,화신정공,breakout,2023-06-07,2023-06-08,2023-06-13,2023-06-13,154,2090.0,2010.0,open,False,-13267.100000000035,3,15.0
2023,low,000850,화천기공,breakout,2023-06-13,2023-06-14,2023-06-19,2023-06-19,7,40300.0,38300.0,open,False,-14825.299999999988,3,15.0
2023,low,008260,NI스틸,breakout,2023-06-19,2023-06-20,2023-06-23,2023-06-23,39,7430.0,7200.0,open,False,-9825.85500000004,3,15.0
2023,low,168360,펨트론,breakout,2023-06-23,2023-06-26,2023-06-29,2023-06-29,37,7650.0,6815.0,open,False,-31697.807499999995,3,15.0
2023,low,003030,세아제강지주,breakout,2023-06-29,2023-06-30,2023-07-05,2023-07-05,1,204000.0,204000.0,open,False,-612.0,3,15.0
2023,low,000430,대원강업,breakout,2023-07-05,2023-07-06,2023-07-11,2023-07-11,42,5950.0,6750.0,open,False,32799.899999999994,3,15.0
2023,low,011230,삼화전자,breakout,2023-07-11,2023-07-12,2023-07-17,2023-07-17,30,9361.0,8693.0,open,False,-20852.429999999993,3,15.0
2023,low,043910,자연과환경,breakout,2023-07-17,2023-07-18,2023-07-21,2023-07-21,17,14870.0,12830.0,open,False,-35386.350000000006,3,15.0
2023,low,073640,테라사이언스,pullback,2023-07-24,2023-07-25,2023-07-28,2023-07-28,35,6380.0,3990.0,open,False,-84194.42500000002,3,15.0
2023,low,326030,SK바이오팜,breakout,2023-08-01,2023-08-02,2023-08-07,2023-08-07,1,90000.0,95700.0,open,False,5421.450000000012,3,15.0
2023,low,105630,한세실업,breakout,2023-08-07,2023-08-08,2023-08-11,2023-08-11,7,19700.0,20100.0,open,False,2382.100000000006,3,15.0
2023,low,025980,아난티,breakout,2023-08-11,2023-08-14,2023-08-18,2023-08-18,17,8480.0,8070.0,open,False,-7392.025000000023,3,15.0
2023,low,149980,하이로닉,breakout,2023-08-21,2023-08-22,2023-08-25,2023-08-25,7,19912.0,17972.0,open,False,-13977.781999999992,3,15.0
2023,low,026890,스틱인베스트먼트,breakout,2023-08-25,2023-08-28,2023-08-31,2023-08-31,16,7750.0,7770.0,open,False,-52.479999999995925,3,15.0
2023,low,105560,KB금융,breakout,2023-08-31,2023-09-01,2023-09-06,2023-09-06,2,54200.0,54200.0,open,False,-325.1999999999971,3,15.0
2023,low,003570,SNT다이내믹스,breakout,2023-09-06,2023-09-07,2023-09-12,2023-09-12,11,11400.0,12660.0,open,False,13463.01000000001,3,15.0
2023,low,168360,펨트론,breakout,2023-09-12,2023-09-13,2023-09-18,2023-09-18,11,12100.0,11150.0,open,False,-10833.624999999985,3,15.0
2023,low,089850,유비벨록스,pullback,2023-09-20,2023-09-21,2023-09-26,2023-09-26,14,9224.0,8688.0,open,False,-7880.152000000002,3,15.0
2023,low,004270,남성,breakout,2023-09-26,2023-09-27,2023-10-06,2023-10-06,5,20909.0,18007.0,open,False,-14801.869999999995,3,15.0
2023,low,004270,남성,pullback,2023-10-06,2023-10-10,2023-10-13,2023-10-13,6,18285.0,18722.0,open,False,2288.9370000000054,3,15.0
2023,low,004100,태양금속,pullback,2023-10-16,2023-10-17,2023-10-20,2023-10-20,29,3880.0,3675.0,open,False,-6273.642500000002,3,15.0
2023,low,003570,SNT다이내믹스,pullback,2023-10-20,2023-10-23,2023-10-26,2023-10-26,9,11630.0,11660.0,open,False,-44.4149999999936,3,15.0
2023,low,003570,SNT다이내믹스,pullback,2023-10-26,2023-10-27,2023-11-01,2023-11-01,8,12610.0,13130.0,open,False,3851.1199999999953,3,15.0
2023,low,015360,INVENI,pullback,2023-11-01,2023-11-02,2023-11-07,2023-11-07,16,6660.0,6770.0,open,False,1437.679999999993,3,15.0
2023,low,105630,한세실업,breakout,2023-11-09,2023-11-10,2023-11-15,2023-11-15,4,23700.0,22600.0,open,False,-4677.800000000003,3,15.0
2023,low,105630,한세실업,pullback,2023-11-16,2023-11-17,2023-11-22,2023-11-22,4,23650.0,23250.0,open,False,-1881.4000000000087,3,15.0
2023,low,215200,메가스터디교육,pullback,2023-11-24,2023-11-27,2023-11-30,2023-11-30,1,61400.0,58300.0,open,False,-3279.550000000003,3,15.0
2023,low,016360,삼성증권,pullback,2023-11-30,2023-12-01,2023-12-06,2023-12-06,2,38900.0,39250.0,open,False,465.54999999998836,3,15.0
2023,low,131370,알서포트,pullback,2023-12-06,2023-12-07,2023-12-12,2023-12-12,27,3785.0,3725.0,open,False,-1924.1549999999988,3,15.0
2023,low,215200,메가스터디교육,breakout,2023-12-12,2023-12-13,2023-12-18,2023-12-18,1,65800.0,63900.0,open,False,-2094.5499999999956,3,15.0
2023,low,025900,동화기업,pullback,2023-12-18,2023-12-19,2023-12-22,2023-12-22,3,28597.0,27155.0,open,False,-4576.8840000000055,3,15.0
2023,low,279600,미디어젠,breakout,2023-12-22,2023-12-26,2024-01-02,2024-01-02,4,21718.0,20701.0,open,False,-4322.513999999996,3,15.0
2024,open,326030,SK바이오팜,breakout,2024-01-02,2024-01-03,2024-01-08,2024-01-08,2,103300.0,97500.0,open,False,-12202.400000000023,3,15.0
2024,open,004540,깨끗한나라,breakout,2024-01-10,2024-01-11,2024-01-16,2024-01-16,93,3085.0,2850.0,open,False,-22682.932500000054,3,15.0
2024,open,270870,뉴트리,pullback,2024-01-16,2024-01-17,2024-01-22,2024-01-22,37,7090.0,6950.0,open,False,-5959.219999999972,3,15.0
2024,open,270870,뉴트리,pullback,2024-01-22,2024-01-23,2024-01-26,2024-01-26,36,7170.0,7080.0,open,False,-4009.5,3,15.0
2024,open,003830,대한화섬,pullback,2024-01-26,2024-01-29,2024-02-01,2024-02-01,2,107500.0,120100.0,open,False,24517.20000000001,3,15.0
2024,open,163560,동일고무벨트,pullback,2024-02-01,2024-02-02,2024-02-07,2024-02-07,43,6380.0,6350.0,open,False,-2111.085000000021,3,15.0
2024,open,004360,세방,breakout,2024-02-07,2024-02-08,2024-02-15,2024-02-15,19,14370.0,13390.0,open,False,-19411.160000000033,3,15.0
2024,open,003530,한화투자증권,breakout,2024-02-15,2024-02-16,2024-02-21,2024-02-21,57,4510.0,4460.0,open,False,-3616.9349999999977,3,15.0
2024,open,014830,유니드,breakout,2024-02-21,2024-02-22,2024-02-27,2024-02-27,3,80400.0,79000.0,open,False,-4917.3000000000175,3,15.0
2024,open,163560,동일고무벨트,breakout,2024-02-27,2024-02-28,2024-03-05,2024-03-05,26,9320.0,8710.0,open,False,-16563.169999999984,3,15.0
2024,open,001460,BYC,breakout,2024-03-05,2024-03-06,2024-03-11,2024-03-11,4,50500.0,48250.0,open,False,-9592.5,3,15.0
2024,open,088980,맥쿼리인프라,pullback,2024-03-11,2024-03-12,2024-03-15,2024-03-15,17,12857.0,12857.0,open,False,-655.707000000024,3,15.0
2024,open,015360,INVENI,pullback,2024-03-15,2024-03-18,2024-03-21,2024-03-21,28,7900.0,7920.0,open,False,-104.44000000000233,3,15.0
2024,open,014160,대영포장,breakout,2024-03-21,2024-03-22,2024-03-27,2024-03-27,119,1868.0,1807.0,open,False,-7914.9875000000175,3,15.0
2024,open,026890,스틱인베스트먼트,breakout,2024-03-27,2024-03-28,2024-04-02,2024-04-02,27,7800.0,7660.0,open,False,-4406.130000000005,3,15.0
2024,open,006360,GS건설,breakout,2024-04-03,2024-04-04,2024-04-09,2024-04-09,13,15760.0,14860.0,open,False,-12297.089999999997,3,15.0
2024,open,101360,에코앤드림,pullback,2024-04-09,2024-04-11,2024-04-16,2024-04-16,4,46949.0,39058.0,open,False,-32080.042000000016,3,15.0
2024,open,006220,제주은행,breakout,2024-04-16,2024-04-17,2024-04-22,2024-04-22,10,15700.0,15480.0,open,False,-2667.6999999999825,3,15.0
2024,open,105560,KB금융,pullback,2024-04-22,2024-04-23,2024-04-26,2024-04-26,2,70500.0,73000.0,open,False,4569.5,3,15.0
2024,open,094280,효성ITX,pullback,2024-04-29,2024-04-30,2024-05-07,2024-05-07,13,12610.0,12730.0,open,False,1065.8699999999953,3,15.0
2024,open,014830,유니드,breakout,2024-05-07,2024-05-08,2024-05-13,2024-05-13,1,104200.0,98000.0,open,False,-6503.300000000003,3,15.0
2024,open,064850,에프앤가이드,pullback,2024-05-13,2024-05-14,2024-05-20,2024-05-20,21,7490.0,7300.0,open,False,-4455.88499999998,3,15.0
2024,open,026890,스틱인베스트먼트,breakout,2024-05-20,2024-05-21,2024-05-24,2024-05-24,15,10200.0,10790.0,open,False,8377.725000000006,3,15.0
2024,open,081580,성우전자,breakout,2024-05-24,2024-05-27,2024-05-30,2024-05-30,59,2790.0,2825.0,open,False,1568.0725000000093,3,15.0
2024,open,064850,에프앤가이드,pullback,2024-05-30,2024-05-31,2024-06-05,2024-06-05,21,7800.0,8100.0,open,False,5799.149999999994,3,15.0
2024,open,204320,HL만도,breakout,2024-06-05,2024-06-07,2024-06-12,2024-06-12,3,49000.0,47300.0,open,False,-5533.350000000006,3,15.0
2024,open,149980,하이로닉,breakout,2024-06-12,2024-06-13,2024-06-18,2024-06-18,9,17087.0,16183.0,open,False,-8585.145000000019,3,15.0
2024,open,081580,성우전자,breakout,2024-06-18,2024-06-19,2024-06-24,2024-06-24,44,3570.0,3400.0,open,False,-7940.0199999999895,3,15.0
2024,open,101360,에코앤드림,breakout,2024-06-24,2024-06-25,2024-06-28,2024-06-28,3,48574.0,45731.0,open,False,-8953.372499999998,3,15.0
2024,open,094280,효성ITX,pullback,2024-06-28,2024-07-01,2024-07-04,2024-07-04,10,13470.0,13710.0,open,False,1992.2999999999884,3,15.0
2024,open,003570,SNT다이내믹스,pullback,2024-07-04,2024-07-05,2024-07-10,2024-07-10,7,20300.0,20300.0,open,False,-426.29999999998836,3,15.0
2024,open,009300,삼아제약,breakout,2024-07-10,2024-07-11,2024-07-16,2024-07-16,5,26700.0,30150.0,open,False,16823.625,3,15.0
2024,open,006360,GS건설,breakout,2024-07-16,2024-07-17,2024-07-22,2024-07-22,9,17660.0,17870.0,open,False,1410.3450000000012,3,15.0
2024,open,105560,KB금융,pullback,2024-07-22,2024-07-23,2024-07-26,2024-07-26,1,87200.0,85100.0,open,False,-2358.449999999997,3,15.0
2024,open,006360,GS건설,breakout,2024-07-26,2024-07-29,2024-08-01,2024-08-01,8,19220.0,19800.0,open,False,4171.75999999998,3,15.0
2024,open,003570,SNT다이내믹스,pullback,2024-08-01,2024-08-02,2024-08-07,2024-08-07,7,21200.0,20650.0,open,False,-4289.424999999988,3,15.0
2024,open,314130,지놈앤컴퍼니,pullback,2024-08-07,2024-08-08,2024-08-13,2024-08-13,31,5100.0,5290.0,open,False,5406.864999999991,3,15.0
2024,open,004870,티웨이홀딩스,pullback,2024-08-13,2024-08-14,2024-08-20,2024-08-20,60,2740.0,2611.0,open,False,-8221.589999999997,3,15.0
2024,open,081580,성우전자,breakout,2024-08-20,2024-08-21,2024-08-26,2024-08-26,40,3850.0,3840.0,open,False,-861.3999999999942,3,15.0
2024,open,064850,에프앤가이드,breakout,2024-08-26,2024-08-27,2024-08-30,2024-08-30,17,8680.0,9690.0,open,False,16701.565000000002,3,15.0
2024,open,081580,성우전자,breakout,2024-08-30,2024-09-02,2024-09-05,2024-09-05,42,4050.0,3605.0,open,False,-19172.265000000014,3,15.0
2024,open,064850,에프앤가이드,breakout,2024-09-05,2024-09-06,2024-09-11,2024-09-11,11,13420.0,15070.0,open,False,17679.91499999998,3,15.0
2024,open,246250,에스엘에스바이오,pullback,2024-09-11,2024-09-12,2024-09-20,2024-09-20,41,4170.0,4325.0,open,False,5832.557499999995,3,15.0
2024,open,064850,에프앤가이드,breakout,2024-09-20,2024-09-23,2024-09-26,2024-09-26,7,23000.0,27600.0,open,False,31668.70000000001,3,15.0
2024,open,006800,미래에셋증권,pullback,2024-09-26,2024-09-27,2024-10-04,2024-10-04,24,8662.0,8413.0,open,False,-6590.700000000012,3,15.0
2024,open,081580,성우전자,breakout,2024-10-04,2024-10-07,2024-10-11,2024-10-11,41,4890.0,4835.0,open,False,-2853.087499999994,3,15.0
2024,open,326030,SK바이오팜,breakout,2024-10-11,2024-10-14,2024-10-17,2024-10-17,1,120000.0,127700.0,open,False,7328.450000000012,3,15.0
2024,open,015360,INVENI,breakout,2024-10-18,2024-10-21,2024-10-24,2024-10-24,21,9590.0,10280.0,open,False,13864.095000000001,3,15.0
2024,open,004870,티웨이홀딩스,pullback,2024-10-25,2024-10-28,2024-10-31,2024-10-31,57,3810.0,4057.0,open,False,13406.371500000008,3,15.0
2024,open,004870,티웨이홀딩스,breakout,2024-10-31,2024-11-01,2024-11-06,2024-11-06,53,4343.0,3905.0,open,False,-23869.715999999986,3,15.0
2024,open,105560,KB금융,pullback,2024-11-06,2024-11-07,2024-11-12,2024-11-12,2,94900.0,93000.0,open,False,-4363.700000000012,3,15.0
2024,open,127120,제이에스링크,breakout,2024-11-12,2024-11-13,2024-11-18,2024-11-18,51,3965.0,3830.0,open,False,-7481.317500000005,3,15.0
2024,open,016090,대현,pullback,2024-11-18,2024-11-19,2024-11-22,2024-11-22,94,2100.0,2190.0,open,False,7855.110000000015,3,15.0
2024,open,127120,제이에스링크,pullback,2024-11-25,2024-11-26,2024-11-29,2024-11-29,55,3710.0,4250.0,open,False,29043.29999999999,3,15.0
2024,open,105560,KB금융,pullback,2024-11-29,2024-12-02,2024-12-05,2024-12-05,2,96800.0,92700.0,open,False,-8768.5,3,15.0
2024,open,003530,한화투자증권,pullback,2024-12-05,2024-12-06,2024-12-11,2024-12-11,55,4060.0,3650.0,open,False,-23186.07500000001,3,15.0
2024,open,115500,케이씨에스,breakout,2024-12-11,2024-12-12,2024-12-17,2024-12-17,21,9270.0,11730.0,open,False,50998.5,3,15.0
2024,open,015360,INVENI,breakout,2024-12-17,2024-12-18,2024-12-23,2024-12-23,23,10640.0,11000.0,open,False,7533.419999999984,3,15.0
2024,open,171120,라이온켐텍,breakout,2024-12-23,2024-12-24,2024-12-30,2024-12-30,84,3095.0,2540.0,open,False,-47330.00999999998,3,15.0
2024,open,115500,케이씨에스,breakout,2024-12-30,2025-01-02,2025-01-07,2025-01-07,14,14300.0,14700.0,open,False,4991.0,3,15.0
2024,close,326030,SK바이오팜,breakout,2024-01-02,2024-01-03,2024-01-08,2024-01-08,2,103300.0,97500.0,open,False,-12202.400000000023,3,15.0
2024,close,004540,깨끗한나라,breakout,2024-01-10,2024-01-11,2024-01-16,2024-01-16,93,3085.0,2850.0,open,False,-22682.932500000054,3,15.0
2024,close,270870,뉴트리,pullback,2024-01-16,2024-01-17,2024-01-22,2024-01-22,37,7090.0,6950.0,open,False,-5959.219999999972,3,15.0
2024,close,270870,뉴트리,pullback,2024-01-22,2024-01-23,2024-01-26,2024-01-26,36,7170.0,7080.0,open,False,-4009.5,3,15.0
2024,close,003830,대한화섬,pullback,2024-01-26,2024-01-29,2024-02-01,2024-02-01,2,107500.0,120100.0,open,False,24517.20000000001,3,15.0
2024,close,163560,동일고무벨트,pullback,2024-02-01,2024-02-02,2024-02-07,2024-02-07,43,6380.0,6350.0,open,False,-2111.085000000021,3,15.0
2024,close,004360,세방,breakout,2024-02-07,2024-02-08,2024-02-15,2024-02-15,19,14370.0,13390.0,open,False,-19411.160000000033,3,15.0
2024,close,003530,한화투자증권,breakout,2024-02-15,2024-02-16,2024-02-21,2024-02-21,57,4510.0,4460.0,open,False,-3616.9349999999977,3,15.0
2024,close,014830,유니드,breakout,2024-02-21,2024-02-22,2024-02-27,2024-02-27,3,80400.0,79000.0,open,False,-4917.3000000000175,3,15.0
2024,close,163560,동일고무벨트,breakout,2024-02-27,2024-02-28,2024-03-05,2024-03-05,26,9320.0,8710.0,open,False,-16563.169999999984,3,15.0
2024,close,001460,BYC,breakout,2024-03-05,2024-03-06,2024-03-11,2024-03-11,4,50500.0,48250.0,open,False,-9592.5,3,15.0
2024,close,088980,맥쿼리인프라,pullback,2024-03-11,2024-03-12,2024-03-15,2024-03-15,17,12857.0,12857.0,open,False,-655.707000000024,3,15.0
2024,close,015360,INVENI,pullback,2024-03-15,2024-03-18,2024-03-21,2024-03-21,28,7900.0,7920.0,open,False,-104.44000000000233,3,15.0
2024,close,014160,대영포장,breakout,2024-03-21,2024-03-22,2024-03-27,2024-03-27,119,1868.0,1807.0,open,False,-7914.9875000000175,3,15.0
2024,close,026890,스틱인베스트먼트,breakout,2024-03-27,2024-03-28,2024-04-02,2024-04-02,27,7800.0,7660.0,open,False,-4406.130000000005,3,15.0
2024,close,006360,GS건설,breakout,2024-04-03,2024-04-04,2024-04-09,2024-04-09,13,15760.0,14860.0,open,False,-12297.089999999997,3,15.0
2024,close,101360,에코앤드림,pullback,2024-04-09,2024-04-11,2024-04-16,2024-04-16,4,46949.0,39058.0,open,False,-32080.042000000016,3,15.0
2024,close,006220,제주은행,breakout,2024-04-16,2024-04-17,2024-04-22,2024-04-22,10,15700.0,15480.0,open,False,-2667.6999999999825,3,15.0
2024,close,105560,KB금융,pullback,2024-04-22,2024-04-23,2024-04-26,2024-04-26,2,70500.0,73000.0,open,False,4569.5,3,15.0
2024,close,094280,효성ITX,pullback,2024-04-29,2024-04-30,2024-05-07,2024-05-07,13,12610.0,12730.0,open,False,1065.8699999999953,3,15.0
2024,close,014830,유니드,breakout,2024-05-07,2024-05-08,2024-05-13,2024-05-13,1,104200.0,98000.0,open,False,-6503.300000000003,3,15.0
2024,close,064850,에프앤가이드,pullback,2024-05-13,2024-05-14,2024-05-20,2024-05-20,21,7490.0,7300.0,open,False,-4455.88499999998,3,15.0
2024,close,026890,스틱인베스트먼트,breakout,2024-05-20,2024-05-21,2024-05-24,2024-05-24,15,10200.0,10790.0,open,False,8377.725000000006,3,15.0
2024,close,081580,성우전자,breakout,2024-05-24,2024-05-27,2024-05-30,2024-05-30,59,2790.0,2825.0,open,False,1568.0725000000093,3,15.0
2024,close,064850,에프앤가이드,pullback,2024-05-30,2024-05-31,2024-06-05,2024-06-05,21,7800.0,8100.0,open,False,5799.149999999994,3,15.0
2024,close,204320,HL만도,breakout,2024-06-05,2024-06-07,2024-06-12,2024-06-12,3,49000.0,47300.0,open,False,-5533.350000000006,3,15.0
2024,close,149980,하이로닉,breakout,2024-06-12,2024-06-13,2024-06-18,2024-06-18,9,17087.0,16183.0,open,False,-8585.145000000019,3,15.0
2024,close,081580,성우전자,breakout,2024-06-18,2024-06-19,2024-06-24,2024-06-24,44,3570.0,3400.0,open,False,-7940.0199999999895,3,15.0
2024,close,101360,에코앤드림,breakout,2024-06-24,2024-06-25,2024-06-28,2024-06-28,3,48574.0,45731.0,open,False,-8953.372499999998,3,15.0
2024,close,094280,효성ITX,pullback,2024-06-28,2024-07-01,2024-07-04,2024-07-04,10,13470.0,13710.0,open,False,1992.2999999999884,3,15.0
2024,close,003570,SNT다이내믹스,pullback,2024-07-04,2024-07-05,2024-07-10,2024-07-10,7,20300.0,20300.0,open,False,-426.29999999998836,3,15.0
2024,close,009300,삼아제약,breakout,2024-07-10,2024-07-11,2024-07-16,2024-07-16,5,26700.0,30150.0,open,False,16823.625,3,15.0
2024,close,006360,GS건설,breakout,2024-07-16,2024-07-17,2024-07-22,2024-07-22,9,17660.0,17870.0,open,False,1410.3450000000012,3,15.0
2024,close,105560,KB금융,pullback,2024-07-22,2024-07-23,2024-07-26,2024-07-26,1,87200.0,85100.0,open,False,-2358.449999999997,3,15.0
2024,close,006360,GS건설,breakout,2024-07-26,2024-07-29,2024-08-01,2024-08-01,8,19220.0,19800.0,open,False,4171.75999999998,3,15.0
2024,close,003570,SNT다이내믹스,pullback,2024-08-01,2024-08-02,2024-08-07,2024-08-07,7,21200.0,20650.0,open,False,-4289.424999999988,3,15.0
2024,close,314130,지놈앤컴퍼니,pullback,2024-08-07,2024-08-08,2024-08-13,2024-08-13,31,5100.0,5290.0,open,False,5406.864999999991,3,15.0
2024,close,004870,티웨이홀딩스,pullback,2024-08-13,2024-08-14,2024-08-20,2024-08-20,60,2740.0,2611.0,open,False,-8221.589999999997,3,15.0
2024,close,081580,성우전자,breakout,2024-08-20,2024-08-21,2024-08-26,2024-08-26,40,3850.0,3840.0,open,False,-861.3999999999942,3,15.0
2024,close,064850,에프앤가이드,breakout,2024-08-26,2024-08-27,2024-08-30,2024-08-30,17,8680.0,9690.0,open,False,16701.565000000002,3,15.0
2024,close,081580,성우전자,breakout,2024-08-30,2024-09-02,2024-09-05,2024-09-05,42,4050.0,3605.0,open,False,-19172.265000000014,3,15.0
2024,close,064850,에프앤가이드,breakout,2024-09-05,2024-09-06,2024-09-11,2024-09-11,11,13420.0,15070.0,open,False,17679.91499999998,3,15.0
2024,close,246250,에스엘에스바이오,pullback,2024-09-11,2024-09-12,2024-09-20,2024-09-20,41,4170.0,4325.0,open,False,5832.557499999995,3,15.0
2024,close,064850,에프앤가이드,breakout,2024-09-20,2024-09-23,2024-09-26,2024-09-26,7,23000.0,27600.0,open,False,31668.70000000001,3,15.0
2024,close,006800,미래에셋증권,pullback,2024-09-26,2024-09-27,2024-10-04,2024-10-04,24,8662.0,8413.0,open,False,-6590.700000000012,3,15.0
2024,close,081580,성우전자,breakout,2024-10-04,2024-10-07,2024-10-11,2024-10-11,41,4890.0,4835.0,open,False,-2853.087499999994,3,15.0
2024,close,326030,SK바이오팜,breakout,2024-10-11,2024-10-14,2024-10-17,2024-10-17,1,120000.0,127700.0,open,False,7328.450000000012,3,15.0
2024,close,015360,INVENI,breakout,2024-10-18,2024-10-21,2024-10-24,2024-10-24,21,9590.0,10280.0,open,False,13864.095000000001,3,15.0
2024,close,004870,티웨이홀딩스,pullback,2024-10-25,2024-10-28,2024-10-31,2024-10-31,57,3810.0,4057.0,open,False,13406.371500000008,3,15.0
2024,close,004870,티웨이홀딩스,breakout,2024-10-31,2024-11-01,2024-11-06,2024-11-06,53,4343.0,3905.0,open,False,-23869.715999999986,3,15.0
2024,close,105560,KB금융,pullback,2024-11-06,2024-11-07,2024-11-12,2024-11-12,2,94900.0,93000.0,open,False,-4363.700000000012,3,15.0
2024,close,127120,제이에스링크,breakout,2024-11-12,2024-11-13,2024-11-18,2024-11-18,51,3965.0,3830.0,open,False,-7481.317500000005,3,15.0
2024,close,016090,대현,pullback,2024-11-18,2024-11-19,2024-11-22,2024-11-22,94,2100.0,2190.0,open,False,7855.110000000015,3,15.0
2024,close,127120,제이에스링크,pullback,2024-11-25,2024-11-26,2024-11-29,2024-11-29,55,3710.0,4250.0,open,False,29043.29999999999,3,15.0
2024,close,105560,KB금융,pullback,2024-11-29,2024-12-02,2024-12-05,2024-12-05,2,96800.0,92700.0,open,False,-8768.5,3,15.0
2024,close,003530,한화투자증권,pullback,2024-12-05,2024-12-06,2024-12-11,2024-12-11,55,4060.0,3650.0,open,False,-23186.07500000001,3,15.0
2024,close,115500,케이씨에스,breakout,2024-12-11,2024-12-12,2024-12-17,2024-12-17,21,9270.0,11730.0,open,False,50998.5,3,15.0
2024,close,015360,INVENI,breakout,2024-12-17,2024-12-18,2024-12-23,2024-12-23,23,10640.0,11000.0,open,False,7533.419999999984,3,15.0
2024,close,171120,라이온켐텍,breakout,2024-12-23,2024-12-24,2024-12-30,2024-12-30,84,3095.0,2540.0,open,False,-47330.00999999998,3,15.0
2024,close,115500,케이씨에스,breakout,2024-12-30,2025-01-02,2025-01-07,2025-01-07,14,14300.0,14700.0,open,False,4991.0,3,15.0
2024,low,326030,SK바이오팜,breakout,2024-01-02,2024-01-03,2024-01-08,2024-01-08,2,103300.0,97500.0,open,False,-12202.400000000023,3,15.0
2024,low,004540,깨끗한나라,breakout,2024-01-10,2024-01-11,2024-01-16,2024-01-16,93,3085.0,2850.0,open,False,-22682.932500000054,3,15.0
2024,low,270870,뉴트리,pullback,2024-01-16,2024-01-17,2024-01-22,2024-01-22,37,7090.0,6950.0,open,False,-5959.219999999972,3,15.0
2024,low,270870,뉴트리,pullback,2024-01-22,2024-01-23,2024-01-26,2024-01-26,36,7170.0,7080.0,open,False,-4009.5,3,15.0
2024,low,003830,대한화섬,pullback,2024-01-26,2024-01-29,2024-02-01,2024-02-01,2,107500.0,120100.0,open,False,24517.20000000001,3,15.0
2024,low,163560,동일고무벨트,pullback,2024-02-01,2024-02-02,2024-02-07,2024-02-07,43,6380.0,6350.0,open,False,-2111.085000000021,3,15.0
2024,low,004360,세방,breakout,2024-02-07,2024-02-08,2024-02-15,2024-02-15,19,14370.0,13390.0,open,False,-19411.160000000033,3,15.0
2024,low,003530,한화투자증권,breakout,2024-02-15,2024-02-16,2024-02-21,2024-02-21,57,4510.0,4460.0,open,False,-3616.9349999999977,3,15.0
2024,low,014830,유니드,breakout,2024-02-21,2024-02-22,2024-02-27,2024-02-27,3,80400.0,79000.0,open,False,-4917.3000000000175,3,15.0
2024,low,163560,동일고무벨트,breakout,2024-02-27,2024-02-28,2024-03-05,2024-03-05,26,9320.0,8710.0,open,False,-16563.169999999984,3,15.0
2024,low,001460,BYC,breakout,2024-03-05,2024-03-06,2024-03-11,2024-03-11,4,50500.0,48250.0,open,False,-9592.5,3,15.0
2024,low,088980,맥쿼리인프라,pullback,2024-03-11,2024-03-12,2024-03-15,2024-03-15,17,12857.0,12857.0,open,False,-655.707000000024,3,15.0
2024,low,015360,INVENI,pullback,2024-03-15,2024-03-18,2024-03-21,2024-03-21,28,7900.0,7920.0,open,False,-104.44000000000233,3,15.0
2024,low,014160,대영포장,breakout,2024-03-21,2024-03-22,2024-03-27,2024-03-27,119,1868.0,1807.0,open,False,-7914.9875000000175,3,15.0
2024,low,026890,스틱인베스트먼트,breakout,2024-03-27,2024-03-28,2024-04-02,2024-04-02,27,7800.0,7660.0,open,False,-4406.130000000005,3,15.0
2024,low,006360,GS건설,breakout,2024-04-03,2024-04-04,2024-04-09,2024-04-09,13,15760.0,14860.0,open,False,-12297.089999999997,3,15.0
2024,low,101360,에코앤드림,pullback,2024-04-09,2024-04-11,2024-04-16,2024-04-16,4,46949.0,39058.0,open,False,-32080.042000000016,3,15.0
2024,low,006220,제주은행,breakout,2024-04-16,2024-04-17,2024-04-22,2024-04-22,10,15700.0,15480.0,open,False,-2667.6999999999825,3,15.0
2024,low,105560,KB금융,pullback,2024-04-22,2024-04-23,2024-04-26,2024-04-26,2,70500.0,73000.0,open,False,4569.5,3,15.0
2024,low,094280,효성ITX,pullback,2024-04-29,2024-04-30,2024-05-07,2024-05-07,13,12610.0,12730.0,open,False,1065.8699999999953,3,15.0
2024,low,014830,유니드,breakout,2024-05-07,2024-05-08,2024-05-13,2024-05-13,1,104200.0,98000.0,open,False,-6503.300000000003,3,15.0
2024,low,064850,에프앤가이드,pullback,2024-05-13,2024-05-14,2024-05-20,2024-05-20,21,7490.0,7300.0,open,False,-4455.88499999998,3,15.0
2024,low,026890,스틱인베스트먼트,breakout,2024-05-20,2024-05-21,2024-05-24,2024-05-24,15,10200.0,10790.0,open,False,8377.725000000006,3,15.0
2024,low,081580,성우전자,breakout,2024-05-24,2024-05-27,2024-05-30,2024-05-30,59,2790.0,2825.0,open,False,1568.0725000000093,3,15.0
2024,low,064850,에프앤가이드,pullback,2024-05-30,2024-05-31,2024-06-05,2024-06-05,21,7800.0,8100.0,open,False,5799.149999999994,3,15.0
2024,low,204320,HL만도,breakout,2024-06-05,2024-06-07,2024-06-12,2024-06-12,3,49000.0,47300.0,open,False,-5533.350000000006,3,15.0
2024,low,149980,하이로닉,breakout,2024-06-12,2024-06-13,2024-06-18,2024-06-18,9,17087.0,16183.0,open,False,-8585.145000000019,3,15.0
2024,low,081580,성우전자,breakout,2024-06-18,2024-06-19,2024-06-24,2024-06-24,44,3570.0,3400.0,open,False,-7940.0199999999895,3,15.0
2024,low,101360,에코앤드림,breakout,2024-06-24,2024-06-25,2024-06-28,2024-06-28,3,48574.0,45731.0,open,False,-8953.372499999998,3,15.0
2024,low,094280,효성ITX,pullback,2024-06-28,2024-07-01,2024-07-04,2024-07-04,10,13470.0,13710.0,open,False,1992.2999999999884,3,15.0
2024,low,003570,SNT다이내믹스,pullback,2024-07-04,2024-07-05,2024-07-10,2024-07-10,7,20300.0,20300.0,open,False,-426.29999999998836,3,15.0
2024,low,009300,삼아제약,breakout,2024-07-10,2024-07-11,2024-07-16,2024-07-16,5,26700.0,30150.0,open,False,16823.625,3,15.0
2024,low,006360,GS건설,breakout,2024-07-16,2024-07-17,2024-07-22,2024-07-22,9,17660.0,17870.0,open,False,1410.3450000000012,3,15.0
2024,low,105560,KB금융,pullback,2024-07-22,2024-07-23,2024-07-26,2024-07-26,1,87200.0,85100.0,open,False,-2358.449999999997,3,15.0
2024,low,006360,GS건설,breakout,2024-07-26,2024-07-29,2024-08-01,2024-08-01,8,19220.0,19800.0,open,False,4171.75999999998,3,15.0
2024,low,003570,SNT다이내믹스,pullback,2024-08-01,2024-08-02,2024-08-07,2024-08-07,7,21200.0,20650.0,open,False,-4289.424999999988,3,15.0
2024,low,314130,지놈앤컴퍼니,pullback,2024-08-07,2024-08-08,2024-08-13,2024-08-13,31,5100.0,5290.0,open,False,5406.864999999991,3,15.0
2024,low,004870,티웨이홀딩스,pullback,2024-08-13,2024-08-14,2024-08-20,2024-08-20,60,2740.0,2611.0,open,False,-8221.589999999997,3,15.0
2024,low,081580,성우전자,breakout,2024-08-20,2024-08-21,2024-08-26,2024-08-26,40,3850.0,3840.0,open,False,-861.3999999999942,3,15.0
2024,low,064850,에프앤가이드,breakout,2024-08-26,2024-08-27,2024-08-30,2024-08-30,17,8680.0,9690.0,open,False,16701.565000000002,3,15.0
2024,low,081580,성우전자,breakout,2024-08-30,2024-09-02,2024-09-05,2024-09-05,42,4050.0,3605.0,open,False,-19172.265000000014,3,15.0
2024,low,064850,에프앤가이드,breakout,2024-09-05,2024-09-06,2024-09-11,2024-09-11,11,13420.0,15070.0,open,False,17679.91499999998,3,15.0
2024,low,246250,에스엘에스바이오,pullback,2024-09-11,2024-09-12,2024-09-20,2024-09-20,41,4170.0,4325.0,open,False,5832.557499999995,3,15.0
2024,low,064850,에프앤가이드,breakout,2024-09-20,2024-09-23,2024-09-26,2024-09-26,7,23000.0,27600.0,open,False,31668.70000000001,3,15.0
2024,low,006800,미래에셋증권,pullback,2024-09-26,2024-09-27,2024-10-04,2024-10-04,24,8662.0,8413.0,open,False,-6590.700000000012,3,15.0
2024,low,081580,성우전자,breakout,2024-10-04,2024-10-07,2024-10-11,2024-10-11,41,4890.0,4835.0,open,False,-2853.087499999994,3,15.0
2024,low,326030,SK바이오팜,breakout,2024-10-11,2024-10-14,2024-10-17,2024-10-17,1,120000.0,127700.0,open,False,7328.450000000012,3,15.0
2024,low,015360,INVENI,breakout,2024-10-18,2024-10-21,2024-10-24,2024-10-24,21,9590.0,10280.0,open,False,13864.095000000001,3,15.0
2024,low,004870,티웨이홀딩스,pullback,2024-10-25,2024-10-28,2024-10-31,2024-10-31,57,3810.0,4057.0,open,False,13406.371500000008,3,15.0
2024,low,004870,티웨이홀딩스,breakout,2024-10-31,2024-11-01,2024-11-06,2024-11-06,53,4343.0,3905.0,open,False,-23869.715999999986,3,15.0
2024,low,105560,KB금융,pullback,2024-11-06,2024-11-07,2024-11-12,2024-11-12,2,94900.0,93000.0,open,False,-4363.700000000012,3,15.0
2024,low,127120,제이에스링크,breakout,2024-11-12,2024-11-13,2024-11-18,2024-11-18,51,3965.0,3830.0,open,False,-7481.317500000005,3,15.0
2024,low,016090,대현,pullback,2024-11-18,2024-11-19,2024-11-22,2024-11-22,94,2100.0,2190.0,open,False,7855.110000000015,3,15.0
2024,low,127120,제이에스링크,pullback,2024-11-25,2024-11-26,2024-11-29,2024-11-29,55,3710.0,4250.0,open,False,29043.29999999999,3,15.0
2024,low,105560,KB금융,pullback,2024-11-29,2024-12-02,2024-12-05,2024-12-05,2,96800.0,92700.0,open,False,-8768.5,3,15.0
2024,low,003530,한화투자증권,pullback,2024-12-05,2024-12-06,2024-12-11,2024-12-11,55,4060.0,3650.0,open,False,-23186.07500000001,3,15.0
2024,low,115500,케이씨에스,breakout,2024-12-11,2024-12-12,2024-12-17,2024-12-17,21,9270.0,11730.0,open,False,50998.5,3,15.0
2024,low,015360,INVENI,breakout,2024-12-17,2024-12-18,2024-12-23,2024-12-23,23,10640.0,11000.0,open,False,7533.419999999984,3,15.0
2024,low,171120,라이온켐텍,breakout,2024-12-23,2024-12-24,2024-12-30,2024-12-30,84,3095.0,2540.0,open,False,-47330.00999999998,3,15.0
2024,low,115500,케이씨에스,breakout,2024-12-30,2025-01-02,2025-01-07,2025-01-07,14,14300.0,14700.0,open,False,4991.0,3,15.0
2025,open,204320,HL만도,pullback,2025-01-02,2025-01-03,2025-01-08,2025-01-08,7,42000.0,42000.0,open,False,-882.0,3,15.0
2025,open,319400,현대무벡스,breakout,2025-01-08,2025-01-09,2025-01-14,2025-01-14,76,3905.0,3985.0,open,False,5180.539999999979,3,15.0
2025,open,204320,HL만도,breakout,2025-01-14,2025-01-15,2025-01-20,2025-01-20,6,45000.0,45500.0,open,False,2185.5,3,15.0
2025,open,003030,세아제강지주,breakout,2025-01-20,2025-01-21,2025-01-24,2025-01-24,1,218500.0,208500.0,open,False,-10640.5,3,15.0
2025,open,025980,아난티,breakout,2025-01-24,2025-01-31,2025-02-05,2025-02-05,48,6040.0,5660.0,open,False,-19082.399999999965,3,15.0
2025,open,051630,진양화학,breakout,2025-02-05,2025-02-06,2025-02-11,2025-02-11,50,5500.0,4355.0,open,False,-57989.125,3,15.0
2025,open,204320,HL만도,pullback,2025-02-11,2025-02-12,2025-02-17,2025-02-17,4,44100.0,45800.0,open,False,6260.600000000006,3,15.0
2025,open,003030,세아제강지주,pullback,2025-02-17,2025-02-18,2025-02-21,2025-02-21,1,218500.0,230000.0,open,False,10827.25,3,15.0
2025,open,015360,INVENI,pullback,2025-02-21,2025-02-24,2025-02-27,2025-02-27,21,10760.0,9900.0,open,False,-18710.78999999998,3,15.0
2025,open,053350,이니텍,breakout,2025-02-27,2025-02-28,2025-03-06,2025-03-06,46,4615.0,4800.0,open,False,7860.36500000002,3,15.0
2025,open,136480,하림,pullback,2025-03-06,2025-03-07,2025-03-12,2025-03-12,74,3020.0,3070.0,open,False,3024.0100000000093,3,15.0
2025,open,115500,케이씨에스,pullback,2025-03-13,2025-03-14,2025-03-19,2025-03-19,17,12670.0,12630.0,open,False,-1325.1500000000233,3,15.0
2025,open,011230,삼화전자,breakout,2025-03-19,2025-03-20,2025-03-25,2025-03-25,60,3730.0,4360.0,open,False,37071.899999999994,3,15.0
2025,open,030210,다올투자증권,breakout,2025-03-25,2025-03-26,2025-03-31,2025-03-31,78,3340.0,3450.0,open,False,7785.570000000007,3,15.0
2025,open,052220,iMBC,breakout,2025-04-01,2025-04-02,2025-04-07,2025-04-07,52,5170.0,4550.0,open,False,-32998.16,3,15.0
2025,open,052220,iMBC,pullback,2025-04-07,2025-04-08,2025-04-11,2025-04-11,50,4695.0,4565.0,open,False,-7194.5,3,15.0
2025,open,310200,애니플러스,pullback,2025-04-11,2025-04-14,2025-04-17,2025-04-17,69,3315.0,3255.0,open,False,-4819.994999999995,3,15.0
2025,open,030210,다올투자증권,breakout,2025-04-17,2025-04-18,2025-04-23,2025-04-23,61,3650.0,3410.0,open,False,-15285.98999999999,3,15.0
2025,open,014830,유니드,breakout,2025-04-23,2025-04-24,2025-04-29,2025-04-29,2,89700.0,88500.0,open,False,-2934.600000000006,3,15.0
2025,open,006800,미래에셋증권,breakout,2025-04-29,2025-04-30,2025-05-08,2025-05-08,19,10833.0,11878.0,open,False,19207.7365,3,15.0
2025,open,003570,SNT다이내믹스,breakout,2025-05-08,2025-05-09,2025-05-14,2025-05-14,6,36350.0,33200.0,open,False,-19525.95000000001,3,15.0
2025,open,344860,이노진,breakout,2025-05-14,2025-05-15,2025-05-20,2025-05-20,80,2575.0,2185.0,open,False,-31771.199999999983,3,15.0
2025,open,003570,SNT다이내믹스,breakout,2025-05-20,2025-05-21,2025-05-26,2025-05-26,4,39000.0,39700.0,open,False,2327.8000000000175,3,15.0
2025,open,000850,화천기공,breakout,2025-05-26,2025-05-27,2025-05-30,2025-05-30,5,31050.0,31200.0,open,False,283.125,3,15.0
2025,open,014680,한솔케미칼,breakout,2025-05-30,2025-06-02,2025-06-09,2025-06-09,1,131800.0,140700.0,open,False,8491.25,3,15.0
2025,open,015860,일진홀딩스,breakout,2025-06-09,2025-06-10,2025-06-13,2025-06-13,36,5150.0,5150.0,open,False,-556.1999999999825,3,15.0
2025,open,025980,아난티,breakout,2025-06-13,2025-06-16,2025-06-19,2025-06-19,18,10280.0,10290.0,open,False,-375.38999999998487,3,15.0
2025,open,319400,현대무벡스,breakout,2025-06-19,2025-06-20,2025-06-25,2025-06-25,39,4750.0,5130.0,open,False,14242.020000000019,3,15.0
2025,open,009070,KCTC,breakout,2025-06-25,2025-06-26,2025-07-01,2025-07-01,39,5100.0,5320.0,open,False,7970.429999999993,3,15.0
2025,open,004360,세방,breakout,2025-07-01,2025-07-02,2025-07-07,2025-07-07,12,16070.0,15100.0,open,False,-12201.059999999998,3,15.0
2025,open,000080,하이트진로,breakout,2025-07-07,2025-07-08,2025-07-11,2025-07-11,8,21800.0,21550.0,open,False,-2520.1999999999825,3,15.0
2025,open,030210,다올투자증권,breakout,2025-07-11,2025-07-14,2025-07-17,2025-07-17,46,4160.0,3935.0,open,False,-10908.554999999993,3,15.0
2025,open,009300,삼아제약,pullback,2025-07-17,2025-07-18,2025-07-23,2025-07-23,9,18930.0,18640.0,open,False,-3117.195000000007,3,15.0
2025,open,036460,한국가스공사,pullback,2025-07-23,2025-07-24,2025-07-29,2025-07-29,3,45850.0,44400.0,open,False,-4756.125,3,15.0
2025,open,003570,SNT다이내믹스,pullback,2025-07-29,2025-07-30,2025-08-04,2025-08-04,3,55000.0,56100.0,open,False,2800.0500000000175,3,15.0
2025,open,128540,에코캡,pullback,2025-08-04,2025-08-05,2025-08-08,2025-08-08,91,1952.0,1870.0,open,False,-7983.703000000009,3,15.0
2025,open,138360,앤로보틱스,breakout,2025-08-08,2025-08-11,2025-08-14,2025-08-14,161,1049.0,830.0,open,False,-35712.778500000015,3,15.0
2025,open,036620,감성코퍼레이션,pullback,2025-08-14,2025-08-18,2025-08-21,2025-08-21,22,6040.0,5610.0,open,False,-9844.449999999997,3,15.0
2025,open,006220,제주은행,pullback,2025-08-21,2025-08-22,2025-08-27,2025-08-27,8,15190.0,14560.0,open,False,-5397.0,3,15.0
2025,open,085310,엔케이,pullback,2025-08-27,2025-08-28,2025-09-02,2025-09-02,9,13200.0,13070.0,open,False,-1524.645000000004,3,15.0
2025,open,124560,태웅로직스,pullback,2025-09-02,2025-09-03,2025-09-08,2025-09-08,34,3415.0,3220.0,open,False,-6968.385000000009,3,15.0
2025,open,170920,엘티씨,breakout,2025-09-08,2025-09-09,2025-09-12,2025-09-12,8,12990.0,14670.0,open,False,13108.080000000002,3,15.0
2025,open,319400,현대무벡스,breakout,2025-09-12,2025-09-15,2025-09-18,2025-09-18,13,9080.0,9250.0,open,False,1852.5649999999878,3,15.0
2025,open,170920,엘티씨,breakout,2025-09-18,2025-09-19,2025-09-24,2025-09-24,6,19400.0,19710.0,open,False,1508.0099999999948,3,15.0
2025,open,064850,에프앤가이드,pullback,2025-09-25,2025-09-26,2025-10-01,2025-10-01,14,8610.0,8550.0,open,False,-1200.3600000000006,3,15.0
2025,open,102460,이연제약,pullback,2025-10-01,2025-10-02,2025-10-14,2025-10-14,10,11870.0,11210.0,open,False,-6946.199999999997,3,15.0
2025,open,319400,현대무벡스,breakout,2025-10-14,2025-10-15,2025-10-20,2025-10-20,11,10780.0,10700.0,open,False,-1234.4199999999983,3,15.0
2025,open,006800,미래에셋증권,breakout,2025-10-20,2025-10-21,2025-10-24,2025-10-24,4,25340.0,23647.0,open,False,-7065.922000000006,3,15.0
2025,open,015860,일진홀딩스,breakout,2025-10-24,2025-10-27,2025-10-30,2025-10-30,16,6590.0,6570.0,open,False,-635.8399999999965,3,15.0
2025,open,015860,일진홀딩스,breakout,2025-10-30,2025-10-31,2025-11-05,2025-11-05,16,6740.0,7200.0,open,False,7025.440000000002,3,15.0
2025,open,309960,LB인베스트먼트,pullback,2025-11-05,2025-11-06,2025-11-11,2025-11-11,22,5210.0,5680.0,open,False,9980.630000000005,3,15.0
2025,open,015860,일진홀딩스,breakout,2025-11-11,2025-11-12,2025-11-17,2025-11-17,15,8090.0,7470.0,open,False,-9650.100000000006,3,15.0
2025,open,220100,퓨쳐켐,breakout,2025-11-17,2025-11-18,2025-11-21,2025-11-21,4,25490.0,24805.0,open,False,-3041.770000000004,3,15.0
2025,open,064850,에프앤가이드,pullback,2025-11-21,2025-11-24,2025-11-27,2025-11-27,13,8700.0,8760.0,open,False,439.52999999999884,3,15.0
2025,open,314130,지놈앤컴퍼니,breakout,2025-11-27,2025-11-28,2025-12-03,2025-12-03,30,3790.0,3815.0,open,False,407.77500000000873,3,15.0
2025,open,314130,지놈앤컴퍼니,breakout,2025-12-03,2025-12-04,2025-12-09,2025-12-09,25,4430.0,4770.0,open,False,8155.0,3,15.0
2025,open,457190,이수스페셜티케미컬,breakout,2025-12-09,2025-12-10,2025-12-15,2025-12-15,1,67500.0,63300.0,open,False,-4396.199999999997,3,15.0
2025,open,105630,한세실업,breakout,2025-12-15,2025-12-16,2025-12-19,2025-12-19,8,13760.0,15070.0,open,False,10134.039999999994,3,15.0
2025,open,309960,LB인베스트먼트,breakout,2025-12-19,2025-12-22,2025-12-26,2025-12-26,18,6830.0,6030.0,open,False,-14747.220000000001,3,15.0
2025,open,126640,화신정공,pullback,2025-12-26,2025-12-29,2026-01-05,2026-01-05,86,1313.0,1285.0,open,False,-2743.142000000007,3,15.0
2025,close,204320,HL만도,pullback,2025-01-02,2025-01-03,2025-01-08,2025-01-08,7,42000.0,42000.0,open,False,-882.0,3,15.0
2025,close,319400,현대무벡스,breakout,2025-01-08,2025-01-09,2025-01-14,2025-01-14,76,3905.0,3985.0,open,False,5180.539999999979,3,15.0
2025,close,204320,HL만도,breakout,2025-01-14,2025-01-15,2025-01-20,2025-01-20,6,45000.0,45500.0,open,False,2185.5,3,15.0
2025,close,003030,세아제강지주,breakout,2025-01-20,2025-01-21,2025-01-24,2025-01-24,1,218500.0,208500.0,open,False,-10640.5,3,15.0
2025,close,025980,아난티,breakout,2025-01-24,2025-01-31,2025-02-05,2025-02-05,48,6040.0,5660.0,open,False,-19082.399999999965,3,15.0
2025,close,051630,진양화학,breakout,2025-02-05,2025-02-06,2025-02-11,2025-02-11,50,5500.0,4355.0,open,False,-57989.125,3,15.0
2025,close,204320,HL만도,pullback,2025-02-11,2025-02-12,2025-02-17,2025-02-17,4,44100.0,45800.0,open,False,6260.600000000006,3,15.0
2025,close,003030,세아제강지주,pullback,2025-02-17,2025-02-18,2025-02-21,2025-02-21,1,218500.0,230000.0,open,False,10827.25,3,15.0
2025,close,015360,INVENI,pullback,2025-02-21,2025-02-24,2025-02-27,2025-02-27,21,10760.0,9900.0,open,False,-18710.78999999998,3,15.0
2025,close,053350,이니텍,breakout,2025-02-27,2025-02-28,2025-03-06,2025-03-06,46,4615.0,4800.0,open,False,7860.36500000002,3,15.0
2025,close,136480,하림,pullback,2025-03-06,2025-03-07,2025-03-12,2025-03-12,74,3020.0,3070.0,open,False,3024.0100000000093,3,15.0
2025,close,115500,케이씨에스,pullback,2025-03-13,2025-03-14,2025-03-19,2025-03-19,17,12670.0,12630.0,open,False,-1325.1500000000233,3,15.0
2025,close,011230,삼화전자,breakout,2025-03-19,2025-03-20,2025-03-25,2025-03-25,60,3730.0,4360.0,open,False,37071.899999999994,3,15.0
2025,close,030210,다올투자증권,breakout,2025-03-25,2025-03-26,2025-03-31,2025-03-31,78,3340.0,3450.0,open,False,7785.570000000007,3,15.0
2025,close,052220,iMBC,breakout,2025-04-01,2025-04-02,2025-04-07,2025-04-07,52,5170.0,4550.0,open,False,-32998.16,3,15.0
2025,close,052220,iMBC,pullback,2025-04-07,2025-04-08,2025-04-11,2025-04-11,50,4695.0,4565.0,open,False,-7194.5,3,15.0
2025,close,310200,애니플러스,pullback,2025-04-11,2025-04-14,2025-04-17,2025-04-17,69,3315.0,3255.0,open,False,-4819.994999999995,3,15.0
2025,close,030210,다올투자증권,breakout,2025-04-17,2025-04-18,2025-04-23,2025-04-23,61,3650.0,3410.0,open,False,-15285.98999999999,3,15.0
2025,close,014830,유니드,breakout,2025-04-23,2025-04-24,2025-04-29,2025-04-29,2,89700.0,88500.0,open,False,-2934.600000000006,3,15.0
2025,close,006800,미래에셋증권,breakout,2025-04-29,2025-04-30,2025-05-08,2025-05-08,19,10833.0,11878.0,open,False,19207.7365,3,15.0
2025,close,003570,SNT다이내믹스,breakout,2025-05-08,2025-05-09,2025-05-14,2025-05-14,6,36350.0,33200.0,open,False,-19525.95000000001,3,15.0
2025,close,344860,이노진,breakout,2025-05-14,2025-05-15,2025-05-20,2025-05-20,80,2575.0,2185.0,open,False,-31771.199999999983,3,15.0
2025,close,003570,SNT다이내믹스,breakout,2025-05-20,2025-05-21,2025-05-26,2025-05-26,4,39000.0,39700.0,open,False,2327.8000000000175,3,15.0
2025,close,000850,화천기공,breakout,2025-05-26,2025-05-27,2025-05-30,2025-05-30,5,31050.0,31200.0,open,False,283.125,3,15.0
2025,close,014680,한솔케미칼,breakout,2025-05-30,2025-06-02,2025-06-09,2025-06-09,1,131800.0,140700.0,open,False,8491.25,3,15.0
2025,close,015860,일진홀딩스,breakout,2025-06-09,2025-06-10,2025-06-13,2025-06-13,36,5150.0,5150.0,open,False,-556.1999999999825,3,15.0
2025,close,025980,아난티,breakout,2025-06-13,2025-06-16,2025-06-19,2025-06-19,18,10280.0,10290.0,open,False,-375.38999999998487,3,15.0
2025,close,319400,현대무벡스,breakout,2025-06-19,2025-06-20,2025-06-25,2025-06-25,39,4750.0,5130.0,open,False,14242.020000000019,3,15.0
2025,close,009070,KCTC,breakout,2025-06-25,2025-06-26,2025-07-01,2025-07-01,39,5100.0,5320.0,open,False,7970.429999999993,3,15.0
2025,close,004360,세방,breakout,2025-07-01,2025-07-02,2025-07-07,2025-07-07,12,16070.0,15100.0,open,False,-12201.059999999998,3,15.0
2025,close,000080,하이트진로,breakout,2025-07-07,2025-07-08,2025-07-11,2025-07-11,8,21800.0,21550.0,open,False,-2520.1999999999825,3,15.0
2025,close,030210,다올투자증권,breakout,2025-07-11,2025-07-14,2025-07-17,2025-07-17,46,4160.0,3935.0,open,False,-10908.554999999993,3,15.0
2025,close,009300,삼아제약,pullback,2025-07-17,2025-07-18,2025-07-23,2025-07-23,9,18930.0,18640.0,open,False,-3117.195000000007,3,15.0
2025,close,036460,한국가스공사,pullback,2025-07-23,2025-07-24,2025-07-29,2025-07-29,3,45850.0,44400.0,open,False,-4756.125,3,15.0
2025,close,003570,SNT다이내믹스,pullback,2025-07-29,2025-07-30,2025-08-04,2025-08-04,3,55000.0,56100.0,open,False,2800.0500000000175,3,15.0
2025,close,128540,에코캡,pullback,2025-08-04,2025-08-05,2025-08-08,2025-08-08,91,1952.0,1870.0,open,False,-7983.703000000009,3,15.0
2025,close,138360,앤로보틱스,breakout,2025-08-08,2025-08-11,2025-08-14,2025-08-14,161,1049.0,830.0,open,False,-35712.778500000015,3,15.0
2025,close,036620,감성코퍼레이션,pullback,2025-08-14,2025-08-18,2025-08-21,2025-08-21,22,6040.0,5610.0,open,False,-9844.449999999997,3,15.0
2025,close,006220,제주은행,pullback,2025-08-21,2025-08-22,2025-08-27,2025-08-27,8,15190.0,14560.0,open,False,-5397.0,3,15.0
2025,close,085310,엔케이,pullback,2025-08-27,2025-08-28,2025-09-02,2025-09-02,9,13200.0,13070.0,open,False,-1524.645000000004,3,15.0
2025,close,124560,태웅로직스,pullback,2025-09-02,2025-09-03,2025-09-08,2025-09-08,34,3415.0,3220.0,open,False,-6968.385000000009,3,15.0
2025,close,170920,엘티씨,breakout,2025-09-08,2025-09-09,2025-09-12,2025-09-12,8,12990.0,14670.0,open,False,13108.080000000002,3,15.0
2025,close,319400,현대무벡스,breakout,2025-09-12,2025-09-15,2025-09-18,2025-09-18,13,9080.0,9250.0,open,False,1852.5649999999878,3,15.0
2025,close,170920,엘티씨,breakout,2025-09-18,2025-09-19,2025-09-24,2025-09-24,6,19400.0,19710.0,open,False,1508.0099999999948,3,15.0
2025,close,064850,에프앤가이드,pullback,2025-09-25,2025-09-26,2025-10-01,2025-10-01,14,8610.0,8550.0,open,False,-1200.3600000000006,3,15.0
2025,close,102460,이연제약,pullback,2025-10-01,2025-10-02,2025-10-14,2025-10-14,10,11870.0,11210.0,open,False,-6946.199999999997,3,15.0
2025,close,319400,현대무벡스,breakout,2025-10-14,2025-10-15,2025-10-20,2025-10-20,11,10780.0,10700.0,open,False,-1234.4199999999983,3,15.0
2025,close,006800,미래에셋증권,breakout,2025-10-20,2025-10-21,2025-10-24,2025-10-24,4,25340.0,23647.0,open,False,-7065.922000000006,3,15.0
2025,close,015860,일진홀딩스,breakout,2025-10-24,2025-10-27,2025-10-30,2025-10-30,16,6590.0,6570.0,open,False,-635.8399999999965,3,15.0
2025,close,015860,일진홀딩스,breakout,2025-10-30,2025-10-31,2025-11-05,2025-11-05,16,6740.0,7200.0,open,False,7025.440000000002,3,15.0
2025,close,309960,LB인베스트먼트,pullback,2025-11-05,2025-11-06,2025-11-11,2025-11-11,22,5210.0,5680.0,open,False,9980.630000000005,3,15.0
2025,close,015860,일진홀딩스,breakout,2025-11-11,2025-11-12,2025-11-17,2025-11-17,15,8090.0,7470.0,open,False,-9650.100000000006,3,15.0
2025,close,220100,퓨쳐켐,breakout,2025-11-17,2025-11-18,2025-11-21,2025-11-21,4,25490.0,24805.0,open,False,-3041.770000000004,3,15.0
2025,close,064850,에프앤가이드,pullback,2025-11-21,2025-11-24,2025-11-27,2025-11-27,13,8700.0,8760.0,open,False,439.52999999999884,3,15.0
2025,close,314130,지놈앤컴퍼니,breakout,2025-11-27,2025-11-28,2025-12-03,2025-12-03,30,3790.0,3815.0,open,False,407.77500000000873,3,15.0
2025,close,314130,지놈앤컴퍼니,breakout,2025-12-03,2025-12-04,2025-12-09,2025-12-09,25,4430.0,4770.0,open,False,8155.0,3,15.0
2025,close,457190,이수스페셜티케미컬,breakout,2025-12-09,2025-12-10,2025-12-15,2025-12-15,1,67500.0,63300.0,open,False,-4396.199999999997,3,15.0
2025,close,105630,한세실업,breakout,2025-12-15,2025-12-16,2025-12-19,2025-12-19,8,13760.0,15070.0,open,False,10134.039999999994,3,15.0
2025,close,309960,LB인베스트먼트,breakout,2025-12-19,2025-12-22,2025-12-26,2025-12-26,18,6830.0,6030.0,open,False,-14747.220000000001,3,15.0
2025,close,126640,화신정공,pullback,2025-12-26,2025-12-29,2026-01-05,2026-01-05,86,1313.0,1285.0,open,False,-2743.142000000007,3,15.0
2025,low,204320,HL만도,pullback,2025-01-02,2025-01-03,2025-01-08,2025-01-08,7,42000.0,42000.0,open,False,-882.0,3,15.0
2025,low,319400,현대무벡스,breakout,2025-01-08,2025-01-09,2025-01-14,2025-01-14,76,3905.0,3985.0,open,False,5180.539999999979,3,15.0
2025,low,204320,HL만도,breakout,2025-01-14,2025-01-15,2025-01-20,2025-01-20,6,45000.0,45500.0,open,False,2185.5,3,15.0
2025,low,003030,세아제강지주,breakout,2025-01-20,2025-01-21,2025-01-24,2025-01-24,1,218500.0,208500.0,open,False,-10640.5,3,15.0
2025,low,025980,아난티,breakout,2025-01-24,2025-01-31,2025-02-05,2025-02-05,48,6040.0,5660.0,open,False,-19082.399999999965,3,15.0
2025,low,051630,진양화학,breakout,2025-02-05,2025-02-06,2025-02-11,2025-02-11,50,5500.0,4355.0,open,False,-57989.125,3,15.0
2025,low,204320,HL만도,pullback,2025-02-11,2025-02-12,2025-02-17,2025-02-17,4,44100.0,45800.0,open,False,6260.600000000006,3,15.0
2025,low,003030,세아제강지주,pullback,2025-02-17,2025-02-18,2025-02-21,2025-02-21,1,218500.0,230000.0,open,False,10827.25,3,15.0
2025,low,015360,INVENI,pullback,2025-02-21,2025-02-24,2025-02-27,2025-02-27,21,10760.0,9900.0,open,False,-18710.78999999998,3,15.0
2025,low,053350,이니텍,breakout,2025-02-27,2025-02-28,2025-03-06,2025-03-06,46,4615.0,4800.0,open,False,7860.36500000002,3,15.0
2025,low,136480,하림,pullback,2025-03-06,2025-03-07,2025-03-12,2025-03-12,74,3020.0,3070.0,open,False,3024.0100000000093,3,15.0
2025,low,115500,케이씨에스,pullback,2025-03-13,2025-03-14,2025-03-19,2025-03-19,17,12670.0,12630.0,open,False,-1325.1500000000233,3,15.0
2025,low,011230,삼화전자,breakout,2025-03-19,2025-03-20,2025-03-25,2025-03-25,60,3730.0,4360.0,open,False,37071.899999999994,3,15.0
2025,low,030210,다올투자증권,breakout,2025-03-25,2025-03-26,2025-03-31,2025-03-31,78,3340.0,3450.0,open,False,7785.570000000007,3,15.0
2025,low,052220,iMBC,breakout,2025-04-01,2025-04-02,2025-04-07,2025-04-07,52,5170.0,4550.0,open,False,-32998.16,3,15.0
2025,low,052220,iMBC,pullback,2025-04-07,2025-04-08,2025-04-11,2025-04-11,50,4695.0,4565.0,open,False,-7194.5,3,15.0
2025,low,310200,애니플러스,pullback,2025-04-11,2025-04-14,2025-04-17,2025-04-17,69,3315.0,3255.0,open,False,-4819.994999999995,3,15.0
2025,low,030210,다올투자증권,breakout,2025-04-17,2025-04-18,2025-04-23,2025-04-23,61,3650.0,3410.0,open,False,-15285.98999999999,3,15.0
2025,low,014830,유니드,breakout,2025-04-23,2025-04-24,2025-04-29,2025-04-29,2,89700.0,88500.0,open,False,-2934.600000000006,3,15.0
2025,low,006800,미래에셋증권,breakout,2025-04-29,2025-04-30,2025-05-08,2025-05-08,19,10833.0,11878.0,open,False,19207.7365,3,15.0
2025,low,003570,SNT다이내믹스,breakout,2025-05-08,2025-05-09,2025-05-14,2025-05-14,6,36350.0,33200.0,open,False,-19525.95000000001,3,15.0
2025,low,344860,이노진,breakout,2025-05-14,2025-05-15,2025-05-20,2025-05-20,80,2575.0,2185.0,open,False,-31771.199999999983,3,15.0
2025,low,003570,SNT다이내믹스,breakout,2025-05-20,2025-05-21,2025-05-26,2025-05-26,4,39000.0,39700.0,open,False,2327.8000000000175,3,15.0
2025,low,000850,화천기공,breakout,2025-05-26,2025-05-27,2025-05-30,2025-05-30,5,31050.0,31200.0,open,False,283.125,3,15.0
2025,low,014680,한솔케미칼,breakout,2025-05-30,2025-06-02,2025-06-09,2025-06-09,1,131800.0,140700.0,open,False,8491.25,3,15.0
2025,low,015860,일진홀딩스,breakout,2025-06-09,2025-06-10,2025-06-13,2025-06-13,36,5150.0,5150.0,open,False,-556.1999999999825,3,15.0
2025,low,025980,아난티,breakout,2025-06-13,2025-06-16,2025-06-19,2025-06-19,18,10280.0,10290.0,open,False,-375.38999999998487,3,15.0
2025,low,319400,현대무벡스,breakout,2025-06-19,2025-06-20,2025-06-25,2025-06-25,39,4750.0,5130.0,open,False,14242.020000000019,3,15.0
2025,low,009070,KCTC,breakout,2025-06-25,2025-06-26,2025-07-01,2025-07-01,39,5100.0,5320.0,open,False,7970.429999999993,3,15.0
2025,low,004360,세방,breakout,2025-07-01,2025-07-02,2025-07-07,2025-07-07,12,16070.0,15100.0,open,False,-12201.059999999998,3,15.0
2025,low,000080,하이트진로,breakout,2025-07-07,2025-07-08,2025-07-11,2025-07-11,8,21800.0,21550.0,open,False,-2520.1999999999825,3,15.0
2025,low,030210,다올투자증권,breakout,2025-07-11,2025-07-14,2025-07-17,2025-07-17,46,4160.0,3935.0,open,False,-10908.554999999993,3,15.0
2025,low,009300,삼아제약,pullback,2025-07-17,2025-07-18,2025-07-23,2025-07-23,9,18930.0,18640.0,open,False,-3117.195000000007,3,15.0
2025,low,036460,한국가스공사,pullback,2025-07-23,2025-07-24,2025-07-29,2025-07-29,3,45850.0,44400.0,open,False,-4756.125,3,15.0
2025,low,003570,SNT다이내믹스,pullback,2025-07-29,2025-07-30,2025-08-04,2025-08-04,3,55000.0,56100.0,open,False,2800.0500000000175,3,15.0
2025,low,128540,에코캡,pullback,2025-08-04,2025-08-05,2025-08-08,2025-08-08,91,1952.0,1870.0,open,False,-7983.703000000009,3,15.0
2025,low,138360,앤로보틱스,breakout,2025-08-08,2025-08-11,2025-08-14,2025-08-14,161,1049.0,830.0,open,False,-35712.778500000015,3,15.0
2025,low,036620,감성코퍼레이션,pullback,2025-08-14,2025-08-18,2025-08-21,2025-08-21,22,6040.0,5610.0,open,False,-9844.449999999997,3,15.0
2025,low,006220,제주은행,pullback,2025-08-21,2025-08-22,2025-08-27,2025-08-27,8,15190.0,14560.0,open,False,-5397.0,3,15.0
2025,low,085310,엔케이,pullback,2025-08-27,2025-08-28,2025-09-02,2025-09-02,9,13200.0,13070.0,open,False,-1524.645000000004,3,15.0
2025,low,124560,태웅로직스,pullback,2025-09-02,2025-09-03,2025-09-08,2025-09-08,34,3415.0,3220.0,open,False,-6968.385000000009,3,15.0
2025,low,170920,엘티씨,breakout,2025-09-08,2025-09-09,2025-09-12,2025-09-12,8,12990.0,14670.0,open,False,13108.080000000002,3,15.0
2025,low,319400,현대무벡스,breakout,2025-09-12,2025-09-15,2025-09-18,2025-09-18,13,9080.0,9250.0,open,False,1852.5649999999878,3,15.0
2025,low,170920,엘티씨,breakout,2025-09-18,2025-09-19,2025-09-24,2025-09-24,6,19400.0,19710.0,open,False,1508.0099999999948,3,15.0
2025,low,064850,에프앤가이드,pullback,2025-09-25,2025-09-26,2025-10-01,2025-10-01,14,8610.0,8550.0,open,False,-1200.3600000000006,3,15.0
2025,low,102460,이연제약,pullback,2025-10-01,2025-10-02,2025-10-14,2025-10-14,10,11870.0,11210.0,open,False,-6946.199999999997,3,15.0
2025,low,319400,현대무벡스,breakout,2025-10-14,2025-10-15,2025-10-20,2025-10-20,11,10780.0,10700.0,open,False,-1234.4199999999983,3,15.0
2025,low,006800,미래에셋증권,breakout,2025-10-20,2025-10-21,2025-10-24,2025-10-24,4,25340.0,23647.0,open,False,-7065.922000000006,3,15.0
2025,low,015860,일진홀딩스,breakout,2025-10-24,2025-10-27,2025-10-30,2025-10-30,16,6590.0,6570.0,open,False,-635.8399999999965,3,15.0
2025,low,015860,일진홀딩스,breakout,2025-10-30,2025-10-31,2025-11-05,2025-11-05,16,6740.0,7200.0,open,False,7025.440000000002,3,15.0
2025,low,309960,LB인베스트먼트,pullback,2025-11-05,2025-11-06,2025-11-11,2025-11-11,22,5210.0,5680.0,open,False,9980.630000000005,3,15.0
2025,low,015860,일진홀딩스,breakout,2025-11-11,2025-11-12,2025-11-17,2025-11-17,15,8090.0,7470.0,open,False,-9650.100000000006,3,15.0
2025,low,220100,퓨쳐켐,breakout,2025-11-17,2025-11-18,2025-11-21,2025-11-21,4,25490.0,24805.0,open,False,-3041.770000000004,3,15.0
2025,low,064850,에프앤가이드,pullback,2025-11-21,2025-11-24,2025-11-27,2025-11-27,13,8700.0,8760.0,open,False,439.52999999999884,3,15.0
2025,low,314130,지놈앤컴퍼니,breakout,2025-11-27,2025-11-28,2025-12-03,2025-12-03,30,3790.0,3815.0,open,False,407.77500000000873,3,15.0
2025,low,314130,지놈앤컴퍼니,breakout,2025-12-03,2025-12-04,2025-12-09,2025-12-09,25,4430.0,4770.0,open,False,8155.0,3,15.0
2025,low,457190,이수스페셜티케미컬,breakout,2025-12-09,2025-12-10,2025-12-15,2025-12-15,1,67500.0,63300.0,open,False,-4396.199999999997,3,15.0
2025,low,105630,한세실업,breakout,2025-12-15,2025-12-16,2025-12-19,2025-12-19,8,13760.0,15070.0,open,False,10134.039999999994,3,15.0
2025,low,309960,LB인베스트먼트,breakout,2025-12-19,2025-12-22,2025-12-26,2025-12-26,18,6830.0,6030.0,open,False,-14747.220000000001,3,15.0
2025,low,126640,화신정공,pullback,2025-12-26,2025-12-29,2026-01-05,2026-01-05,86,1313.0,1285.0,open,False,-2743.142000000007,3,15.0
2023,open,114090,GKL,pullback,2023-01-02,2023-01-03,2023-01-09,2023-01-09,15,18750.0,19000.0,open,False,2900.625,4,15.0
2023,open,011170,롯데케미칼,pullback,2023-01-09,2023-01-10,2023-01-16,2023-01-16,1,186500.0,179000.0,open,False,-8048.25,4,15.0
2023,open,105560,KB금융,breakout,2023-01-16,2023-01-17,2023-01-25,2023-01-25,4,60500.0,57000.0,open,False,-14705.0,4,15.0
2023,open,003830,대한화섬,breakout,2023-01-25,2023-01-26,2023-02-01,2023-02-01,2,130100.0,132000.0,open,False,3013.6999999999825,4,15.0
2023,open,310200,애니플러스,pullback,2023-02-01,2023-02-02,2023-02-08,2023-02-08,57,4950.0,4745.0,open,False,-12513.922500000044,4,15.0
2023,open,279600,미디어젠,breakout,2023-02-08,2023-02-09,2023-02-15,2023-02-15,14,19127.0,17928.0,open,False,-17564.155,4,15.0
2023,open,105630,한세실업,pullback,2023-02-15,2023-02-16,2023-02-22,2023-02-22,14,17780.0,17500.0,open,False,-4660.880000000005,4,15.0
2023,open,028670,팬오션,pullback,2023-02-22,2023-02-23,2023-03-02,2023-03-02,38,6470.0,6460.0,open,False,-1117.0100000000093,4,15.0
2023,open,001460,BYC,breakout,2023-03-02,2023-03-03,2023-03-09,2023-03-09,4,55000.0,54700.0,open,False,-1858.1999999999825,4,15.0
2023,open,115500,케이씨에스,breakout,2023-03-09,2023-03-10,2023-03-16,2023-03-16,25,9790.0,11000.0,open,False,29470.375,4,15.0
2023,open,000850,화천기공,pullback,2023-03-16,2023-03-17,2023-03-23,2023-03-23,7,36000.0,36100.0,open,False,-57.04999999998836,4,15.0
2023,open,030210,다올투자증권,breakout,2023-03-23,2023-03-24,2023-03-30,2023-03-30,51,5290.0,5350.0,open,False,2246.0400000000373,4,15.0
2023,open,319400,현대무벡스,breakout,2023-03-30,2023-03-31,2023-04-06,2023-04-06,75,3685.0,3495.0,open,False,-15057.75,4,15.0
2023,open,008260,NI스틸,breakout,2023-04-06,2023-04-07,2023-04-13,2023-04-13,39,6570.0,6520.0,open,False,-2715.764999999985,4,15.0
2023,open,004100,태양금속,breakout,2023-04-13,2023-04-14,2023-04-20,2023-04-20,121,2125.0,2080.0,open,False,-6208.207500000019,4,15.0
2023,open,319400,현대무벡스,breakout,2023-04-20,2023-04-21,2023-04-27,2023-04-27,49,5060.0,4200.0,open,False,-42820.609999999986,4,15.0
2023,open,011230,삼화전자,breakout,2023-04-27,2023-04-28,2023-05-08,2023-05-08,28,7328.0,12092.0,open,False,132576.36,4,15.0
2023,open,067570,엔브이에이치코리아,pullback,2023-05-08,2023-05-09,2023-05-15,2023-05-15,88,3861.0,4266.0,open,False,34567.23600000003,4,15.0
2023,open,002700,신일전자,breakout,2023-05-15,2023-05-16,2023-05-22,2023-05-22,168,2235.0,2070.0,open,False,-28804.859999999986,4,15.0
2023,open,319400,현대무벡스,pullback,2023-05-22,2023-05-23,2023-05-30,2023-05-30,69,5000.0,4495.0,open,False,-35827.732499999984,4,15.0
2023,open,017900,광전자,breakout,2023-05-30,2023-05-31,2023-06-07,2023-06-07,99,3135.0,3110.0,open,False,-3402.382500000007,4,15.0
2023,open,126640,화신정공,breakout,2023-06-07,2023-06-08,2023-06-14,2023-06-14,147,2090.0,1969.0,open,False,-18682.009499999986,4,15.0
2023,open,085310,엔케이,pullback,2023-06-14,2023-06-15,2023-06-21,2023-06-21,30,9620.0,10070.0,open,False,12613.950000000012,4,15.0
2023,open,204320,HL만도,breakout,2023-06-21,2023-06-22,2023-06-28,2023-06-28,5,51600.0,52500.0,open,False,3719.249999999971,4,15.0
2023,open,105630,한세실업,breakout,2023-06-28,2023-06-29,2023-07-05,2023-07-05,14,20750.0,20850.0,open,False,526.4000000000233,4,15.0
2023,open,000430,대원강업,breakout,2023-07-05,2023-07-06,2023-07-12,2023-07-12,51,5950.0,6610.0,open,False,32699.160000000033,4,15.0
2023,open,011230,삼화전자,breakout,2023-07-12,2023-07-13,2023-07-19,2023-07-19,35,9527.0,8821.0,open,False,-25673.27000000002,4,15.0
2023,open,149980,하이로닉,pullback,2023-07-19,2023-07-20,2023-07-26,2023-07-26,22,13801.0,13076.0,open,False,-16836.94099999999,4,15.0
2023,open,326030,SK바이오팜,pullback,2023-07-26,2023-07-27,2023-08-02,2023-08-02,3,83400.0,90000.0,open,False,19019.699999999983,4,15.0
2023,open,326030,SK바이오팜,breakout,2023-08-02,2023-08-03,2023-08-09,2023-08-09,3,92600.0,92200.0,open,False,-2031.5999999999767,4,15.0
2023,open,326030,SK바이오팜,breakout,2023-08-09,2023-08-10,2023-08-17,2023-08-17,3,98200.0,93000.0,open,False,-16460.400000000023,4,15.0
2023,open,149980,하이로닉,breakout,2023-08-17,2023-08-18,2023-08-24,2023-08-24,19,15523.0,17956.0,open,False,45272.84850000002,4,15.0
2023,open,085310,엔케이,pullback,2023-08-24,2023-08-25,2023-08-31,2023-08-31,32,10720.0,10700.0,open,False,-1668.1599999999744,4,15.0
2023,open,105560,KB금융,breakout,2023-08-31,2023-09-01,2023-09-07,2023-09-07,6,54200.0,53800.0,open,False,-3372.0,4,15.0
2023,open,056080,유진로봇,breakout,2023-09-07,2023-09-08,2023-09-14,2023-09-14,23,14100.0,13580.0,open,False,-12914.960000000021,4,15.0
2023,open,326030,SK바이오팜,pullback,2023-09-14,2023-09-15,2023-09-21,2023-09-21,3,92300.0,87200.0,open,False,-16107.75000000003,4,15.0
2023,open,089850,유비벨록스,pullback,2023-09-21,2023-09-22,2023-10-04,2023-10-04,33,9159.0,8155.0,open,False,-33989.043000000005,4,15.0
2023,open,004270,남성,pullback,2023-10-06,2023-10-10,2023-10-16,2023-10-16,15,18285.0,17649.0,open,False,-10348.515000000014,4,15.0
2023,open,004100,태양금속,pullback,2023-10-16,2023-10-17,2023-10-23,2023-10-23,68,3880.0,4030.0,open,False,9393.179999999993,4,15.0
2023,open,003570,SNT다이내믹스,pullback,2023-10-23,2023-10-24,2023-10-30,2023-10-30,22,11990.0,12970.0,open,False,20736.31999999995,4,15.0
2023,open,015360,INVENI,pullback,2023-10-30,2023-10-31,2023-11-06,2023-11-06,44,6630.0,6670.0,open,False,882.2000000000116,4,15.0
2023,open,105560,KB금융,pullback,2023-11-06,2023-11-07,2023-11-13,2023-11-13,5,54700.0,54200.0,open,False,-3316.75,4,15.0
2023,open,015360,INVENI,breakout,2023-11-13,2023-11-14,2023-11-20,2023-11-20,42,6950.0,7080.0,open,False,4576.109999999986,4,15.0
2023,open,215200,메가스터디교육,pullback,2023-11-24,2023-11-27,2023-12-01,2023-12-01,4,61400.0,57200.0,open,False,-17511.600000000006,4,15.0
2023,open,016450,한세예스24홀딩스,pullback,2023-12-05,2023-12-06,2023-12-12,2023-12-12,56,4930.0,4990.0,open,False,2526.7200000000303,4,15.0
2023,open,215200,메가스터디교육,breakout,2023-12-12,2023-12-13,2023-12-19,2023-12-19,4,65800.0,62800.0,open,False,-12771.599999999977,4,15.0
2023,open,279600,미디어젠,breakout,2023-12-19,2023-12-20,2023-12-27,2023-12-27,15,17190.0,22032.0,open,False,71747.505,4,15.0
2023,open,309960,LB인베스트먼트,pullback,2023-12-28,2024-01-02,2024-01-08,2024-01-08,73,4645.0,4605.0,open,False,-3932.875,4,15.0
2023,close,114090,GKL,pullback,2023-01-02,2023-01-03,2023-01-09,2023-01-09,15,18750.0,19000.0,open,False,2900.625,4,15.0
2023,close,011170,롯데케미칼,pullback,2023-01-09,2023-01-10,2023-01-16,2023-01-16,1,186500.0,179000.0,open,False,-8048.25,4,15.0
2023,close,105560,KB금융,breakout,2023-01-16,2023-01-17,2023-01-25,2023-01-25,4,60500.0,57000.0,open,False,-14705.0,4,15.0
2023,close,003830,대한화섬,breakout,2023-01-25,2023-01-26,2023-02-01,2023-02-01,2,130100.0,132000.0,open,False,3013.6999999999825,4,15.0
2023,close,310200,애니플러스,pullback,2023-02-01,2023-02-02,2023-02-08,2023-02-08,57,4950.0,4745.0,open,False,-12513.922500000044,4,15.0
2023,close,279600,미디어젠,breakout,2023-02-08,2023-02-09,2023-02-15,2023-02-15,14,19127.0,17928.0,open,False,-17564.155,4,15.0
2023,close,105630,한세실업,pullback,2023-02-15,2023-02-16,2023-02-22,2023-02-22,14,17780.0,17500.0,open,False,-4660.880000000005,4,15.0
2023,close,028670,팬오션,pullback,2023-02-22,2023-02-23,2023-03-02,2023-03-02,38,6470.0,6460.0,open,False,-1117.0100000000093,4,15.0
2023,close,001460,BYC,breakout,2023-03-02,2023-03-03,2023-03-09,2023-03-09,4,55000.0,54700.0,open,False,-1858.1999999999825,4,15.0
2023,close,115500,케이씨에스,breakout,2023-03-09,2023-03-10,2023-03-16,2023-03-16,25,9790.0,11000.0,open,False,29470.375,4,15.0
2023,close,000850,화천기공,pullback,2023-03-16,2023-03-17,2023-03-23,2023-03-23,7,36000.0,36100.0,open,False,-57.04999999998836,4,15.0
2023,close,030210,다올투자증권,breakout,2023-03-23,2023-03-24,2023-03-30,2023-03-30,51,5290.0,5350.0,open,False,2246.0400000000373,4,15.0
2023,close,319400,현대무벡스,breakout,2023-03-30,2023-03-31,2023-04-06,2023-04-06,75,3685.0,3495.0,open,False,-15057.75,4,15.0
2023,close,008260,NI스틸,breakout,2023-04-06,2023-04-07,2023-04-13,2023-04-13,39,6570.0,6520.0,open,False,-2715.764999999985,4,15.0
2023,close,004100,태양금속,breakout,2023-04-13,2023-04-14,2023-04-20,2023-04-20,121,2125.0,2080.0,open,False,-6208.207500000019,4,15.0
2023,close,319400,현대무벡스,breakout,2023-04-20,2023-04-21,2023-04-27,2023-04-27,49,5060.0,4200.0,open,False,-42820.609999999986,4,15.0
2023,close,011230,삼화전자,breakout,2023-04-27,2023-04-28,2023-05-08,2023-05-08,28,7328.0,12092.0,open,False,132576.36,4,15.0
2023,close,067570,엔브이에이치코리아,pullback,2023-05-08,2023-05-09,2023-05-15,2023-05-15,88,3861.0,4266.0,open,False,34567.23600000003,4,15.0
2023,close,002700,신일전자,breakout,2023-05-15,2023-05-16,2023-05-22,2023-05-22,168,2235.0,2070.0,open,False,-28804.859999999986,4,15.0
2023,close,319400,현대무벡스,pullback,2023-05-22,2023-05-23,2023-05-30,2023-05-30,69,5000.0,4495.0,open,False,-35827.732499999984,4,15.0
2023,close,017900,광전자,breakout,2023-05-30,2023-05-31,2023-06-07,2023-06-07,99,3135.0,3110.0,open,False,-3402.382500000007,4,15.0
2023,close,126640,화신정공,breakout,2023-06-07,2023-06-08,2023-06-14,2023-06-14,147,2090.0,1969.0,open,False,-18682.009499999986,4,15.0
2023,close,085310,엔케이,pullback,2023-06-14,2023-06-15,2023-06-21,2023-06-21,30,9620.0,10070.0,open,False,12613.950000000012,4,15.0
2023,close,204320,HL만도,breakout,2023-06-21,2023-06-22,2023-06-28,2023-06-28,5,51600.0,52500.0,open,False,3719.249999999971,4,15.0
2023,close,105630,한세실업,breakout,2023-06-28,2023-06-29,2023-07-05,2023-07-05,14,20750.0,20850.0,open,False,526.4000000000233,4,15.0
2023,close,000430,대원강업,breakout,2023-07-05,2023-07-06,2023-07-12,2023-07-12,51,5950.0,6610.0,open,False,32699.160000000033,4,15.0
2023,close,011230,삼화전자,breakout,2023-07-12,2023-07-13,2023-07-19,2023-07-19,35,9527.0,8821.0,open,False,-25673.27000000002,4,15.0
2023,close,149980,하이로닉,pullback,2023-07-19,2023-07-20,2023-07-26,2023-07-26,22,13801.0,13076.0,open,False,-16836.94099999999,4,15.0
2023,close,326030,SK바이오팜,pullback,2023-07-26,2023-07-27,2023-08-02,2023-08-02,3,83400.0,90000.0,open,False,19019.699999999983,4,15.0
2023,close,326030,SK바이오팜,breakout,2023-08-02,2023-08-03,2023-08-09,2023-08-09,3,92600.0,92200.0,open,False,-2031.5999999999767,4,15.0
2023,close,326030,SK바이오팜,breakout,2023-08-09,2023-08-10,2023-08-17,2023-08-17,3,98200.0,93000.0,open,False,-16460.400000000023,4,15.0
2023,close,149980,하이로닉,breakout,2023-08-17,2023-08-18,2023-08-24,2023-08-24,19,15523.0,17956.0,open,False,45272.84850000002,4,15.0
2023,close,085310,엔케이,pullback,2023-08-24,2023-08-25,2023-08-31,2023-08-31,32,10720.0,10700.0,open,False,-1668.1599999999744,4,15.0
2023,close,105560,KB금융,breakout,2023-08-31,2023-09-01,2023-09-07,2023-09-07,6,54200.0,53800.0,open,False,-3372.0,4,15.0
2023,close,056080,유진로봇,breakout,2023-09-07,2023-09-08,2023-09-14,2023-09-14,23,14100.0,13580.0,open,False,-12914.960000000021,4,15.0
2023,close,326030,SK바이오팜,pullback,2023-09-14,2023-09-15,2023-09-21,2023-09-21,3,92300.0,87200.0,open,False,-16107.75000000003,4,15.0
2023,close,089850,유비벨록스,pullback,2023-09-21,2023-09-22,2023-10-04,2023-10-04,33,9159.0,8155.0,open,False,-33989.043000000005,4,15.0
2023,close,004270,남성,pullback,2023-10-06,2023-10-10,2023-10-16,2023-10-16,15,18285.0,17649.0,open,False,-10348.515000000014,4,15.0
2023,close,004100,태양금속,pullback,2023-10-16,2023-10-17,2023-10-23,2023-10-23,68,3880.0,4030.0,open,False,9393.179999999993,4,15.0
2023,close,003570,SNT다이내믹스,pullback,2023-10-23,2023-10-24,2023-10-30,2023-10-30,22,11990.0,12970.0,open,False,20736.31999999995,4,15.0
2023,close,015360,INVENI,pullback,2023-10-30,2023-10-31,2023-11-06,2023-11-06,44,6630.0,6670.0,open,False,882.2000000000116,4,15.0
2023,close,105560,KB금융,pullback,2023-11-06,2023-11-07,2023-11-13,2023-11-13,5,54700.0,54200.0,open,False,-3316.75,4,15.0
2023,close,015360,INVENI,breakout,2023-11-13,2023-11-14,2023-11-20,2023-11-20,42,6950.0,7080.0,open,False,4576.109999999986,4,15.0
2023,close,215200,메가스터디교육,pullback,2023-11-24,2023-11-27,2023-12-01,2023-12-01,4,61400.0,57200.0,open,False,-17511.600000000006,4,15.0
2023,close,016450,한세예스24홀딩스,pullback,2023-12-05,2023-12-06,2023-12-12,2023-12-12,56,4930.0,4990.0,open,False,2526.7200000000303,4,15.0
2023,close,215200,메가스터디교육,breakout,2023-12-12,2023-12-13,2023-12-19,2023-12-19,4,65800.0,62800.0,open,False,-12771.599999999977,4,15.0
2023,close,279600,미디어젠,breakout,2023-12-19,2023-12-20,2023-12-27,2023-12-27,15,17190.0,22032.0,open,False,71747.505,4,15.0
2023,close,309960,LB인베스트먼트,pullback,2023-12-28,2024-01-02,2024-01-08,2024-01-08,73,4645.0,4605.0,open,False,-3932.875,4,15.0
2023,low,114090,GKL,pullback,2023-01-02,2023-01-03,2023-01-09,2023-01-09,15,18750.0,19000.0,open,False,2900.625,4,15.0
2023,low,011170,롯데케미칼,pullback,2023-01-09,2023-01-10,2023-01-16,2023-01-16,1,186500.0,179000.0,open,False,-8048.25,4,15.0
2023,low,105560,KB금융,breakout,2023-01-16,2023-01-17,2023-01-25,2023-01-25,4,60500.0,57000.0,open,False,-14705.0,4,15.0
2023,low,003830,대한화섬,breakout,2023-01-25,2023-01-26,2023-02-01,2023-02-01,2,130100.0,132000.0,open,False,3013.6999999999825,4,15.0
2023,low,310200,애니플러스,pullback,2023-02-01,2023-02-02,2023-02-08,2023-02-08,57,4950.0,4745.0,open,False,-12513.922500000044,4,15.0
2023,low,279600,미디어젠,breakout,2023-02-08,2023-02-09,2023-02-15,2023-02-15,14,19127.0,17928.0,open,False,-17564.155,4,15.0
2023,low,105630,한세실업,pullback,2023-02-15,2023-02-16,2023-02-22,2023-02-22,14,17780.0,17500.0,open,False,-4660.880000000005,4,15.0
2023,low,028670,팬오션,pullback,2023-02-22,2023-02-23,2023-03-02,2023-03-02,38,6470.0,6460.0,open,False,-1117.0100000000093,4,15.0
2023,low,001460,BYC,breakout,2023-03-02,2023-03-03,2023-03-09,2023-03-09,4,55000.0,54700.0,open,False,-1858.1999999999825,4,15.0
2023,low,115500,케이씨에스,breakout,2023-03-09,2023-03-10,2023-03-16,2023-03-16,25,9790.0,11000.0,open,False,29470.375,4,15.0
2023,low,000850,화천기공,pullback,2023-03-16,2023-03-17,2023-03-23,2023-03-23,7,36000.0,36100.0,open,False,-57.04999999998836,4,15.0
2023,low,030210,다올투자증권,breakout,2023-03-23,2023-03-24,2023-03-30,2023-03-30,51,5290.0,5350.0,open,False,2246.0400000000373,4,15.0
2023,low,319400,현대무벡스,breakout,2023-03-30,2023-03-31,2023-04-06,2023-04-06,75,3685.0,3495.0,open,False,-15057.75,4,15.0
2023,low,008260,NI스틸,breakout,2023-04-06,2023-04-07,2023-04-13,2023-04-13,39,6570.0,6520.0,open,False,-2715.764999999985,4,15.0
2023,low,004100,태양금속,breakout,2023-04-13,2023-04-14,2023-04-20,2023-04-20,121,2125.0,2080.0,open,False,-6208.207500000019,4,15.0
2023,low,319400,현대무벡스,breakout,2023-04-20,2023-04-21,2023-04-27,2023-04-27,49,5060.0,4200.0,open,False,-42820.609999999986,4,15.0
2023,low,011230,삼화전자,breakout,2023-04-27,2023-04-28,2023-05-08,2023-05-08,28,7328.0,12092.0,open,False,132576.36,4,15.0
2023,low,067570,엔브이에이치코리아,pullback,2023-05-08,2023-05-09,2023-05-15,2023-05-15,88,3861.0,4266.0,open,False,34567.23600000003,4,15.0
2023,low,002700,신일전자,breakout,2023-05-15,2023-05-16,2023-05-22,2023-05-22,168,2235.0,2070.0,open,False,-28804.859999999986,4,15.0
2023,low,319400,현대무벡스,pullback,2023-05-22,2023-05-23,2023-05-30,2023-05-30,69,5000.0,4495.0,open,False,-35827.732499999984,4,15.0
2023,low,017900,광전자,breakout,2023-05-30,2023-05-31,2023-06-07,2023-06-07,99,3135.0,3110.0,open,False,-3402.382500000007,4,15.0
2023,low,126640,화신정공,breakout,2023-06-07,2023-06-08,2023-06-14,2023-06-14,147,2090.0,1969.0,open,False,-18682.009499999986,4,15.0
2023,low,085310,엔케이,pullback,2023-06-14,2023-06-15,2023-06-21,2023-06-21,30,9620.0,10070.0,open,False,12613.950000000012,4,15.0
2023,low,204320,HL만도,breakout,2023-06-21,2023-06-22,2023-06-28,2023-06-28,5,51600.0,52500.0,open,False,3719.249999999971,4,15.0
2023,low,105630,한세실업,breakout,2023-06-28,2023-06-29,2023-07-05,2023-07-05,14,20750.0,20850.0,open,False,526.4000000000233,4,15.0
2023,low,000430,대원강업,breakout,2023-07-05,2023-07-06,2023-07-12,2023-07-12,51,5950.0,6610.0,open,False,32699.160000000033,4,15.0
2023,low,011230,삼화전자,breakout,2023-07-12,2023-07-13,2023-07-19,2023-07-19,35,9527.0,8821.0,open,False,-25673.27000000002,4,15.0
2023,low,149980,하이로닉,pullback,2023-07-19,2023-07-20,2023-07-26,2023-07-26,22,13801.0,13076.0,open,False,-16836.94099999999,4,15.0
2023,low,326030,SK바이오팜,pullback,2023-07-26,2023-07-27,2023-08-02,2023-08-02,3,83400.0,90000.0,open,False,19019.699999999983,4,15.0
2023,low,326030,SK바이오팜,breakout,2023-08-02,2023-08-03,2023-08-09,2023-08-09,3,92600.0,92200.0,open,False,-2031.5999999999767,4,15.0
2023,low,326030,SK바이오팜,breakout,2023-08-09,2023-08-10,2023-08-17,2023-08-17,3,98200.0,93000.0,open,False,-16460.400000000023,4,15.0
2023,low,149980,하이로닉,breakout,2023-08-17,2023-08-18,2023-08-24,2023-08-24,19,15523.0,17956.0,open,False,45272.84850000002,4,15.0
2023,low,085310,엔케이,pullback,2023-08-24,2023-08-25,2023-08-31,2023-08-31,32,10720.0,10700.0,open,False,-1668.1599999999744,4,15.0
2023,low,105560,KB금융,breakout,2023-08-31,2023-09-01,2023-09-07,2023-09-07,6,54200.0,53800.0,open,False,-3372.0,4,15.0
2023,low,056080,유진로봇,breakout,2023-09-07,2023-09-08,2023-09-14,2023-09-14,23,14100.0,13580.0,open,False,-12914.960000000021,4,15.0
2023,low,326030,SK바이오팜,pullback,2023-09-14,2023-09-15,2023-09-21,2023-09-21,3,92300.0,87200.0,open,False,-16107.75000000003,4,15.0
2023,low,089850,유비벨록스,pullback,2023-09-21,2023-09-22,2023-10-04,2023-10-04,33,9159.0,8155.0,open,False,-33989.043000000005,4,15.0
2023,low,004270,남성,pullback,2023-10-06,2023-10-10,2023-10-16,2023-10-16,15,18285.0,17649.0,open,False,-10348.515000000014,4,15.0
2023,low,004100,태양금속,pullback,2023-10-16,2023-10-17,2023-10-23,2023-10-23,68,3880.0,4030.0,open,False,9393.179999999993,4,15.0
2023,low,003570,SNT다이내믹스,pullback,2023-10-23,2023-10-24,2023-10-30,2023-10-30,22,11990.0,12970.0,open,False,20736.31999999995,4,15.0
2023,low,015360,INVENI,pullback,2023-10-30,2023-10-31,2023-11-06,2023-11-06,44,6630.0,6670.0,open,False,882.2000000000116,4,15.0
2023,low,105560,KB금융,pullback,2023-11-06,2023-11-07,2023-11-13,2023-11-13,5,54700.0,54200.0,open,False,-3316.75,4,15.0
2023,low,015360,INVENI,breakout,2023-11-13,2023-11-14,2023-11-20,2023-11-20,42,6950.0,7080.0,open,False,4576.109999999986,4,15.0
2023,low,215200,메가스터디교육,pullback,2023-11-24,2023-11-27,2023-12-01,2023-12-01,4,61400.0,57200.0,open,False,-17511.600000000006,4,15.0
2023,low,016450,한세예스24홀딩스,pullback,2023-12-05,2023-12-06,2023-12-12,2023-12-12,56,4930.0,4990.0,open,False,2526.7200000000303,4,15.0
2023,low,215200,메가스터디교육,breakout,2023-12-12,2023-12-13,2023-12-19,2023-12-19,4,65800.0,62800.0,open,False,-12771.599999999977,4,15.0
2023,low,279600,미디어젠,breakout,2023-12-19,2023-12-20,2023-12-27,2023-12-27,15,17190.0,22032.0,open,False,71747.505,4,15.0
2023,low,309960,LB인베스트먼트,pullback,2023-12-28,2024-01-02,2024-01-08,2024-01-08,73,4645.0,4605.0,open,False,-3932.875,4,15.0
2024,open,326030,SK바이오팜,breakout,2024-01-02,2024-01-03,2024-01-09,2024-01-09,2,103300.0,96300.0,open,False,-14598.800000000017,4,15.0
2024,open,004540,깨끗한나라,breakout,2024-01-10,2024-01-11,2024-01-17,2024-01-17,92,3085.0,2820.0,open,False,-25194.890000000014,4,15.0
2024,open,131370,알서포트,breakout,2024-01-18,2024-01-19,2024-01-25,2024-01-25,49,5280.0,5370.0,open,False,3627.2249999999767,4,15.0
2024,open,170920,엘티씨,breakout,2024-01-25,2024-01-26,2024-02-01,2024-02-01,14,17700.0,15510.0,open,False,-31357.410000000003,4,15.0
2024,open,163560,동일고무벨트,pullback,2024-02-01,2024-02-02,2024-02-08,2024-02-08,36,6380.0,6390.0,open,False,-329.5800000000163,4,15.0
2024,open,170920,엘티씨,pullback,2024-02-13,2024-02-14,2024-02-20,2024-02-20,14,16210.0,16620.0,open,False,5050.570000000007,4,15.0
2024,open,014160,대영포장,breakout,2024-02-20,2024-02-21,2024-02-27,2024-02-27,188,1258.0,1219.0,open,False,-8030.514000000025,4,15.0
2024,open,163560,동일고무벨트,breakout,2024-02-27,2024-02-28,2024-03-06,2024-03-06,24,9320.0,8310.0,open,False,-24874.680000000022,4,15.0
2024,open,001460,BYC,breakout,2024-03-06,2024-03-07,2024-03-13,2024-03-13,4,49950.0,47400.0,open,False,-10784.100000000006,4,15.0
2024,open,006220,제주은행,pullback,2024-03-13,2024-03-14,2024-03-20,2024-03-20,13,14300.0,12860.0,open,False,-19249.619999999995,4,15.0
2024,open,014160,대영포장,breakout,2024-03-20,2024-03-21,2024-03-27,2024-03-27,93,1866.0,1807.0,open,False,-5999.383499999996,4,15.0
2024,open,026890,스틱인베스트먼트,breakout,2024-03-27,2024-03-28,2024-04-03,2024-04-03,21,7800.0,7540.0,open,False,-5943.209999999992,4,15.0
2024,open,006360,GS건설,breakout,2024-04-03,2024-04-04,2024-04-11,2024-04-11,10,15760.0,14860.0,open,False,-9459.300000000017,4,15.0
2024,open,163560,동일고무벨트,pullback,2024-04-11,2024-04-12,2024-04-18,2024-04-18,16,9450.0,7990.0,open,False,-23778.560000000012,4,15.0
2024,open,265520,AP시스템,breakout,2024-04-18,2024-04-19,2024-04-25,2024-04-25,3,32500.0,32750.0,open,False,456.375,4,15.0
2024,open,089850,유비벨록스,breakout,2024-04-25,2024-04-26,2024-05-03,2024-05-03,11,11500.0,10070.0,open,False,-16085.904999999999,4,15.0
2024,open,149980,하이로닉,pullback,2024-05-03,2024-05-07,2024-05-13,2024-05-13,7,14324.0,15211.0,open,False,5898.882500000007,4,15.0
2024,open,064850,에프앤가이드,pullback,2024-05-13,2024-05-14,2024-05-21,2024-05-21,15,7490.0,7470.0,open,False,-636.6000000000058,4,15.0
2024,open,170920,엘티씨,breakout,2024-05-21,2024-05-22,2024-05-28,2024-05-28,6,18570.0,15520.0,open,False,-18606.809999999998,4,15.0
2024,open,051630,진양화학,pullback,2024-05-28,2024-05-29,2024-06-04,2024-06-04,31,3206.0,3252.0,open,False,1125.702999999994,4,15.0
2024,open,036460,한국가스공사,breakout,2024-06-04,2024-06-05,2024-06-12,2024-06-12,2,39000.0,43700.0,open,False,9151.900000000009,4,15.0
2024,open,149980,하이로닉,breakout,2024-06-12,2024-06-13,2024-06-19,2024-06-19,6,17087.0,15961.0,open,False,-7053.432000000001,4,15.0
2024,open,026890,스틱인베스트먼트,pullback,2024-06-19,2024-06-20,2024-06-26,2024-06-26,9,11050.0,9900.0,open,False,-10632.824999999997,4,15.0
2024,open,149980,하이로닉,breakout,2024-06-26,2024-06-27,2024-07-03,2024-07-03,5,18434.0,16081.0,open,False,-12023.862500000003,4,15.0
2024,open,003570,SNT다이내믹스,pullback,2024-07-04,2024-07-05,2024-07-11,2024-07-11,3,20300.0,20500.0,open,False,416.3999999999942,4,15.0
2024,open,220100,퓨쳐켐,breakout,2024-07-12,2024-07-15,2024-07-19,2024-07-19,4,16859.0,17100.0,open,False,760.2459999999992,4,15.0
2024,open,001130,대한제분,breakout,2024-07-19,2024-07-22,2024-07-26,2024-07-26,5,14450.0,14000.0,open,False,-2463.375,4,15.0
2024,open,006360,GS건설,breakout,2024-07-26,2024-07-29,2024-08-02,2024-08-02,4,19220.0,19860.0,open,False,2325.520000000004,4,15.0
2024,open,053350,이니텍,breakout,2024-08-02,2024-08-05,2024-08-09,2024-08-09,20,3975.0,3570.0,open,False,-8326.349999999991,4,15.0
2024,open,246250,에스엘에스바이오,breakout,2024-08-09,2024-08-12,2024-08-19,2024-08-19,16,4560.0,4500.0,open,False,-1177.4400000000023,4,15.0
2024,open,000080,하이트진로,breakout,2024-08-19,2024-08-20,2024-08-26,2024-08-26,3,22250.0,21900.0,open,False,-1248.675000000003,4,15.0
2024,open,064850,에프앤가이드,breakout,2024-08-26,2024-08-27,2024-09-02,2024-09-02,8,8680.0,9650.0,open,False,7540.039999999994,4,15.0
2024,open,064850,에프앤가이드,breakout,2024-09-02,2024-09-03,2024-09-09,2024-09-09,6,11290.0,14290.0,open,False,17769.78,4,15.0
2024,open,015360,INVENI,pullback,2024-09-09,2024-09-10,2024-09-19,2024-09-19,10,9150.0,9160.0,open,False,-174.64999999999418,4,15.0
2024,open,064850,에프앤가이드,breakout,2024-09-19,2024-09-20,2024-09-26,2024-09-26,5,19150.0,27600.0,open,False,41899.375,4,15.0
2024,open,006800,미래에셋증권,pullback,2024-09-26,2024-09-27,2024-10-07,2024-10-07,15,8662.0,8562.0,open,False,-1887.5399999999936,4,15.0
2024,open,081580,성우전자,breakout,2024-10-07,2024-10-08,2024-10-15,2024-10-15,26,5070.0,4710.0,open,False,-9741.419999999998,4,15.0
2024,open,326030,SK바이오팜,breakout,2024-10-15,2024-10-16,2024-10-22,2024-10-22,1,125700.0,123700.0,open,False,-2374.0999999999913,4,15.0
2024,open,015360,INVENI,breakout,2024-10-22,2024-10-23,2024-10-29,2024-10-29,12,10040.0,10460.0,open,False,4671.0,4,15.0
2024,open,015360,INVENI,breakout,2024-10-29,2024-10-30,2024-11-05,2024-11-05,12,10500.0,9970.0,open,False,-6728.459999999992,4,15.0
2024,open,016360,삼성증권,pullback,2024-11-05,2024-11-06,2024-11-12,2024-11-12,2,46650.0,46600.0,open,False,-379.75,4,15.0
2024,open,127120,제이에스링크,breakout,2024-11-12,2024-11-13,2024-11-19,2024-11-19,30,3965.0,3740.0,open,False,-7096.724999999991,4,15.0
2024,open,000080,하이트진로,pullback,2024-11-19,2024-11-20,2024-11-26,2024-11-26,5,20750.0,20600.0,open,False,-1060.125,4,15.0
2024,open,127120,제이에스링크,pullback,2024-11-26,2024-11-27,2024-12-03,2024-12-03,29,3870.0,4130.0,open,False,7192.0,4,15.0
2024,open,016360,삼성증권,breakout,2024-12-03,2024-12-04,2024-12-10,2024-12-10,2,49800.0,45400.0,open,False,-9085.600000000006,4,15.0
2024,open,015020,이스타코,breakout,2024-12-10,2024-12-11,2024-12-17,2024-12-17,20,5310.0,3276.0,open,False,-40937.58,4,15.0
2024,open,015360,INVENI,breakout,2024-12-17,2024-12-18,2024-12-24,2024-12-24,6,10640.0,11100.0,open,False,2564.340000000004,4,15.0
2024,open,015360,INVENI,breakout,2024-12-26,2024-12-27,2025-01-06,2025-01-06,6,10760.0,9900.0,open,False,-5345.940000000002,4,15.0
2024,close,326030,SK바이오팜,breakout,2024-01-02,2024-01-03,2024-01-09,2024-01-09,2,103300.0,96300.0,open,False,-14598.800000000017,4,15.0
2024,close,004540,깨끗한나라,breakout,2024-01-10,2024-01-11,2024-01-17,2024-01-17,92,3085.0,2820.0,open,False,-25194.890000000014,4,15.0
2024,close,131370,알서포트,breakout,2024-01-18,2024-01-19,2024-01-25,2024-01-25,49,5280.0,5370.0,open,False,3627.2249999999767,4,15.0
2024,close,170920,엘티씨,breakout,2024-01-25,2024-01-26,2024-02-01,2024-02-01,14,17700.0,15510.0,open,False,-31357.410000000003,4,15.0
2024,close,163560,동일고무벨트,pullback,2024-02-01,2024-02-02,2024-02-08,2024-02-08,36,6380.0,6390.0,open,False,-329.5800000000163,4,15.0
2024,close,170920,엘티씨,pullback,2024-02-13,2024-02-14,2024-02-20,2024-02-20,14,16210.0,16620.0,open,False,5050.570000000007,4,15.0
2024,close,014160,대영포장,breakout,2024-02-20,2024-02-21,2024-02-27,2024-02-27,188,1258.0,1219.0,open,False,-8030.514000000025,4,15.0
2024,close,163560,동일고무벨트,breakout,2024-02-27,2024-02-28,2024-03-06,2024-03-06,24,9320.0,8310.0,open,False,-24874.680000000022,4,15.0
2024,close,001460,BYC,breakout,2024-03-06,2024-03-07,2024-03-13,2024-03-13,4,49950.0,47400.0,open,False,-10784.100000000006,4,15.0
2024,close,006220,제주은행,pullback,2024-03-13,2024-03-14,2024-03-20,2024-03-20,13,14300.0,12860.0,open,False,-19249.619999999995,4,15.0
2024,close,014160,대영포장,breakout,2024-03-20,2024-03-21,2024-03-27,2024-03-27,93,1866.0,1807.0,open,False,-5999.383499999996,4,15.0
2024,close,026890,스틱인베스트먼트,breakout,2024-03-27,2024-03-28,2024-04-03,2024-04-03,21,7800.0,7540.0,open,False,-5943.209999999992,4,15.0
2024,close,006360,GS건설,breakout,2024-04-03,2024-04-04,2024-04-11,2024-04-11,10,15760.0,14860.0,open,False,-9459.300000000017,4,15.0
2024,close,163560,동일고무벨트,pullback,2024-04-11,2024-04-12,2024-04-18,2024-04-18,16,9450.0,7990.0,open,False,-23778.560000000012,4,15.0
2024,close,265520,AP시스템,breakout,2024-04-18,2024-04-19,2024-04-25,2024-04-25,3,32500.0,32750.0,open,False,456.375,4,15.0
2024,close,089850,유비벨록스,breakout,2024-04-25,2024-04-26,2024-05-03,2024-05-03,11,11500.0,10070.0,open,False,-16085.904999999999,4,15.0
2024,close,149980,하이로닉,pullback,2024-05-03,2024-05-07,2024-05-13,2024-05-13,7,14324.0,15211.0,open,False,5898.882500000007,4,15.0
2024,close,064850,에프앤가이드,pullback,2024-05-13,2024-05-14,2024-05-21,2024-05-21,15,7490.0,7470.0,open,False,-636.6000000000058,4,15.0
2024,close,170920,엘티씨,breakout,2024-05-21,2024-05-22,2024-05-28,2024-05-28,6,18570.0,15520.0,open,False,-18606.809999999998,4,15.0
2024,close,051630,진양화학,pullback,2024-05-28,2024-05-29,2024-06-04,2024-06-04,31,3206.0,3252.0,open,False,1125.702999999994,4,15.0
2024,close,036460,한국가스공사,breakout,2024-06-04,2024-06-05,2024-06-12,2024-06-12,2,39000.0,43700.0,open,False,9151.900000000009,4,15.0
2024,close,149980,하이로닉,breakout,2024-06-12,2024-06-13,2024-06-19,2024-06-19,6,17087.0,15961.0,open,False,-7053.432000000001,4,15.0
2024,close,026890,스틱인베스트먼트,pullback,2024-06-19,2024-06-20,2024-06-26,2024-06-26,9,11050.0,9900.0,open,False,-10632.824999999997,4,15.0
2024,close,149980,하이로닉,breakout,2024-06-26,2024-06-27,2024-07-03,2024-07-03,5,18434.0,16081.0,open,False,-12023.862500000003,4,15.0
2024,close,003570,SNT다이내믹스,pullback,2024-07-04,2024-07-05,2024-07-11,2024-07-11,3,20300.0,20500.0,open,False,416.3999999999942,4,15.0
2024,close,220100,퓨쳐켐,breakout,2024-07-12,2024-07-15,2024-07-19,2024-07-19,4,16859.0,17100.0,open,False,760.2459999999992,4,15.0
2024,close,001130,대한제분,breakout,2024-07-19,2024-07-22,2024-07-26,2024-07-26,5,14450.0,14000.0,open,False,-2463.375,4,15.0
2024,close,006360,GS건설,breakout,2024-07-26,2024-07-29,2024-08-02,2024-08-02,4,19220.0,19860.0,open,False,2325.520000000004,4,15.0
2024,close,053350,이니텍,breakout,2024-08-02,2024-08-05,2024-08-09,2024-08-09,20,3975.0,3570.0,open,False,-8326.349999999991,4,15.0
2024,close,246250,에스엘에스바이오,breakout,2024-08-09,2024-08-12,2024-08-19,2024-08-19,16,4560.0,4500.0,open,False,-1177.4400000000023,4,15.0
2024,close,000080,하이트진로,breakout,2024-08-19,2024-08-20,2024-08-26,2024-08-26,3,22250.0,21900.0,open,False,-1248.675000000003,4,15.0
2024,close,064850,에프앤가이드,breakout,2024-08-26,2024-08-27,2024-09-02,2024-09-02,8,8680.0,9650.0,open,False,7540.039999999994,4,15.0
2024,close,064850,에프앤가이드,breakout,2024-09-02,2024-09-03,2024-09-09,2024-09-09,6,11290.0,14290.0,open,False,17769.78,4,15.0
2024,close,015360,INVENI,pullback,2024-09-09,2024-09-10,2024-09-19,2024-09-19,10,9150.0,9160.0,open,False,-174.64999999999418,4,15.0
2024,close,064850,에프앤가이드,breakout,2024-09-19,2024-09-20,2024-09-26,2024-09-26,5,19150.0,27600.0,open,False,41899.375,4,15.0
2024,close,006800,미래에셋증권,pullback,2024-09-26,2024-09-27,2024-10-07,2024-10-07,15,8662.0,8562.0,open,False,-1887.5399999999936,4,15.0
2024,close,081580,성우전자,breakout,2024-10-07,2024-10-08,2024-10-15,2024-10-15,26,5070.0,4710.0,open,False,-9741.419999999998,4,15.0
2024,close,326030,SK바이오팜,breakout,2024-10-15,2024-10-16,2024-10-22,2024-10-22,1,125700.0,123700.0,open,False,-2374.0999999999913,4,15.0
2024,close,015360,INVENI,breakout,2024-10-22,2024-10-23,2024-10-29,2024-10-29,12,10040.0,10460.0,open,False,4671.0,4,15.0
2024,close,015360,INVENI,breakout,2024-10-29,2024-10-30,2024-11-05,2024-11-05,12,10500.0,9970.0,open,False,-6728.459999999992,4,15.0
2024,close,016360,삼성증권,pullback,2024-11-05,2024-11-06,2024-11-12,2024-11-12,2,46650.0,46600.0,open,False,-379.75,4,15.0
2024,close,127120,제이에스링크,breakout,2024-11-12,2024-11-13,2024-11-19,2024-11-19,30,3965.0,3740.0,open,False,-7096.724999999991,4,15.0
2024,close,000080,하이트진로,pullback,2024-11-19,2024-11-20,2024-11-26,2024-11-26,5,20750.0,20600.0,open,False,-1060.125,4,15.0
2024,close,127120,제이에스링크,pullback,2024-11-26,2024-11-27,2024-12-03,2024-12-03,29,3870.0,4130.0,open,False,7192.0,4,15.0
2024,close,016360,삼성증권,breakout,2024-12-03,2024-12-04,2024-12-10,2024-12-10,2,49800.0,45400.0,open,False,-9085.600000000006,4,15.0
2024,close,015020,이스타코,breakout,2024-12-10,2024-12-11,2024-12-17,2024-12-17,20,5310.0,3276.0,open,False,-40937.58,4,15.0
2024,close,015360,INVENI,breakout,2024-12-17,2024-12-18,2024-12-24,2024-12-24,6,10640.0,11100.0,open,False,2564.340000000004,4,15.0
2024,close,015360,INVENI,breakout,2024-12-26,2024-12-27,2025-01-06,2025-01-06,6,10760.0,9900.0,open,False,-5345.940000000002,4,15.0
2024,low,326030,SK바이오팜,breakout,2024-01-02,2024-01-03,2024-01-09,2024-01-09,2,103300.0,96300.0,open,False,-14598.800000000017,4,15.0
2024,low,004540,깨끗한나라,breakout,2024-01-10,2024-01-11,2024-01-17,2024-01-17,92,3085.0,2820.0,open,False,-25194.890000000014,4,15.0
2024,low,131370,알서포트,breakout,2024-01-18,2024-01-19,2024-01-25,2024-01-25,49,5280.0,5370.0,open,False,3627.2249999999767,4,15.0
2024,low,170920,엘티씨,breakout,2024-01-25,2024-01-26,2024-02-01,2024-02-01,14,17700.0,15510.0,open,False,-31357.410000000003,4,15.0
2024,low,163560,동일고무벨트,pullback,2024-02-01,2024-02-02,2024-02-08,2024-02-08,36,6380.0,6390.0,open,False,-329.5800000000163,4,15.0
2024,low,170920,엘티씨,pullback,2024-02-13,2024-02-14,2024-02-20,2024-02-20,14,16210.0,16620.0,open,False,5050.570000000007,4,15.0
2024,low,014160,대영포장,breakout,2024-02-20,2024-02-21,2024-02-27,2024-02-27,188,1258.0,1219.0,open,False,-8030.514000000025,4,15.0
2024,low,163560,동일고무벨트,breakout,2024-02-27,2024-02-28,2024-03-06,2024-03-06,24,9320.0,8310.0,open,False,-24874.680000000022,4,15.0
2024,low,001460,BYC,breakout,2024-03-06,2024-03-07,2024-03-13,2024-03-13,4,49950.0,47400.0,open,False,-10784.100000000006,4,15.0
2024,low,006220,제주은행,pullback,2024-03-13,2024-03-14,2024-03-20,2024-03-20,13,14300.0,12860.0,open,False,-19249.619999999995,4,15.0
2024,low,014160,대영포장,breakout,2024-03-20,2024-03-21,2024-03-27,2024-03-27,93,1866.0,1807.0,open,False,-5999.383499999996,4,15.0
2024,low,026890,스틱인베스트먼트,breakout,2024-03-27,2024-03-28,2024-04-03,2024-04-03,21,7800.0,7540.0,open,False,-5943.209999999992,4,15.0
2024,low,006360,GS건설,breakout,2024-04-03,2024-04-04,2024-04-11,2024-04-11,10,15760.0,14860.0,open,False,-9459.300000000017,4,15.0
2024,low,163560,동일고무벨트,pullback,2024-04-11,2024-04-12,2024-04-18,2024-04-18,16,9450.0,7990.0,open,False,-23778.560000000012,4,15.0
2024,low,265520,AP시스템,breakout,2024-04-18,2024-04-19,2024-04-25,2024-04-25,3,32500.0,32750.0,open,False,456.375,4,15.0
2024,low,089850,유비벨록스,breakout,2024-04-25,2024-04-26,2024-05-03,2024-05-03,11,11500.0,10070.0,open,False,-16085.904999999999,4,15.0
2024,low,149980,하이로닉,pullback,2024-05-03,2024-05-07,2024-05-13,2024-05-13,7,14324.0,15211.0,open,False,5898.882500000007,4,15.0
2024,low,064850,에프앤가이드,pullback,2024-05-13,2024-05-14,2024-05-21,2024-05-21,15,7490.0,7470.0,open,False,-636.6000000000058,4,15.0
2024,low,170920,엘티씨,breakout,2024-05-21,2024-05-22,2024-05-28,2024-05-28,6,18570.0,15520.0,open,False,-18606.809999999998,4,15.0
2024,low,051630,진양화학,pullback,2024-05-28,2024-05-29,2024-06-04,2024-06-04,31,3206.0,3252.0,open,False,1125.702999999994,4,15.0
2024,low,036460,한국가스공사,breakout,2024-06-04,2024-06-05,2024-06-12,2024-06-12,2,39000.0,43700.0,open,False,9151.900000000009,4,15.0
2024,low,149980,하이로닉,breakout,2024-06-12,2024-06-13,2024-06-19,2024-06-19,6,17087.0,15961.0,open,False,-7053.432000000001,4,15.0
2024,low,026890,스틱인베스트먼트,pullback,2024-06-19,2024-06-20,2024-06-26,2024-06-26,9,11050.0,9900.0,open,False,-10632.824999999997,4,15.0
2024,low,149980,하이로닉,breakout,2024-06-26,2024-06-27,2024-07-03,2024-07-03,5,18434.0,16081.0,open,False,-12023.862500000003,4,15.0
2024,low,003570,SNT다이내믹스,pullback,2024-07-04,2024-07-05,2024-07-11,2024-07-11,3,20300.0,20500.0,open,False,416.3999999999942,4,15.0
2024,low,220100,퓨쳐켐,breakout,2024-07-12,2024-07-15,2024-07-19,2024-07-19,4,16859.0,17100.0,open,False,760.2459999999992,4,15.0
2024,low,001130,대한제분,breakout,2024-07-19,2024-07-22,2024-07-26,2024-07-26,5,14450.0,14000.0,open,False,-2463.375,4,15.0
2024,low,006360,GS건설,breakout,2024-07-26,2024-07-29,2024-08-02,2024-08-02,4,19220.0,19860.0,open,False,2325.520000000004,4,15.0
2024,low,053350,이니텍,breakout,2024-08-02,2024-08-05,2024-08-09,2024-08-09,20,3975.0,3570.0,open,False,-8326.349999999991,4,15.0
2024,low,246250,에스엘에스바이오,breakout,2024-08-09,2024-08-12,2024-08-19,2024-08-19,16,4560.0,4500.0,open,False,-1177.4400000000023,4,15.0
2024,low,000080,하이트진로,breakout,2024-08-19,2024-08-20,2024-08-26,2024-08-26,3,22250.0,21900.0,open,False,-1248.675000000003,4,15.0
2024,low,064850,에프앤가이드,breakout,2024-08-26,2024-08-27,2024-09-02,2024-09-02,8,8680.0,9650.0,open,False,7540.039999999994,4,15.0
2024,low,064850,에프앤가이드,breakout,2024-09-02,2024-09-03,2024-09-09,2024-09-09,6,11290.0,14290.0,open,False,17769.78,4,15.0
2024,low,015360,INVENI,pullback,2024-09-09,2024-09-10,2024-09-19,2024-09-19,10,9150.0,9160.0,open,False,-174.64999999999418,4,15.0
2024,low,064850,에프앤가이드,breakout,2024-09-19,2024-09-20,2024-09-26,2024-09-26,5,19150.0,27600.0,open,False,41899.375,4,15.0
2024,low,006800,미래에셋증권,pullback,2024-09-26,2024-09-27,2024-10-07,2024-10-07,15,8662.0,8562.0,open,False,-1887.5399999999936,4,15.0
2024,low,081580,성우전자,breakout,2024-10-07,2024-10-08,2024-10-15,2024-10-15,26,5070.0,4710.0,open,False,-9741.419999999998,4,15.0
2024,low,326030,SK바이오팜,breakout,2024-10-15,2024-10-16,2024-10-22,2024-10-22,1,125700.0,123700.0,open,False,-2374.0999999999913,4,15.0
2024,low,015360,INVENI,breakout,2024-10-22,2024-10-23,2024-10-29,2024-10-29,12,10040.0,10460.0,open,False,4671.0,4,15.0
2024,low,015360,INVENI,breakout,2024-10-29,2024-10-30,2024-11-05,2024-11-05,12,10500.0,9970.0,open,False,-6728.459999999992,4,15.0
2024,low,016360,삼성증권,pullback,2024-11-05,2024-11-06,2024-11-12,2024-11-12,2,46650.0,46600.0,open,False,-379.75,4,15.0
2024,low,127120,제이에스링크,breakout,2024-11-12,2024-11-13,2024-11-19,2024-11-19,30,3965.0,3740.0,open,False,-7096.724999999991,4,15.0
2024,low,000080,하이트진로,pullback,2024-11-19,2024-11-20,2024-11-26,2024-11-26,5,20750.0,20600.0,open,False,-1060.125,4,15.0
2024,low,127120,제이에스링크,pullback,2024-11-26,2024-11-27,2024-12-03,2024-12-03,29,3870.0,4130.0,open,False,7192.0,4,15.0
2024,low,016360,삼성증권,breakout,2024-12-03,2024-12-04,2024-12-10,2024-12-10,2,49800.0,45400.0,open,False,-9085.600000000006,4,15.0
2024,low,015020,이스타코,breakout,2024-12-10,2024-12-11,2024-12-17,2024-12-17,20,5310.0,3276.0,open,False,-40937.58,4,15.0
2024,low,015360,INVENI,breakout,2024-12-17,2024-12-18,2024-12-24,2024-12-24,6,10640.0,11100.0,open,False,2564.340000000004,4,15.0
2024,low,015360,INVENI,breakout,2024-12-26,2024-12-27,2025-01-06,2025-01-06,6,10760.0,9900.0,open,False,-5345.940000000002,4,15.0
2025,open,204320,HL만도,pullback,2025-01-02,2025-01-03,2025-01-09,2025-01-09,7,42000.0,42400.0,open,False,1913.7999999999884,4,15.0
2025,open,081150,티플랙스,pullback,2025-01-09,2025-01-10,2025-01-16,2025-01-16,94,3200.0,3160.0,open,False,-4656.760000000009,4,15.0
2025,open,003030,세아제강지주,breakout,2025-01-17,2025-01-20,2025-01-24,2025-01-24,1,206500.0,208500.0,open,False,1377.5,4,15.0
2025,open,025980,아난티,breakout,2025-01-24,2025-01-31,2025-02-06,2025-02-06,49,6040.0,5760.0,open,False,-14587.299999999988,4,15.0
2025,open,136480,하림,breakout,2025-02-06,2025-02-07,2025-02-13,2025-02-13,95,2980.0,2910.0,open,False,-7489.325000000012,4,15.0
2025,open,204320,HL만도,breakout,2025-02-13,2025-02-14,2025-02-20,2025-02-20,5,46650.0,45450.0,open,False,-6690.75,4,15.0
2025,open,003030,세아제강지주,pullback,2025-02-20,2025-02-21,2025-02-27,2025-02-27,1,230000.0,240500.0,open,False,9794.25,4,15.0
2025,open,053350,이니텍,breakout,2025-02-27,2025-02-28,2025-03-07,2025-03-07,60,4615.0,5010.0,open,False,22833.75,4,15.0
2025,open,052220,iMBC,breakout,2025-03-07,2025-03-10,2025-03-14,2025-03-14,72,4175.0,4150.0,open,False,-2699.100000000035,4,15.0
2025,open,006040,동원산업,pullback,2025-03-14,2025-03-17,2025-03-21,2025-03-21,8,36350.0,37800.0,open,False,10710.200000000012,4,15.0
2025,open,003570,SNT다이내믹스,pullback,2025-03-21,2025-03-24,2025-03-28,2025-03-28,9,34300.0,30350.0,open,False,-36422.77500000002,4,15.0
2025,open,053350,이니텍,breakout,2025-03-28,2025-03-31,2025-04-04,2025-04-04,27,9970.0,8300.0,open,False,-45829.93500000003,4,15.0
2025,open,331520,밸로프,pullback,2025-04-04,2025-04-07,2025-04-11,2025-04-11,46,4860.0,4360.0,open,False,-23636.180000000022,4,15.0
2025,open,310200,애니플러스,pullback,2025-04-11,2025-04-14,2025-04-18,2025-04-18,61,3315.0,3520.0,open,False,11879.597500000003,4,15.0
2025,open,036620,감성코퍼레이션,pullback,2025-04-18,2025-04-21,2025-04-25,2025-04-25,54,3990.0,3800.0,open,False,-10890.98999999999,4,15.0
2025,open,006800,미래에셋증권,breakout,2025-04-25,2025-04-28,2025-05-07,2025-05-07,20,10255.0,12027.0,open,False,34771.53999999998,4,15.0
2025,open,025980,아난티,breakout,2025-05-07,2025-05-08,2025-05-14,2025-05-14,32,7320.0,7000.0,open,False,-10927.360000000015,4,15.0
2025,open,344860,이노진,breakout,2025-05-14,2025-05-15,2025-05-21,2025-05-21,88,2575.0,2080.0,open,False,-44174.46000000002,4,15.0
2025,open,036620,감성코퍼레이션,breakout,2025-05-21,2025-05-22,2025-05-28,2025-05-28,42,4350.0,5110.0,open,False,31324.01999999999,4,15.0
2025,open,053350,이니텍,breakout,2025-05-28,2025-05-29,2025-06-05,2025-06-05,22,9750.0,8740.0,open,False,-22830.169999999984,4,15.0
2025,open,003830,대한화섬,breakout,2025-06-05,2025-06-09,2025-06-13,2025-06-13,1,142400.0,148500.0,open,False,5663.649999999994,4,15.0
2025,open,025980,아난티,breakout,2025-06-13,2025-06-16,2025-06-20,2025-06-20,19,10280.0,10620.0,open,False,5864.350000000006,4,15.0
2025,open,415380,스튜디오삼익,breakout,2025-06-20,2025-06-23,2025-06-27,2025-06-27,66,3069.0,3257.0,open,False,11781.725999999995,4,15.0
2025,open,015860,일진홀딩스,pullback,2025-06-27,2025-06-30,2025-07-04,2025-07-04,41,5190.0,5650.0,open,False,18193.340000000026,4,15.0
2025,open,036460,한국가스공사,breakout,2025-07-04,2025-07-07,2025-07-11,2025-07-11,5,46400.0,45400.0,open,False,-5688.5,4,15.0
2025,open,030210,다올투자증권,breakout,2025-07-11,2025-07-14,2025-07-18,2025-07-18,55,4160.0,3905.0,open,False,-14690.362499999988,4,15.0
2025,open,008260,NI스틸,pullback,2025-07-21,2025-07-22,2025-07-28,2025-07-28,56,3825.0,3800.0,open,False,-2040.5,4,15.0
2025,open,014680,한솔케미칼,pullback,2025-07-28,2025-07-29,2025-08-04,2025-08-04,1,183700.0,171000.0,open,False,-13232.050000000017,4,15.0
2025,open,128540,에코캡,pullback,2025-08-04,2025-08-05,2025-08-11,2025-08-11,102,1952.0,1867.0,open,False,-9254.307,4,15.0
2025,open,127120,제이에스링크,breakout,2025-08-11,2025-08-12,2025-08-19,2025-08-19,11,17000.0,17300.0,open,False,2734.0500000000175,4,15.0
2025,open,415380,스튜디오삼익,breakout,2025-08-19,2025-08-20,2025-08-26,2025-08-26,59,3250.0,3868.0,open,False,35832.057,4,15.0
2025,open,003570,SNT다이내믹스,breakout,2025-08-26,2025-08-27,2025-09-02,2025-09-02,3,64000.0,64400.0,open,False,622.2000000000116,4,15.0
2025,open,124560,태웅로직스,pullback,2025-09-02,2025-09-03,2025-09-09,2025-09-09,67,3415.0,3205.0,open,False,-14735.309999999998,4,15.0
2025,open,170920,엘티씨,breakout,2025-09-11,2025-09-12,2025-09-18,2025-09-18,14,14670.0,17350.0,open,False,36847.580000000016,4,15.0
2025,open,170920,엘티씨,breakout,2025-09-18,2025-09-19,2025-09-25,2025-09-25,12,19400.0,19780.0,open,False,3854.7600000000093,4,15.0
2025,open,064850,에프앤가이드,pullback,2025-09-25,2025-09-26,2025-10-02,2025-10-02,29,8610.0,8620.0,open,False,-459.50499999997555,4,15.0
2025,open,006800,미래에셋증권,pullback,2025-10-02,2025-10-10,2025-10-16,2025-10-16,11,22203.0,21805.0,open,False,-5104.132000000012,4,15.0
2025,open,457190,이수스페셜티케미컬,breakout,2025-10-16,2025-10-17,2025-10-23,2025-10-23,4,55500.0,57300.0,open,False,6523.200000000012,4,15.0
2025,open,015860,일진홀딩스,breakout,2025-10-24,2025-10-27,2025-10-31,2025-10-31,38,6590.0,6740.0,open,False,4940.190000000002,4,15.0
2025,open,064850,에프앤가이드,pullback,2025-10-31,2025-11-03,2025-11-07,2025-11-07,29,8970.0,8680.0,open,False,-9177.774999999994,4,15.0
2025,open,309960,LB인베스트먼트,pullback,2025-11-07,2025-11-10,2025-11-14,2025-11-14,45,5580.0,5290.0,open,False,-13783.725000000006,4,15.0
2025,open,220100,퓨쳐켐,breakout,2025-11-14,2025-11-17,2025-11-21,2025-11-21,9,24119.0,24805.0,open,False,5513.5259999999835,4,15.0
2025,open,064850,에프앤가이드,pullback,2025-11-21,2025-11-24,2025-11-28,2025-11-28,28,8700.0,8720.0,open,False,-171.64000000001397,4,15.0
2025,open,204320,HL만도,breakout,2025-11-28,2025-12-01,2025-12-05,2025-12-05,4,49500.0,55800.0,open,False,24568.20000000001,4,15.0
2025,open,204320,HL만도,breakout,2025-12-05,2025-12-08,2025-12-12,2025-12-12,4,61000.0,53600.0,open,False,-30287.599999999977,4,15.0
2025,open,056080,유진로봇,breakout,2025-12-12,2025-12-15,2025-12-19,2025-12-19,14,16620.0,14320.0,open,False,-32849.74000000002,4,15.0
2025,open,309960,LB인베스트먼트,breakout,2025-12-19,2025-12-22,2025-12-29,2025-12-29,30,6830.0,6050.0,open,False,-23979.600000000006,4,15.0
2025,open,048770,TPC로보틱스,breakout,2025-12-29,2025-12-30,2026-01-07,2026-01-07,53,3365.0,3290.0,open,False,-4504.072500000009,4,15.0
2025,close,204320,HL만도,pullback,2025-01-02,2025-01-03,2025-01-09,2025-01-09,7,42000.0,42400.0,open,False,1913.7999999999884,4,15.0
2025,close,081150,티플랙스,pullback,2025-01-09,2025-01-10,2025-01-16,2025-01-16,94,3200.0,3160.0,open,False,-4656.760000000009,4,15.0
2025,close,003030,세아제강지주,breakout,2025-01-17,2025-01-20,2025-01-24,2025-01-24,1,206500.0,208500.0,open,False,1377.5,4,15.0
2025,close,025980,아난티,breakout,2025-01-24,2025-01-31,2025-02-06,2025-02-06,49,6040.0,5760.0,open,False,-14587.299999999988,4,15.0
2025,close,136480,하림,breakout,2025-02-06,2025-02-07,2025-02-13,2025-02-13,95,2980.0,2910.0,open,False,-7489.325000000012,4,15.0
2025,close,204320,HL만도,breakout,2025-02-13,2025-02-14,2025-02-20,2025-02-20,5,46650.0,45450.0,open,False,-6690.75,4,15.0
2025,close,003030,세아제강지주,pullback,2025-02-20,2025-02-21,2025-02-27,2025-02-27,1,230000.0,240500.0,open,False,9794.25,4,15.0
2025,close,053350,이니텍,breakout,2025-02-27,2025-02-28,2025-03-07,2025-03-07,60,4615.0,5010.0,open,False,22833.75,4,15.0
2025,close,052220,iMBC,breakout,2025-03-07,2025-03-10,2025-03-14,2025-03-14,72,4175.0,4150.0,open,False,-2699.100000000035,4,15.0
2025,close,006040,동원산업,pullback,2025-03-14,2025-03-17,2025-03-21,2025-03-21,8,36350.0,37800.0,open,False,10710.200000000012,4,15.0
2025,close,003570,SNT다이내믹스,pullback,2025-03-21,2025-03-24,2025-03-28,2025-03-28,9,34300.0,30350.0,open,False,-36422.77500000002,4,15.0
2025,close,053350,이니텍,breakout,2025-03-28,2025-03-31,2025-04-04,2025-04-04,27,9970.0,8300.0,open,False,-45829.93500000003,4,15.0
2025,close,331520,밸로프,pullback,2025-04-04,2025-04-07,2025-04-11,2025-04-11,46,4860.0,4360.0,open,False,-23636.180000000022,4,15.0
2025,close,310200,애니플러스,pullback,2025-04-11,2025-04-14,2025-04-18,2025-04-18,61,3315.0,3520.0,open,False,11879.597500000003,4,15.0
2025,close,036620,감성코퍼레이션,pullback,2025-04-18,2025-04-21,2025-04-25,2025-04-25,54,3990.0,3800.0,open,False,-10890.98999999999,4,15.0
2025,close,006800,미래에셋증권,breakout,2025-04-25,2025-04-28,2025-05-07,2025-05-07,20,10255.0,12027.0,open,False,34771.53999999998,4,15.0
2025,close,025980,아난티,breakout,2025-05-07,2025-05-08,2025-05-14,2025-05-14,32,7320.0,7000.0,open,False,-10927.360000000015,4,15.0
2025,close,344860,이노진,breakout,2025-05-14,2025-05-15,2025-05-21,2025-05-21,88,2575.0,2080.0,open,False,-44174.46000000002,4,15.0
2025,close,036620,감성코퍼레이션,breakout,2025-05-21,2025-05-22,2025-05-28,2025-05-28,42,4350.0,5110.0,open,False,31324.01999999999,4,15.0
2025,close,053350,이니텍,breakout,2025-05-28,2025-05-29,2025-06-05,2025-06-05,22,9750.0,8740.0,open,False,-22830.169999999984,4,15.0
2025,close,003830,대한화섬,breakout,2025-06-05,2025-06-09,2025-06-13,2025-06-13,1,142400.0,148500.0,open,False,5663.649999999994,4,15.0
2025,close,025980,아난티,breakout,2025-06-13,2025-06-16,2025-06-20,2025-06-20,19,10280.0,10620.0,open,False,5864.350000000006,4,15.0
2025,close,415380,스튜디오삼익,breakout,2025-06-20,2025-06-23,2025-06-27,2025-06-27,66,3069.0,3257.0,open,False,11781.725999999995,4,15.0
2025,close,015860,일진홀딩스,pullback,2025-06-27,2025-06-30,2025-07-04,2025-07-04,41,5190.0,5650.0,open,False,18193.340000000026,4,15.0
2025,close,036460,한국가스공사,breakout,2025-07-04,2025-07-07,2025-07-11,2025-07-11,5,46400.0,45400.0,open,False,-5688.5,4,15.0
2025,close,030210,다올투자증권,breakout,2025-07-11,2025-07-14,2025-07-18,2025-07-18,55,4160.0,3905.0,open,False,-14690.362499999988,4,15.0
2025,close,008260,NI스틸,pullback,2025-07-21,2025-07-22,2025-07-28,2025-07-28,56,3825.0,3800.0,open,False,-2040.5,4,15.0
2025,close,014680,한솔케미칼,pullback,2025-07-28,2025-07-29,2025-08-04,2025-08-04,1,183700.0,171000.0,open,False,-13232.050000000017,4,15.0
2025,close,128540,에코캡,pullback,2025-08-04,2025-08-05,2025-08-11,2025-08-11,102,1952.0,1867.0,open,False,-9254.307,4,15.0
2025,close,127120,제이에스링크,breakout,2025-08-11,2025-08-12,2025-08-19,2025-08-19,11,17000.0,17300.0,open,False,2734.0500000000175,4,15.0
2025,close,415380,스튜디오삼익,breakout,2025-08-19,2025-08-20,2025-08-26,2025-08-26,59,3250.0,3868.0,open,False,35832.057,4,15.0
2025,close,003570,SNT다이내믹스,breakout,2025-08-26,2025-08-27,2025-09-02,2025-09-02,3,64000.0,64400.0,open,False,622.2000000000116,4,15.0
2025,close,124560,태웅로직스,pullback,2025-09-02,2025-09-03,2025-09-09,2025-09-09,67,3415.0,3205.0,open,False,-14735.309999999998,4,15.0
2025,close,170920,엘티씨,breakout,2025-09-11,2025-09-12,2025-09-18,2025-09-18,14,14670.0,17350.0,open,False,36847.580000000016,4,15.0
2025,close,170920,엘티씨,breakout,2025-09-18,2025-09-19,2025-09-25,2025-09-25,12,19400.0,19780.0,open,False,3854.7600000000093,4,15.0
2025,close,064850,에프앤가이드,pullback,2025-09-25,2025-09-26,2025-10-02,2025-10-02,29,8610.0,8620.0,open,False,-459.50499999997555,4,15.0
2025,close,006800,미래에셋증권,pullback,2025-10-02,2025-10-10,2025-10-16,2025-10-16,11,22203.0,21805.0,open,False,-5104.132000000012,4,15.0
2025,close,457190,이수스페셜티케미컬,breakout,2025-10-16,2025-10-17,2025-10-23,2025-10-23,4,55500.0,57300.0,open,False,6523.200000000012,4,15.0
2025,close,015860,일진홀딩스,breakout,2025-10-24,2025-10-27,2025-10-31,2025-10-31,38,6590.0,6740.0,open,False,4940.190000000002,4,15.0
2025,close,064850,에프앤가이드,pullback,2025-10-31,2025-11-03,2025-11-07,2025-11-07,29,8970.0,8680.0,open,False,-9177.774999999994,4,15.0
2025,close,309960,LB인베스트먼트,pullback,2025-11-07,2025-11-10,2025-11-14,2025-11-14,45,5580.0,5290.0,open,False,-13783.725000000006,4,15.0
2025,close,220100,퓨쳐켐,breakout,2025-11-14,2025-11-17,2025-11-21,2025-11-21,9,24119.0,24805.0,open,False,5513.5259999999835,4,15.0
2025,close,064850,에프앤가이드,pullback,2025-11-21,2025-11-24,2025-11-28,2025-11-28,28,8700.0,8720.0,open,False,-171.64000000001397,4,15.0
2025,close,204320,HL만도,breakout,2025-11-28,2025-12-01,2025-12-05,2025-12-05,4,49500.0,55800.0,open,False,24568.20000000001,4,15.0
2025,close,204320,HL만도,breakout,2025-12-05,2025-12-08,2025-12-12,2025-12-12,4,61000.0,53600.0,open,False,-30287.599999999977,4,15.0
2025,close,056080,유진로봇,breakout,2025-12-12,2025-12-15,2025-12-19,2025-12-19,14,16620.0,14320.0,open,False,-32849.74000000002,4,15.0
2025,close,309960,LB인베스트먼트,breakout,2025-12-19,2025-12-22,2025-12-29,2025-12-29,30,6830.0,6050.0,open,False,-23979.600000000006,4,15.0
2025,close,048770,TPC로보틱스,breakout,2025-12-29,2025-12-30,2026-01-07,2026-01-07,53,3365.0,3290.0,open,False,-4504.072500000009,4,15.0
2025,low,204320,HL만도,pullback,2025-01-02,2025-01-03,2025-01-09,2025-01-09,7,42000.0,42400.0,open,False,1913.7999999999884,4,15.0
2025,low,081150,티플랙스,pullback,2025-01-09,2025-01-10,2025-01-16,2025-01-16,94,3200.0,3160.0,open,False,-4656.760000000009,4,15.0
2025,low,003030,세아제강지주,breakout,2025-01-17,2025-01-20,2025-01-24,2025-01-24,1,206500.0,208500.0,open,False,1377.5,4,15.0
2025,low,025980,아난티,breakout,2025-01-24,2025-01-31,2025-02-06,2025-02-06,49,6040.0,5760.0,open,False,-14587.299999999988,4,15.0
2025,low,136480,하림,breakout,2025-02-06,2025-02-07,2025-02-13,2025-02-13,95,2980.0,2910.0,open,False,-7489.325000000012,4,15.0
2025,low,204320,HL만도,breakout,2025-02-13,2025-02-14,2025-02-20,2025-02-20,5,46650.0,45450.0,open,False,-6690.75,4,15.0
2025,low,003030,세아제강지주,pullback,2025-02-20,2025-02-21,2025-02-27,2025-02-27,1,230000.0,240500.0,open,False,9794.25,4,15.0
2025,low,053350,이니텍,breakout,2025-02-27,2025-02-28,2025-03-07,2025-03-07,60,4615.0,5010.0,open,False,22833.75,4,15.0
2025,low,052220,iMBC,breakout,2025-03-07,2025-03-10,2025-03-14,2025-03-14,72,4175.0,4150.0,open,False,-2699.100000000035,4,15.0
2025,low,006040,동원산업,pullback,2025-03-14,2025-03-17,2025-03-21,2025-03-21,8,36350.0,37800.0,open,False,10710.200000000012,4,15.0
2025,low,003570,SNT다이내믹스,pullback,2025-03-21,2025-03-24,2025-03-28,2025-03-28,9,34300.0,30350.0,open,False,-36422.77500000002,4,15.0
2025,low,053350,이니텍,breakout,2025-03-28,2025-03-31,2025-04-04,2025-04-04,27,9970.0,8300.0,open,False,-45829.93500000003,4,15.0
2025,low,331520,밸로프,pullback,2025-04-04,2025-04-07,2025-04-11,2025-04-11,46,4860.0,4360.0,open,False,-23636.180000000022,4,15.0
2025,low,310200,애니플러스,pullback,2025-04-11,2025-04-14,2025-04-18,2025-04-18,61,3315.0,3520.0,open,False,11879.597500000003,4,15.0
2025,low,036620,감성코퍼레이션,pullback,2025-04-18,2025-04-21,2025-04-25,2025-04-25,54,3990.0,3800.0,open,False,-10890.98999999999,4,15.0
2025,low,006800,미래에셋증권,breakout,2025-04-25,2025-04-28,2025-05-07,2025-05-07,20,10255.0,12027.0,open,False,34771.53999999998,4,15.0
2025,low,025980,아난티,breakout,2025-05-07,2025-05-08,2025-05-14,2025-05-14,32,7320.0,7000.0,open,False,-10927.360000000015,4,15.0
2025,low,344860,이노진,breakout,2025-05-14,2025-05-15,2025-05-21,2025-05-21,88,2575.0,2080.0,open,False,-44174.46000000002,4,15.0
2025,low,036620,감성코퍼레이션,breakout,2025-05-21,2025-05-22,2025-05-28,2025-05-28,42,4350.0,5110.0,open,False,31324.01999999999,4,15.0
2025,low,053350,이니텍,breakout,2025-05-28,2025-05-29,2025-06-05,2025-06-05,22,9750.0,8740.0,open,False,-22830.169999999984,4,15.0
2025,low,003830,대한화섬,breakout,2025-06-05,2025-06-09,2025-06-13,2025-06-13,1,142400.0,148500.0,open,False,5663.649999999994,4,15.0
2025,low,025980,아난티,breakout,2025-06-13,2025-06-16,2025-06-20,2025-06-20,19,10280.0,10620.0,open,False,5864.350000000006,4,15.0
2025,low,415380,스튜디오삼익,breakout,2025-06-20,2025-06-23,2025-06-27,2025-06-27,66,3069.0,3257.0,open,False,11781.725999999995,4,15.0
2025,low,015860,일진홀딩스,pullback,2025-06-27,2025-06-30,2025-07-04,2025-07-04,41,5190.0,5650.0,open,False,18193.340000000026,4,15.0
2025,low,036460,한국가스공사,breakout,2025-07-04,2025-07-07,2025-07-11,2025-07-11,5,46400.0,45400.0,open,False,-5688.5,4,15.0
2025,low,030210,다올투자증권,breakout,2025-07-11,2025-07-14,2025-07-18,2025-07-18,55,4160.0,3905.0,open,False,-14690.362499999988,4,15.0
2025,low,008260,NI스틸,pullback,2025-07-21,2025-07-22,2025-07-28,2025-07-28,56,3825.0,3800.0,open,False,-2040.5,4,15.0
2025,low,014680,한솔케미칼,pullback,2025-07-28,2025-07-29,2025-08-04,2025-08-04,1,183700.0,171000.0,open,False,-13232.050000000017,4,15.0
2025,low,128540,에코캡,pullback,2025-08-04,2025-08-05,2025-08-11,2025-08-11,102,1952.0,1867.0,open,False,-9254.307,4,15.0
2025,low,127120,제이에스링크,breakout,2025-08-11,2025-08-12,2025-08-19,2025-08-19,11,17000.0,17300.0,open,False,2734.0500000000175,4,15.0
2025,low,415380,스튜디오삼익,breakout,2025-08-19,2025-08-20,2025-08-26,2025-08-26,59,3250.0,3868.0,open,False,35832.057,4,15.0
2025,low,003570,SNT다이내믹스,breakout,2025-08-26,2025-08-27,2025-09-02,2025-09-02,3,64000.0,64400.0,open,False,622.2000000000116,4,15.0
2025,low,124560,태웅로직스,pullback,2025-09-02,2025-09-03,2025-09-09,2025-09-09,67,3415.0,3205.0,open,False,-14735.309999999998,4,15.0
2025,low,170920,엘티씨,breakout,2025-09-11,2025-09-12,2025-09-18,2025-09-18,14,14670.0,17350.0,open,False,36847.580000000016,4,15.0
2025,low,170920,엘티씨,breakout,2025-09-18,2025-09-19,2025-09-25,2025-09-25,12,19400.0,19780.0,open,False,3854.7600000000093,4,15.0
2025,low,064850,에프앤가이드,pullback,2025-09-25,2025-09-26,2025-10-02,2025-10-02,29,8610.0,8620.0,open,False,-459.50499999997555,4,15.0
2025,low,006800,미래에셋증권,pullback,2025-10-02,2025-10-10,2025-10-16,2025-10-16,11,22203.0,21805.0,open,False,-5104.132000000012,4,15.0
2025,low,457190,이수스페셜티케미컬,breakout,2025-10-16,2025-10-17,2025-10-23,2025-10-23,4,55500.0,57300.0,open,False,6523.200000000012,4,15.0
2025,low,015860,일진홀딩스,breakout,2025-10-24,2025-10-27,2025-10-31,2025-10-31,38,6590.0,6740.0,open,False,4940.190000000002,4,15.0
2025,low,064850,에프앤가이드,pullback,2025-10-31,2025-11-03,2025-11-07,2025-11-07,29,8970.0,8680.0,open,False,-9177.774999999994,4,15.0
2025,low,309960,LB인베스트먼트,pullback,2025-11-07,2025-11-10,2025-11-14,2025-11-14,45,5580.0,5290.0,open,False,-13783.725000000006,4,15.0
2025,low,220100,퓨쳐켐,breakout,2025-11-14,2025-11-17,2025-11-21,2025-11-21,9,24119.0,24805.0,open,False,5513.5259999999835,4,15.0
2025,low,064850,에프앤가이드,pullback,2025-11-21,2025-11-24,2025-11-28,2025-11-28,28,8700.0,8720.0,open,False,-171.64000000001397,4,15.0
2025,low,204320,HL만도,breakout,2025-11-28,2025-12-01,2025-12-05,2025-12-05,4,49500.0,55800.0,open,False,24568.20000000001,4,15.0
2025,low,204320,HL만도,breakout,2025-12-05,2025-12-08,2025-12-12,2025-12-12,4,61000.0,53600.0,open,False,-30287.599999999977,4,15.0
2025,low,056080,유진로봇,breakout,2025-12-12,2025-12-15,2025-12-19,2025-12-19,14,16620.0,14320.0,open,False,-32849.74000000002,4,15.0
2025,low,309960,LB인베스트먼트,breakout,2025-12-19,2025-12-22,2025-12-29,2025-12-29,30,6830.0,6050.0,open,False,-23979.600000000006,4,15.0
2025,low,048770,TPC로보틱스,breakout,2025-12-29,2025-12-30,2026-01-07,2026-01-07,53,3365.0,3290.0,open,False,-4504.072500000009,4,15.0
2023,open,114090,GKL,pullback,2023-01-02,2023-01-03,2023-01-10,2023-01-10,15,18750.0,19050.0,open,False,3649.5,5,15.0
2023,open,073640,테라사이언스,breakout,2023-01-10,2023-01-11,2023-01-18,2023-01-18,130,2330.0,2245.0,open,False,-11942.125,5,15.0
2023,open,004870,티웨이홀딩스,breakout,2023-01-18,2023-01-19,2023-01-30,2023-01-30,93,3115.0,3339.0,open,False,19931.666999999958,5,15.0
2023,open,002700,신일전자,breakout,2023-01-30,2023-01-31,2023-02-07,2023-02-07,152,2035.0,2070.0,open,False,4384.059999999998,5,15.0
2023,open,105630,한세실업,breakout,2023-02-07,2023-02-08,2023-02-15,2023-02-15,18,17360.0,16800.0,open,False,-11002.320000000007,5,15.0
2023,open,105630,한세실업,pullback,2023-02-15,2023-02-16,2023-02-23,2023-02-23,17,17780.0,17310.0,open,False,-8884.794999999984,5,15.0
2023,open,000850,화천기공,breakout,2023-02-23,2023-02-24,2023-03-06,2023-03-06,8,33650.0,35500.0,open,False,13970.200000000012,5,15.0
2023,open,056080,유진로봇,breakout,2023-03-06,2023-03-07,2023-03-14,2023-03-14,40,7730.0,7150.0,open,False,-24092.800000000047,5,15.0
2023,open,001460,BYC,pullback,2023-03-15,2023-03-16,2023-03-23,2023-03-23,5,50800.0,48250.0,open,False,-13492.875,5,15.0
2023,open,030210,다올투자증권,breakout,2023-03-23,2023-03-24,2023-03-31,2023-03-31,51,5290.0,5270.0,open,False,-1827.8399999999674,5,15.0
2023,open,004360,세방,pullback,2023-03-31,2023-04-03,2023-04-10,2023-04-10,5,46000.0,45650.0,open,False,-2437.375,5,15.0
2023,open,099220,SDN,pullback,2023-04-10,2023-04-11,2023-04-18,2023-04-18,12,22300.0,22800.0,open,False,5188.200000000012,5,15.0
2023,open,101360,에코앤드림,pullback,2023-04-18,2023-04-19,2023-04-26,2023-04-26,7,38225.0,30570.0,open,False,-54307.347499999974,5,15.0
2023,open,011230,삼화전자,breakout,2023-04-26,2023-04-27,2023-05-08,2023-05-08,41,5239.0,12092.0,open,False,279907.1435,5,15.0
2023,open,067570,엔브이에이치코리아,pullback,2023-05-08,2023-05-09,2023-05-16,2023-05-16,129,3861.0,3619.0,open,False,-32665.380000000005,5,15.0
2023,open,000850,화천기공,pullback,2023-05-16,2023-05-17,2023-05-24,2023-05-24,12,38650.0,39350.0,open,False,6996.0,5,15.0
2023,open,006800,미래에셋증권,breakout,2023-05-24,2023-05-25,2023-06-02,2023-06-02,63,7427.0,7218.0,open,False,-14550.952500000014,5,15.0
2023,open,064850,에프앤가이드,breakout,2023-06-02,2023-06-05,2023-06-13,2023-06-13,51,8920.0,8790.0,open,False,-7984.815000000002,5,15.0
2023,open,000850,화천기공,breakout,2023-06-13,2023-06-14,2023-06-21,2023-06-21,11,40300.0,38600.0,open,False,-20001.849999999977,5,15.0
2023,open,204320,HL만도,breakout,2023-06-21,2023-06-22,2023-06-29,2023-06-29,8,51600.0,53200.0,open,False,11542.400000000023,5,15.0
2023,open,003030,세아제강지주,breakout,2023-06-29,2023-06-30,2023-07-07,2023-07-07,2,204000.0,193700.0,open,False,-21793.099999999977,5,15.0
2023,open,036620,감성코퍼레이션,breakout,2023-07-07,2023-07-10,2023-07-17,2023-07-17,89,4670.0,4415.0,open,False,-23907.847499999974,5,15.0
2023,open,043910,자연과환경,breakout,2023-07-17,2023-07-18,2023-07-25,2023-07-25,26,14870.0,11810.0,open,False,-80600.51999999996,5,15.0
2023,open,001740,SK네트웍스,breakout,2023-07-25,2023-07-26,2023-08-02,2023-08-02,51,6170.0,5820.0,open,False,-18767.234999999986,5,15.0
2023,open,326030,SK바이오팜,breakout,2023-08-02,2023-08-03,2023-08-10,2023-08-10,3,92600.0,98200.0,open,False,15941.400000000023,5,15.0
2023,open,326030,SK바이오팜,breakout,2023-08-10,2023-08-11,2023-08-21,2023-08-21,3,99800.0,87300.0,open,False,-38341.95000000001,5,15.0
2023,open,149980,하이로닉,breakout,2023-08-21,2023-08-22,2023-08-29,2023-08-29,13,19912.0,18204.0,open,False,-22947.261999999988,5,15.0
2023,open,089850,유비벨록스,breakout,2023-08-29,2023-08-30,2023-09-06,2023-09-06,27,9148.0,8905.0,open,False,-7292.146500000003,5,15.0
2023,open,003570,SNT다이내믹스,breakout,2023-09-06,2023-09-07,2023-09-14,2023-09-14,21,11400.0,11920.0,open,False,10185.420000000013,5,15.0
2023,open,326030,SK바이오팜,pullback,2023-09-14,2023-09-15,2023-09-22,2023-09-22,2,92300.0,86300.0,open,False,-12535.800000000017,5,15.0
2023,open,127120,제이에스링크,pullback,2023-09-22,2023-09-25,2023-10-06,2023-10-06,62,3890.0,3645.0,open,False,-15890.755000000005,5,15.0
2023,open,004270,남성,pullback,2023-10-06,2023-10-10,2023-10-17,2023-10-17,12,18285.0,17132.0,open,False,-14473.505999999994,5,15.0
2023,open,105630,한세실업,pullback,2023-10-18,2023-10-19,2023-10-26,2023-10-26,10,20350.0,21700.0,open,False,12869.25,5,15.0
2023,open,003570,SNT다이내믹스,pullback,2023-10-26,2023-10-27,2023-11-03,2023-11-03,17,12610.0,13060.0,open,False,6995.414999999979,5,15.0
2023,open,056080,유진로봇,pullback,2023-11-03,2023-11-06,2023-11-13,2023-11-13,19,11790.0,11200.0,open,False,-11865.214999999997,5,15.0
2023,open,015360,INVENI,breakout,2023-11-13,2023-11-14,2023-11-21,2023-11-21,31,6950.0,6990.0,open,False,591.7900000000081,5,15.0
2023,open,215200,메가스터디교육,pullback,2023-11-24,2023-11-27,2023-12-04,2023-12-04,3,61400.0,59700.0,open,False,-5644.950000000012,5,15.0
2023,open,016450,한세예스24홀딩스,pullback,2023-12-05,2023-12-06,2023-12-13,2023-12-13,43,4930.0,5040.0,open,False,4086.9349999999977,5,15.0
2023,open,279600,미디어젠,breakout,2023-12-13,2023-12-14,2023-12-21,2023-12-21,13,16403.0,18618.0,open,False,28112.09050000002,5,15.0
2023,open,279600,미디어젠,breakout,2023-12-21,2023-12-22,2024-01-03,2024-01-03,12,18982.0,20325.0,open,False,15408.474000000017,5,15.0
2023,close,114090,GKL,pullback,2023-01-02,2023-01-03,2023-01-10,2023-01-10,15,18750.0,19050.0,open,False,3649.5,5,15.0
2023,close,073640,테라사이언스,breakout,2023-01-10,2023-01-11,2023-01-18,2023-01-18,130,2330.0,2245.0,open,False,-11942.125,5,15.0
2023,close,004870,티웨이홀딩스,breakout,2023-01-18,2023-01-19,2023-01-30,2023-01-30,93,3115.0,3339.0,open,False,19931.666999999958,5,15.0
2023,close,002700,신일전자,breakout,2023-01-30,2023-01-31,2023-02-07,2023-02-07,152,2035.0,2070.0,open,False,4384.059999999998,5,15.0
2023,close,105630,한세실업,breakout,2023-02-07,2023-02-08,2023-02-15,2023-02-15,18,17360.0,16800.0,open,False,-11002.320000000007,5,15.0
2023,close,105630,한세실업,pullback,2023-02-15,2023-02-16,2023-02-23,2023-02-23,17,17780.0,17310.0,open,False,-8884.794999999984,5,15.0
2023,close,000850,화천기공,breakout,2023-02-23,2023-02-24,2023-03-06,2023-03-06,8,33650.0,35500.0,open,False,13970.200000000012,5,15.0
2023,close,056080,유진로봇,breakout,2023-03-06,2023-03-07,2023-03-14,2023-03-14,40,7730.0,7150.0,open,False,-24092.800000000047,5,15.0
2023,close,001460,BYC,pullback,2023-03-15,2023-03-16,2023-03-23,2023-03-23,5,50800.0,48250.0,open,False,-13492.875,5,15.0
2023,close,030210,다올투자증권,breakout,2023-03-23,2023-03-24,2023-03-31,2023-03-31,51,5290.0,5270.0,open,False,-1827.8399999999674,5,15.0
2023,close,004360,세방,pullback,2023-03-31,2023-04-03,2023-04-10,2023-04-10,5,46000.0,45650.0,open,False,-2437.375,5,15.0
2023,close,099220,SDN,pullback,2023-04-10,2023-04-11,2023-04-18,2023-04-18,12,22300.0,22800.0,open,False,5188.200000000012,5,15.0
2023,close,101360,에코앤드림,pullback,2023-04-18,2023-04-19,2023-04-26,2023-04-26,7,38225.0,30570.0,open,False,-54307.347499999974,5,15.0
2023,close,011230,삼화전자,breakout,2023-04-26,2023-04-27,2023-05-08,2023-05-08,41,5239.0,12092.0,open,False,279907.1435,5,15.0
2023,close,067570,엔브이에이치코리아,pullback,2023-05-08,2023-05-09,2023-05-16,2023-05-16,129,3861.0,3619.0,open,False,-32665.380000000005,5,15.0
2023,close,000850,화천기공,pullback,2023-05-16,2023-05-17,2023-05-24,2023-05-24,12,38650.0,39350.0,open,False,6996.0,5,15.0
2023,close,006800,미래에셋증권,breakout,2023-05-24,2023-05-25,2023-06-02,2023-06-02,63,7427.0,7218.0,open,False,-14550.952500000014,5,15.0
2023,close,064850,에프앤가이드,breakout,2023-06-02,2023-06-05,2023-06-13,2023-06-13,51,8920.0,8790.0,open,False,-7984.815000000002,5,15.0
2023,close,000850,화천기공,breakout,2023-06-13,2023-06-14,2023-06-21,2023-06-21,11,40300.0,38600.0,open,False,-20001.849999999977,5,15.0
2023,close,204320,HL만도,breakout,2023-06-21,2023-06-22,2023-06-29,2023-06-29,8,51600.0,53200.0,open,False,11542.400000000023,5,15.0
2023,close,003030,세아제강지주,breakout,2023-06-29,2023-06-30,2023-07-07,2023-07-07,2,204000.0,193700.0,open,False,-21793.099999999977,5,15.0
2023,close,036620,감성코퍼레이션,breakout,2023-07-07,2023-07-10,2023-07-17,2023-07-17,89,4670.0,4415.0,open,False,-23907.847499999974,5,15.0
2023,close,043910,자연과환경,breakout,2023-07-17,2023-07-18,2023-07-25,2023-07-25,26,14870.0,11810.0,open,False,-80600.51999999996,5,15.0
2023,close,001740,SK네트웍스,breakout,2023-07-25,2023-07-26,2023-08-02,2023-08-02,51,6170.0,5820.0,open,False,-18767.234999999986,5,15.0
2023,close,326030,SK바이오팜,breakout,2023-08-02,2023-08-03,2023-08-10,2023-08-10,3,92600.0,98200.0,open,False,15941.400000000023,5,15.0
2023,close,326030,SK바이오팜,breakout,2023-08-10,2023-08-11,2023-08-21,2023-08-21,3,99800.0,87300.0,open,False,-38341.95000000001,5,15.0
2023,close,149980,하이로닉,breakout,2023-08-21,2023-08-22,2023-08-29,2023-08-29,13,19912.0,18204.0,open,False,-22947.261999999988,5,15.0
2023,close,089850,유비벨록스,breakout,2023-08-29,2023-08-30,2023-09-06,2023-09-06,27,9148.0,8905.0,open,False,-7292.146500000003,5,15.0
2023,close,003570,SNT다이내믹스,breakout,2023-09-06,2023-09-07,2023-09-14,2023-09-14,21,11400.0,11920.0,open,False,10185.420000000013,5,15.0
2023,close,326030,SK바이오팜,pullback,2023-09-14,2023-09-15,2023-09-22,2023-09-22,2,92300.0,86300.0,open,False,-12535.800000000017,5,15.0
2023,close,127120,제이에스링크,pullback,2023-09-22,2023-09-25,2023-10-06,2023-10-06,62,3890.0,3645.0,open,False,-15890.755000000005,5,15.0
2023,close,004270,남성,pullback,2023-10-06,2023-10-10,2023-10-17,2023-10-17,12,18285.0,17132.0,open,False,-14473.505999999994,5,15.0
2023,close,105630,한세실업,pullback,2023-10-18,2023-10-19,2023-10-26,2023-10-26,10,20350.0,21700.0,open,False,12869.25,5,15.0
2023,close,003570,SNT다이내믹스,pullback,2023-10-26,2023-10-27,2023-11-03,2023-11-03,17,12610.0,13060.0,open,False,6995.414999999979,5,15.0
2023,close,056080,유진로봇,pullback,2023-11-03,2023-11-06,2023-11-13,2023-11-13,19,11790.0,11200.0,open,False,-11865.214999999997,5,15.0
2023,close,015360,INVENI,breakout,2023-11-13,2023-11-14,2023-11-21,2023-11-21,31,6950.0,6990.0,open,False,591.7900000000081,5,15.0
2023,close,215200,메가스터디교육,pullback,2023-11-24,2023-11-27,2023-12-04,2023-12-04,3,61400.0,59700.0,open,False,-5644.950000000012,5,15.0
2023,close,016450,한세예스24홀딩스,pullback,2023-12-05,2023-12-06,2023-12-13,2023-12-13,43,4930.0,5040.0,open,False,4086.9349999999977,5,15.0
2023,close,279600,미디어젠,breakout,2023-12-13,2023-12-14,2023-12-21,2023-12-21,13,16403.0,18618.0,open,False,28112.09050000002,5,15.0
2023,close,279600,미디어젠,breakout,2023-12-21,2023-12-22,2024-01-03,2024-01-03,12,18982.0,20325.0,open,False,15408.474000000017,5,15.0
2023,low,114090,GKL,pullback,2023-01-02,2023-01-03,2023-01-10,2023-01-10,15,18750.0,19050.0,open,False,3649.5,5,15.0
2023,low,073640,테라사이언스,breakout,2023-01-10,2023-01-11,2023-01-18,2023-01-18,130,2330.0,2245.0,open,False,-11942.125,5,15.0
2023,low,004870,티웨이홀딩스,breakout,2023-01-18,2023-01-19,2023-01-30,2023-01-30,93,3115.0,3339.0,open,False,19931.666999999958,5,15.0
2023,low,002700,신일전자,breakout,2023-01-30,2023-01-31,2023-02-07,2023-02-07,152,2035.0,2070.0,open,False,4384.059999999998,5,15.0
2023,low,105630,한세실업,breakout,2023-02-07,2023-02-08,2023-02-15,2023-02-15,18,17360.0,16800.0,open,False,-11002.320000000007,5,15.0
2023,low,105630,한세실업,pullback,2023-02-15,2023-02-16,2023-02-23,2023-02-23,17,17780.0,17310.0,open,False,-8884.794999999984,5,15.0
2023,low,000850,화천기공,breakout,2023-02-23,2023-02-24,2023-03-06,2023-03-06,8,33650.0,35500.0,open,False,13970.200000000012,5,15.0
2023,low,056080,유진로봇,breakout,2023-03-06,2023-03-07,2023-03-14,2023-03-14,40,7730.0,7150.0,open,False,-24092.800000000047,5,15.0
2023,low,001460,BYC,pullback,2023-03-15,2023-03-16,2023-03-23,2023-03-23,5,50800.0,48250.0,open,False,-13492.875,5,15.0
2023,low,030210,다올투자증권,breakout,2023-03-23,2023-03-24,2023-03-31,2023-03-31,51,5290.0,5270.0,open,False,-1827.8399999999674,5,15.0
2023,low,004360,세방,pullback,2023-03-31,2023-04-03,2023-04-10,2023-04-10,5,46000.0,45650.0,open,False,-2437.375,5,15.0
2023,low,099220,SDN,pullback,2023-04-10,2023-04-11,2023-04-18,2023-04-18,12,22300.0,22800.0,open,False,5188.200000000012,5,15.0
2023,low,101360,에코앤드림,pullback,2023-04-18,2023-04-19,2023-04-26,2023-04-26,7,38225.0,30570.0,open,False,-54307.347499999974,5,15.0
2023,low,011230,삼화전자,breakout,2023-04-26,2023-04-27,2023-05-08,2023-05-08,41,5239.0,12092.0,open,False,279907.1435,5,15.0
2023,low,067570,엔브이에이치코리아,pullback,2023-05-08,2023-05-09,2023-05-16,2023-05-16,129,3861.0,3619.0,open,False,-32665.380000000005,5,15.0
2023,low,000850,화천기공,pullback,2023-05-16,2023-05-17,2023-05-24,2023-05-24,12,38650.0,39350.0,open,False,6996.0,5,15.0
2023,low,006800,미래에셋증권,breakout,2023-05-24,2023-05-25,2023-06-02,2023-06-02,63,7427.0,7218.0,open,False,-14550.952500000014,5,15.0
2023,low,064850,에프앤가이드,breakout,2023-06-02,2023-06-05,2023-06-13,2023-06-13,51,8920.0,8790.0,open,False,-7984.815000000002,5,15.0
2023,low,000850,화천기공,breakout,2023-06-13,2023-06-14,2023-06-21,2023-06-21,11,40300.0,38600.0,open,False,-20001.849999999977,5,15.0
2023,low,204320,HL만도,breakout,2023-06-21,2023-06-22,2023-06-29,2023-06-29,8,51600.0,53200.0,open,False,11542.400000000023,5,15.0
2023,low,003030,세아제강지주,breakout,2023-06-29,2023-06-30,2023-07-07,2023-07-07,2,204000.0,193700.0,open,False,-21793.099999999977,5,15.0
2023,low,036620,감성코퍼레이션,breakout,2023-07-07,2023-07-10,2023-07-17,2023-07-17,89,4670.0,4415.0,open,False,-23907.847499999974,5,15.0
2023,low,043910,자연과환경,breakout,2023-07-17,2023-07-18,2023-07-25,2023-07-25,26,14870.0,11810.0,open,False,-80600.51999999996,5,15.0
2023,low,001740,SK네트웍스,breakout,2023-07-25,2023-07-26,2023-08-02,2023-08-02,51,6170.0,5820.0,open,False,-18767.234999999986,5,15.0
2023,low,326030,SK바이오팜,breakout,2023-08-02,2023-08-03,2023-08-10,2023-08-10,3,92600.0,98200.0,open,False,15941.400000000023,5,15.0
2023,low,326030,SK바이오팜,breakout,2023-08-10,2023-08-11,2023-08-21,2023-08-21,3,99800.0,87300.0,open,False,-38341.95000000001,5,15.0
2023,low,149980,하이로닉,breakout,2023-08-21,2023-08-22,2023-08-29,2023-08-29,13,19912.0,18204.0,open,False,-22947.261999999988,5,15.0
2023,low,089850,유비벨록스,breakout,2023-08-29,2023-08-30,2023-09-06,2023-09-06,27,9148.0,8905.0,open,False,-7292.146500000003,5,15.0
2023,low,003570,SNT다이내믹스,breakout,2023-09-06,2023-09-07,2023-09-14,2023-09-14,21,11400.0,11920.0,open,False,10185.420000000013,5,15.0
2023,low,326030,SK바이오팜,pullback,2023-09-14,2023-09-15,2023-09-22,2023-09-22,2,92300.0,86300.0,open,False,-12535.800000000017,5,15.0
2023,low,127120,제이에스링크,pullback,2023-09-22,2023-09-25,2023-10-06,2023-10-06,62,3890.0,3645.0,open,False,-15890.755000000005,5,15.0
2023,low,004270,남성,pullback,2023-10-06,2023-10-10,2023-10-17,2023-10-17,12,18285.0,17132.0,open,False,-14473.505999999994,5,15.0
2023,low,105630,한세실업,pullback,2023-10-18,2023-10-19,2023-10-26,2023-10-26,10,20350.0,21700.0,open,False,12869.25,5,15.0
2023,low,003570,SNT다이내믹스,pullback,2023-10-26,2023-10-27,2023-11-03,2023-11-03,17,12610.0,13060.0,open,False,6995.414999999979,5,15.0
2023,low,056080,유진로봇,pullback,2023-11-03,2023-11-06,2023-11-13,2023-11-13,19,11790.0,11200.0,open,False,-11865.214999999997,5,15.0
2023,low,015360,INVENI,breakout,2023-11-13,2023-11-14,2023-11-21,2023-11-21,31,6950.0,6990.0,open,False,591.7900000000081,5,15.0
2023,low,215200,메가스터디교육,pullback,2023-11-24,2023-11-27,2023-12-04,2023-12-04,3,61400.0,59700.0,open,False,-5644.950000000012,5,15.0
2023,low,016450,한세예스24홀딩스,pullback,2023-12-05,2023-12-06,2023-12-13,2023-12-13,43,4930.0,5040.0,open,False,4086.9349999999977,5,15.0
2023,low,279600,미디어젠,breakout,2023-12-13,2023-12-14,2023-12-21,2023-12-21,13,16403.0,18618.0,open,False,28112.09050000002,5,15.0
2023,low,279600,미디어젠,breakout,2023-12-21,2023-12-22,2024-01-03,2024-01-03,12,18982.0,20325.0,open,False,15408.474000000017,5,15.0
2024,open,326030,SK바이오팜,breakout,2024-01-02,2024-01-03,2024-01-10,2024-01-10,2,103300.0,97300.0,open,False,-12601.800000000017,5,15.0
2024,open,004540,깨끗한나라,breakout,2024-01-10,2024-01-11,2024-01-18,2024-01-18,93,3085.0,2975.0,open,False,-11075.370000000054,5,15.0
2024,open,131370,알서포트,breakout,2024-01-18,2024-01-19,2024-01-26,2024-01-26,52,5280.0,5490.0,open,False,10079.940000000002,5,15.0
2024,open,003830,대한화섬,pullback,2024-01-26,2024-01-29,2024-02-05,2024-02-05,2,107500.0,121200.0,open,False,26713.900000000023,5,15.0
2024,open,163560,동일고무벨트,breakout,2024-02-05,2024-02-06,2024-02-15,2024-02-15,47,6650.0,6670.0,open,False,0.9400000000023283,5,15.0
2024,open,003530,한화투자증권,breakout,2024-02-15,2024-02-16,2024-02-23,2024-02-23,69,4510.0,4220.0,open,False,-20913.554999999993,5,15.0
2024,open,001130,대한제분,breakout,2024-02-23,2024-02-26,2024-03-05,2024-03-05,20,14220.0,13800.0,open,False,-9240.600000000035,5,15.0
2024,open,001460,BYC,breakout,2024-03-05,2024-03-06,2024-03-13,2024-03-13,5,50500.0,47400.0,open,False,-16234.25,5,15.0
2024,open,006220,제주은행,pullback,2024-03-13,2024-03-14,2024-03-21,2024-03-21,18,14300.0,12530.0,open,False,-32584.410000000003,5,15.0
2024,open,014160,대영포장,breakout,2024-03-21,2024-03-22,2024-03-29,2024-03-29,125,1868.0,1615.0,open,False,-32278.0625,5,15.0
2024,open,094280,효성ITX,breakout,2024-03-29,2024-04-01,2024-04-08,2024-04-08,15,12830.0,12600.0,open,False,-4022.1750000000175,5,15.0
2024,open,101360,에코앤드림,pullback,2024-04-09,2024-04-11,2024-04-18,2024-04-18,4,46949.0,32197.0,open,False,-59482.876000000004,5,15.0
2024,open,265520,AP시스템,breakout,2024-04-18,2024-04-19,2024-04-26,2024-04-26,4,32500.0,33500.0,open,False,3603.9999999999854,5,15.0
2024,open,094280,효성ITX,pullback,2024-04-29,2024-04-30,2024-05-09,2024-05-09,11,12610.0,12800.0,open,False,1670.7350000000151,5,15.0
2024,open,149980,하이로닉,breakout,2024-05-09,2024-05-10,2024-05-20,2024-05-20,9,15228.0,14563.0,open,False,-6387.1784999999945,5,15.0
2024,open,026890,스틱인베스트먼트,breakout,2024-05-20,2024-05-21,2024-05-28,2024-05-28,13,10200.0,10380.0,open,False,1938.6900000000023,5,15.0
2024,open,051630,진양화학,pullback,2024-05-28,2024-05-29,2024-06-05,2024-06-05,43,3206.0,3320.0,open,False,4481.073000000004,5,15.0
2024,open,204320,HL만도,breakout,2024-06-05,2024-06-07,2024-06-14,2024-06-14,2,49000.0,44200.0,open,False,-9879.599999999991,5,15.0
2024,open,001130,대한제분,pullback,2024-06-14,2024-06-17,2024-06-24,2024-06-24,9,14650.0,14220.0,open,False,-4259.744999999981,5,15.0
2024,open,101360,에코앤드림,breakout,2024-06-24,2024-06-25,2024-07-02,2024-07-02,2,48574.0,46484.0,open,False,-4465.173999999999,5,15.0
2024,open,081580,성우전자,breakout,2024-07-02,2024-07-03,2024-07-10,2024-07-10,31,3915.0,3835.0,open,False,-2840.375,5,15.0
2024,open,009300,삼아제약,breakout,2024-07-10,2024-07-11,2024-07-18,2024-07-18,4,26700.0,31500.0,open,False,18850.79999999999,5,15.0
2024,open,003570,SNT다이내믹스,pullback,2024-07-18,2024-07-19,2024-07-26,2024-07-26,6,21100.0,20800.0,open,False,-2177.100000000006,5,15.0
2024,open,006360,GS건설,breakout,2024-07-26,2024-07-29,2024-08-05,2024-08-05,7,19220.0,18420.0,open,False,-5995.219999999987,5,15.0
2024,open,064850,에프앤가이드,pullback,2024-08-06,2024-08-07,2024-08-14,2024-08-14,17,7780.0,8310.0,open,False,8599.704999999987,5,15.0
2024,open,016360,삼성증권,pullback,2024-08-14,2024-08-16,2024-08-23,2024-08-23,3,44900.0,47250.0,open,False,6635.3249999999825,5,15.0
2024,open,105560,KB금융,pullback,2024-08-23,2024-08-26,2024-09-02,2024-09-02,1,86800.0,86200.0,open,False,-859.5,5,15.0
2024,open,064850,에프앤가이드,breakout,2024-09-02,2024-09-03,2024-09-10,2024-09-10,13,11290.0,14900.0,open,False,46419.29500000001,5,15.0
2024,open,015360,INVENI,pullback,2024-09-10,2024-09-11,2024-09-23,2024-09-23,20,9360.0,9240.0,open,False,-2958.0,5,15.0
2024,open,064850,에프앤가이드,breakout,2024-09-23,2024-09-24,2024-10-02,2024-10-02,4,38450.0,15530.0,open,False,-92003.88,5,15.0
2024,open,081580,성우전자,breakout,2024-10-04,2024-10-07,2024-10-15,2024-10-15,20,4890.0,4710.0,open,False,-3888.0,5,15.0
2024,open,220100,퓨쳐켐,breakout,2024-10-15,2024-10-16,2024-10-23,2024-10-23,3,24401.0,21940.0,open,False,-7591.534499999994,5,15.0
2024,open,015360,INVENI,breakout,2024-10-23,2024-10-24,2024-10-31,2024-10-31,8,10280.0,10120.0,open,False,-1524.800000000003,5,15.0
2024,open,004870,티웨이홀딩스,breakout,2024-10-31,2024-11-01,2024-11-08,2024-11-08,19,4343.0,3620.0,open,False,-13963.945500000002,5,15.0
2024,open,016090,대현,pullback,2024-11-08,2024-11-11,2024-11-18,2024-11-18,34,2090.0,2135.0,open,False,1314.5249999999942,5,15.0
2024,open,016090,대현,pullback,2024-11-18,2024-11-19,2024-11-26,2024-11-26,34,2100.0,2125.0,open,False,634.5249999999942,5,15.0
2024,open,127120,제이에스링크,pullback,2024-11-26,2024-11-27,2024-12-04,2024-12-04,19,3870.0,4100.0,open,False,4142.8550000000105,5,15.0
2024,open,016090,대현,pullback,2024-12-04,2024-12-05,2024-12-12,2024-12-12,35,2190.0,2225.0,open,False,993.2124999999942,5,15.0
2024,open,115500,케이씨에스,breakout,2024-12-12,2024-12-13,2024-12-20,2024-12-20,7,10540.0,10110.0,open,False,-3226.824999999997,5,15.0
2024,open,127120,제이에스링크,breakout,2024-12-20,2024-12-23,2025-01-02,2025-01-02,15,5000.0,5640.0,open,False,9360.600000000006,5,15.0
2024,close,326030,SK바이오팜,breakout,2024-01-02,2024-01-03,2024-01-10,2024-01-10,2,103300.0,97300.0,open,False,-12601.800000000017,5,15.0
2024,close,004540,깨끗한나라,breakout,2024-01-10,2024-01-11,2024-01-18,2024-01-18,93,3085.0,2975.0,open,False,-11075.370000000054,5,15.0
2024,close,131370,알서포트,breakout,2024-01-18,2024-01-19,2024-01-26,2024-01-26,52,5280.0,5490.0,open,False,10079.940000000002,5,15.0
2024,close,003830,대한화섬,pullback,2024-01-26,2024-01-29,2024-02-05,2024-02-05,2,107500.0,121200.0,open,False,26713.900000000023,5,15.0
2024,close,163560,동일고무벨트,breakout,2024-02-05,2024-02-06,2024-02-15,2024-02-15,47,6650.0,6670.0,open,False,0.9400000000023283,5,15.0
2024,close,003530,한화투자증권,breakout,2024-02-15,2024-02-16,2024-02-23,2024-02-23,69,4510.0,4220.0,open,False,-20913.554999999993,5,15.0
2024,close,001130,대한제분,breakout,2024-02-23,2024-02-26,2024-03-05,2024-03-05,20,14220.0,13800.0,open,False,-9240.600000000035,5,15.0
2024,close,001460,BYC,breakout,2024-03-05,2024-03-06,2024-03-13,2024-03-13,5,50500.0,47400.0,open,False,-16234.25,5,15.0
2024,close,006220,제주은행,pullback,2024-03-13,2024-03-14,2024-03-21,2024-03-21,18,14300.0,12530.0,open,False,-32584.410000000003,5,15.0
2024,close,014160,대영포장,breakout,2024-03-21,2024-03-22,2024-03-29,2024-03-29,125,1868.0,1615.0,open,False,-32278.0625,5,15.0
2024,close,094280,효성ITX,breakout,2024-03-29,2024-04-01,2024-04-08,2024-04-08,15,12830.0,12600.0,open,False,-4022.1750000000175,5,15.0
2024,close,101360,에코앤드림,pullback,2024-04-09,2024-04-11,2024-04-18,2024-04-18,4,46949.0,32197.0,open,False,-59482.876000000004,5,15.0
2024,close,265520,AP시스템,breakout,2024-04-18,2024-04-19,2024-04-26,2024-04-26,4,32500.0,33500.0,open,False,3603.9999999999854,5,15.0
2024,close,094280,효성ITX,pullback,2024-04-29,2024-04-30,2024-05-09,2024-05-09,11,12610.0,12800.0,open,False,1670.7350000000151,5,15.0
2024,close,149980,하이로닉,breakout,2024-05-09,2024-05-10,2024-05-20,2024-05-20,9,15228.0,14563.0,open,False,-6387.1784999999945,5,15.0
2024,close,026890,스틱인베스트먼트,breakout,2024-05-20,2024-05-21,2024-05-28,2024-05-28,13,10200.0,10380.0,open,False,1938.6900000000023,5,15.0
2024,close,051630,진양화학,pullback,2024-05-28,2024-05-29,2024-06-05,2024-06-05,43,3206.0,3320.0,open,False,4481.073000000004,5,15.0
2024,close,204320,HL만도,breakout,2024-06-05,2024-06-07,2024-06-14,2024-06-14,2,49000.0,44200.0,open,False,-9879.599999999991,5,15.0
2024,close,001130,대한제분,pullback,2024-06-14,2024-06-17,2024-06-24,2024-06-24,9,14650.0,14220.0,open,False,-4259.744999999981,5,15.0
2024,close,101360,에코앤드림,breakout,2024-06-24,2024-06-25,2024-07-02,2024-07-02,2,48574.0,46484.0,open,False,-4465.173999999999,5,15.0
2024,close,081580,성우전자,breakout,2024-07-02,2024-07-03,2024-07-10,2024-07-10,31,3915.0,3835.0,open,False,-2840.375,5,15.0
2024,close,009300,삼아제약,breakout,2024-07-10,2024-07-11,2024-07-18,2024-07-18,4,26700.0,31500.0,open,False,18850.79999999999,5,15.0
2024,close,003570,SNT다이내믹스,pullback,2024-07-18,2024-07-19,2024-07-26,2024-07-26,6,21100.0,20800.0,open,False,-2177.100000000006,5,15.0
2024,close,006360,GS건설,breakout,2024-07-26,2024-07-29,2024-08-05,2024-08-05,7,19220.0,18420.0,open,False,-5995.219999999987,5,15.0
2024,close,064850,에프앤가이드,pullback,2024-08-06,2024-08-07,2024-08-14,2024-08-14,17,7780.0,8310.0,open,False,8599.704999999987,5,15.0
2024,close,016360,삼성증권,pullback,2024-08-14,2024-08-16,2024-08-23,2024-08-23,3,44900.0,47250.0,open,False,6635.3249999999825,5,15.0
2024,close,105560,KB금융,pullback,2024-08-23,2024-08-26,2024-09-02,2024-09-02,1,86800.0,86200.0,open,False,-859.5,5,15.0
2024,close,064850,에프앤가이드,breakout,2024-09-02,2024-09-03,2024-09-10,2024-09-10,13,11290.0,14900.0,open,False,46419.29500000001,5,15.0
2024,close,015360,INVENI,pullback,2024-09-10,2024-09-11,2024-09-23,2024-09-23,20,9360.0,9240.0,open,False,-2958.0,5,15.0
2024,close,064850,에프앤가이드,breakout,2024-09-23,2024-09-24,2024-10-02,2024-10-02,4,38450.0,15530.0,open,False,-92003.88,5,15.0
2024,close,081580,성우전자,breakout,2024-10-04,2024-10-07,2024-10-15,2024-10-15,20,4890.0,4710.0,open,False,-3888.0,5,15.0
2024,close,220100,퓨쳐켐,breakout,2024-10-15,2024-10-16,2024-10-23,2024-10-23,3,24401.0,21940.0,open,False,-7591.534499999994,5,15.0
2024,close,015360,INVENI,breakout,2024-10-23,2024-10-24,2024-10-31,2024-10-31,8,10280.0,10120.0,open,False,-1524.800000000003,5,15.0
2024,close,004870,티웨이홀딩스,breakout,2024-10-31,2024-11-01,2024-11-08,2024-11-08,19,4343.0,3620.0,open,False,-13963.945500000002,5,15.0
2024,close,016090,대현,pullback,2024-11-08,2024-11-11,2024-11-18,2024-11-18,34,2090.0,2135.0,open,False,1314.5249999999942,5,15.0
2024,close,016090,대현,pullback,2024-11-18,2024-11-19,2024-11-26,2024-11-26,34,2100.0,2125.0,open,False,634.5249999999942,5,15.0
2024,close,127120,제이에스링크,pullback,2024-11-26,2024-11-27,2024-12-04,2024-12-04,19,3870.0,4100.0,open,False,4142.8550000000105,5,15.0
2024,close,016090,대현,pullback,2024-12-04,2024-12-05,2024-12-12,2024-12-12,35,2190.0,2225.0,open,False,993.2124999999942,5,15.0
2024,close,115500,케이씨에스,breakout,2024-12-12,2024-12-13,2024-12-20,2024-12-20,7,10540.0,10110.0,open,False,-3226.824999999997,5,15.0
2024,close,127120,제이에스링크,breakout,2024-12-20,2024-12-23,2025-01-02,2025-01-02,15,5000.0,5640.0,open,False,9360.600000000006,5,15.0
2024,low,326030,SK바이오팜,breakout,2024-01-02,2024-01-03,2024-01-10,2024-01-10,2,103300.0,97300.0,open,False,-12601.800000000017,5,15.0
2024,low,004540,깨끗한나라,breakout,2024-01-10,2024-01-11,2024-01-18,2024-01-18,93,3085.0,2975.0,open,False,-11075.370000000054,5,15.0
2024,low,131370,알서포트,breakout,2024-01-18,2024-01-19,2024-01-26,2024-01-26,52,5280.0,5490.0,open,False,10079.940000000002,5,15.0
2024,low,003830,대한화섬,pullback,2024-01-26,2024-01-29,2024-02-05,2024-02-05,2,107500.0,121200.0,open,False,26713.900000000023,5,15.0
2024,low,163560,동일고무벨트,breakout,2024-02-05,2024-02-06,2024-02-15,2024-02-15,47,6650.0,6670.0,open,False,0.9400000000023283,5,15.0
2024,low,003530,한화투자증권,breakout,2024-02-15,2024-02-16,2024-02-23,2024-02-23,69,4510.0,4220.0,open,False,-20913.554999999993,5,15.0
2024,low,001130,대한제분,breakout,2024-02-23,2024-02-26,2024-03-05,2024-03-05,20,14220.0,13800.0,open,False,-9240.600000000035,5,15.0
2024,low,001460,BYC,breakout,2024-03-05,2024-03-06,2024-03-13,2024-03-13,5,50500.0,47400.0,open,False,-16234.25,5,15.0
2024,low,006220,제주은행,pullback,2024-03-13,2024-03-14,2024-03-21,2024-03-21,18,14300.0,12530.0,open,False,-32584.410000000003,5,15.0
2024,low,014160,대영포장,breakout,2024-03-21,2024-03-22,2024-03-29,2024-03-29,125,1868.0,1615.0,open,False,-32278.0625,5,15.0
2024,low,094280,효성ITX,breakout,2024-03-29,2024-04-01,2024-04-08,2024-04-08,15,12830.0,12600.0,open,False,-4022.1750000000175,5,15.0
2024,low,101360,에코앤드림,pullback,2024-04-09,2024-04-11,2024-04-18,2024-04-18,4,46949.0,32197.0,open,False,-59482.876000000004,5,15.0
2024,low,265520,AP시스템,breakout,2024-04-18,2024-04-19,2024-04-26,2024-04-26,4,32500.0,33500.0,open,False,3603.9999999999854,5,15.0
2024,low,094280,효성ITX,pullback,2024-04-29,2024-04-30,2024-05-09,2024-05-09,11,12610.0,12800.0,open,False,1670.7350000000151,5,15.0
2024,low,149980,하이로닉,breakout,2024-05-09,2024-05-10,2024-05-20,2024-05-20,9,15228.0,14563.0,open,False,-6387.1784999999945,5,15.0
2024,low,026890,스틱인베스트먼트,breakout,2024-05-20,2024-05-21,2024-05-28,2024-05-28,13,10200.0,10380.0,open,False,1938.6900000000023,5,15.0
2024,low,051630,진양화학,pullback,2024-05-28,2024-05-29,2024-06-05,2024-06-05,43,3206.0,3320.0,open,False,4481.073000000004,5,15.0
2024,low,204320,HL만도,breakout,2024-06-05,2024-06-07,2024-06-14,2024-06-14,2,49000.0,44200.0,open,False,-9879.599999999991,5,15.0
2024,low,001130,대한제분,pullback,2024-06-14,2024-06-17,2024-06-24,2024-06-24,9,14650.0,14220.0,open,False,-4259.744999999981,5,15.0
2024,low,101360,에코앤드림,breakout,2024-06-24,2024-06-25,2024-07-02,2024-07-02,2,48574.0,46484.0,open,False,-4465.173999999999,5,15.0
2024,low,081580,성우전자,breakout,2024-07-02,2024-07-03,2024-07-10,2024-07-10,31,3915.0,3835.0,open,False,-2840.375,5,15.0
2024,low,009300,삼아제약,breakout,2024-07-10,2024-07-11,2024-07-18,2024-07-18,4,26700.0,31500.0,open,False,18850.79999999999,5,15.0
2024,low,003570,SNT다이내믹스,pullback,2024-07-18,2024-07-19,2024-07-26,2024-07-26,6,21100.0,20800.0,open,False,-2177.100000000006,5,15.0
2024,low,006360,GS건설,breakout,2024-07-26,2024-07-29,2024-08-05,2024-08-05,7,19220.0,18420.0,open,False,-5995.219999999987,5,15.0
2024,low,064850,에프앤가이드,pullback,2024-08-06,2024-08-07,2024-08-14,2024-08-14,17,7780.0,8310.0,open,False,8599.704999999987,5,15.0
2024,low,016360,삼성증권,pullback,2024-08-14,2024-08-16,2024-08-23,2024-08-23,3,44900.0,47250.0,open,False,6635.3249999999825,5,15.0
2024,low,105560,KB금융,pullback,2024-08-23,2024-08-26,2024-09-02,2024-09-02,1,86800.0,86200.0,open,False,-859.5,5,15.0
2024,low,064850,에프앤가이드,breakout,2024-09-02,2024-09-03,2024-09-10,2024-09-10,13,11290.0,14900.0,open,False,46419.29500000001,5,15.0
2024,low,015360,INVENI,pullback,2024-09-10,2024-09-11,2024-09-23,2024-09-23,20,9360.0,9240.0,open,False,-2958.0,5,15.0
2024,low,064850,에프앤가이드,breakout,2024-09-23,2024-09-24,2024-10-02,2024-10-02,4,38450.0,15530.0,open,False,-92003.88,5,15.0
2024,low,081580,성우전자,breakout,2024-10-04,2024-10-07,2024-10-15,2024-10-15,20,4890.0,4710.0,open,False,-3888.0,5,15.0
2024,low,220100,퓨쳐켐,breakout,2024-10-15,2024-10-16,2024-10-23,2024-10-23,3,24401.0,21940.0,open,False,-7591.534499999994,5,15.0
2024,low,015360,INVENI,breakout,2024-10-23,2024-10-24,2024-10-31,2024-10-31,8,10280.0,10120.0,open,False,-1524.800000000003,5,15.0
2024,low,004870,티웨이홀딩스,breakout,2024-10-31,2024-11-01,2024-11-08,2024-11-08,19,4343.0,3620.0,open,False,-13963.945500000002,5,15.0
2024,low,016090,대현,pullback,2024-11-08,2024-11-11,2024-11-18,2024-11-18,34,2090.0,2135.0,open,False,1314.5249999999942,5,15.0
2024,low,016090,대현,pullback,2024-11-18,2024-11-19,2024-11-26,2024-11-26,34,2100.0,2125.0,open,False,634.5249999999942,5,15.0
2024,low,127120,제이에스링크,pullback,2024-11-26,2024-11-27,2024-12-04,2024-12-04,19,3870.0,4100.0,open,False,4142.8550000000105,5,15.0
2024,low,016090,대현,pullback,2024-12-04,2024-12-05,2024-12-12,2024-12-12,35,2190.0,2225.0,open,False,993.2124999999942,5,15.0
2024,low,115500,케이씨에스,breakout,2024-12-12,2024-12-13,2024-12-20,2024-12-20,7,10540.0,10110.0,open,False,-3226.824999999997,5,15.0
2024,low,127120,제이에스링크,breakout,2024-12-20,2024-12-23,2025-01-02,2025-01-02,15,5000.0,5640.0,open,False,9360.600000000006,5,15.0
2025,open,204320,HL만도,pullback,2025-01-02,2025-01-03,2025-01-10,2025-01-10,7,42000.0,41350.0,open,False,-5425.174999999988,5,15.0
2025,open,025980,아난티,pullback,2025-01-13,2025-01-14,2025-01-21,2025-01-21,52,5570.0,5650.0,open,False,3284.8399999999674,5,15.0
2025,open,004870,티웨이홀딩스,breakout,2025-01-21,2025-01-22,2025-02-04,2025-02-04,60,4876.0,4623.0,open,False,-16034.910000000033,5,15.0
2025,open,168360,펨트론,breakout,2025-02-04,2025-02-05,2025-02-12,2025-02-12,29,9510.0,10840.0,open,False,37684.77500000002,5,15.0
2025,open,127120,제이에스링크,pullback,2025-02-12,2025-02-13,2025-02-20,2025-02-20,51,6200.0,6110.0,open,False,-5531.715000000026,5,15.0
2025,open,003030,세아제강지주,pullback,2025-02-20,2025-02-21,2025-02-28,2025-02-28,1,230000.0,228000.0,open,False,-2687.0,5,15.0
2025,open,204320,HL만도,pullback,2025-02-28,2025-03-04,2025-03-11,2025-03-11,7,43500.0,41050.0,open,False,-18037.774999999965,5,15.0
2025,open,053350,이니텍,breakout,2025-03-11,2025-03-12,2025-03-19,2025-03-19,45,6490.0,6140.0,open,False,-16602.525000000023,5,15.0
2025,open,011230,삼화전자,breakout,2025-03-19,2025-03-20,2025-03-27,2025-03-27,74,3730.0,4500.0,open,False,56066.46999999997,5,15.0
2025,open,053350,이니텍,breakout,2025-03-28,2025-03-31,2025-04-07,2025-04-07,33,9970.0,8550.0,open,False,-47776.73999999999,5,15.0
2025,open,052220,iMBC,pullback,2025-04-07,2025-04-08,2025-04-15,2025-04-15,60,4695.0,4455.0,open,False,-15223.5,5,15.0
2025,open,006040,동원산업,breakout,2025-04-15,2025-04-16,2025-04-23,2025-04-23,6,39450.0,43150.0,open,False,21456.600000000006,5,15.0
2025,open,014830,유니드,breakout,2025-04-23,2025-04-24,2025-05-02,2025-05-02,3,89700.0,87600.0,open,False,-7097.850000000035,5,15.0
2025,open,127120,제이에스링크,breakout,2025-05-02,2025-05-07,2025-05-14,2025-05-14,26,10750.0,9400.0,open,False,-35885.84999999998,5,15.0
2025,open,344860,이노진,breakout,2025-05-14,2025-05-15,2025-05-22,2025-05-22,96,2575.0,2300.0,open,False,-27102.0,5,15.0
2025,open,114090,GKL,breakout,2025-05-22,2025-05-23,2025-05-30,2025-05-30,15,13840.0,14080.0,open,False,2971.7999999999884,5,15.0
2025,open,014680,한솔케미칼,breakout,2025-05-30,2025-06-02,2025-06-11,2025-06-11,1,131800.0,146500.0,open,False,14282.549999999988,5,15.0
2025,open,310200,애니플러스,breakout,2025-06-11,2025-06-12,2025-06-19,2025-06-19,55,4290.0,4675.0,open,False,20435.387499999983,5,15.0
2025,open,319400,현대무벡스,breakout,2025-06-19,2025-06-20,2025-06-27,2025-06-27,54,4750.0,5060.0,open,False,15945.389999999985,5,15.0
2025,open,015860,일진홀딩스,pullback,2025-06-27,2025-06-30,2025-07-07,2025-07-07,52,5190.0,5630.0,open,False,22036.040000000037,5,15.0
2025,open,000080,하이트진로,breakout,2025-07-07,2025-07-08,2025-07-15,2025-07-15,13,21800.0,21900.0,open,False,447.8499999999767,5,15.0
2025,open,003080,SB성보,breakout,2025-07-15,2025-07-16,2025-07-23,2025-07-23,102,2900.0,2825.0,open,False,-8525.924999999988,5,15.0
2025,open,036460,한국가스공사,pullback,2025-07-23,2025-07-24,2025-07-31,2025-07-31,6,45850.0,45400.0,open,False,-3521.25,5,15.0
2025,open,025980,아난티,pullback,2025-07-31,2025-08-01,2025-08-08,2025-08-08,29,9760.0,10300.0,open,False,14787.390000000014,5,15.0
2025,open,138360,앤로보틱스,breakout,2025-08-08,2025-08-11,2025-08-19,2025-08-19,285,1049.0,787.0,open,False,-75454.88999999998,5,15.0
2025,open,415380,스튜디오삼익,breakout,2025-08-19,2025-08-20,2025-08-27,2025-08-27,68,3250.0,3656.0,open,False,26903.588000000018,5,15.0
2025,open,085310,엔케이,pullback,2025-08-27,2025-08-28,2025-09-04,2025-09-04,19,13200.0,12340.0,open,False,-17067.889999999985,5,15.0
2025,open,114090,GKL,pullback,2025-09-04,2025-09-05,2025-09-12,2025-09-12,14,16700.0,16650.0,open,False,-1400.3500000000058,5,15.0
2025,open,319400,현대무벡스,breakout,2025-09-12,2025-09-15,2025-09-22,2025-09-22,25,9080.0,9200.0,open,False,2314.5,5,15.0
2025,open,168360,펨트론,breakout,2025-09-22,2025-09-23,2025-09-30,2025-09-30,11,21300.0,21600.0,open,False,2592.149999999994,5,15.0
2025,open,105560,KB금융,pullback,2025-09-30,2025-10-01,2025-10-15,2025-10-15,2,114900.0,112200.0,open,False,-6081.299999999988,5,15.0
2025,open,319400,현대무벡스,breakout,2025-10-15,2025-10-16,2025-10-23,2025-10-23,18,12280.0,10600.0,open,False,-30857.76000000001,5,15.0
2025,open,015860,일진홀딩스,breakout,2025-10-24,2025-10-27,2025-11-03,2025-11-03,30,6590.0,7080.0,open,False,14084.850000000006,5,15.0
2025,open,015860,일진홀딩스,breakout,2025-11-03,2025-11-04,2025-11-11,2025-11-11,29,7210.0,7680.0,open,False,12982.285000000003,5,15.0
2025,open,015860,일진홀딩스,breakout,2025-11-11,2025-11-12,2025-11-19,2025-11-19,28,8090.0,8030.0,open,False,-2357.039999999979,5,15.0
2025,open,204320,HL만도,pullback,2025-11-19,2025-11-20,2025-11-27,2025-11-27,5,38900.0,42900.0,open,False,19386.5,5,15.0
2025,open,314130,지놈앤컴퍼니,breakout,2025-11-27,2025-11-28,2025-12-05,2025-12-05,64,3790.0,4360.0,open,False,35697.59999999998,5,15.0
2025,open,204320,HL만도,breakout,2025-12-05,2025-12-08,2025-12-15,2025-12-15,4,61000.0,51800.0,open,False,-37476.79999999999,5,15.0
2025,open,105630,한세실업,breakout,2025-12-15,2025-12-16,2025-12-23,2025-12-23,17,13760.0,14620.0,open,False,13896.309999999998,5,15.0
2025,open,048770,TPC로보틱스,pullback,2025-12-23,2025-12-24,2026-01-05,2026-01-05,93,2760.0,3200.0,open,False,40088.580000000016,5,15.0
2025,close,204320,HL만도,pullback,2025-01-02,2025-01-03,2025-01-10,2025-01-10,7,42000.0,41350.0,open,False,-5425.174999999988,5,15.0
2025,close,025980,아난티,pullback,2025-01-13,2025-01-14,2025-01-21,2025-01-21,52,5570.0,5650.0,open,False,3284.8399999999674,5,15.0
2025,close,004870,티웨이홀딩스,breakout,2025-01-21,2025-01-22,2025-02-04,2025-02-04,60,4876.0,4623.0,open,False,-16034.910000000033,5,15.0
2025,close,168360,펨트론,breakout,2025-02-04,2025-02-05,2025-02-12,2025-02-12,29,9510.0,10840.0,open,False,37684.77500000002,5,15.0
2025,close,127120,제이에스링크,pullback,2025-02-12,2025-02-13,2025-02-20,2025-02-20,51,6200.0,6110.0,open,False,-5531.715000000026,5,15.0
2025,close,003030,세아제강지주,pullback,2025-02-20,2025-02-21,2025-02-28,2025-02-28,1,230000.0,228000.0,open,False,-2687.0,5,15.0
2025,close,204320,HL만도,pullback,2025-02-28,2025-03-04,2025-03-11,2025-03-11,7,43500.0,41050.0,open,False,-18037.774999999965,5,15.0
2025,close,053350,이니텍,breakout,2025-03-11,2025-03-12,2025-03-19,2025-03-19,45,6490.0,6140.0,open,False,-16602.525000000023,5,15.0
2025,close,011230,삼화전자,breakout,2025-03-19,2025-03-20,2025-03-27,2025-03-27,74,3730.0,4500.0,open,False,56066.46999999997,5,15.0
2025,close,053350,이니텍,breakout,2025-03-28,2025-03-31,2025-04-07,2025-04-07,33,9970.0,8550.0,open,False,-47776.73999999999,5,15.0
2025,close,052220,iMBC,pullback,2025-04-07,2025-04-08,2025-04-15,2025-04-15,60,4695.0,4455.0,open,False,-15223.5,5,15.0
2025,close,006040,동원산업,breakout,2025-04-15,2025-04-16,2025-04-23,2025-04-23,6,39450.0,43150.0,open,False,21456.600000000006,5,15.0
2025,close,014830,유니드,breakout,2025-04-23,2025-04-24,2025-05-02,2025-05-02,3,89700.0,87600.0,open,False,-7097.850000000035,5,15.0
2025,close,127120,제이에스링크,breakout,2025-05-02,2025-05-07,2025-05-14,2025-05-14,26,10750.0,9400.0,open,False,-35885.84999999998,5,15.0
2025,close,344860,이노진,breakout,2025-05-14,2025-05-15,2025-05-22,2025-05-22,96,2575.0,2300.0,open,False,-27102.0,5,15.0
2025,close,114090,GKL,breakout,2025-05-22,2025-05-23,2025-05-30,2025-05-30,15,13840.0,14080.0,open,False,2971.7999999999884,5,15.0
2025,close,014680,한솔케미칼,breakout,2025-05-30,2025-06-02,2025-06-11,2025-06-11,1,131800.0,146500.0,open,False,14282.549999999988,5,15.0
2025,close,310200,애니플러스,breakout,2025-06-11,2025-06-12,2025-06-19,2025-06-19,55,4290.0,4675.0,open,False,20435.387499999983,5,15.0
2025,close,319400,현대무벡스,breakout,2025-06-19,2025-06-20,2025-06-27,2025-06-27,54,4750.0,5060.0,open,False,15945.389999999985,5,15.0
2025,close,015860,일진홀딩스,pullback,2025-06-27,2025-06-30,2025-07-07,2025-07-07,52,5190.0,5630.0,open,False,22036.040000000037,5,15.0
2025,close,000080,하이트진로,breakout,2025-07-07,2025-07-08,2025-07-15,2025-07-15,13,21800.0,21900.0,open,False,447.8499999999767,5,15.0
2025,close,003080,SB성보,breakout,2025-07-15,2025-07-16,2025-07-23,2025-07-23,102,2900.0,2825.0,open,False,-8525.924999999988,5,15.0
2025,close,036460,한국가스공사,pullback,2025-07-23,2025-07-24,2025-07-31,2025-07-31,6,45850.0,45400.0,open,False,-3521.25,5,15.0
2025,close,025980,아난티,pullback,2025-07-31,2025-08-01,2025-08-08,2025-08-08,29,9760.0,10300.0,open,False,14787.390000000014,5,15.0
2025,close,138360,앤로보틱스,breakout,2025-08-08,2025-08-11,2025-08-19,2025-08-19,285,1049.0,787.0,open,False,-75454.88999999998,5,15.0
2025,close,415380,스튜디오삼익,breakout,2025-08-19,2025-08-20,2025-08-27,2025-08-27,68,3250.0,3656.0,open,False,26903.588000000018,5,15.0
2025,close,085310,엔케이,pullback,2025-08-27,2025-08-28,2025-09-04,2025-09-04,19,13200.0,12340.0,open,False,-17067.889999999985,5,15.0
2025,close,114090,GKL,pullback,2025-09-04,2025-09-05,2025-09-12,2025-09-12,14,16700.0,16650.0,open,False,-1400.3500000000058,5,15.0
2025,close,319400,현대무벡스,breakout,2025-09-12,2025-09-15,2025-09-22,2025-09-22,25,9080.0,9200.0,open,False,2314.5,5,15.0
2025,close,168360,펨트론,breakout,2025-09-22,2025-09-23,2025-09-30,2025-09-30,11,21300.0,21600.0,open,False,2592.149999999994,5,15.0
2025,close,105560,KB금융,pullback,2025-09-30,2025-10-01,2025-10-15,2025-10-15,2,114900.0,112200.0,open,False,-6081.299999999988,5,15.0
2025,close,319400,현대무벡스,breakout,2025-10-15,2025-10-16,2025-10-23,2025-10-23,18,12280.0,10600.0,open,False,-30857.76000000001,5,15.0
2025,close,015860,일진홀딩스,breakout,2025-10-24,2025-10-27,2025-11-03,2025-11-03,30,6590.0,7080.0,open,False,14084.850000000006,5,15.0
2025,close,015860,일진홀딩스,breakout,2025-11-03,2025-11-04,2025-11-11,2025-11-11,29,7210.0,7680.0,open,False,12982.285000000003,5,15.0
2025,close,015860,일진홀딩스,breakout,2025-11-11,2025-11-12,2025-11-19,2025-11-19,28,8090.0,8030.0,open,False,-2357.039999999979,5,15.0
2025,close,204320,HL만도,pullback,2025-11-19,2025-11-20,2025-11-27,2025-11-27,5,38900.0,42900.0,open,False,19386.5,5,15.0
2025,close,314130,지놈앤컴퍼니,breakout,2025-11-27,2025-11-28,2025-12-05,2025-12-05,64,3790.0,4360.0,open,False,35697.59999999998,5,15.0
2025,close,204320,HL만도,breakout,2025-12-05,2025-12-08,2025-12-15,2025-12-15,4,61000.0,51800.0,open,False,-37476.79999999999,5,15.0
2025,close,105630,한세실업,breakout,2025-12-15,2025-12-16,2025-12-23,2025-12-23,17,13760.0,14620.0,open,False,13896.309999999998,5,15.0
2025,close,048770,TPC로보틱스,pullback,2025-12-23,2025-12-24,2026-01-05,2026-01-05,93,2760.0,3200.0,open,False,40088.580000000016,5,15.0
2025,low,204320,HL만도,pullback,2025-01-02,2025-01-03,2025-01-10,2025-01-10,7,42000.0,41350.0,open,False,-5425.174999999988,5,15.0
2025,low,025980,아난티,pullback,2025-01-13,2025-01-14,2025-01-21,2025-01-21,52,5570.0,5650.0,open,False,3284.8399999999674,5,15.0
2025,low,004870,티웨이홀딩스,breakout,2025-01-21,2025-01-22,2025-02-04,2025-02-04,60,4876.0,4623.0,open,False,-16034.910000000033,5,15.0
2025,low,168360,펨트론,breakout,2025-02-04,2025-02-05,2025-02-12,2025-02-12,29,9510.0,10840.0,open,False,37684.77500000002,5,15.0
2025,low,127120,제이에스링크,pullback,2025-02-12,2025-02-13,2025-02-20,2025-02-20,51,6200.0,6110.0,open,False,-5531.715000000026,5,15.0
2025,low,003030,세아제강지주,pullback,2025-02-20,2025-02-21,2025-02-28,2025-02-28,1,230000.0,228000.0,open,False,-2687.0,5,15.0
2025,low,204320,HL만도,pullback,2025-02-28,2025-03-04,2025-03-11,2025-03-11,7,43500.0,41050.0,open,False,-18037.774999999965,5,15.0
2025,low,053350,이니텍,breakout,2025-03-11,2025-03-12,2025-03-19,2025-03-19,45,6490.0,6140.0,open,False,-16602.525000000023,5,15.0
2025,low,011230,삼화전자,breakout,2025-03-19,2025-03-20,2025-03-27,2025-03-27,74,3730.0,4500.0,open,False,56066.46999999997,5,15.0
2025,low,053350,이니텍,breakout,2025-03-28,2025-03-31,2025-04-07,2025-04-07,33,9970.0,8550.0,open,False,-47776.73999999999,5,15.0
2025,low,052220,iMBC,pullback,2025-04-07,2025-04-08,2025-04-15,2025-04-15,60,4695.0,4455.0,open,False,-15223.5,5,15.0
2025,low,006040,동원산업,breakout,2025-04-15,2025-04-16,2025-04-23,2025-04-23,6,39450.0,43150.0,open,False,21456.600000000006,5,15.0
2025,low,014830,유니드,breakout,2025-04-23,2025-04-24,2025-05-02,2025-05-02,3,89700.0,87600.0,open,False,-7097.850000000035,5,15.0
2025,low,127120,제이에스링크,breakout,2025-05-02,2025-05-07,2025-05-14,2025-05-14,26,10750.0,9400.0,open,False,-35885.84999999998,5,15.0
2025,low,344860,이노진,breakout,2025-05-14,2025-05-15,2025-05-22,2025-05-22,96,2575.0,2300.0,open,False,-27102.0,5,15.0
2025,low,114090,GKL,breakout,2025-05-22,2025-05-23,2025-05-30,2025-05-30,15,13840.0,14080.0,open,False,2971.7999999999884,5,15.0
2025,low,014680,한솔케미칼,breakout,2025-05-30,2025-06-02,2025-06-11,2025-06-11,1,131800.0,146500.0,open,False,14282.549999999988,5,15.0
2025,low,310200,애니플러스,breakout,2025-06-11,2025-06-12,2025-06-19,2025-06-19,55,4290.0,4675.0,open,False,20435.387499999983,5,15.0
2025,low,319400,현대무벡스,breakout,2025-06-19,2025-06-20,2025-06-27,2025-06-27,54,4750.0,5060.0,open,False,15945.389999999985,5,15.0
2025,low,015860,일진홀딩스,pullback,2025-06-27,2025-06-30,2025-07-07,2025-07-07,52,5190.0,5630.0,open,False,22036.040000000037,5,15.0
2025,low,000080,하이트진로,breakout,2025-07-07,2025-07-08,2025-07-15,2025-07-15,13,21800.0,21900.0,open,False,447.8499999999767,5,15.0
2025,low,003080,SB성보,breakout,2025-07-15,2025-07-16,2025-07-23,2025-07-23,102,2900.0,2825.0,open,False,-8525.924999999988,5,15.0
2025,low,036460,한국가스공사,pullback,2025-07-23,2025-07-24,2025-07-31,2025-07-31,6,45850.0,45400.0,open,False,-3521.25,5,15.0
2025,low,025980,아난티,pullback,2025-07-31,2025-08-01,2025-08-08,2025-08-08,29,9760.0,10300.0,open,False,14787.390000000014,5,15.0
2025,low,138360,앤로보틱스,breakout,2025-08-08,2025-08-11,2025-08-19,2025-08-19,285,1049.0,787.0,open,False,-75454.88999999998,5,15.0
2025,low,415380,스튜디오삼익,breakout,2025-08-19,2025-08-20,2025-08-27,2025-08-27,68,3250.0,3656.0,open,False,26903.588000000018,5,15.0
2025,low,085310,엔케이,pullback,2025-08-27,2025-08-28,2025-09-04,2025-09-04,19,13200.0,12340.0,open,False,-17067.889999999985,5,15.0
2025,low,114090,GKL,pullback,2025-09-04,2025-09-05,2025-09-12,2025-09-12,14,16700.0,16650.0,open,False,-1400.3500000000058,5,15.0
2025,low,319400,현대무벡스,breakout,2025-09-12,2025-09-15,2025-09-22,2025-09-22,25,9080.0,9200.0,open,False,2314.5,5,15.0
2025,low,168360,펨트론,breakout,2025-09-22,2025-09-23,2025-09-30,2025-09-30,11,21300.0,21600.0,open,False,2592.149999999994,5,15.0
2025,low,105560,KB금융,pullback,2025-09-30,2025-10-01,2025-10-15,2025-10-15,2,114900.0,112200.0,open,False,-6081.299999999988,5,15.0
2025,low,319400,현대무벡스,breakout,2025-10-15,2025-10-16,2025-10-23,2025-10-23,18,12280.0,10600.0,open,False,-30857.76000000001,5,15.0
2025,low,015860,일진홀딩스,breakout,2025-10-24,2025-10-27,2025-11-03,2025-11-03,30,6590.0,7080.0,open,False,14084.850000000006,5,15.0
2025,low,015860,일진홀딩스,breakout,2025-11-03,2025-11-04,2025-11-11,2025-11-11,29,7210.0,7680.0,open,False,12982.285000000003,5,15.0
2025,low,015860,일진홀딩스,breakout,2025-11-11,2025-11-12,2025-11-19,2025-11-19,28,8090.0,8030.0,open,False,-2357.039999999979,5,15.0
2025,low,204320,HL만도,pullback,2025-11-19,2025-11-20,2025-11-27,2025-11-27,5,38900.0,42900.0,open,False,19386.5,5,15.0
2025,low,314130,지놈앤컴퍼니,breakout,2025-11-27,2025-11-28,2025-12-05,2025-12-05,64,3790.0,4360.0,open,False,35697.59999999998,5,15.0
2025,low,204320,HL만도,breakout,2025-12-05,2025-12-08,2025-12-15,2025-12-15,4,61000.0,51800.0,open,False,-37476.79999999999,5,15.0
2025,low,105630,한세실업,breakout,2025-12-15,2025-12-16,2025-12-23,2025-12-23,17,13760.0,14620.0,open,False,13896.309999999998,5,15.0
2025,low,048770,TPC로보틱스,pullback,2025-12-23,2025-12-24,2026-01-05,2026-01-05,93,2760.0,3200.0,open,False,40088.580000000016,5,15.0
2023,open,114090,GKL,pullback,2023-01-02,2023-01-03,2023-01-11,2023-01-11,15,18750.0,18950.0,open,False,2151.75,6,15.0
2023,open,114090,GKL,pullback,2023-01-11,2023-01-12,2023-01-20,2023-01-20,15,19300.0,19900.0,open,False,8118.0,6,15.0
2023,open,310200,애니플러스,pullback,2023-01-20,2023-01-25,2023-02-02,2023-02-02,65,4695.0,4950.0,open,False,15634.612499999988,6,15.0
2023,open,008260,NI스틸,breakout,2023-02-02,2023-02-03,2023-02-13,2023-02-13,58,5610.0,5620.0,open,False,-397.0100000000093,6,15.0
2023,open,064850,에프앤가이드,breakout,2023-02-13,2023-02-14,2023-02-22,2023-02-22,41,7790.0,7070.0,open,False,-30433.890000000014,6,15.0
2023,open,028670,팬오션,pullback,2023-02-22,2023-02-23,2023-03-06,2023-03-06,45,6470.0,6640.0,open,False,6765.074999999953,6,15.0
2023,open,056080,유진로봇,breakout,2023-03-06,2023-03-07,2023-03-15,2023-03-15,38,7730.0,6950.0,open,False,-30476.76000000001,6,15.0
2023,open,001460,BYC,pullback,2023-03-15,2023-03-16,2023-03-24,2023-03-24,5,50800.0,48050.0,open,False,-14491.375,6,15.0
2023,open,115500,케이씨에스,breakout,2023-03-24,2023-03-27,2023-04-04,2023-04-04,20,12280.0,10230.0,open,False,-41675.30000000002,6,15.0
2023,open,030210,다올투자증권,breakout,2023-04-04,2023-04-05,2023-04-13,2023-04-13,37,5730.0,5630.0,open,False,-4330.4800000000105,6,15.0
2023,open,004100,태양금속,breakout,2023-04-13,2023-04-14,2023-04-24,2023-04-24,99,2125.0,2145.0,open,False,1345.9049999999988,6,15.0
2023,open,119650,KC코트렐,breakout,2023-04-24,2023-04-25,2023-05-04,2023-05-04,27,7648.0,7216.0,open,False,-12265.991999999998,6,15.0
2023,open,017900,광전자,breakout,2023-05-04,2023-05-08,2023-05-16,2023-05-16,70,2830.0,2460.0,open,False,-26455.45000000001,6,15.0
2023,open,000850,화천기공,pullback,2023-05-16,2023-05-17,2023-05-25,2023-05-25,4,38650.0,39350.0,open,False,2331.999999999971,6,15.0
2023,open,036620,감성코퍼레이션,breakout,2023-05-25,2023-05-26,2023-06-07,2023-06-07,49,3530.0,3905.0,open,False,17828.527499999997,6,15.0
2023,open,126640,화신정공,breakout,2023-06-07,2023-06-08,2023-06-16,2023-06-16,92,2090.0,1978.0,open,False,-10865.383999999991,6,15.0
2023,open,085310,엔케이,breakout,2023-06-16,2023-06-19,2023-06-27,2023-06-27,17,10220.0,10130.0,open,False,-2048.9250000000175,6,15.0
2023,open,105630,한세실업,breakout,2023-06-27,2023-06-28,2023-07-06,2023-07-06,9,19790.0,20350.0,open,False,4498.110000000015,6,15.0
2023,open,126640,화신정공,pullback,2023-07-06,2023-07-07,2023-07-17,2023-07-17,92,1994.0,1912.0,open,False,-8083.02800000002,6,15.0
2023,open,043910,자연과환경,breakout,2023-07-17,2023-07-18,2023-07-26,2023-07-26,11,14870.0,11450.0,open,False,-38054.28,6,15.0
2023,open,326030,SK바이오팜,pullback,2023-07-26,2023-07-27,2023-08-04,2023-08-04,1,83400.0,95700.0,open,False,12031.350000000006,6,15.0
2023,open,105630,한세실업,pullback,2023-08-04,2023-08-07,2023-08-16,2023-08-16,7,19290.0,21600.0,open,False,15740.654999999999,6,15.0
2023,open,149980,하이로닉,breakout,2023-08-17,2023-08-18,2023-08-28,2023-08-28,10,15523.0,18826.0,open,False,32514.765000000014,6,15.0
2023,open,089850,유비벨록스,breakout,2023-08-28,2023-08-29,2023-09-06,2023-09-06,21,9376.0,8905.0,open,False,-10466.85149999999,6,15.0
2023,open,003570,SNT다이내믹스,breakout,2023-09-06,2023-09-07,2023-09-15,2023-09-15,16,11400.0,11950.0,open,False,8239.600000000006,6,15.0
2023,open,105560,KB금융,breakout,2023-09-15,2023-09-18,2023-09-26,2023-09-26,3,56200.0,56800.0,open,False,1291.5,6,15.0
2023,open,004270,남성,breakout,2023-09-26,2023-09-27,2023-10-12,2023-10-12,9,20909.0,18722.0,open,False,-20218.018500000006,6,15.0
2023,open,004100,태양금속,pullback,2023-10-12,2023-10-13,2023-10-23,2023-10-23,46,3840.0,4030.0,open,False,8196.970000000001,6,15.0
2023,open,003570,SNT다이내믹스,pullback,2023-10-23,2023-10-24,2023-11-01,2023-11-01,15,11990.0,13130.0,open,False,16534.79999999999,6,15.0
2023,open,015360,INVENI,pullback,2023-11-01,2023-11-02,2023-11-10,2023-11-10,30,6660.0,6820.0,open,False,4193.399999999994,6,15.0
2023,open,015360,INVENI,breakout,2023-11-13,2023-11-14,2023-11-22,2023-11-22,29,6950.0,7020.0,open,False,1422.304999999993,6,15.0
2023,open,215200,메가스터디교육,pullback,2023-11-24,2023-11-27,2023-12-05,2023-12-05,3,61400.0,58800.0,open,False,-8340.899999999994,6,15.0
2023,open,016450,한세예스24홀딩스,pullback,2023-12-05,2023-12-06,2023-12-14,2023-12-14,40,4930.0,5110.0,open,False,6597.600000000006,6,15.0
2023,open,016360,삼성증권,breakout,2023-12-14,2023-12-15,2023-12-26,2023-12-26,5,40200.0,40500.0,open,False,894.75,6,15.0
2023,open,279600,미디어젠,breakout,2023-12-26,2023-12-27,2024-01-08,2024-01-08,9,22032.0,21440.0,open,False,-5914.872000000003,6,15.0
2023,close,114090,GKL,pullback,2023-01-02,2023-01-03,2023-01-11,2023-01-11,15,18750.0,18950.0,open,False,2151.75,6,15.0
2023,close,114090,GKL,pullback,2023-01-11,2023-01-12,2023-01-20,2023-01-20,15,19300.0,19900.0,open,False,8118.0,6,15.0
2023,close,310200,애니플러스,pullback,2023-01-20,2023-01-25,2023-02-02,2023-02-02,65,4695.0,4950.0,open,False,15634.612499999988,6,15.0
2023,close,008260,NI스틸,breakout,2023-02-02,2023-02-03,2023-02-13,2023-02-13,58,5610.0,5620.0,open,False,-397.0100000000093,6,15.0
2023,close,064850,에프앤가이드,breakout,2023-02-13,2023-02-14,2023-02-22,2023-02-22,41,7790.0,7070.0,open,False,-30433.890000000014,6,15.0
2023,close,028670,팬오션,pullback,2023-02-22,2023-02-23,2023-03-06,2023-03-06,45,6470.0,6640.0,open,False,6765.074999999953,6,15.0
2023,close,056080,유진로봇,breakout,2023-03-06,2023-03-07,2023-03-15,2023-03-15,38,7730.0,6950.0,open,False,-30476.76000000001,6,15.0
2023,close,001460,BYC,pullback,2023-03-15,2023-03-16,2023-03-24,2023-03-24,5,50800.0,48050.0,open,False,-14491.375,6,15.0
2023,close,115500,케이씨에스,breakout,2023-03-24,2023-03-27,2023-04-04,2023-04-04,20,12280.0,10230.0,open,False,-41675.30000000002,6,15.0
2023,close,030210,다올투자증권,breakout,2023-04-04,2023-04-05,2023-04-13,2023-04-13,37,5730.0,5630.0,open,False,-4330.4800000000105,6,15.0
2023,close,004100,태양금속,breakout,2023-04-13,2023-04-14,2023-04-24,2023-04-24,99,2125.0,2145.0,open,False,1345.9049999999988,6,15.0
2023,close,119650,KC코트렐,breakout,2023-04-24,2023-04-25,2023-05-04,2023-05-04,27,7648.0,7216.0,open,False,-12265.991999999998,6,15.0
2023,close,017900,광전자,breakout,2023-05-04,2023-05-08,2023-05-16,2023-05-16,70,2830.0,2460.0,open,False,-26455.45000000001,6,15.0
2023,close,000850,화천기공,pullback,2023-05-16,2023-05-17,2023-05-25,2023-05-25,4,38650.0,39350.0,open,False,2331.999999999971,6,15.0
2023,close,036620,감성코퍼레이션,breakout,2023-05-25,2023-05-26,2023-06-07,2023-06-07,49,3530.0,3905.0,open,False,17828.527499999997,6,15.0
2023,close,126640,화신정공,breakout,2023-06-07,2023-06-08,2023-06-16,2023-06-16,92,2090.0,1978.0,open,False,-10865.383999999991,6,15.0
2023,close,085310,엔케이,breakout,2023-06-16,2023-06-19,2023-06-27,2023-06-27,17,10220.0,10130.0,open,False,-2048.9250000000175,6,15.0
2023,close,105630,한세실업,breakout,2023-06-27,2023-06-28,2023-07-06,2023-07-06,9,19790.0,20350.0,open,False,4498.110000000015,6,15.0
2023,close,126640,화신정공,pullback,2023-07-06,2023-07-07,2023-07-17,2023-07-17,92,1994.0,1912.0,open,False,-8083.02800000002,6,15.0
2023,close,043910,자연과환경,breakout,2023-07-17,2023-07-18,2023-07-26,2023-07-26,11,14870.0,11450.0,open,False,-38054.28,6,15.0
2023,close,326030,SK바이오팜,pullback,2023-07-26,2023-07-27,2023-08-04,2023-08-04,1,83400.0,95700.0,open,False,12031.350000000006,6,15.0
2023,close,105630,한세실업,pullback,2023-08-04,2023-08-07,2023-08-16,2023-08-16,7,19290.0,21600.0,open,False,15740.654999999999,6,15.0
2023,close,149980,하이로닉,breakout,2023-08-17,2023-08-18,2023-08-28,2023-08-28,10,15523.0,18826.0,open,False,32514.765000000014,6,15.0
2023,close,089850,유비벨록스,breakout,2023-08-28,2023-08-29,2023-09-06,2023-09-06,21,9376.0,8905.0,open,False,-10466.85149999999,6,15.0
2023,close,003570,SNT다이내믹스,breakout,2023-09-06,2023-09-07,2023-09-15,2023-09-15,16,11400.0,11950.0,open,False,8239.600000000006,6,15.0
2023,close,105560,KB금융,breakout,2023-09-15,2023-09-18,2023-09-26,2023-09-26,3,56200.0,56800.0,open,False,1291.5,6,15.0
2023,close,004270,남성,breakout,2023-09-26,2023-09-27,2023-10-12,2023-10-12,9,20909.0,18722.0,open,False,-20218.018500000006,6,15.0
2023,close,004100,태양금속,pullback,2023-10-12,2023-10-13,2023-10-23,2023-10-23,46,3840.0,4030.0,open,False,8196.970000000001,6,15.0
2023,close,003570,SNT다이내믹스,pullback,2023-10-23,2023-10-24,2023-11-01,2023-11-01,15,11990.0,13130.0,open,False,16534.79999999999,6,15.0
2023,close,015360,INVENI,pullback,2023-11-01,2023-11-02,2023-11-10,2023-11-10,30,6660.0,6820.0,open,False,4193.399999999994,6,15.0
2023,close,015360,INVENI,breakout,2023-11-13,2023-11-14,2023-11-22,2023-11-22,29,6950.0,7020.0,open,False,1422.304999999993,6,15.0
2023,close,215200,메가스터디교육,pullback,2023-11-24,2023-11-27,2023-12-05,2023-12-05,3,61400.0,58800.0,open,False,-8340.899999999994,6,15.0
2023,close,016450,한세예스24홀딩스,pullback,2023-12-05,2023-12-06,2023-12-14,2023-12-14,40,4930.0,5110.0,open,False,6597.600000000006,6,15.0
2023,close,016360,삼성증권,breakout,2023-12-14,2023-12-15,2023-12-26,2023-12-26,5,40200.0,40500.0,open,False,894.75,6,15.0
2023,close,279600,미디어젠,breakout,2023-12-26,2023-12-27,2024-01-08,2024-01-08,9,22032.0,21440.0,open,False,-5914.872000000003,6,15.0
2023,low,114090,GKL,pullback,2023-01-02,2023-01-03,2023-01-11,2023-01-11,15,18750.0,18950.0,open,False,2151.75,6,15.0
2023,low,114090,GKL,pullback,2023-01-11,2023-01-12,2023-01-20,2023-01-20,15,19300.0,19900.0,open,False,8118.0,6,15.0
2023,low,310200,애니플러스,pullback,2023-01-20,2023-01-25,2023-02-02,2023-02-02,65,4695.0,4950.0,open,False,15634.612499999988,6,15.0
2023,low,008260,NI스틸,breakout,2023-02-02,2023-02-03,2023-02-13,2023-02-13,58,5610.0,5620.0,open,False,-397.0100000000093,6,15.0
2023,low,064850,에프앤가이드,breakout,2023-02-13,2023-02-14,2023-02-22,2023-02-22,41,7790.0,7070.0,open,False,-30433.890000000014,6,15.0
2023,low,028670,팬오션,pullback,2023-02-22,2023-02-23,2023-03-06,2023-03-06,45,6470.0,6640.0,open,False,6765.074999999953,6,15.0
2023,low,056080,유진로봇,breakout,2023-03-06,2023-03-07,2023-03-15,2023-03-15,38,7730.0,6950.0,open,False,-30476.76000000001,6,15.0
2023,low,001460,BYC,pullback,2023-03-15,2023-03-16,2023-03-24,2023-03-24,5,50800.0,48050.0,open,False,-14491.375,6,15.0
2023,low,115500,케이씨에스,breakout,2023-03-24,2023-03-27,2023-04-04,2023-04-04,20,12280.0,10230.0,open,False,-41675.30000000002,6,15.0
2023,low,030210,다올투자증권,breakout,2023-04-04,2023-04-05,2023-04-13,2023-04-13,37,5730.0,5630.0,open,False,-4330.4800000000105,6,15.0
2023,low,004100,태양금속,breakout,2023-04-13,2023-04-14,2023-04-24,2023-04-24,99,2125.0,2145.0,open,False,1345.9049999999988,6,15.0
2023,low,119650,KC코트렐,breakout,2023-04-24,2023-04-25,2023-05-04,2023-05-04,27,7648.0,7216.0,open,False,-12265.991999999998,6,15.0
2023,low,017900,광전자,breakout,2023-05-04,2023-05-08,2023-05-16,2023-05-16,70,2830.0,2460.0,open,False,-26455.45000000001,6,15.0
2023,low,000850,화천기공,pullback,2023-05-16,2023-05-17,2023-05-25,2023-05-25,4,38650.0,39350.0,open,False,2331.999999999971,6,15.0
2023,low,036620,감성코퍼레이션,breakout,2023-05-25,2023-05-26,2023-06-07,2023-06-07,49,3530.0,3905.0,open,False,17828.527499999997,6,15.0
2023,low,126640,화신정공,breakout,2023-06-07,2023-06-08,2023-06-16,2023-06-16,92,2090.0,1978.0,open,False,-10865.383999999991,6,15.0
2023,low,085310,엔케이,breakout,2023-06-16,2023-06-19,2023-06-27,2023-06-27,17,10220.0,10130.0,open,False,-2048.9250000000175,6,15.0
2023,low,105630,한세실업,breakout,2023-06-27,2023-06-28,2023-07-06,2023-07-06,9,19790.0,20350.0,open,False,4498.110000000015,6,15.0
2023,low,126640,화신정공,pullback,2023-07-06,2023-07-07,2023-07-17,2023-07-17,92,1994.0,1912.0,open,False,-8083.02800000002,6,15.0
2023,low,043910,자연과환경,breakout,2023-07-17,2023-07-18,2023-07-26,2023-07-26,11,14870.0,11450.0,open,False,-38054.28,6,15.0
2023,low,326030,SK바이오팜,pullback,2023-07-26,2023-07-27,2023-08-04,2023-08-04,1,83400.0,95700.0,open,False,12031.350000000006,6,15.0
2023,low,105630,한세실업,pullback,2023-08-04,2023-08-07,2023-08-16,2023-08-16,7,19290.0,21600.0,open,False,15740.654999999999,6,15.0
2023,low,149980,하이로닉,breakout,2023-08-17,2023-08-18,2023-08-28,2023-08-28,10,15523.0,18826.0,open,False,32514.765000000014,6,15.0
2023,low,089850,유비벨록스,breakout,2023-08-28,2023-08-29,2023-09-06,2023-09-06,21,9376.0,8905.0,open,False,-10466.85149999999,6,15.0
2023,low,003570,SNT다이내믹스,breakout,2023-09-06,2023-09-07,2023-09-15,2023-09-15,16,11400.0,11950.0,open,False,8239.600000000006,6,15.0
2023,low,105560,KB금융,breakout,2023-09-15,2023-09-18,2023-09-26,2023-09-26,3,56200.0,56800.0,open,False,1291.5,6,15.0
2023,low,004270,남성,breakout,2023-09-26,2023-09-27,2023-10-12,2023-10-12,9,20909.0,18722.0,open,False,-20218.018500000006,6,15.0
2023,low,004100,태양금속,pullback,2023-10-12,2023-10-13,2023-10-23,2023-10-23,46,3840.0,4030.0,open,False,8196.970000000001,6,15.0
2023,low,003570,SNT다이내믹스,pullback,2023-10-23,2023-10-24,2023-11-01,2023-11-01,15,11990.0,13130.0,open,False,16534.79999999999,6,15.0
2023,low,015360,INVENI,pullback,2023-11-01,2023-11-02,2023-11-10,2023-11-10,30,6660.0,6820.0,open,False,4193.399999999994,6,15.0
2023,low,015360,INVENI,breakout,2023-11-13,2023-11-14,2023-11-22,2023-11-22,29,6950.0,7020.0,open,False,1422.304999999993,6,15.0
2023,low,215200,메가스터디교육,pullback,2023-11-24,2023-11-27,2023-12-05,2023-12-05,3,61400.0,58800.0,open,False,-8340.899999999994,6,15.0
2023,low,016450,한세예스24홀딩스,pullback,2023-12-05,2023-12-06,2023-12-14,2023-12-14,40,4930.0,5110.0,open,False,6597.600000000006,6,15.0
2023,low,016360,삼성증권,breakout,2023-12-14,2023-12-15,2023-12-26,2023-12-26,5,40200.0,40500.0,open,False,894.75,6,15.0
2023,low,279600,미디어젠,breakout,2023-12-26,2023-12-27,2024-01-08,2024-01-08,9,22032.0,21440.0,open,False,-5914.872000000003,6,15.0
2024,open,326030,SK바이오팜,breakout,2024-01-02,2024-01-03,2024-01-11,2024-01-11,2,103300.0,97200.0,open,False,-12801.5,6,15.0
2024,open,003530,한화투자증권,breakout,2024-01-11,2024-01-12,2024-01-22,2024-01-22,68,4160.0,3505.0,open,False,-45321.82999999999,6,15.0
2024,open,270870,뉴트리,pullback,2024-01-22,2024-01-23,2024-01-31,2024-01-31,33,7170.0,7100.0,open,False,-3016.3649999999907,6,15.0
2024,open,003030,세아제강지주,pullback,2024-01-31,2024-02-01,2024-02-13,2024-02-13,1,220000.0,212000.0,open,False,-8648.0,6,15.0
2024,open,170920,엘티씨,pullback,2024-02-13,2024-02-14,2024-02-22,2024-02-22,14,16210.0,16270.0,open,False,157.9200000000128,6,15.0
2024,open,017900,광전자,pullback,2024-02-22,2024-02-23,2024-03-05,2024-03-05,84,2715.0,2500.0,open,False,-18717.090000000026,6,15.0
2024,open,001460,BYC,breakout,2024-03-05,2024-03-06,2024-03-14,2024-03-14,4,50500.0,47500.0,open,False,-12588.0,6,15.0
2024,open,016360,삼성증권,pullback,2024-03-14,2024-03-15,2024-03-25,2024-03-25,4,41800.0,41900.0,open,False,-102.20000000001164,6,15.0
2024,open,026890,스틱인베스트먼트,breakout,2024-03-25,2024-03-26,2024-04-03,2024-04-03,26,7540.0,7540.0,open,False,-588.1199999999953,6,15.0
2024,open,006360,GS건설,breakout,2024-04-03,2024-04-04,2024-04-15,2024-04-15,12,15760.0,14320.0,open,False,-17821.440000000002,6,15.0
2024,open,096870,엘디티,pullback,2024-04-15,2024-04-16,2024-04-24,2024-04-24,56,3170.0,3060.0,open,False,-6683.319999999978,6,15.0
2024,open,220100,퓨쳐켐,breakout,2024-04-24,2024-04-25,2024-05-07,2024-05-07,16,10663.0,11212.0,open,False,8259.0,6,15.0
2024,open,014830,유니드,breakout,2024-05-07,2024-05-08,2024-05-17,2024-05-17,1,104200.0,102100.0,open,False,-2409.449999999997,6,15.0
2024,open,094280,효성ITX,breakout,2024-05-17,2024-05-20,2024-05-28,2024-05-28,13,13210.0,13940.0,open,False,8960.575000000012,6,15.0
2024,open,051630,진양화학,pullback,2024-05-28,2024-05-29,2024-06-07,2024-06-07,58,3206.0,3334.0,open,False,6855.0199999999895,6,15.0
2024,open,051630,진양화학,breakout,2024-06-07,2024-06-10,2024-06-18,2024-06-18,58,3366.0,3338.0,open,False,-2207.2479999999923,6,15.0
2024,open,081580,성우전자,breakout,2024-06-18,2024-06-19,2024-06-27,2024-06-27,54,3570.0,3550.0,open,False,-1656.7200000000012,6,15.0
2024,open,094280,효성ITX,pullback,2024-06-27,2024-06-28,2024-07-08,2024-07-08,14,13400.0,13540.0,open,False,1394.2599999999802,6,15.0
2024,open,009300,삼아제약,pullback,2024-07-08,2024-07-09,2024-07-17,2024-07-17,8,23350.0,28850.0,open,False,43373.600000000006,6,15.0
2024,open,006360,GS건설,breakout,2024-07-17,2024-07-18,2024-07-26,2024-07-26,12,18300.0,17610.0,open,False,-8926.380000000005,6,15.0
2024,open,006360,GS건설,breakout,2024-07-26,2024-07-29,2024-08-06,2024-08-06,11,19220.0,17200.0,open,False,-22820.929999999993,6,15.0
2024,open,064850,에프앤가이드,pullback,2024-08-06,2024-08-07,2024-08-16,2024-08-16,26,7780.0,8250.0,open,False,11594.829999999987,6,15.0
2024,open,000080,하이트진로,breakout,2024-08-19,2024-08-20,2024-08-28,2024-08-28,9,22250.0,21500.0,open,False,-7340.625,6,15.0
2024,open,064850,에프앤가이드,breakout,2024-08-28,2024-08-29,2024-09-06,2024-09-06,22,9340.0,13420.0,open,False,89008.92000000001,6,15.0
2024,open,064850,에프앤가이드,breakout,2024-09-06,2024-09-09,2024-09-20,2024-09-20,20,14290.0,19150.0,open,False,96196.79999999999,6,15.0
2024,open,064850,에프앤가이드,breakout,2024-09-20,2024-09-23,2024-10-02,2024-10-02,17,23000.0,15530.0,open,False,-127972.51500000001,6,15.0
2024,open,081580,성우전자,breakout,2024-10-04,2024-10-07,2024-10-16,2024-10-16,54,4890.0,4750.0,open,False,-8340.840000000026,6,15.0
2024,open,015360,INVENI,pullback,2024-10-16,2024-10-17,2024-10-25,2024-10-25,27,9340.0,10200.0,open,False,22428.630000000005,6,15.0
2024,open,004870,티웨이홀딩스,pullback,2024-10-25,2024-10-28,2024-11-05,2024-11-05,73,3810.0,4081.0,open,False,18918.93550000002,6,15.0
2024,open,016360,삼성증권,pullback,2024-11-05,2024-11-06,2024-11-14,2024-11-14,6,46650.0,44800.0,open,False,-11923.050000000047,6,15.0
2024,open,006800,미래에셋증권,pullback,2024-11-14,2024-11-15,2024-11-25,2024-11-25,33,8542.0,8771.0,open,False,6700.006500000018,6,15.0
2024,open,127120,제이에스링크,pullback,2024-11-25,2024-11-26,2024-12-04,2024-12-04,79,3710.0,4100.0,open,False,29884.515000000014,6,15.0
2024,open,016090,대현,pullback,2024-12-04,2024-12-05,2024-12-13,2024-12-13,147,2190.0,2330.0,open,False,19583.340000000026,6,15.0
2024,open,015360,INVENI,pullback,2024-12-16,2024-12-17,2024-12-26,2024-12-26,32,10400.0,10960.0,open,False,16894.72000000003,6,15.0
2024,open,015360,INVENI,breakout,2024-12-26,2024-12-27,2025-01-08,2025-01-08,33,10760.0,9850.0,open,False,-31050.19499999995,6,15.0
2024,close,326030,SK바이오팜,breakout,2024-01-02,2024-01-03,2024-01-11,2024-01-11,2,103300.0,97200.0,open,False,-12801.5,6,15.0
2024,close,003530,한화투자증권,breakout,2024-01-11,2024-01-12,2024-01-22,2024-01-22,68,4160.0,3505.0,open,False,-45321.82999999999,6,15.0
2024,close,270870,뉴트리,pullback,2024-01-22,2024-01-23,2024-01-31,2024-01-31,33,7170.0,7100.0,open,False,-3016.3649999999907,6,15.0
2024,close,003030,세아제강지주,pullback,2024-01-31,2024-02-01,2024-02-13,2024-02-13,1,220000.0,212000.0,open,False,-8648.0,6,15.0
2024,close,170920,엘티씨,pullback,2024-02-13,2024-02-14,2024-02-22,2024-02-22,14,16210.0,16270.0,open,False,157.9200000000128,6,15.0
2024,close,017900,광전자,pullback,2024-02-22,2024-02-23,2024-03-05,2024-03-05,84,2715.0,2500.0,open,False,-18717.090000000026,6,15.0
2024,close,001460,BYC,breakout,2024-03-05,2024-03-06,2024-03-14,2024-03-14,4,50500.0,47500.0,open,False,-12588.0,6,15.0
2024,close,016360,삼성증권,pullback,2024-03-14,2024-03-15,2024-03-25,2024-03-25,4,41800.0,41900.0,open,False,-102.20000000001164,6,15.0
2024,close,026890,스틱인베스트먼트,breakout,2024-03-25,2024-03-26,2024-04-03,2024-04-03,26,7540.0,7540.0,open,False,-588.1199999999953,6,15.0
2024,close,006360,GS건설,breakout,2024-04-03,2024-04-04,2024-04-15,2024-04-15,12,15760.0,14320.0,open,False,-17821.440000000002,6,15.0
2024,close,096870,엘디티,pullback,2024-04-15,2024-04-16,2024-04-24,2024-04-24,56,3170.0,3060.0,open,False,-6683.319999999978,6,15.0
2024,close,220100,퓨쳐켐,breakout,2024-04-24,2024-04-25,2024-05-07,2024-05-07,16,10663.0,11212.0,open,False,8259.0,6,15.0
2024,close,014830,유니드,breakout,2024-05-07,2024-05-08,2024-05-17,2024-05-17,1,104200.0,102100.0,open,False,-2409.449999999997,6,15.0
2024,close,094280,효성ITX,breakout,2024-05-17,2024-05-20,2024-05-28,2024-05-28,13,13210.0,13940.0,open,False,8960.575000000012,6,15.0
2024,close,051630,진양화학,pullback,2024-05-28,2024-05-29,2024-06-07,2024-06-07,58,3206.0,3334.0,open,False,6855.0199999999895,6,15.0
2024,close,051630,진양화학,breakout,2024-06-07,2024-06-10,2024-06-18,2024-06-18,58,3366.0,3338.0,open,False,-2207.2479999999923,6,15.0
2024,close,081580,성우전자,breakout,2024-06-18,2024-06-19,2024-06-27,2024-06-27,54,3570.0,3550.0,open,False,-1656.7200000000012,6,15.0
2024,close,094280,효성ITX,pullback,2024-06-27,2024-06-28,2024-07-08,2024-07-08,14,13400.0,13540.0,open,False,1394.2599999999802,6,15.0
2024,close,009300,삼아제약,pullback,2024-07-08,2024-07-09,2024-07-17,2024-07-17,8,23350.0,28850.0,open,False,43373.600000000006,6,15.0
2024,close,006360,GS건설,breakout,2024-07-17,2024-07-18,2024-07-26,2024-07-26,12,18300.0,17610.0,open,False,-8926.380000000005,6,15.0
2024,close,006360,GS건설,breakout,2024-07-26,2024-07-29,2024-08-06,2024-08-06,11,19220.0,17200.0,open,False,-22820.929999999993,6,15.0
2024,close,064850,에프앤가이드,pullback,2024-08-06,2024-08-07,2024-08-16,2024-08-16,26,7780.0,8250.0,open,False,11594.829999999987,6,15.0
2024,close,000080,하이트진로,breakout,2024-08-19,2024-08-20,2024-08-28,2024-08-28,9,22250.0,21500.0,open,False,-7340.625,6,15.0
2024,close,064850,에프앤가이드,breakout,2024-08-28,2024-08-29,2024-09-06,2024-09-06,22,9340.0,13420.0,open,False,89008.92000000001,6,15.0
2024,close,064850,에프앤가이드,breakout,2024-09-06,2024-09-09,2024-09-20,2024-09-20,20,14290.0,19150.0,open,False,96196.79999999999,6,15.0
2024,close,064850,에프앤가이드,breakout,2024-09-20,2024-09-23,2024-10-02,2024-10-02,17,23000.0,15530.0,open,False,-127972.51500000001,6,15.0
2024,close,081580,성우전자,breakout,2024-10-04,2024-10-07,2024-10-16,2024-10-16,54,4890.0,4750.0,open,False,-8340.840000000026,6,15.0
2024,close,015360,INVENI,pullback,2024-10-16,2024-10-17,2024-10-25,2024-10-25,27,9340.0,10200.0,open,False,22428.630000000005,6,15.0
2024,close,004870,티웨이홀딩스,pullback,2024-10-25,2024-10-28,2024-11-05,2024-11-05,73,3810.0,4081.0,open,False,18918.93550000002,6,15.0
2024,close,016360,삼성증권,pullback,2024-11-05,2024-11-06,2024-11-14,2024-11-14,6,46650.0,44800.0,open,False,-11923.050000000047,6,15.0
2024,close,006800,미래에셋증권,pullback,2024-11-14,2024-11-15,2024-11-25,2024-11-25,33,8542.0,8771.0,open,False,6700.006500000018,6,15.0
2024,close,127120,제이에스링크,pullback,2024-11-25,2024-11-26,2024-12-04,2024-12-04,79,3710.0,4100.0,open,False,29884.515000000014,6,15.0
2024,close,016090,대현,pullback,2024-12-04,2024-12-05,2024-12-13,2024-12-13,147,2190.0,2330.0,open,False,19583.340000000026,6,15.0
2024,close,015360,INVENI,pullback,2024-12-16,2024-12-17,2024-12-26,2024-12-26,32,10400.0,10960.0,open,False,16894.72000000003,6,15.0
2024,close,015360,INVENI,breakout,2024-12-26,2024-12-27,2025-01-08,2025-01-08,33,10760.0,9850.0,open,False,-31050.19499999995,6,15.0
2024,low,326030,SK바이오팜,breakout,2024-01-02,2024-01-03,2024-01-11,2024-01-11,2,103300.0,97200.0,open,False,-12801.5,6,15.0
2024,low,003530,한화투자증권,breakout,2024-01-11,2024-01-12,2024-01-22,2024-01-22,68,4160.0,3505.0,open,False,-45321.82999999999,6,15.0
2024,low,270870,뉴트리,pullback,2024-01-22,2024-01-23,2024-01-31,2024-01-31,33,7170.0,7100.0,open,False,-3016.3649999999907,6,15.0
2024,low,003030,세아제강지주,pullback,2024-01-31,2024-02-01,2024-02-13,2024-02-13,1,220000.0,212000.0,open,False,-8648.0,6,15.0
2024,low,170920,엘티씨,pullback,2024-02-13,2024-02-14,2024-02-22,2024-02-22,14,16210.0,16270.0,open,False,157.9200000000128,6,15.0
2024,low,017900,광전자,pullback,2024-02-22,2024-02-23,2024-03-05,2024-03-05,84,2715.0,2500.0,open,False,-18717.090000000026,6,15.0
2024,low,001460,BYC,breakout,2024-03-05,2024-03-06,2024-03-14,2024-03-14,4,50500.0,47500.0,open,False,-12588.0,6,15.0
2024,low,016360,삼성증권,pullback,2024-03-14,2024-03-15,2024-03-25,2024-03-25,4,41800.0,41900.0,open,False,-102.20000000001164,6,15.0
2024,low,026890,스틱인베스트먼트,breakout,2024-03-25,2024-03-26,2024-04-03,2024-04-03,26,7540.0,7540.0,open,False,-588.1199999999953,6,15.0
2024,low,006360,GS건설,breakout,2024-04-03,2024-04-04,2024-04-15,2024-04-15,12,15760.0,14320.0,open,False,-17821.440000000002,6,15.0
2024,low,096870,엘디티,pullback,2024-04-15,2024-04-16,2024-04-24,2024-04-24,56,3170.0,3060.0,open,False,-6683.319999999978,6,15.0
2024,low,220100,퓨쳐켐,breakout,2024-04-24,2024-04-25,2024-05-07,2024-05-07,16,10663.0,11212.0,open,False,8259.0,6,15.0
2024,low,014830,유니드,breakout,2024-05-07,2024-05-08,2024-05-17,2024-05-17,1,104200.0,102100.0,open,False,-2409.449999999997,6,15.0
2024,low,094280,효성ITX,breakout,2024-05-17,2024-05-20,2024-05-28,2024-05-28,13,13210.0,13940.0,open,False,8960.575000000012,6,15.0
2024,low,051630,진양화학,pullback,2024-05-28,2024-05-29,2024-06-07,2024-06-07,58,3206.0,3334.0,open,False,6855.0199999999895,6,15.0
2024,low,051630,진양화학,breakout,2024-06-07,2024-06-10,2024-06-18,2024-06-18,58,3366.0,3338.0,open,False,-2207.2479999999923,6,15.0
2024,low,081580,성우전자,breakout,2024-06-18,2024-06-19,2024-06-27,2024-06-27,54,3570.0,3550.0,open,False,-1656.7200000000012,6,15.0
2024,low,094280,효성ITX,pullback,2024-06-27,2024-06-28,2024-07-08,2024-07-08,14,13400.0,13540.0,open,False,1394.2599999999802,6,15.0
2024,low,009300,삼아제약,pullback,2024-07-08,2024-07-09,2024-07-17,2024-07-17,8,23350.0,28850.0,open,False,43373.600000000006,6,15.0
2024,low,006360,GS건설,breakout,2024-07-17,2024-07-18,2024-07-26,2024-07-26,12,18300.0,17610.0,open,False,-8926.380000000005,6,15.0
2024,low,006360,GS건설,breakout,2024-07-26,2024-07-29,2024-08-06,2024-08-06,11,19220.0,17200.0,open,False,-22820.929999999993,6,15.0
2024,low,064850,에프앤가이드,pullback,2024-08-06,2024-08-07,2024-08-16,2024-08-16,26,7780.0,8250.0,open,False,11594.829999999987,6,15.0
2024,low,000080,하이트진로,breakout,2024-08-19,2024-08-20,2024-08-28,2024-08-28,9,22250.0,21500.0,open,False,-7340.625,6,15.0
2024,low,064850,에프앤가이드,breakout,2024-08-28,2024-08-29,2024-09-06,2024-09-06,22,9340.0,13420.0,open,False,89008.92000000001,6,15.0
2024,low,064850,에프앤가이드,breakout,2024-09-06,2024-09-09,2024-09-20,2024-09-20,20,14290.0,19150.0,open,False,96196.79999999999,6,15.0
2024,low,064850,에프앤가이드,breakout,2024-09-20,2024-09-23,2024-10-02,2024-10-02,17,23000.0,15530.0,open,False,-127972.51500000001,6,15.0
2024,low,081580,성우전자,breakout,2024-10-04,2024-10-07,2024-10-16,2024-10-16,54,4890.0,4750.0,open,False,-8340.840000000026,6,15.0
2024,low,015360,INVENI,pullback,2024-10-16,2024-10-17,2024-10-25,2024-10-25,27,9340.0,10200.0,open,False,22428.630000000005,6,15.0
2024,low,004870,티웨이홀딩스,pullback,2024-10-25,2024-10-28,2024-11-05,2024-11-05,73,3810.0,4081.0,open,False,18918.93550000002,6,15.0
2024,low,016360,삼성증권,pullback,2024-11-05,2024-11-06,2024-11-14,2024-11-14,6,46650.0,44800.0,open,False,-11923.050000000047,6,15.0
2024,low,006800,미래에셋증권,pullback,2024-11-14,2024-11-15,2024-11-25,2024-11-25,33,8542.0,8771.0,open,False,6700.006500000018,6,15.0
2024,low,127120,제이에스링크,pullback,2024-11-25,2024-11-26,2024-12-04,2024-12-04,79,3710.0,4100.0,open,False,29884.515000000014,6,15.0
2024,low,016090,대현,pullback,2024-12-04,2024-12-05,2024-12-13,2024-12-13,147,2190.0,2330.0,open,False,19583.340000000026,6,15.0
2024,low,015360,INVENI,pullback,2024-12-16,2024-12-17,2024-12-26,2024-12-26,32,10400.0,10960.0,open,False,16894.72000000003,6,15.0
2024,low,015360,INVENI,breakout,2024-12-26,2024-12-27,2025-01-08,2025-01-08,33,10760.0,9850.0,open,False,-31050.19499999995,6,15.0
2025,open,204320,HL만도,pullback,2025-01-02,2025-01-03,2025-01-13,2025-01-13,7,42000.0,41950.0,open,False,-1231.4749999999767,6,15.0
2025,open,025980,아난티,pullback,2025-01-13,2025-01-14,2025-01-22,2025-01-22,53,5570.0,5830.0,open,False,12873.700000000012,6,15.0
2025,open,004870,티웨이홀딩스,breakout,2025-01-22,2025-01-23,2025-02-06,2025-02-06,54,5727.0,4709.0,open,False,-55817.31600000002,6,15.0
2025,open,136480,하림,breakout,2025-02-06,2025-02-07,2025-02-17,2025-02-17,85,2980.0,2935.0,open,False,-4579.162500000006,6,15.0
2025,open,003030,세아제강지주,pullback,2025-02-17,2025-02-18,2025-02-26,2025-02-26,1,218500.0,238500.0,open,False,19314.5,6,15.0
2025,open,053350,이니텍,breakout,2025-02-27,2025-02-28,2025-03-11,2025-03-11,58,4615.0,6050.0,open,False,82302.14500000002,6,15.0
2025,open,053350,이니텍,breakout,2025-03-11,2025-03-12,2025-03-20,2025-03-20,54,6490.0,6350.0,open,False,-8600.039999999979,6,15.0
2025,open,011230,삼화전자,breakout,2025-03-20,2025-03-21,2025-03-31,2025-03-31,79,4350.0,4490.0,open,False,10012.459999999963,6,15.0
2025,open,052220,iMBC,breakout,2025-04-01,2025-04-02,2025-04-10,2025-04-10,68,5170.0,4460.0,open,False,-49262.26000000001,6,15.0
2025,open,002700,신일전자,pullback,2025-04-10,2025-04-11,2025-04-21,2025-04-21,207,1470.0,1535.0,open,False,12521.94750000001,6,15.0
2025,open,309960,LB인베스트먼트,breakout,2025-04-21,2025-04-22,2025-04-30,2025-04-30,52,6090.0,4945.0,open,False,-60400.73000000001,6,15.0
2025,open,006800,미래에셋증권,breakout,2025-04-30,2025-05-02,2025-05-14,2025-05-14,21,11778.0,12874.0,open,False,22239.46200000003,6,15.0
2025,open,344860,이노진,breakout,2025-05-14,2025-05-15,2025-05-23,2025-05-23,108,2575.0,2350.0,open,False,-25097.850000000006,6,15.0
2025,open,036620,감성코퍼레이션,breakout,2025-05-23,2025-05-26,2025-06-04,2025-06-04,48,5260.0,5320.0,open,False,2118.24000000002,6,15.0
2025,open,309960,LB인베스트먼트,breakout,2025-06-04,2025-06-05,2025-06-16,2025-06-16,47,5410.0,5140.0,open,False,-13433.775000000023,6,15.0
2025,open,310200,애니플러스,breakout,2025-06-16,2025-06-17,2025-06-25,2025-06-25,52,4600.0,4710.0,open,False,4993.820000000007,6,15.0
2025,open,009070,KCTC,breakout,2025-06-25,2025-06-26,2025-07-04,2025-07-04,48,5100.0,6120.0,open,False,48152.16000000003,6,15.0
2025,open,036460,한국가스공사,breakout,2025-07-04,2025-07-07,2025-07-15,2025-07-15,6,46400.0,46150.0,open,False,-2332.9500000000116,6,15.0
2025,open,003080,SB성보,breakout,2025-07-15,2025-07-16,2025-07-24,2025-07-24,101,2900.0,2825.0,open,False,-8442.337500000023,6,15.0
2025,open,011780,금호석유화학,pullback,2025-07-24,2025-07-25,2025-08-04,2025-08-04,2,128800.0,116700.0,open,False,-24936.5,6,15.0
2025,open,128540,에코캡,pullback,2025-08-04,2025-08-05,2025-08-13,2025-08-13,133,1952.0,1891.0,open,False,-8879.678500000009,6,15.0
2025,open,265520,AP시스템,breakout,2025-08-13,2025-08-14,2025-08-25,2025-08-25,13,19110.0,16920.0,open,False,-29172.58500000002,6,15.0
2025,open,415380,스튜디오삼익,breakout,2025-08-25,2025-08-26,2025-09-03,2025-09-03,57,3868.0,4219.0,open,False,19315.56150000001,6,15.0
2025,open,319400,현대무벡스,breakout,2025-09-03,2025-09-04,2025-09-12,2025-09-12,36,6530.0,8370.0,open,False,65435.399999999994,6,15.0
2025,open,319400,현대무벡스,breakout,2025-09-12,2025-09-15,2025-09-23,2025-09-23,33,9080.0,9590.0,open,False,15905.835000000021,6,15.0
2025,open,457190,이수스페셜티케미컬,breakout,2025-09-23,2025-09-24,2025-10-02,2025-10-02,6,51600.0,47150.0,open,False,-27588.75,6,15.0
2025,open,006800,미래에셋증권,pullback,2025-10-02,2025-10-10,2025-10-20,2025-10-20,13,22203.0,21855.0,open,False,-5383.130999999994,6,15.0
2025,open,006800,미래에셋증권,breakout,2025-10-20,2025-10-21,2025-10-29,2025-10-29,11,25340.0,26086.0,open,False,7357.470999999961,6,15.0
2025,open,014680,한솔케미칼,pullback,2025-10-29,2025-10-30,2025-11-07,2025-11-07,1,222500.0,222000.0,open,False,-1166.75,6,15.0
2025,open,309960,LB인베스트먼트,pullback,2025-11-07,2025-11-10,2025-11-18,2025-11-18,53,5580.0,5300.0,open,False,-15704.960000000021,6,15.0
2025,open,204320,HL만도,pullback,2025-11-19,2025-11-20,2025-11-28,2025-11-28,7,38900.0,45150.0,open,False,42867.47499999998,6,15.0
2025,open,204320,HL만도,breakout,2025-11-28,2025-12-01,2025-12-09,2025-12-09,6,49500.0,56900.0,open,False,43442.40000000002,6,15.0
2025,open,457190,이수스페셜티케미컬,breakout,2025-12-09,2025-12-10,2025-12-18,2025-12-18,5,67500.0,56600.0,open,False,-55430.75,6,15.0
2025,open,309960,LB인베스트먼트,pullback,2025-12-18,2025-12-19,2025-12-30,2025-12-30,52,5940.0,5500.0,open,False,-23772.320000000007,6,15.0
2025,close,204320,HL만도,pullback,2025-01-02,2025-01-03,2025-01-13,2025-01-13,7,42000.0,41950.0,open,False,-1231.4749999999767,6,15.0
2025,close,025980,아난티,pullback,2025-01-13,2025-01-14,2025-01-22,2025-01-22,53,5570.0,5830.0,open,False,12873.700000000012,6,15.0
2025,close,004870,티웨이홀딩스,breakout,2025-01-22,2025-01-23,2025-02-06,2025-02-06,54,5727.0,4709.0,open,False,-55817.31600000002,6,15.0
2025,close,136480,하림,breakout,2025-02-06,2025-02-07,2025-02-17,2025-02-17,85,2980.0,2935.0,open,False,-4579.162500000006,6,15.0
2025,close,003030,세아제강지주,pullback,2025-02-17,2025-02-18,2025-02-26,2025-02-26,1,218500.0,238500.0,open,False,19314.5,6,15.0
2025,close,053350,이니텍,breakout,2025-02-27,2025-02-28,2025-03-11,2025-03-11,58,4615.0,6050.0,open,False,82302.14500000002,6,15.0
2025,close,053350,이니텍,breakout,2025-03-11,2025-03-12,2025-03-20,2025-03-20,54,6490.0,6350.0,open,False,-8600.039999999979,6,15.0
2025,close,011230,삼화전자,breakout,2025-03-20,2025-03-21,2025-03-31,2025-03-31,79,4350.0,4490.0,open,False,10012.459999999963,6,15.0
2025,close,052220,iMBC,breakout,2025-04-01,2025-04-02,2025-04-10,2025-04-10,68,5170.0,4460.0,open,False,-49262.26000000001,6,15.0
2025,close,002700,신일전자,pullback,2025-04-10,2025-04-11,2025-04-21,2025-04-21,207,1470.0,1535.0,open,False,12521.94750000001,6,15.0
2025,close,309960,LB인베스트먼트,breakout,2025-04-21,2025-04-22,2025-04-30,2025-04-30,52,6090.0,4945.0,open,False,-60400.73000000001,6,15.0
2025,close,006800,미래에셋증권,breakout,2025-04-30,2025-05-02,2025-05-14,2025-05-14,21,11778.0,12874.0,open,False,22239.46200000003,6,15.0
2025,close,344860,이노진,breakout,2025-05-14,2025-05-15,2025-05-23,2025-05-23,108,2575.0,2350.0,open,False,-25097.850000000006,6,15.0
2025,close,036620,감성코퍼레이션,breakout,2025-05-23,2025-05-26,2025-06-04,2025-06-04,48,5260.0,5320.0,open,False,2118.24000000002,6,15.0
2025,close,309960,LB인베스트먼트,breakout,2025-06-04,2025-06-05,2025-06-16,2025-06-16,47,5410.0,5140.0,open,False,-13433.775000000023,6,15.0
2025,close,310200,애니플러스,breakout,2025-06-16,2025-06-17,2025-06-25,2025-06-25,52,4600.0,4710.0,open,False,4993.820000000007,6,15.0
2025,close,009070,KCTC,breakout,2025-06-25,2025-06-26,2025-07-04,2025-07-04,48,5100.0,6120.0,open,False,48152.16000000003,6,15.0
2025,close,036460,한국가스공사,breakout,2025-07-04,2025-07-07,2025-07-15,2025-07-15,6,46400.0,46150.0,open,False,-2332.9500000000116,6,15.0
2025,close,003080,SB성보,breakout,2025-07-15,2025-07-16,2025-07-24,2025-07-24,101,2900.0,2825.0,open,False,-8442.337500000023,6,15.0
2025,close,011780,금호석유화학,pullback,2025-07-24,2025-07-25,2025-08-04,2025-08-04,2,128800.0,116700.0,open,False,-24936.5,6,15.0
2025,close,128540,에코캡,pullback,2025-08-04,2025-08-05,2025-08-13,2025-08-13,133,1952.0,1891.0,open,False,-8879.678500000009,6,15.0
2025,close,265520,AP시스템,breakout,2025-08-13,2025-08-14,2025-08-25,2025-08-25,13,19110.0,16920.0,open,False,-29172.58500000002,6,15.0
2025,close,415380,스튜디오삼익,breakout,2025-08-25,2025-08-26,2025-09-03,2025-09-03,57,3868.0,4219.0,open,False,19315.56150000001,6,15.0
2025,close,319400,현대무벡스,breakout,2025-09-03,2025-09-04,2025-09-12,2025-09-12,36,6530.0,8370.0,open,False,65435.399999999994,6,15.0
2025,close,319400,현대무벡스,breakout,2025-09-12,2025-09-15,2025-09-23,2025-09-23,33,9080.0,9590.0,open,False,15905.835000000021,6,15.0
2025,close,457190,이수스페셜티케미컬,breakout,2025-09-23,2025-09-24,2025-10-02,2025-10-02,6,51600.0,47150.0,open,False,-27588.75,6,15.0
2025,close,006800,미래에셋증권,pullback,2025-10-02,2025-10-10,2025-10-20,2025-10-20,13,22203.0,21855.0,open,False,-5383.130999999994,6,15.0
2025,close,006800,미래에셋증권,breakout,2025-10-20,2025-10-21,2025-10-29,2025-10-29,11,25340.0,26086.0,open,False,7357.470999999961,6,15.0
2025,close,014680,한솔케미칼,pullback,2025-10-29,2025-10-30,2025-11-07,2025-11-07,1,222500.0,222000.0,open,False,-1166.75,6,15.0
2025,close,309960,LB인베스트먼트,pullback,2025-11-07,2025-11-10,2025-11-18,2025-11-18,53,5580.0,5300.0,open,False,-15704.960000000021,6,15.0
2025,close,204320,HL만도,pullback,2025-11-19,2025-11-20,2025-11-28,2025-11-28,7,38900.0,45150.0,open,False,42867.47499999998,6,15.0
2025,close,204320,HL만도,breakout,2025-11-28,2025-12-01,2025-12-09,2025-12-09,6,49500.0,56900.0,open,False,43442.40000000002,6,15.0
2025,close,457190,이수스페셜티케미컬,breakout,2025-12-09,2025-12-10,2025-12-18,2025-12-18,5,67500.0,56600.0,open,False,-55430.75,6,15.0
2025,close,309960,LB인베스트먼트,pullback,2025-12-18,2025-12-19,2025-12-30,2025-12-30,52,5940.0,5500.0,open,False,-23772.320000000007,6,15.0
2025,low,204320,HL만도,pullback,2025-01-02,2025-01-03,2025-01-13,2025-01-13,7,42000.0,41950.0,open,False,-1231.4749999999767,6,15.0
2025,low,025980,아난티,pullback,2025-01-13,2025-01-14,2025-01-22,2025-01-22,53,5570.0,5830.0,open,False,12873.700000000012,6,15.0
2025,low,004870,티웨이홀딩스,breakout,2025-01-22,2025-01-23,2025-02-06,2025-02-06,54,5727.0,4709.0,open,False,-55817.31600000002,6,15.0
2025,low,136480,하림,breakout,2025-02-06,2025-02-07,2025-02-17,2025-02-17,85,2980.0,2935.0,open,False,-4579.162500000006,6,15.0
2025,low,003030,세아제강지주,pullback,2025-02-17,2025-02-18,2025-02-26,2025-02-26,1,218500.0,238500.0,open,False,19314.5,6,15.0
2025,low,053350,이니텍,breakout,2025-02-27,2025-02-28,2025-03-11,2025-03-11,58,4615.0,6050.0,open,False,82302.14500000002,6,15.0
2025,low,053350,이니텍,breakout,2025-03-11,2025-03-12,2025-03-20,2025-03-20,54,6490.0,6350.0,open,False,-8600.039999999979,6,15.0
2025,low,011230,삼화전자,breakout,2025-03-20,2025-03-21,2025-03-31,2025-03-31,79,4350.0,4490.0,open,False,10012.459999999963,6,15.0
2025,low,052220,iMBC,breakout,2025-04-01,2025-04-02,2025-04-10,2025-04-10,68,5170.0,4460.0,open,False,-49262.26000000001,6,15.0
2025,low,002700,신일전자,pullback,2025-04-10,2025-04-11,2025-04-21,2025-04-21,207,1470.0,1535.0,open,False,12521.94750000001,6,15.0
2025,low,309960,LB인베스트먼트,breakout,2025-04-21,2025-04-22,2025-04-30,2025-04-30,52,6090.0,4945.0,open,False,-60400.73000000001,6,15.0
2025,low,006800,미래에셋증권,breakout,2025-04-30,2025-05-02,2025-05-14,2025-05-14,21,11778.0,12874.0,open,False,22239.46200000003,6,15.0
2025,low,344860,이노진,breakout,2025-05-14,2025-05-15,2025-05-23,2025-05-23,108,2575.0,2350.0,open,False,-25097.850000000006,6,15.0
2025,low,036620,감성코퍼레이션,breakout,2025-05-23,2025-05-26,2025-06-04,2025-06-04,48,5260.0,5320.0,open,False,2118.24000000002,6,15.0
2025,low,309960,LB인베스트먼트,breakout,2025-06-04,2025-06-05,2025-06-16,2025-06-16,47,5410.0,5140.0,open,False,-13433.775000000023,6,15.0
2025,low,310200,애니플러스,breakout,2025-06-16,2025-06-17,2025-06-25,2025-06-25,52,4600.0,4710.0,open,False,4993.820000000007,6,15.0
2025,low,009070,KCTC,breakout,2025-06-25,2025-06-26,2025-07-04,2025-07-04,48,5100.0,6120.0,open,False,48152.16000000003,6,15.0
2025,low,036460,한국가스공사,breakout,2025-07-04,2025-07-07,2025-07-15,2025-07-15,6,46400.0,46150.0,open,False,-2332.9500000000116,6,15.0
2025,low,003080,SB성보,breakout,2025-07-15,2025-07-16,2025-07-24,2025-07-24,101,2900.0,2825.0,open,False,-8442.337500000023,6,15.0
2025,low,011780,금호석유화학,pullback,2025-07-24,2025-07-25,2025-08-04,2025-08-04,2,128800.0,116700.0,open,False,-24936.5,6,15.0
2025,low,128540,에코캡,pullback,2025-08-04,2025-08-05,2025-08-13,2025-08-13,133,1952.0,1891.0,open,False,-8879.678500000009,6,15.0
2025,low,265520,AP시스템,breakout,2025-08-13,2025-08-14,2025-08-25,2025-08-25,13,19110.0,16920.0,open,False,-29172.58500000002,6,15.0
2025,low,415380,스튜디오삼익,breakout,2025-08-25,2025-08-26,2025-09-03,2025-09-03,57,3868.0,4219.0,open,False,19315.56150000001,6,15.0
2025,low,319400,현대무벡스,breakout,2025-09-03,2025-09-04,2025-09-12,2025-09-12,36,6530.0,8370.0,open,False,65435.399999999994,6,15.0
2025,low,319400,현대무벡스,breakout,2025-09-12,2025-09-15,2025-09-23,2025-09-23,33,9080.0,9590.0,open,False,15905.835000000021,6,15.0
2025,low,457190,이수스페셜티케미컬,breakout,2025-09-23,2025-09-24,2025-10-02,2025-10-02,6,51600.0,47150.0,open,False,-27588.75,6,15.0
2025,low,006800,미래에셋증권,pullback,2025-10-02,2025-10-10,2025-10-20,2025-10-20,13,22203.0,21855.0,open,False,-5383.130999999994,6,15.0
2025,low,006800,미래에셋증권,breakout,2025-10-20,2025-10-21,2025-10-29,2025-10-29,11,25340.0,26086.0,open,False,7357.470999999961,6,15.0
2025,low,014680,한솔케미칼,pullback,2025-10-29,2025-10-30,2025-11-07,2025-11-07,1,222500.0,222000.0,open,False,-1166.75,6,15.0
2025,low,309960,LB인베스트먼트,pullback,2025-11-07,2025-11-10,2025-11-18,2025-11-18,53,5580.0,5300.0,open,False,-15704.960000000021,6,15.0
2025,low,204320,HL만도,pullback,2025-11-19,2025-11-20,2025-11-28,2025-11-28,7,38900.0,45150.0,open,False,42867.47499999998,6,15.0
2025,low,204320,HL만도,breakout,2025-11-28,2025-12-01,2025-12-09,2025-12-09,6,49500.0,56900.0,open,False,43442.40000000002,6,15.0
2025,low,457190,이수스페셜티케미컬,breakout,2025-12-09,2025-12-10,2025-12-18,2025-12-18,5,67500.0,56600.0,open,False,-55430.75,6,15.0
2025,low,309960,LB인베스트먼트,pullback,2025-12-18,2025-12-19,2025-12-30,2025-12-30,52,5940.0,5500.0,open,False,-23772.320000000007,6,15.0
2023,open,114090,GKL,pullback,2023-01-02,2023-01-03,2023-01-12,2023-01-12,15,18750.0,19300.0,open,False,7393.875,7,15.0
2023,open,036620,감성코퍼레이션,pullback,2023-01-13,2023-01-16,2023-01-27,2023-01-27,148,2060.0,2165.0,open,False,14602.049999999988,7,15.0
2023,open,003830,대한화섬,breakout,2023-01-27,2023-01-30,2023-02-08,2023-02-08,2,138500.0,130700.0,open,False,-16407.599999999977,7,15.0
2023,open,279600,미디어젠,breakout,2023-02-08,2023-02-09,2023-02-20,2023-02-20,15,19127.0,16826.0,open,False,-35323.942500000034,7,15.0
2023,open,011780,금호석유화학,breakout,2023-02-20,2023-02-21,2023-03-03,2023-03-03,1,155000.0,165000.0,open,False,9520.0,7,15.0
2023,open,056080,유진로봇,breakout,2023-03-03,2023-03-06,2023-03-15,2023-03-15,39,7160.0,6950.0,open,False,-9015.435000000056,7,15.0
2023,open,001460,BYC,pullback,2023-03-15,2023-03-16,2023-03-27,2023-03-27,5,50800.0,46700.0,open,False,-21231.25,7,15.0
2023,open,006220,제주은행,pullback,2023-03-27,2023-03-28,2023-04-06,2023-04-06,11,22250.0,22750.0,open,False,4757.5,7,15.0
2023,open,008260,NI스틸,breakout,2023-04-06,2023-04-07,2023-04-18,2023-04-18,38,6570.0,7300.0,open,False,26949.410000000003,7,15.0
2023,open,101360,에코앤드림,pullback,2023-04-18,2023-04-19,2023-04-28,2023-04-28,7,38225.0,30888.0,open,False,-52084.68649999998,7,15.0
2023,open,011230,삼화전자,breakout,2023-04-28,2023-05-02,2023-05-12,2023-05-12,28,8015.0,7768.0,open,False,-7578.885999999999,7,15.0
2023,open,000430,대원강업,breakout,2023-05-12,2023-05-15,2023-05-24,2023-05-24,46,4795.0,4320.0,open,False,-22478.934999999998,7,15.0
2023,open,006800,미래에셋증권,breakout,2023-05-24,2023-05-25,2023-06-07,2023-06-07,26,7427.0,7457.0,open,False,199.52399999997579,7,15.0
2023,open,126640,화신정공,breakout,2023-06-07,2023-06-08,2023-06-19,2023-06-19,95,2090.0,1937.0,open,False,-15108.847500000003,7,15.0
2023,open,008260,NI스틸,breakout,2023-06-19,2023-06-20,2023-06-29,2023-06-29,24,7430.0,7750.0,open,False,7133.5199999999895,7,15.0
2023,open,168360,펨트론,breakout,2023-06-30,2023-07-03,2023-07-12,2023-07-12,22,8485.0,8105.0,open,False,-8907.470000000001,7,15.0
2023,open,011230,삼화전자,breakout,2023-07-12,2023-07-13,2023-07-24,2023-07-24,19,9527.0,8528.0,open,False,-19495.567500000005,7,15.0
2023,open,073640,테라사이언스,pullback,2023-07-24,2023-07-25,2023-08-03,2023-08-03,25,6380.0,3515.0,open,False,-71996.0625,7,15.0
2023,open,220100,퓨쳐켐,breakout,2023-08-03,2023-08-04,2023-08-16,2023-08-16,9,9582.0,11736.0,open,False,19098.206999999995,7,15.0
2023,open,149980,하이로닉,breakout,2023-08-17,2023-08-18,2023-08-29,2023-08-29,7,15523.0,18204.0,open,False,18412.866500000004,7,15.0
2023,open,089850,유비벨록스,breakout,2023-08-29,2023-08-30,2023-09-08,2023-09-08,14,9148.0,9346.0,open,False,2383.626000000004,7,15.0
2023,open,056080,유진로봇,breakout,2023-09-08,2023-09-11,2023-09-20,2023-09-20,8,16070.0,13790.0,open,False,-18598.320000000007,7,15.0
2023,open,089850,유비벨록스,pullback,2023-09-20,2023-09-21,2023-10-06,2023-10-06,12,9224.0,8039.0,open,False,-14530.733999999997,7,15.0
2023,open,004270,남성,pullback,2023-10-06,2023-10-10,2023-10-19,2023-10-19,5,18285.0,17371.0,open,False,-4837.420000000013,7,15.0
2023,open,105630,한세실업,pullback,2023-10-19,2023-10-20,2023-10-31,2023-10-31,4,21100.0,21400.0,open,False,945.0,7,15.0
2023,open,105630,한세실업,breakout,2023-10-31,2023-11-01,2023-11-10,2023-11-10,4,23000.0,23700.0,open,False,2519.800000000003,7,15.0
2023,open,015360,INVENI,breakout,2023-11-13,2023-11-14,2023-11-23,2023-11-23,13,6950.0,6920.0,open,False,-660.4650000000111,7,15.0
2023,open,215200,메가스터디교육,pullback,2023-11-24,2023-11-27,2023-12-06,2023-12-06,1,61400.0,61700.0,open,False,115.34999999999854,7,15.0
2023,open,131370,알서포트,pullback,2023-12-06,2023-12-07,2023-12-18,2023-12-18,25,3785.0,3615.0,open,False,-4527.5,7,15.0
2023,open,025900,동화기업,pullback,2023-12-18,2023-12-19,2024-01-02,2024-01-02,3,28597.0,24792.0,open,False,-11655.25050000001,7,15.0
2023,close,114090,GKL,pullback,2023-01-02,2023-01-03,2023-01-12,2023-01-12,15,18750.0,19300.0,open,False,7393.875,7,15.0
2023,close,036620,감성코퍼레이션,pullback,2023-01-13,2023-01-16,2023-01-27,2023-01-27,148,2060.0,2165.0,open,False,14602.049999999988,7,15.0
2023,close,003830,대한화섬,breakout,2023-01-27,2023-01-30,2023-02-08,2023-02-08,2,138500.0,130700.0,open,False,-16407.599999999977,7,15.0
2023,close,279600,미디어젠,breakout,2023-02-08,2023-02-09,2023-02-20,2023-02-20,15,19127.0,16826.0,open,False,-35323.942500000034,7,15.0
2023,close,011780,금호석유화학,breakout,2023-02-20,2023-02-21,2023-03-03,2023-03-03,1,155000.0,165000.0,open,False,9520.0,7,15.0
2023,close,056080,유진로봇,breakout,2023-03-03,2023-03-06,2023-03-15,2023-03-15,39,7160.0,6950.0,open,False,-9015.435000000056,7,15.0
2023,close,001460,BYC,pullback,2023-03-15,2023-03-16,2023-03-27,2023-03-27,5,50800.0,46700.0,open,False,-21231.25,7,15.0
2023,close,006220,제주은행,pullback,2023-03-27,2023-03-28,2023-04-06,2023-04-06,11,22250.0,22750.0,open,False,4757.5,7,15.0
2023,close,008260,NI스틸,breakout,2023-04-06,2023-04-07,2023-04-18,2023-04-18,38,6570.0,7300.0,open,False,26949.410000000003,7,15.0
2023,close,101360,에코앤드림,pullback,2023-04-18,2023-04-19,2023-04-28,2023-04-28,7,38225.0,30888.0,open,False,-52084.68649999998,7,15.0
2023,close,011230,삼화전자,breakout,2023-04-28,2023-05-02,2023-05-12,2023-05-12,28,8015.0,7768.0,open,False,-7578.885999999999,7,15.0
2023,close,000430,대원강업,breakout,2023-05-12,2023-05-15,2023-05-24,2023-05-24,46,4795.0,4320.0,open,False,-22478.934999999998,7,15.0
2023,close,006800,미래에셋증권,breakout,2023-05-24,2023-05-25,2023-06-07,2023-06-07,26,7427.0,7457.0,open,False,199.52399999997579,7,15.0
2023,close,126640,화신정공,breakout,2023-06-07,2023-06-08,2023-06-19,2023-06-19,95,2090.0,1937.0,open,False,-15108.847500000003,7,15.0
2023,close,008260,NI스틸,breakout,2023-06-19,2023-06-20,2023-06-29,2023-06-29,24,7430.0,7750.0,open,False,7133.5199999999895,7,15.0
2023,close,168360,펨트론,breakout,2023-06-30,2023-07-03,2023-07-12,2023-07-12,22,8485.0,8105.0,open,False,-8907.470000000001,7,15.0
2023,close,011230,삼화전자,breakout,2023-07-12,2023-07-13,2023-07-24,2023-07-24,19,9527.0,8528.0,open,False,-19495.567500000005,7,15.0
2023,close,073640,테라사이언스,pullback,2023-07-24,2023-07-25,2023-08-03,2023-08-03,25,6380.0,3515.0,open,False,-71996.0625,7,15.0
2023,close,220100,퓨쳐켐,breakout,2023-08-03,2023-08-04,2023-08-16,2023-08-16,9,9582.0,11736.0,open,False,19098.206999999995,7,15.0
2023,close,149980,하이로닉,breakout,2023-08-17,2023-08-18,2023-08-29,2023-08-29,7,15523.0,18204.0,open,False,18412.866500000004,7,15.0
2023,close,089850,유비벨록스,breakout,2023-08-29,2023-08-30,2023-09-08,2023-09-08,14,9148.0,9346.0,open,False,2383.626000000004,7,15.0
2023,close,056080,유진로봇,breakout,2023-09-08,2023-09-11,2023-09-20,2023-09-20,8,16070.0,13790.0,open,False,-18598.320000000007,7,15.0
2023,close,089850,유비벨록스,pullback,2023-09-20,2023-09-21,2023-10-06,2023-10-06,12,9224.0,8039.0,open,False,-14530.733999999997,7,15.0
2023,close,004270,남성,pullback,2023-10-06,2023-10-10,2023-10-19,2023-10-19,5,18285.0,17371.0,open,False,-4837.420000000013,7,15.0
2023,close,105630,한세실업,pullback,2023-10-19,2023-10-20,2023-10-31,2023-10-31,4,21100.0,21400.0,open,False,945.0,7,15.0
2023,close,105630,한세실업,breakout,2023-10-31,2023-11-01,2023-11-10,2023-11-10,4,23000.0,23700.0,open,False,2519.800000000003,7,15.0
2023,close,015360,INVENI,breakout,2023-11-13,2023-11-14,2023-11-23,2023-11-23,13,6950.0,6920.0,open,False,-660.4650000000111,7,15.0
2023,close,215200,메가스터디교육,pullback,2023-11-24,2023-11-27,2023-12-06,2023-12-06,1,61400.0,61700.0,open,False,115.34999999999854,7,15.0
2023,close,131370,알서포트,pullback,2023-12-06,2023-12-07,2023-12-18,2023-12-18,25,3785.0,3615.0,open,False,-4527.5,7,15.0
2023,close,025900,동화기업,pullback,2023-12-18,2023-12-19,2024-01-02,2024-01-02,3,28597.0,24792.0,open,False,-11655.25050000001,7,15.0
2023,low,114090,GKL,pullback,2023-01-02,2023-01-03,2023-01-12,2023-01-12,15,18750.0,19300.0,open,False,7393.875,7,15.0
2023,low,036620,감성코퍼레이션,pullback,2023-01-13,2023-01-16,2023-01-27,2023-01-27,148,2060.0,2165.0,open,False,14602.049999999988,7,15.0
2023,low,003830,대한화섬,breakout,2023-01-27,2023-01-30,2023-02-08,2023-02-08,2,138500.0,130700.0,open,False,-16407.599999999977,7,15.0
2023,low,279600,미디어젠,breakout,2023-02-08,2023-02-09,2023-02-20,2023-02-20,15,19127.0,16826.0,open,False,-35323.942500000034,7,15.0
2023,low,011780,금호석유화학,breakout,2023-02-20,2023-02-21,2023-03-03,2023-03-03,1,155000.0,165000.0,open,False,9520.0,7,15.0
2023,low,056080,유진로봇,breakout,2023-03-03,2023-03-06,2023-03-15,2023-03-15,39,7160.0,6950.0,open,False,-9015.435000000056,7,15.0
2023,low,001460,BYC,pullback,2023-03-15,2023-03-16,2023-03-27,2023-03-27,5,50800.0,46700.0,open,False,-21231.25,7,15.0
2023,low,006220,제주은행,pullback,2023-03-27,2023-03-28,2023-04-06,2023-04-06,11,22250.0,22750.0,open,False,4757.5,7,15.0
2023,low,008260,NI스틸,breakout,2023-04-06,2023-04-07,2023-04-18,2023-04-18,38,6570.0,7300.0,open,False,26949.410000000003,7,15.0
2023,low,101360,에코앤드림,pullback,2023-04-18,2023-04-19,2023-04-28,2023-04-28,7,38225.0,30888.0,open,False,-52084.68649999998,7,15.0
2023,low,011230,삼화전자,breakout,2023-04-28,2023-05-02,2023-05-12,2023-05-12,28,8015.0,7768.0,open,False,-7578.885999999999,7,15.0
2023,low,000430,대원강업,breakout,2023-05-12,2023-05-15,2023-05-24,2023-05-24,46,4795.0,4320.0,open,False,-22478.934999999998,7,15.0
2023,low,006800,미래에셋증권,breakout,2023-05-24,2023-05-25,2023-06-07,2023-06-07,26,7427.0,7457.0,open,False,199.52399999997579,7,15.0
2023,low,126640,화신정공,breakout,2023-06-07,2023-06-08,2023-06-19,2023-06-19,95,2090.0,1937.0,open,False,-15108.847500000003,7,15.0
2023,low,008260,NI스틸,breakout,2023-06-19,2023-06-20,2023-06-29,2023-06-29,24,7430.0,7750.0,open,False,7133.5199999999895,7,15.0
2023,low,168360,펨트론,breakout,2023-06-30,2023-07-03,2023-07-12,2023-07-12,22,8485.0,8105.0,open,False,-8907.470000000001,7,15.0
2023,low,011230,삼화전자,breakout,2023-07-12,2023-07-13,2023-07-24,2023-07-24,19,9527.0,8528.0,open,False,-19495.567500000005,7,15.0
2023,low,073640,테라사이언스,pullback,2023-07-24,2023-07-25,2023-08-03,2023-08-03,25,6380.0,3515.0,open,False,-71996.0625,7,15.0
2023,low,220100,퓨쳐켐,breakout,2023-08-03,2023-08-04,2023-08-16,2023-08-16,9,9582.0,11736.0,open,False,19098.206999999995,7,15.0
2023,low,149980,하이로닉,breakout,2023-08-17,2023-08-18,2023-08-29,2023-08-29,7,15523.0,18204.0,open,False,18412.866500000004,7,15.0
2023,low,089850,유비벨록스,breakout,2023-08-29,2023-08-30,2023-09-08,2023-09-08,14,9148.0,9346.0,open,False,2383.626000000004,7,15.0
2023,low,056080,유진로봇,breakout,2023-09-08,2023-09-11,2023-09-20,2023-09-20,8,16070.0,13790.0,open,False,-18598.320000000007,7,15.0
2023,low,089850,유비벨록스,pullback,2023-09-20,2023-09-21,2023-10-06,2023-10-06,12,9224.0,8039.0,open,False,-14530.733999999997,7,15.0
2023,low,004270,남성,pullback,2023-10-06,2023-10-10,2023-10-19,2023-10-19,5,18285.0,17371.0,open,False,-4837.420000000013,7,15.0
2023,low,105630,한세실업,pullback,2023-10-19,2023-10-20,2023-10-31,2023-10-31,4,21100.0,21400.0,open,False,945.0,7,15.0
2023,low,105630,한세실업,breakout,2023-10-31,2023-11-01,2023-11-10,2023-11-10,4,23000.0,23700.0,open,False,2519.800000000003,7,15.0
2023,low,015360,INVENI,breakout,2023-11-13,2023-11-14,2023-11-23,2023-11-23,13,6950.0,6920.0,open,False,-660.4650000000111,7,15.0
2023,low,215200,메가스터디교육,pullback,2023-11-24,2023-11-27,2023-12-06,2023-12-06,1,61400.0,61700.0,open,False,115.34999999999854,7,15.0
2023,low,131370,알서포트,pullback,2023-12-06,2023-12-07,2023-12-18,2023-12-18,25,3785.0,3615.0,open,False,-4527.5,7,15.0
2023,low,025900,동화기업,pullback,2023-12-18,2023-12-19,2024-01-02,2024-01-02,3,28597.0,24792.0,open,False,-11655.25050000001,7,15.0
2024,open,326030,SK바이오팜,breakout,2024-01-02,2024-01-03,2024-01-12,2024-01-12,2,103300.0,96700.0,open,False,-13800.0,7,15.0
2024,open,089850,유비벨록스,pullback,2024-01-15,2024-01-16,2024-01-25,2024-01-25,33,8424.0,8682.0,open,False,7667.253000000026,7,15.0
2024,open,170920,엘티씨,breakout,2024-01-25,2024-01-26,2024-02-06,2024-02-06,16,17700.0,14700.0,open,False,-48777.59999999998,7,15.0
2024,open,004360,세방,breakout,2024-02-07,2024-02-08,2024-02-21,2024-02-21,17,14370.0,13450.0,open,False,-16349.410000000003,7,15.0
2024,open,014830,유니드,breakout,2024-02-21,2024-02-22,2024-03-05,2024-03-05,2,80400.0,78100.0,open,False,-5075.5,7,15.0
2024,open,001460,BYC,breakout,2024-03-05,2024-03-06,2024-03-15,2024-03-15,4,50500.0,47300.0,open,False,-13386.799999999988,7,15.0
2024,open,015360,INVENI,pullback,2024-03-15,2024-03-18,2024-03-27,2024-03-27,26,7900.0,8390.0,open,False,12104.690000000002,7,15.0
2024,open,026890,스틱인베스트먼트,breakout,2024-03-27,2024-03-28,2024-04-08,2024-04-08,28,7800.0,7860.0,open,False,1022.2799999999988,7,15.0
2024,open,101360,에코앤드림,pullback,2024-04-09,2024-04-11,2024-04-22,2024-04-22,4,46949.0,34894.0,open,False,-48711.05800000002,7,15.0
2024,open,105560,KB금융,pullback,2024-04-22,2024-04-23,2024-05-03,2024-05-03,2,70500.0,73200.0,open,False,4968.899999999994,7,15.0
2024,open,149980,하이로닉,pullback,2024-05-03,2024-05-07,2024-05-17,2024-05-17,12,14324.0,14597.0,open,False,2755.4219999999914,7,15.0
2024,open,094280,효성ITX,breakout,2024-05-17,2024-05-20,2024-05-29,2024-05-29,13,13210.0,13670.0,open,False,5455.8399999999965,7,15.0
2024,open,009300,삼아제약,breakout,2024-05-29,2024-05-30,2024-06-11,2024-06-11,8,21200.0,19320.0,open,False,-15526.24000000002,7,15.0
2024,open,081580,성우전자,breakout,2024-06-11,2024-06-12,2024-06-21,2024-06-21,54,3170.0,3375.0,open,False,10539.854999999981,7,15.0
2024,open,220100,퓨쳐켐,pullback,2024-06-21,2024-06-24,2024-07-03,2024-07-03,14,12607.0,14261.0,open,False,22591.771999999997,7,15.0
2024,open,003570,SNT다이내믹스,pullback,2024-07-04,2024-07-05,2024-07-16,2024-07-16,10,20300.0,20650.0,open,False,2885.75,7,15.0
2024,open,006360,GS건설,breakout,2024-07-16,2024-07-17,2024-07-26,2024-07-26,11,17660.0,17610.0,open,False,-1131.9550000000163,7,15.0
2024,open,006360,GS건설,breakout,2024-07-26,2024-07-29,2024-08-07,2024-08-07,10,19220.0,17200.0,open,False,-20746.300000000017,7,15.0
2024,open,314130,지놈앤컴퍼니,pullback,2024-08-07,2024-08-08,2024-08-20,2024-08-20,36,5100.0,4980.0,open,False,-4864.320000000007,7,15.0
2024,open,081580,성우전자,breakout,2024-08-20,2024-08-21,2024-08-30,2024-08-30,47,3850.0,3900.0,open,False,1803.625,7,15.0
2024,open,081580,성우전자,breakout,2024-08-30,2024-09-02,2024-09-11,2024-09-11,45,4050.0,3700.0,open,False,-16273.125,7,15.0
2024,open,246250,에스엘에스바이오,pullback,2024-09-11,2024-09-12,2024-09-26,2024-09-26,40,4170.0,4165.0,open,False,-700.1000000000058,7,15.0
2024,open,006800,미래에셋증권,pullback,2024-09-26,2024-09-27,2024-10-11,2024-10-11,19,8662.0,8791.0,open,False,1953.5895000000019,7,15.0
2024,open,326030,SK바이오팜,breakout,2024-10-11,2024-10-14,2024-10-23,2024-10-23,1,120000.0,122000.0,open,False,1637.0,7,15.0
2024,open,015360,INVENI,breakout,2024-10-23,2024-10-24,2024-11-04,2024-11-04,16,10280.0,10100.0,open,False,-3369.1199999999953,7,15.0
2024,open,102460,이연제약,pullback,2024-11-04,2024-11-05,2024-11-14,2024-11-14,10,16560.0,14210.0,open,False,-23961.550000000017,7,15.0
2024,open,006800,미래에셋증권,pullback,2024-11-14,2024-11-15,2024-11-26,2024-11-26,16,8542.0,8363.0,open,False,-3269.720000000001,7,15.0
2024,open,127120,제이에스링크,pullback,2024-11-26,2024-11-27,2024-12-06,2024-12-06,35,3870.0,4340.0,open,False,16018.974999999977,7,15.0
2024,open,015020,이스타코,breakout,2024-12-06,2024-12-09,2024-12-18,2024-12-18,62,2472.0,3070.0,open,False,36560.59400000001,7,15.0
2024,open,127120,제이에스링크,breakout,2024-12-18,2024-12-19,2025-01-02,2025-01-02,42,4470.0,5640.0,open,False,48503.07000000001,7,15.0
2024,close,326030,SK바이오팜,breakout,2024-01-02,2024-01-03,2024-01-12,2024-01-12,2,103300.0,96700.0,open,False,-13800.0,7,15.0
2024,close,089850,유비벨록스,pullback,2024-01-15,2024-01-16,2024-01-25,2024-01-25,33,8424.0,8682.0,open,False,7667.253000000026,7,15.0
2024,close,170920,엘티씨,breakout,2024-01-25,2024-01-26,2024-02-06,2024-02-06,16,17700.0,14700.0,open,False,-48777.59999999998,7,15.0
2024,close,004360,세방,breakout,2024-02-07,2024-02-08,2024-02-21,2024-02-21,17,14370.0,13450.0,open,False,-16349.410000000003,7,15.0
2024,close,014830,유니드,breakout,2024-02-21,2024-02-22,2024-03-05,2024-03-05,2,80400.0,78100.0,open,False,-5075.5,7,15.0
2024,close,001460,BYC,breakout,2024-03-05,2024-03-06,2024-03-15,2024-03-15,4,50500.0,47300.0,open,False,-13386.799999999988,7,15.0
2024,close,015360,INVENI,pullback,2024-03-15,2024-03-18,2024-03-27,2024-03-27,26,7900.0,8390.0,open,False,12104.690000000002,7,15.0
2024,close,026890,스틱인베스트먼트,breakout,2024-03-27,2024-03-28,2024-04-08,2024-04-08,28,7800.0,7860.0,open,False,1022.2799999999988,7,15.0
2024,close,101360,에코앤드림,pullback,2024-04-09,2024-04-11,2024-04-22,2024-04-22,4,46949.0,34894.0,open,False,-48711.05800000002,7,15.0
2024,close,105560,KB금융,pullback,2024-04-22,2024-04-23,2024-05-03,2024-05-03,2,70500.0,73200.0,open,False,4968.899999999994,7,15.0
2024,close,149980,하이로닉,pullback,2024-05-03,2024-05-07,2024-05-17,2024-05-17,12,14324.0,14597.0,open,False,2755.4219999999914,7,15.0
2024,close,094280,효성ITX,breakout,2024-05-17,2024-05-20,2024-05-29,2024-05-29,13,13210.0,13670.0,open,False,5455.8399999999965,7,15.0
2024,close,009300,삼아제약,breakout,2024-05-29,2024-05-30,2024-06-11,2024-06-11,8,21200.0,19320.0,open,False,-15526.24000000002,7,15.0
2024,close,081580,성우전자,breakout,2024-06-11,2024-06-12,2024-06-21,2024-06-21,54,3170.0,3375.0,open,False,10539.854999999981,7,15.0
2024,close,220100,퓨쳐켐,pullback,2024-06-21,2024-06-24,2024-07-03,2024-07-03,14,12607.0,14261.0,open,False,22591.771999999997,7,15.0
2024,close,003570,SNT다이내믹스,pullback,2024-07-04,2024-07-05,2024-07-16,2024-07-16,10,20300.0,20650.0,open,False,2885.75,7,15.0
2024,close,006360,GS건설,breakout,2024-07-16,2024-07-17,2024-07-26,2024-07-26,11,17660.0,17610.0,open,False,-1131.9550000000163,7,15.0
2024,close,006360,GS건설,breakout,2024-07-26,2024-07-29,2024-08-07,2024-08-07,10,19220.0,17200.0,open,False,-20746.300000000017,7,15.0
2024,close,314130,지놈앤컴퍼니,pullback,2024-08-07,2024-08-08,2024-08-20,2024-08-20,36,5100.0,4980.0,open,False,-4864.320000000007,7,15.0
2024,close,081580,성우전자,breakout,2024-08-20,2024-08-21,2024-08-30,2024-08-30,47,3850.0,3900.0,open,False,1803.625,7,15.0
2024,close,081580,성우전자,breakout,2024-08-30,2024-09-02,2024-09-11,2024-09-11,45,4050.0,3700.0,open,False,-16273.125,7,15.0
2024,close,246250,에스엘에스바이오,pullback,2024-09-11,2024-09-12,2024-09-26,2024-09-26,40,4170.0,4165.0,open,False,-700.1000000000058,7,15.0
2024,close,006800,미래에셋증권,pullback,2024-09-26,2024-09-27,2024-10-11,2024-10-11,19,8662.0,8791.0,open,False,1953.5895000000019,7,15.0
2024,close,326030,SK바이오팜,breakout,2024-10-11,2024-10-14,2024-10-23,2024-10-23,1,120000.0,122000.0,open,False,1637.0,7,15.0
2024,close,015360,INVENI,breakout,2024-10-23,2024-10-24,2024-11-04,2024-11-04,16,10280.0,10100.0,open,False,-3369.1199999999953,7,15.0
2024,close,102460,이연제약,pullback,2024-11-04,2024-11-05,2024-11-14,2024-11-14,10,16560.0,14210.0,open,False,-23961.550000000017,7,15.0
2024,close,006800,미래에셋증권,pullback,2024-11-14,2024-11-15,2024-11-26,2024-11-26,16,8542.0,8363.0,open,False,-3269.720000000001,7,15.0
2024,close,127120,제이에스링크,pullback,2024-11-26,2024-11-27,2024-12-06,2024-12-06,35,3870.0,4340.0,open,False,16018.974999999977,7,15.0
2024,close,015020,이스타코,breakout,2024-12-06,2024-12-09,2024-12-18,2024-12-18,62,2472.0,3070.0,open,False,36560.59400000001,7,15.0
2024,close,127120,제이에스링크,breakout,2024-12-18,2024-12-19,2025-01-02,2025-01-02,42,4470.0,5640.0,open,False,48503.07000000001,7,15.0
2024,low,326030,SK바이오팜,breakout,2024-01-02,2024-01-03,2024-01-12,2024-01-12,2,103300.0,96700.0,open,False,-13800.0,7,15.0
2024,low,089850,유비벨록스,pullback,2024-01-15,2024-01-16,2024-01-25,2024-01-25,33,8424.0,8682.0,open,False,7667.253000000026,7,15.0
2024,low,170920,엘티씨,breakout,2024-01-25,2024-01-26,2024-02-06,2024-02-06,16,17700.0,14700.0,open,False,-48777.59999999998,7,15.0
2024,low,004360,세방,breakout,2024-02-07,2024-02-08,2024-02-21,2024-02-21,17,14370.0,13450.0,open,False,-16349.410000000003,7,15.0
2024,low,014830,유니드,breakout,2024-02-21,2024-02-22,2024-03-05,2024-03-05,2,80400.0,78100.0,open,False,-5075.5,7,15.0
2024,low,001460,BYC,breakout,2024-03-05,2024-03-06,2024-03-15,2024-03-15,4,50500.0,47300.0,open,False,-13386.799999999988,7,15.0
2024,low,015360,INVENI,pullback,2024-03-15,2024-03-18,2024-03-27,2024-03-27,26,7900.0,8390.0,open,False,12104.690000000002,7,15.0
2024,low,026890,스틱인베스트먼트,breakout,2024-03-27,2024-03-28,2024-04-08,2024-04-08,28,7800.0,7860.0,open,False,1022.2799999999988,7,15.0
2024,low,101360,에코앤드림,pullback,2024-04-09,2024-04-11,2024-04-22,2024-04-22,4,46949.0,34894.0,open,False,-48711.05800000002,7,15.0
2024,low,105560,KB금융,pullback,2024-04-22,2024-04-23,2024-05-03,2024-05-03,2,70500.0,73200.0,open,False,4968.899999999994,7,15.0
2024,low,149980,하이로닉,pullback,2024-05-03,2024-05-07,2024-05-17,2024-05-17,12,14324.0,14597.0,open,False,2755.4219999999914,7,15.0
2024,low,094280,효성ITX,breakout,2024-05-17,2024-05-20,2024-05-29,2024-05-29,13,13210.0,13670.0,open,False,5455.8399999999965,7,15.0
2024,low,009300,삼아제약,breakout,2024-05-29,2024-05-30,2024-06-11,2024-06-11,8,21200.0,19320.0,open,False,-15526.24000000002,7,15.0
2024,low,081580,성우전자,breakout,2024-06-11,2024-06-12,2024-06-21,2024-06-21,54,3170.0,3375.0,open,False,10539.854999999981,7,15.0
2024,low,220100,퓨쳐켐,pullback,2024-06-21,2024-06-24,2024-07-03,2024-07-03,14,12607.0,14261.0,open,False,22591.771999999997,7,15.0
2024,low,003570,SNT다이내믹스,pullback,2024-07-04,2024-07-05,2024-07-16,2024-07-16,10,20300.0,20650.0,open,False,2885.75,7,15.0
2024,low,006360,GS건설,breakout,2024-07-16,2024-07-17,2024-07-26,2024-07-26,11,17660.0,17610.0,open,False,-1131.9550000000163,7,15.0
2024,low,006360,GS건설,breakout,2024-07-26,2024-07-29,2024-08-07,2024-08-07,10,19220.0,17200.0,open,False,-20746.300000000017,7,15.0
2024,low,314130,지놈앤컴퍼니,pullback,2024-08-07,2024-08-08,2024-08-20,2024-08-20,36,5100.0,4980.0,open,False,-4864.320000000007,7,15.0
2024,low,081580,성우전자,breakout,2024-08-20,2024-08-21,2024-08-30,2024-08-30,47,3850.0,3900.0,open,False,1803.625,7,15.0
2024,low,081580,성우전자,breakout,2024-08-30,2024-09-02,2024-09-11,2024-09-11,45,4050.0,3700.0,open,False,-16273.125,7,15.0
2024,low,246250,에스엘에스바이오,pullback,2024-09-11,2024-09-12,2024-09-26,2024-09-26,40,4170.0,4165.0,open,False,-700.1000000000058,7,15.0
2024,low,006800,미래에셋증권,pullback,2024-09-26,2024-09-27,2024-10-11,2024-10-11,19,8662.0,8791.0,open,False,1953.5895000000019,7,15.0
2024,low,326030,SK바이오팜,breakout,2024-10-11,2024-10-14,2024-10-23,2024-10-23,1,120000.0,122000.0,open,False,1637.0,7,15.0
2024,low,015360,INVENI,breakout,2024-10-23,2024-10-24,2024-11-04,2024-11-04,16,10280.0,10100.0,open,False,-3369.1199999999953,7,15.0
2024,low,102460,이연제약,pullback,2024-11-04,2024-11-05,2024-11-14,2024-11-14,10,16560.0,14210.0,open,False,-23961.550000000017,7,15.0
2024,low,006800,미래에셋증권,pullback,2024-11-14,2024-11-15,2024-11-26,2024-11-26,16,8542.0,8363.0,open,False,-3269.720000000001,7,15.0
2024,low,127120,제이에스링크,pullback,2024-11-26,2024-11-27,2024-12-06,2024-12-06,35,3870.0,4340.0,open,False,16018.974999999977,7,15.0
2024,low,015020,이스타코,breakout,2024-12-06,2024-12-09,2024-12-18,2024-12-18,62,2472.0,3070.0,open,False,36560.59400000001,7,15.0
2024,low,127120,제이에스링크,breakout,2024-12-18,2024-12-19,2025-01-02,2025-01-02,42,4470.0,5640.0,open,False,48503.07000000001,7,15.0
2025,open,204320,HL만도,pullback,2025-01-02,2025-01-03,2025-01-14,2025-01-14,7,42000.0,41900.0,open,False,-1580.9500000000116,7,15.0
2025,open,204320,HL만도,breakout,2025-01-14,2025-01-15,2025-01-24,2025-01-24,6,45000.0,43000.0,open,False,-12792.0,7,15.0
2025,open,025980,아난티,breakout,2025-01-24,2025-01-31,2025-02-11,2025-02-11,47,6040.0,6030.0,open,False,-1320.9349999999977,7,15.0
2025,open,204320,HL만도,pullback,2025-02-11,2025-02-12,2025-02-21,2025-02-21,6,44100.0,45100.0,open,False,5197.200000000012,7,15.0
2025,open,015360,INVENI,pullback,2025-02-21,2025-02-24,2025-03-06,2025-03-06,26,10760.0,9740.0,open,False,-27319.5,7,15.0
2025,open,136480,하림,pullback,2025-03-06,2025-03-07,2025-03-18,2025-03-18,86,3020.0,3075.0,open,False,3943.7449999999953,7,15.0
2025,open,127120,제이에스링크,pullback,2025-03-18,2025-03-19,2025-03-28,2025-03-28,39,6680.0,7430.0,open,False,28424.565000000002,7,15.0
2025,open,053350,이니텍,breakout,2025-03-28,2025-03-31,2025-04-09,2025-04-09,29,9970.0,8510.0,open,False,-43143.880000000005,7,15.0
2025,open,127120,제이에스링크,breakout,2025-04-09,2025-04-10,2025-04-21,2025-04-21,31,8020.0,9710.0,open,False,51565.55500000002,7,15.0
2025,open,309960,LB인베스트먼트,breakout,2025-04-21,2025-04-22,2025-05-02,2025-05-02,49,6090.0,4770.0,open,False,-65478.20999999999,7,15.0
2025,open,127120,제이에스링크,breakout,2025-05-02,2025-05-07,2025-05-16,2025-05-16,22,10750.0,8300.0,open,False,-54528.649999999994,7,15.0
2025,open,026890,스틱인베스트먼트,pullback,2025-05-16,2025-05-19,2025-05-28,2025-05-28,17,10500.0,10600.0,open,False,1161.9500000000116,7,15.0
2025,open,053350,이니텍,breakout,2025-05-28,2025-05-29,2025-06-11,2025-06-11,18,9750.0,9160.0,open,False,-11130.569999999978,7,15.0
2025,open,310200,애니플러스,breakout,2025-06-11,2025-06-12,2025-06-23,2025-06-23,40,4290.0,4610.0,open,False,12266.0,7,15.0
2025,open,006220,제주은행,breakout,2025-06-23,2025-06-24,2025-07-03,2025-07-03,16,11290.0,14000.0,open,False,42753.03999999998,7,15.0
2025,open,081150,티플랙스,breakout,2025-07-03,2025-07-04,2025-07-15,2025-07-15,66,3420.0,3465.0,open,False,2288.3850000000093,7,15.0
2025,open,003080,SB성보,breakout,2025-07-15,2025-07-16,2025-07-25,2025-07-25,79,2900.0,2805.0,open,False,-8181.0425000000105,7,15.0
2025,open,014680,한솔케미칼,pullback,2025-07-28,2025-07-29,2025-08-07,2025-08-07,1,183700.0,174300.0,open,False,-9937.0,7,15.0
2025,open,011230,삼화전자,pullback,2025-08-07,2025-08-08,2025-08-20,2025-08-20,39,5370.0,4100.0,open,False,-50083.995000000024,7,15.0
2025,open,415380,스튜디오삼익,breakout,2025-08-20,2025-08-21,2025-09-01,2025-09-01,48,3371.0,4243.0,open,False,41307.792000000016,7,15.0
2025,open,170920,엘티씨,pullback,2025-09-01,2025-09-02,2025-09-11,2025-09-11,16,12250.0,13350.0,open,False,16985.600000000006,7,15.0
2025,open,170920,엘티씨,breakout,2025-09-11,2025-09-12,2025-09-23,2025-09-23,15,14670.0,20550.0,open,False,87407.54999999999,7,15.0
2025,open,457190,이수스페셜티케미컬,breakout,2025-09-23,2025-09-24,2025-10-10,2025-10-10,5,51600.0,47800.0,open,False,-19745.50000000003,7,15.0
2025,open,265520,AP시스템,breakout,2025-10-10,2025-10-13,2025-10-22,2025-10-22,14,20350.0,22650.0,open,False,31297.0,7,15.0
2025,open,011170,롯데케미칼,breakout,2025-10-22,2025-10-23,2025-11-03,2025-11-03,4,77600.0,71100.0,open,False,-26892.20000000001,7,15.0
2025,open,015860,일진홀딩스,breakout,2025-11-03,2025-11-04,2025-11-13,2025-11-13,40,7210.0,8050.0,open,False,32684.399999999965,7,15.0
2025,open,220100,퓨쳐켐,breakout,2025-11-13,2025-11-14,2025-11-25,2025-11-25,15,21134.0,24360.0,open,False,47366.38500000001,7,15.0
2025,open,138360,앤로보틱스,breakout,2025-11-25,2025-11-26,2025-12-05,2025-12-05,344,1079.0,1074.0,open,False,-2830.948000000033,7,15.0
2025,open,204320,HL만도,breakout,2025-12-05,2025-12-08,2025-12-17,2025-12-17,6,61000.0,53100.0,open,False,-48426.899999999965,7,15.0
2025,open,105630,한세실업,breakout,2025-12-17,2025-12-18,2025-12-30,2025-12-30,21,14740.0,13280.0,open,False,-31542.630000000005,7,15.0
2025,close,204320,HL만도,pullback,2025-01-02,2025-01-03,2025-01-14,2025-01-14,7,42000.0,41900.0,open,False,-1580.9500000000116,7,15.0
2025,close,204320,HL만도,breakout,2025-01-14,2025-01-15,2025-01-24,2025-01-24,6,45000.0,43000.0,open,False,-12792.0,7,15.0
2025,close,025980,아난티,breakout,2025-01-24,2025-01-31,2025-02-11,2025-02-11,47,6040.0,6030.0,open,False,-1320.9349999999977,7,15.0
2025,close,204320,HL만도,pullback,2025-02-11,2025-02-12,2025-02-21,2025-02-21,6,44100.0,45100.0,open,False,5197.200000000012,7,15.0
2025,close,015360,INVENI,pullback,2025-02-21,2025-02-24,2025-03-06,2025-03-06,26,10760.0,9740.0,open,False,-27319.5,7,15.0
2025,close,136480,하림,pullback,2025-03-06,2025-03-07,2025-03-18,2025-03-18,86,3020.0,3075.0,open,False,3943.7449999999953,7,15.0
2025,close,127120,제이에스링크,pullback,2025-03-18,2025-03-19,2025-03-28,2025-03-28,39,6680.0,7430.0,open,False,28424.565000000002,7,15.0
2025,close,053350,이니텍,breakout,2025-03-28,2025-03-31,2025-04-09,2025-04-09,29,9970.0,8510.0,open,False,-43143.880000000005,7,15.0
2025,close,127120,제이에스링크,breakout,2025-04-09,2025-04-10,2025-04-21,2025-04-21,31,8020.0,9710.0,open,False,51565.55500000002,7,15.0
2025,close,309960,LB인베스트먼트,breakout,2025-04-21,2025-04-22,2025-05-02,2025-05-02,49,6090.0,4770.0,open,False,-65478.20999999999,7,15.0
2025,close,127120,제이에스링크,breakout,2025-05-02,2025-05-07,2025-05-16,2025-05-16,22,10750.0,8300.0,open,False,-54528.649999999994,7,15.0
2025,close,026890,스틱인베스트먼트,pullback,2025-05-16,2025-05-19,2025-05-28,2025-05-28,17,10500.0,10600.0,open,False,1161.9500000000116,7,15.0
2025,close,053350,이니텍,breakout,2025-05-28,2025-05-29,2025-06-11,2025-06-11,18,9750.0,9160.0,open,False,-11130.569999999978,7,15.0
2025,close,310200,애니플러스,breakout,2025-06-11,2025-06-12,2025-06-23,2025-06-23,40,4290.0,4610.0,open,False,12266.0,7,15.0
2025,close,006220,제주은행,breakout,2025-06-23,2025-06-24,2025-07-03,2025-07-03,16,11290.0,14000.0,open,False,42753.03999999998,7,15.0
2025,close,081150,티플랙스,breakout,2025-07-03,2025-07-04,2025-07-15,2025-07-15,66,3420.0,3465.0,open,False,2288.3850000000093,7,15.0
2025,close,003080,SB성보,breakout,2025-07-15,2025-07-16,2025-07-25,2025-07-25,79,2900.0,2805.0,open,False,-8181.0425000000105,7,15.0
2025,close,014680,한솔케미칼,pullback,2025-07-28,2025-07-29,2025-08-07,2025-08-07,1,183700.0,174300.0,open,False,-9937.0,7,15.0
2025,close,011230,삼화전자,pullback,2025-08-07,2025-08-08,2025-08-20,2025-08-20,39,5370.0,4100.0,open,False,-50083.995000000024,7,15.0
2025,close,415380,스튜디오삼익,breakout,2025-08-20,2025-08-21,2025-09-01,2025-09-01,48,3371.0,4243.0,open,False,41307.792000000016,7,15.0
2025,close,170920,엘티씨,pullback,2025-09-01,2025-09-02,2025-09-11,2025-09-11,16,12250.0,13350.0,open,False,16985.600000000006,7,15.0
2025,close,170920,엘티씨,breakout,2025-09-11,2025-09-12,2025-09-23,2025-09-23,15,14670.0,20550.0,open,False,87407.54999999999,7,15.0
2025,close,457190,이수스페셜티케미컬,breakout,2025-09-23,2025-09-24,2025-10-10,2025-10-10,5,51600.0,47800.0,open,False,-19745.50000000003,7,15.0
2025,close,265520,AP시스템,breakout,2025-10-10,2025-10-13,2025-10-22,2025-10-22,14,20350.0,22650.0,open,False,31297.0,7,15.0
2025,close,011170,롯데케미칼,breakout,2025-10-22,2025-10-23,2025-11-03,2025-11-03,4,77600.0,71100.0,open,False,-26892.20000000001,7,15.0
2025,close,015860,일진홀딩스,breakout,2025-11-03,2025-11-04,2025-11-13,2025-11-13,40,7210.0,8050.0,open,False,32684.399999999965,7,15.0
2025,close,220100,퓨쳐켐,breakout,2025-11-13,2025-11-14,2025-11-25,2025-11-25,15,21134.0,24360.0,open,False,47366.38500000001,7,15.0
2025,close,138360,앤로보틱스,breakout,2025-11-25,2025-11-26,2025-12-05,2025-12-05,344,1079.0,1074.0,open,False,-2830.948000000033,7,15.0
2025,close,204320,HL만도,breakout,2025-12-05,2025-12-08,2025-12-17,2025-12-17,6,61000.0,53100.0,open,False,-48426.899999999965,7,15.0
2025,close,105630,한세실업,breakout,2025-12-17,2025-12-18,2025-12-30,2025-12-30,21,14740.0,13280.0,open,False,-31542.630000000005,7,15.0
2025,low,204320,HL만도,pullback,2025-01-02,2025-01-03,2025-01-14,2025-01-14,7,42000.0,41900.0,open,False,-1580.9500000000116,7,15.0
2025,low,204320,HL만도,breakout,2025-01-14,2025-01-15,2025-01-24,2025-01-24,6,45000.0,43000.0,open,False,-12792.0,7,15.0
2025,low,025980,아난티,breakout,2025-01-24,2025-01-31,2025-02-11,2025-02-11,47,6040.0,6030.0,open,False,-1320.9349999999977,7,15.0
2025,low,204320,HL만도,pullback,2025-02-11,2025-02-12,2025-02-21,2025-02-21,6,44100.0,45100.0,open,False,5197.200000000012,7,15.0
2025,low,015360,INVENI,pullback,2025-02-21,2025-02-24,2025-03-06,2025-03-06,26,10760.0,9740.0,open,False,-27319.5,7,15.0
2025,low,136480,하림,pullback,2025-03-06,2025-03-07,2025-03-18,2025-03-18,86,3020.0,3075.0,open,False,3943.7449999999953,7,15.0
2025,low,127120,제이에스링크,pullback,2025-03-18,2025-03-19,2025-03-28,2025-03-28,39,6680.0,7430.0,open,False,28424.565000000002,7,15.0
2025,low,053350,이니텍,breakout,2025-03-28,2025-03-31,2025-04-09,2025-04-09,29,9970.0,8510.0,open,False,-43143.880000000005,7,15.0
2025,low,127120,제이에스링크,breakout,2025-04-09,2025-04-10,2025-04-21,2025-04-21,31,8020.0,9710.0,open,False,51565.55500000002,7,15.0
2025,low,309960,LB인베스트먼트,breakout,2025-04-21,2025-04-22,2025-05-02,2025-05-02,49,6090.0,4770.0,open,False,-65478.20999999999,7,15.0
2025,low,127120,제이에스링크,breakout,2025-05-02,2025-05-07,2025-05-16,2025-05-16,22,10750.0,8300.0,open,False,-54528.649999999994,7,15.0
2025,low,026890,스틱인베스트먼트,pullback,2025-05-16,2025-05-19,2025-05-28,2025-05-28,17,10500.0,10600.0,open,False,1161.9500000000116,7,15.0
2025,low,053350,이니텍,breakout,2025-05-28,2025-05-29,2025-06-11,2025-06-11,18,9750.0,9160.0,open,False,-11130.569999999978,7,15.0
2025,low,310200,애니플러스,breakout,2025-06-11,2025-06-12,2025-06-23,2025-06-23,40,4290.0,4610.0,open,False,12266.0,7,15.0
2025,low,006220,제주은행,breakout,2025-06-23,2025-06-24,2025-07-03,2025-07-03,16,11290.0,14000.0,open,False,42753.03999999998,7,15.0
2025,low,081150,티플랙스,breakout,2025-07-03,2025-07-04,2025-07-15,2025-07-15,66,3420.0,3465.0,open,False,2288.3850000000093,7,15.0
2025,low,003080,SB성보,breakout,2025-07-15,2025-07-16,2025-07-25,2025-07-25,79,2900.0,2805.0,open,False,-8181.0425000000105,7,15.0
2025,low,014680,한솔케미칼,pullback,2025-07-28,2025-07-29,2025-08-07,2025-08-07,1,183700.0,174300.0,open,False,-9937.0,7,15.0
2025,low,011230,삼화전자,pullback,2025-08-07,2025-08-08,2025-08-20,2025-08-20,39,5370.0,4100.0,open,False,-50083.995000000024,7,15.0
2025,low,415380,스튜디오삼익,breakout,2025-08-20,2025-08-21,2025-09-01,2025-09-01,48,3371.0,4243.0,open,False,41307.792000000016,7,15.0
2025,low,170920,엘티씨,pullback,2025-09-01,2025-09-02,2025-09-11,2025-09-11,16,12250.0,13350.0,open,False,16985.600000000006,7,15.0
2025,low,170920,엘티씨,breakout,2025-09-11,2025-09-12,2025-09-23,2025-09-23,15,14670.0,20550.0,open,False,87407.54999999999,7,15.0
2025,low,457190,이수스페셜티케미컬,breakout,2025-09-23,2025-09-24,2025-10-10,2025-10-10,5,51600.0,47800.0,open,False,-19745.50000000003,7,15.0
2025,low,265520,AP시스템,breakout,2025-10-10,2025-10-13,2025-10-22,2025-10-22,14,20350.0,22650.0,open,False,31297.0,7,15.0
2025,low,011170,롯데케미칼,breakout,2025-10-22,2025-10-23,2025-11-03,2025-11-03,4,77600.0,71100.0,open,False,-26892.20000000001,7,15.0
2025,low,015860,일진홀딩스,breakout,2025-11-03,2025-11-04,2025-11-13,2025-11-13,40,7210.0,8050.0,open,False,32684.399999999965,7,15.0
2025,low,220100,퓨쳐켐,breakout,2025-11-13,2025-11-14,2025-11-25,2025-11-25,15,21134.0,24360.0,open,False,47366.38500000001,7,15.0
2025,low,138360,앤로보틱스,breakout,2025-11-25,2025-11-26,2025-12-05,2025-12-05,344,1079.0,1074.0,open,False,-2830.948000000033,7,15.0
2025,low,204320,HL만도,breakout,2025-12-05,2025-12-08,2025-12-17,2025-12-17,6,61000.0,53100.0,open,False,-48426.899999999965,7,15.0
2025,low,105630,한세실업,breakout,2025-12-17,2025-12-18,2025-12-30,2025-12-30,21,14740.0,13280.0,open,False,-31542.630000000005,7,15.0
2023,open,114090,GKL,pullback,2023-01-02,2023-01-03,2023-01-13,2023-01-13,15,18750.0,18050.0,open,False,-11328.0,8,15.0
2023,open,036620,감성코퍼레이션,pullback,2023-01-13,2023-01-16,2023-01-30,2023-01-30,139,2060.0,2120.0,open,False,7468.47000000003,8,15.0
2023,open,002700,신일전자,breakout,2023-01-30,2023-01-31,2023-02-10,2023-02-10,145,2035.0,2110.0,open,False,9973.462500000023,8,15.0
2023,open,064850,에프앤가이드,pullback,2023-02-10,2023-02-13,2023-02-23,2023-02-23,41,7280.0,7200.0,open,False,-4170.520000000019,8,15.0
2023,open,000850,화천기공,breakout,2023-02-23,2023-02-24,2023-03-09,2023-03-09,8,33650.0,35300.0,open,False,12372.600000000035,8,15.0
2023,open,115500,케이씨에스,breakout,2023-03-09,2023-03-10,2023-03-22,2023-03-22,32,9790.0,11470.0,open,False,52739.51999999996,8,15.0
2023,open,101360,에코앤드림,breakout,2023-03-22,2023-03-23,2023-04-04,2023-04-04,10,35092.0,37312.0,open,False,21113.940000000002,8,15.0
2023,open,030210,다올투자증권,breakout,2023-04-04,2023-04-05,2023-04-17,2023-04-17,67,5730.0,5660.0,open,False,-5834.695000000007,8,15.0
2023,open,000430,대원강업,breakout,2023-04-17,2023-04-18,2023-04-28,2023-04-28,87,4340.0,4020.0,open,False,-28930.97999999998,8,15.0
2023,open,011230,삼화전자,breakout,2023-04-28,2023-05-02,2023-05-15,2023-05-15,44,8015.0,7649.0,open,False,-17137.824000000022,8,15.0
2023,open,002700,신일전자,breakout,2023-05-15,2023-05-16,2023-05-26,2023-05-26,150,2235.0,2035.0,open,False,-30960.75,8,15.0
2023,open,011230,삼화전자,pullback,2023-05-26,2023-05-30,2023-06-12,2023-06-12,33,9004.0,8482.0,open,False,-18091.55700000003,8,15.0
2023,open,001740,SK네트웍스,breakout,2023-06-12,2023-06-13,2023-06-23,2023-06-23,53,5380.0,5020.0,open,False,-19906.79999999999,8,15.0
2023,open,168360,펨트론,breakout,2023-06-23,2023-06-26,2023-07-06,2023-07-06,34,7650.0,8915.0,open,False,42165.185,8,15.0
2023,open,126640,화신정공,pullback,2023-07-06,2023-07-07,2023-07-19,2023-07-19,154,1994.0,1835.0,open,False,-25370.49900000001,8,15.0
2023,open,149980,하이로닉,pullback,2023-07-19,2023-07-20,2023-08-01,2023-08-01,20,13801.0,13466.0,open,False,-7518.010000000009,8,15.0
2023,open,326030,SK바이오팜,breakout,2023-08-01,2023-08-02,2023-08-14,2023-08-14,3,90000.0,94600.0,open,False,12969.299999999988,8,15.0
2023,open,105630,한세실업,breakout,2023-08-14,2023-08-16,2023-08-28,2023-08-28,13,21600.0,19250.0,open,False,-31346.57500000001,8,15.0
2023,open,089850,유비벨록스,breakout,2023-08-28,2023-08-29,2023-09-08,2023-09-08,27,9376.0,9346.0,open,False,-1568.24099999998,8,15.0
2023,open,056080,유진로봇,breakout,2023-09-08,2023-09-11,2023-09-21,2023-09-21,15,16070.0,12590.0,open,False,-52844.850000000006,8,15.0
2023,open,089850,유비벨록스,pullback,2023-09-21,2023-09-22,2023-10-11,2023-10-11,22,9159.0,8069.0,open,False,-24548.524000000005,8,15.0
2023,open,004270,남성,pullback,2023-10-11,2023-10-12,2023-10-24,2023-10-24,9,18722.0,16298.0,open,False,-22288.76999999999,8,15.0
2023,open,025900,동화기업,pullback,2023-10-24,2023-10-25,2023-11-06,2023-11-06,5,28637.0,26675.0,open,False,-10224.839999999997,8,15.0
2023,open,105560,KB금융,pullback,2023-11-06,2023-11-07,2023-11-17,2023-11-17,2,54700.0,54200.0,open,False,-1326.699999999997,8,15.0
2023,open,003570,SNT다이내믹스,breakout,2023-11-17,2023-11-20,2023-11-30,2023-11-30,9,15340.0,14700.0,open,False,-6165.539999999979,8,15.0
2023,open,016360,삼성증권,pullback,2023-11-30,2023-12-01,2023-12-13,2023-12-13,3,38900.0,39550.0,open,False,1596.9750000000058,8,15.0
2023,open,279600,미디어젠,breakout,2023-12-13,2023-12-14,2023-12-27,2023-12-27,8,16403.0,22032.0,open,False,44570.78,8,15.0
2023,open,309960,LB인베스트먼트,pullback,2023-12-28,2024-01-02,2024-01-12,2024-01-12,39,4645.0,4800.0,open,False,5492.467499999999,8,15.0
2023,close,114090,GKL,pullback,2023-01-02,2023-01-03,2023-01-13,2023-01-13,15,18750.0,18050.0,open,False,-11328.0,8,15.0
2023,close,036620,감성코퍼레이션,pullback,2023-01-13,2023-01-16,2023-01-30,2023-01-30,139,2060.0,2120.0,open,False,7468.47000000003,8,15.0
2023,close,002700,신일전자,breakout,2023-01-30,2023-01-31,2023-02-10,2023-02-10,145,2035.0,2110.0,open,False,9973.462500000023,8,15.0
2023,close,064850,에프앤가이드,pullback,2023-02-10,2023-02-13,2023-02-23,2023-02-23,41,7280.0,7200.0,open,False,-4170.520000000019,8,15.0
2023,close,000850,화천기공,breakout,2023-02-23,2023-02-24,2023-03-09,2023-03-09,8,33650.0,35300.0,open,False,12372.600000000035,8,15.0
2023,close,115500,케이씨에스,breakout,2023-03-09,2023-03-10,2023-03-22,2023-03-22,32,9790.0,11470.0,open,False,52739.51999999996,8,15.0
2023,close,101360,에코앤드림,breakout,2023-03-22,2023-03-23,2023-04-04,2023-04-04,10,35092.0,37312.0,open,False,21113.940000000002,8,15.0
2023,close,030210,다올투자증권,breakout,2023-04-04,2023-04-05,2023-04-17,2023-04-17,67,5730.0,5660.0,open,False,-5834.695000000007,8,15.0
2023,close,000430,대원강업,breakout,2023-04-17,2023-04-18,2023-04-28,2023-04-28,87,4340.0,4020.0,open,False,-28930.97999999998,8,15.0
2023,close,011230,삼화전자,breakout,2023-04-28,2023-05-02,2023-05-15,2023-05-15,44,8015.0,7649.0,open,False,-17137.824000000022,8,15.0
2023,close,002700,신일전자,breakout,2023-05-15,2023-05-16,2023-05-26,2023-05-26,150,2235.0,2035.0,open,False,-30960.75,8,15.0
2023,close,011230,삼화전자,pullback,2023-05-26,2023-05-30,2023-06-12,2023-06-12,33,9004.0,8482.0,open,False,-18091.55700000003,8,15.0
2023,close,001740,SK네트웍스,breakout,2023-06-12,2023-06-13,2023-06-23,2023-06-23,53,5380.0,5020.0,open,False,-19906.79999999999,8,15.0
2023,close,168360,펨트론,breakout,2023-06-23,2023-06-26,2023-07-06,2023-07-06,34,7650.0,8915.0,open,False,42165.185,8,15.0
2023,close,126640,화신정공,pullback,2023-07-06,2023-07-07,2023-07-19,2023-07-19,154,1994.0,1835.0,open,False,-25370.49900000001,8,15.0
2023,close,149980,하이로닉,pullback,2023-07-19,2023-07-20,2023-08-01,2023-08-01,20,13801.0,13466.0,open,False,-7518.010000000009,8,15.0
2023,close,326030,SK바이오팜,breakout,2023-08-01,2023-08-02,2023-08-14,2023-08-14,3,90000.0,94600.0,open,False,12969.299999999988,8,15.0
2023,close,105630,한세실업,breakout,2023-08-14,2023-08-16,2023-08-28,2023-08-28,13,21600.0,19250.0,open,False,-31346.57500000001,8,15.0
2023,close,089850,유비벨록스,breakout,2023-08-28,2023-08-29,2023-09-08,2023-09-08,27,9376.0,9346.0,open,False,-1568.24099999998,8,15.0
2023,close,056080,유진로봇,breakout,2023-09-08,2023-09-11,2023-09-21,2023-09-21,15,16070.0,12590.0,open,False,-52844.850000000006,8,15.0
2023,close,089850,유비벨록스,pullback,2023-09-21,2023-09-22,2023-10-11,2023-10-11,22,9159.0,8069.0,open,False,-24548.524000000005,8,15.0
2023,close,004270,남성,pullback,2023-10-11,2023-10-12,2023-10-24,2023-10-24,9,18722.0,16298.0,open,False,-22288.76999999999,8,15.0
2023,close,025900,동화기업,pullback,2023-10-24,2023-10-25,2023-11-06,2023-11-06,5,28637.0,26675.0,open,False,-10224.839999999997,8,15.0
2023,close,105560,KB금융,pullback,2023-11-06,2023-11-07,2023-11-17,2023-11-17,2,54700.0,54200.0,open,False,-1326.699999999997,8,15.0
2023,close,003570,SNT다이내믹스,breakout,2023-11-17,2023-11-20,2023-11-30,2023-11-30,9,15340.0,14700.0,open,False,-6165.539999999979,8,15.0
2023,close,016360,삼성증권,pullback,2023-11-30,2023-12-01,2023-12-13,2023-12-13,3,38900.0,39550.0,open,False,1596.9750000000058,8,15.0
2023,close,279600,미디어젠,breakout,2023-12-13,2023-12-14,2023-12-27,2023-12-27,8,16403.0,22032.0,open,False,44570.78,8,15.0
2023,close,309960,LB인베스트먼트,pullback,2023-12-28,2024-01-02,2024-01-12,2024-01-12,39,4645.0,4800.0,open,False,5492.467499999999,8,15.0
2023,low,114090,GKL,pullback,2023-01-02,2023-01-03,2023-01-13,2023-01-13,15,18750.0,18050.0,open,False,-11328.0,8,15.0
2023,low,036620,감성코퍼레이션,pullback,2023-01-13,2023-01-16,2023-01-30,2023-01-30,139,2060.0,2120.0,open,False,7468.47000000003,8,15.0
2023,low,002700,신일전자,breakout,2023-01-30,2023-01-31,2023-02-10,2023-02-10,145,2035.0,2110.0,open,False,9973.462500000023,8,15.0
2023,low,064850,에프앤가이드,pullback,2023-02-10,2023-02-13,2023-02-23,2023-02-23,41,7280.0,7200.0,open,False,-4170.520000000019,8,15.0
2023,low,000850,화천기공,breakout,2023-02-23,2023-02-24,2023-03-09,2023-03-09,8,33650.0,35300.0,open,False,12372.600000000035,8,15.0
2023,low,115500,케이씨에스,breakout,2023-03-09,2023-03-10,2023-03-22,2023-03-22,32,9790.0,11470.0,open,False,52739.51999999996,8,15.0
2023,low,101360,에코앤드림,breakout,2023-03-22,2023-03-23,2023-04-04,2023-04-04,10,35092.0,37312.0,open,False,21113.940000000002,8,15.0
2023,low,030210,다올투자증권,breakout,2023-04-04,2023-04-05,2023-04-17,2023-04-17,67,5730.0,5660.0,open,False,-5834.695000000007,8,15.0
2023,low,000430,대원강업,breakout,2023-04-17,2023-04-18,2023-04-28,2023-04-28,87,4340.0,4020.0,open,False,-28930.97999999998,8,15.0
2023,low,011230,삼화전자,breakout,2023-04-28,2023-05-02,2023-05-15,2023-05-15,44,8015.0,7649.0,open,False,-17137.824000000022,8,15.0
2023,low,002700,신일전자,breakout,2023-05-15,2023-05-16,2023-05-26,2023-05-26,150,2235.0,2035.0,open,False,-30960.75,8,15.0
2023,low,011230,삼화전자,pullback,2023-05-26,2023-05-30,2023-06-12,2023-06-12,33,9004.0,8482.0,open,False,-18091.55700000003,8,15.0
2023,low,001740,SK네트웍스,breakout,2023-06-12,2023-06-13,2023-06-23,2023-06-23,53,5380.0,5020.0,open,False,-19906.79999999999,8,15.0
2023,low,168360,펨트론,breakout,2023-06-23,2023-06-26,2023-07-06,2023-07-06,34,7650.0,8915.0,open,False,42165.185,8,15.0
2023,low,126640,화신정공,pullback,2023-07-06,2023-07-07,2023-07-19,2023-07-19,154,1994.0,1835.0,open,False,-25370.49900000001,8,15.0
2023,low,149980,하이로닉,pullback,2023-07-19,2023-07-20,2023-08-01,2023-08-01,20,13801.0,13466.0,open,False,-7518.010000000009,8,15.0
2023,low,326030,SK바이오팜,breakout,2023-08-01,2023-08-02,2023-08-14,2023-08-14,3,90000.0,94600.0,open,False,12969.299999999988,8,15.0
2023,low,105630,한세실업,breakout,2023-08-14,2023-08-16,2023-08-28,2023-08-28,13,21600.0,19250.0,open,False,-31346.57500000001,8,15.0
2023,low,089850,유비벨록스,breakout,2023-08-28,2023-08-29,2023-09-08,2023-09-08,27,9376.0,9346.0,open,False,-1568.24099999998,8,15.0
2023,low,056080,유진로봇,breakout,2023-09-08,2023-09-11,2023-09-21,2023-09-21,15,16070.0,12590.0,open,False,-52844.850000000006,8,15.0
2023,low,089850,유비벨록스,pullback,2023-09-21,2023-09-22,2023-10-11,2023-10-11,22,9159.0,8069.0,open,False,-24548.524000000005,8,15.0
2023,low,004270,남성,pullback,2023-10-11,2023-10-12,2023-10-24,2023-10-24,9,18722.0,16298.0,open,False,-22288.76999999999,8,15.0
2023,low,025900,동화기업,pullback,2023-10-24,2023-10-25,2023-11-06,2023-11-06,5,28637.0,26675.0,open,False,-10224.839999999997,8,15.0
2023,low,105560,KB금융,pullback,2023-11-06,2023-11-07,2023-11-17,2023-11-17,2,54700.0,54200.0,open,False,-1326.699999999997,8,15.0
2023,low,003570,SNT다이내믹스,breakout,2023-11-17,2023-11-20,2023-11-30,2023-11-30,9,15340.0,14700.0,open,False,-6165.539999999979,8,15.0
2023,low,016360,삼성증권,pullback,2023-11-30,2023-12-01,2023-12-13,2023-12-13,3,38900.0,39550.0,open,False,1596.9750000000058,8,15.0
2023,low,279600,미디어젠,breakout,2023-12-13,2023-12-14,2023-12-27,2023-12-27,8,16403.0,22032.0,open,False,44570.78,8,15.0
2023,low,309960,LB인베스트먼트,pullback,2023-12-28,2024-01-02,2024-01-12,2024-01-12,39,4645.0,4800.0,open,False,5492.467499999999,8,15.0
2024,open,326030,SK바이오팜,breakout,2024-01-02,2024-01-03,2024-01-15,2024-01-15,2,103300.0,95700.0,open,False,-15797.0,8,15.0
2024,open,089850,유비벨록스,pullback,2024-01-15,2024-01-16,2024-01-26,2024-01-26,33,8424.0,8515.0,open,False,2164.519499999995,8,15.0
2024,open,003830,대한화섬,pullback,2024-01-26,2024-01-29,2024-02-08,2024-02-08,2,107500.0,119200.0,open,False,22719.900000000023,8,15.0
2024,open,170920,엘티씨,pullback,2024-02-13,2024-02-14,2024-02-26,2024-02-26,19,16210.0,15980.0,open,False,-5287.415000000037,8,15.0
2024,open,457190,이수스페셜티케미컬,breakout,2024-02-26,2024-02-27,2024-03-11,2024-03-11,4,65800.0,76800.0,open,False,43144.40000000002,8,15.0
2024,open,088980,맥쿼리인프라,pullback,2024-03-11,2024-03-12,2024-03-22,2024-03-22,26,12857.0,12728.0,open,False,-4351.815000000002,8,15.0
2024,open,015360,INVENI,pullback,2024-03-22,2024-03-25,2024-04-04,2024-04-04,42,7960.0,7800.0,open,False,-7712.880000000005,8,15.0
2024,open,015860,일진홀딩스,pullback,2024-04-04,2024-04-05,2024-04-18,2024-04-18,75,4450.0,4035.0,open,False,-32079.5625,8,15.0
2024,open,265520,AP시스템,breakout,2024-04-18,2024-04-19,2024-05-02,2024-05-02,9,32500.0,35200.0,open,False,23386.04999999999,8,15.0
2024,open,019170,신풍제약,pullback,2024-05-02,2024-05-03,2024-05-17,2024-05-17,22,14770.0,13960.0,open,False,-18768.090000000026,8,15.0
2024,open,094280,효성ITX,breakout,2024-05-17,2024-05-20,2024-05-30,2024-05-30,23,13210.0,13400.0,open,False,3451.9550000000163,8,15.0
2024,open,064850,에프앤가이드,pullback,2024-05-30,2024-05-31,2024-06-13,2024-06-13,39,7800.0,7910.0,open,False,3370.9650000000256,8,15.0
2024,open,003830,대한화섬,breakout,2024-06-13,2024-06-14,2024-06-26,2024-06-26,2,114500.0,109300.0,open,False,-11071.399999999994,8,15.0
2024,open,149980,하이로닉,breakout,2024-06-26,2024-06-27,2024-07-09,2024-07-09,16,18434.0,17325.0,open,False,-18602.216000000015,8,15.0
2024,open,220100,퓨쳐켐,breakout,2024-07-09,2024-07-10,2024-07-22,2024-07-22,18,15326.0,19360.0,open,False,71675.478,8,15.0
2024,open,105560,KB금융,pullback,2024-07-22,2024-07-23,2024-08-02,2024-08-02,4,87200.0,85800.0,open,False,-6638.0,8,15.0
2024,open,053350,이니텍,breakout,2024-08-02,2024-08-05,2024-08-16,2024-08-16,87,3975.0,3360.0,open,False,-54462.21750000003,8,15.0
2024,open,000080,하이트진로,breakout,2024-08-19,2024-08-20,2024-08-30,2024-08-30,13,22250.0,20850.0,open,False,-19040.45000000001,8,15.0
2024,open,081580,성우전자,breakout,2024-08-30,2024-09-02,2024-09-12,2024-09-12,68,4050.0,3605.0,open,False,-31040.810000000027,8,15.0
2024,open,246250,에스엘에스바이오,pullback,2024-09-12,2024-09-13,2024-09-30,2024-09-30,58,4170.0,4025.0,open,False,-9122.964999999997,8,15.0
2024,open,220100,퓨쳐켐,breakout,2024-09-30,2024-10-02,2024-10-16,2024-10-16,10,21820.0,24401.0,open,False,25116.684999999998,8,15.0
2024,open,015360,INVENI,pullback,2024-10-16,2024-10-17,2024-10-29,2024-10-29,27,9340.0,10460.0,open,False,29438.099999999977,8,15.0
2024,open,015360,INVENI,breakout,2024-10-29,2024-10-30,2024-11-11,2024-11-11,27,10500.0,10180.0,open,False,-9477.539999999979,8,15.0
2024,open,003530,한화투자증권,breakout,2024-11-11,2024-11-12,2024-11-22,2024-11-22,60,4620.0,3830.0,open,False,-48160.49999999997,8,15.0
2024,open,127120,제이에스링크,pullback,2024-11-25,2024-11-26,2024-12-06,2024-12-06,62,3710.0,4340.0,open,False,38311.350000000006,8,15.0
2024,open,015020,이스타코,breakout,2024-12-06,2024-12-09,2024-12-19,2024-12-19,109,2472.0,3104.0,open,False,67976.32400000002,8,15.0
2024,open,127120,제이에스링크,breakout,2024-12-19,2024-12-20,2025-01-06,2025-01-06,70,4780.0,5880.0,open,False,75880.70000000001,8,15.0
2024,close,326030,SK바이오팜,breakout,2024-01-02,2024-01-03,2024-01-15,2024-01-15,2,103300.0,95700.0,open,False,-15797.0,8,15.0
2024,close,089850,유비벨록스,pullback,2024-01-15,2024-01-16,2024-01-26,2024-01-26,33,8424.0,8515.0,open,False,2164.519499999995,8,15.0
2024,close,003830,대한화섬,pullback,2024-01-26,2024-01-29,2024-02-08,2024-02-08,2,107500.0,119200.0,open,False,22719.900000000023,8,15.0
2024,close,170920,엘티씨,pullback,2024-02-13,2024-02-14,2024-02-26,2024-02-26,19,16210.0,15980.0,open,False,-5287.415000000037,8,15.0
2024,close,457190,이수스페셜티케미컬,breakout,2024-02-26,2024-02-27,2024-03-11,2024-03-11,4,65800.0,76800.0,open,False,43144.40000000002,8,15.0
2024,close,088980,맥쿼리인프라,pullback,2024-03-11,2024-03-12,2024-03-22,2024-03-22,26,12857.0,12728.0,open,False,-4351.815000000002,8,15.0
2024,close,015360,INVENI,pullback,2024-03-22,2024-03-25,2024-04-04,2024-04-04,42,7960.0,7800.0,open,False,-7712.880000000005,8,15.0
2024,close,015860,일진홀딩스,pullback,2024-04-04,2024-04-05,2024-04-18,2024-04-18,75,4450.0,4035.0,open,False,-32079.5625,8,15.0
2024,close,265520,AP시스템,breakout,2024-04-18,2024-04-19,2024-05-02,2024-05-02,9,32500.0,35200.0,open,False,23386.04999999999,8,15.0
2024,close,019170,신풍제약,pullback,2024-05-02,2024-05-03,2024-05-17,2024-05-17,22,14770.0,13960.0,open,False,-18768.090000000026,8,15.0
2024,close,094280,효성ITX,breakout,2024-05-17,2024-05-20,2024-05-30,2024-05-30,23,13210.0,13400.0,open,False,3451.9550000000163,8,15.0
2024,close,064850,에프앤가이드,pullback,2024-05-30,2024-05-31,2024-06-13,2024-06-13,39,7800.0,7910.0,open,False,3370.9650000000256,8,15.0
2024,close,003830,대한화섬,breakout,2024-06-13,2024-06-14,2024-06-26,2024-06-26,2,114500.0,109300.0,open,False,-11071.399999999994,8,15.0
2024,close,149980,하이로닉,breakout,2024-06-26,2024-06-27,2024-07-09,2024-07-09,16,18434.0,17325.0,open,False,-18602.216000000015,8,15.0
2024,close,220100,퓨쳐켐,breakout,2024-07-09,2024-07-10,2024-07-22,2024-07-22,18,15326.0,19360.0,open,False,71675.478,8,15.0
2024,close,105560,KB금융,pullback,2024-07-22,2024-07-23,2024-08-02,2024-08-02,4,87200.0,85800.0,open,False,-6638.0,8,15.0
2024,close,053350,이니텍,breakout,2024-08-02,2024-08-05,2024-08-16,2024-08-16,87,3975.0,3360.0,open,False,-54462.21750000003,8,15.0
2024,close,000080,하이트진로,breakout,2024-08-19,2024-08-20,2024-08-30,2024-08-30,13,22250.0,20850.0,open,False,-19040.45000000001,8,15.0
2024,close,081580,성우전자,breakout,2024-08-30,2024-09-02,2024-09-12,2024-09-12,68,4050.0,3605.0,open,False,-31040.810000000027,8,15.0
2024,close,246250,에스엘에스바이오,pullback,2024-09-12,2024-09-13,2024-09-30,2024-09-30,58,4170.0,4025.0,open,False,-9122.964999999997,8,15.0
2024,close,220100,퓨쳐켐,breakout,2024-09-30,2024-10-02,2024-10-16,2024-10-16,10,21820.0,24401.0,open,False,25116.684999999998,8,15.0
2024,close,015360,INVENI,pullback,2024-10-16,2024-10-17,2024-10-29,2024-10-29,27,9340.0,10460.0,open,False,29438.099999999977,8,15.0
2024,close,015360,INVENI,breakout,2024-10-29,2024-10-30,2024-11-11,2024-11-11,27,10500.0,10180.0,open,False,-9477.539999999979,8,15.0
2024,close,003530,한화투자증권,breakout,2024-11-11,2024-11-12,2024-11-22,2024-11-22,60,4620.0,3830.0,open,False,-48160.49999999997,8,15.0
2024,close,127120,제이에스링크,pullback,2024-11-25,2024-11-26,2024-12-06,2024-12-06,62,3710.0,4340.0,open,False,38311.350000000006,8,15.0
2024,close,015020,이스타코,breakout,2024-12-06,2024-12-09,2024-12-19,2024-12-19,109,2472.0,3104.0,open,False,67976.32400000002,8,15.0
2024,close,127120,제이에스링크,breakout,2024-12-19,2024-12-20,2025-01-06,2025-01-06,70,4780.0,5880.0,open,False,75880.70000000001,8,15.0
2024,low,326030,SK바이오팜,breakout,2024-01-02,2024-01-03,2024-01-15,2024-01-15,2,103300.0,95700.0,open,False,-15797.0,8,15.0
2024,low,089850,유비벨록스,pullback,2024-01-15,2024-01-16,2024-01-26,2024-01-26,33,8424.0,8515.0,open,False,2164.519499999995,8,15.0
2024,low,003830,대한화섬,pullback,2024-01-26,2024-01-29,2024-02-08,2024-02-08,2,107500.0,119200.0,open,False,22719.900000000023,8,15.0
2024,low,170920,엘티씨,pullback,2024-02-13,2024-02-14,2024-02-26,2024-02-26,19,16210.0,15980.0,open,False,-5287.415000000037,8,15.0
2024,low,457190,이수스페셜티케미컬,breakout,2024-02-26,2024-02-27,2024-03-11,2024-03-11,4,65800.0,76800.0,open,False,43144.40000000002,8,15.0
2024,low,088980,맥쿼리인프라,pullback,2024-03-11,2024-03-12,2024-03-22,2024-03-22,26,12857.0,12728.0,open,False,-4351.815000000002,8,15.0
2024,low,015360,INVENI,pullback,2024-03-22,2024-03-25,2024-04-04,2024-04-04,42,7960.0,7800.0,open,False,-7712.880000000005,8,15.0
2024,low,015860,일진홀딩스,pullback,2024-04-04,2024-04-05,2024-04-18,2024-04-18,75,4450.0,4035.0,open,False,-32079.5625,8,15.0
2024,low,265520,AP시스템,breakout,2024-04-18,2024-04-19,2024-05-02,2024-05-02,9,32500.0,35200.0,open,False,23386.04999999999,8,15.0
2024,low,019170,신풍제약,pullback,2024-05-02,2024-05-03,2024-05-17,2024-05-17,22,14770.0,13960.0,open,False,-18768.090000000026,8,15.0
2024,low,094280,효성ITX,breakout,2024-05-17,2024-05-20,2024-05-30,2024-05-30,23,13210.0,13400.0,open,False,3451.9550000000163,8,15.0
2024,low,064850,에프앤가이드,pullback,2024-05-30,2024-05-31,2024-06-13,2024-06-13,39,7800.0,7910.0,open,False,3370.9650000000256,8,15.0
2024,low,003830,대한화섬,breakout,2024-06-13,2024-06-14,2024-06-26,2024-06-26,2,114500.0,109300.0,open,False,-11071.399999999994,8,15.0
2024,low,149980,하이로닉,breakout,2024-06-26,2024-06-27,2024-07-09,2024-07-09,16,18434.0,17325.0,open,False,-18602.216000000015,8,15.0
2024,low,220100,퓨쳐켐,breakout,2024-07-09,2024-07-10,2024-07-22,2024-07-22,18,15326.0,19360.0,open,False,71675.478,8,15.0
2024,low,105560,KB금융,pullback,2024-07-22,2024-07-23,2024-08-02,2024-08-02,4,87200.0,85800.0,open,False,-6638.0,8,15.0
2024,low,053350,이니텍,breakout,2024-08-02,2024-08-05,2024-08-16,2024-08-16,87,3975.0,3360.0,open,False,-54462.21750000003,8,15.0
2024,low,000080,하이트진로,breakout,2024-08-19,2024-08-20,2024-08-30,2024-08-30,13,22250.0,20850.0,open,False,-19040.45000000001,8,15.0
2024,low,081580,성우전자,breakout,2024-08-30,2024-09-02,2024-09-12,2024-09-12,68,4050.0,3605.0,open,False,-31040.810000000027,8,15.0
2024,low,246250,에스엘에스바이오,pullback,2024-09-12,2024-09-13,2024-09-30,2024-09-30,58,4170.0,4025.0,open,False,-9122.964999999997,8,15.0
2024,low,220100,퓨쳐켐,breakout,2024-09-30,2024-10-02,2024-10-16,2024-10-16,10,21820.0,24401.0,open,False,25116.684999999998,8,15.0
2024,low,015360,INVENI,pullback,2024-10-16,2024-10-17,2024-10-29,2024-10-29,27,9340.0,10460.0,open,False,29438.099999999977,8,15.0
2024,low,015360,INVENI,breakout,2024-10-29,2024-10-30,2024-11-11,2024-11-11,27,10500.0,10180.0,open,False,-9477.539999999979,8,15.0
2024,low,003530,한화투자증권,breakout,2024-11-11,2024-11-12,2024-11-22,2024-11-22,60,4620.0,3830.0,open,False,-48160.49999999997,8,15.0
2024,low,127120,제이에스링크,pullback,2024-11-25,2024-11-26,2024-12-06,2024-12-06,62,3710.0,4340.0,open,False,38311.350000000006,8,15.0
2024,low,015020,이스타코,breakout,2024-12-06,2024-12-09,2024-12-19,2024-12-19,109,2472.0,3104.0,open,False,67976.32400000002,8,15.0
2024,low,127120,제이에스링크,breakout,2024-12-19,2024-12-20,2025-01-06,2025-01-06,70,4780.0,5880.0,open,False,75880.70000000001,8,15.0
2025,open,204320,HL만도,pullback,2025-01-02,2025-01-03,2025-01-15,2025-01-15,7,42000.0,45000.0,open,False,20086.5,8,15.0
2025,open,058860,KTis,pullback,2025-01-15,2025-01-16,2025-02-03,2025-02-03,115,2765.0,2695.0,open,False,-8991.850000000035,8,15.0
2025,open,051630,진양화학,breakout,2025-02-03,2025-02-04,2025-02-14,2025-02-14,65,4760.0,4760.0,open,False,-928.2000000000116,8,15.0
2025,open,025980,아난티,pullback,2025-02-14,2025-02-17,2025-02-27,2025-02-27,50,6090.0,6070.0,open,False,-1912.0,8,15.0
2025,open,053350,이니텍,breakout,2025-02-27,2025-02-28,2025-03-13,2025-03-13,66,4615.0,6540.0,open,False,125945.65500000003,8,15.0
2025,open,115500,케이씨에스,pullback,2025-03-13,2025-03-14,2025-03-26,2025-03-26,34,12670.0,11800.0,open,False,-30827.97000000003,8,15.0
2025,open,016920,카스,pullback,2025-03-26,2025-03-27,2025-04-08,2025-04-08,172,2330.0,2140.0,open,False,-33833.26000000001,8,15.0
2025,open,131370,알서포트,breakout,2025-04-08,2025-04-09,2025-04-21,2025-04-21,92,4000.0,3715.0,open,False,-27284.669999999984,8,15.0
2025,open,309960,LB인베스트먼트,breakout,2025-04-21,2025-04-22,2025-05-07,2025-05-07,56,6090.0,4655.0,open,False,-81262.57999999999,8,15.0
2025,open,025980,아난티,breakout,2025-05-07,2025-05-08,2025-05-20,2025-05-20,35,7320.0,6880.0,open,False,-16145.5,8,15.0
2025,open,003570,SNT다이내믹스,breakout,2025-05-20,2025-05-21,2025-06-02,2025-06-02,6,39000.0,42200.0,open,False,18469.20000000001,8,15.0
2025,open,001130,대한제분,breakout,2025-06-02,2025-06-04,2025-06-17,2025-06-17,18,14520.0,15530.0,open,False,17368.649999999994,8,15.0
2025,open,094280,효성ITX,breakout,2025-06-17,2025-06-18,2025-06-30,2025-06-30,20,13990.0,13480.0,open,False,-11024.099999999977,8,15.0
2025,open,015860,일진홀딩스,breakout,2025-06-30,2025-07-01,2025-07-11,2025-07-11,47,5620.0,6230.0,open,False,27834.57500000001,8,15.0
2025,open,030210,다올투자증권,breakout,2025-07-11,2025-07-14,2025-07-24,2025-07-24,71,4160.0,3575.0,open,False,-42358.777500000026,8,15.0
2025,open,011780,금호석유화학,pullback,2025-07-24,2025-07-25,2025-08-06,2025-08-06,1,128800.0,111700.0,open,False,-17460.75,8,15.0
2025,open,036620,감성코퍼레이션,pullback,2025-08-06,2025-08-07,2025-08-20,2025-08-20,38,6150.0,5540.0,open,False,-23846.330000000016,8,15.0
2025,open,415380,스튜디오삼익,breakout,2025-08-20,2025-08-21,2025-09-02,2025-09-02,63,3371.0,4135.0,open,False,47422.68300000002,8,15.0
2025,open,124560,태웅로직스,pullback,2025-09-02,2025-09-03,2025-09-15,2025-09-15,76,3415.0,3210.0,open,False,-16335.25,8,15.0
2025,open,170920,엘티씨,breakout,2025-09-15,2025-09-16,2025-09-26,2025-09-26,14,16350.0,19700.0,open,False,46142.94999999998,8,15.0
2025,open,030210,다올투자증권,pullback,2025-09-26,2025-09-29,2025-10-16,2025-10-16,80,3600.0,3600.0,open,False,-864.0,8,15.0
2025,open,457190,이수스페셜티케미컬,breakout,2025-10-16,2025-10-17,2025-10-29,2025-10-29,5,55500.0,59700.0,open,False,20136.0,8,15.0
2025,open,014680,한솔케미칼,pullback,2025-10-29,2025-10-30,2025-11-11,2025-11-11,1,222500.0,221500.0,open,False,-1666.0,8,15.0
2025,open,015860,일진홀딩스,breakout,2025-11-11,2025-11-12,2025-11-24,2025-11-24,38,8090.0,7680.0,open,False,-16478.890000000014,8,15.0
2025,open,016360,삼성증권,pullback,2025-11-24,2025-11-25,2025-12-05,2025-12-05,3,80100.0,80700.0,open,False,1076.3999999999942,8,15.0
2025,open,204320,HL만도,breakout,2025-12-05,2025-12-08,2025-12-18,2025-12-18,4,61000.0,52000.0,open,False,-36678.0,8,15.0
2025,open,309960,LB인베스트먼트,pullback,2025-12-18,2025-12-19,2026-01-05,2026-01-05,43,5940.0,5520.0,open,False,-18799.169999999984,8,15.0
2025,close,204320,HL만도,pullback,2025-01-02,2025-01-03,2025-01-15,2025-01-15,7,42000.0,45000.0,open,False,20086.5,8,15.0
2025,close,058860,KTis,pullback,2025-01-15,2025-01-16,2025-02-03,2025-02-03,115,2765.0,2695.0,open,False,-8991.850000000035,8,15.0
2025,close,051630,진양화학,breakout,2025-02-03,2025-02-04,2025-02-14,2025-02-14,65,4760.0,4760.0,open,False,-928.2000000000116,8,15.0
2025,close,025980,아난티,pullback,2025-02-14,2025-02-17,2025-02-27,2025-02-27,50,6090.0,6070.0,open,False,-1912.0,8,15.0
2025,close,053350,이니텍,breakout,2025-02-27,2025-02-28,2025-03-13,2025-03-13,66,4615.0,6540.0,open,False,125945.65500000003,8,15.0
2025,close,115500,케이씨에스,pullback,2025-03-13,2025-03-14,2025-03-26,2025-03-26,34,12670.0,11800.0,open,False,-30827.97000000003,8,15.0
2025,close,016920,카스,pullback,2025-03-26,2025-03-27,2025-04-08,2025-04-08,172,2330.0,2140.0,open,False,-33833.26000000001,8,15.0
2025,close,131370,알서포트,breakout,2025-04-08,2025-04-09,2025-04-21,2025-04-21,92,4000.0,3715.0,open,False,-27284.669999999984,8,15.0
2025,close,309960,LB인베스트먼트,breakout,2025-04-21,2025-04-22,2025-05-07,2025-05-07,56,6090.0,4655.0,open,False,-81262.57999999999,8,15.0
2025,close,025980,아난티,breakout,2025-05-07,2025-05-08,2025-05-20,2025-05-20,35,7320.0,6880.0,open,False,-16145.5,8,15.0
2025,close,003570,SNT다이내믹스,breakout,2025-05-20,2025-05-21,2025-06-02,2025-06-02,6,39000.0,42200.0,open,False,18469.20000000001,8,15.0
2025,close,001130,대한제분,breakout,2025-06-02,2025-06-04,2025-06-17,2025-06-17,18,14520.0,15530.0,open,False,17368.649999999994,8,15.0
2025,close,094280,효성ITX,breakout,2025-06-17,2025-06-18,2025-06-30,2025-06-30,20,13990.0,13480.0,open,False,-11024.099999999977,8,15.0
2025,close,015860,일진홀딩스,breakout,2025-06-30,2025-07-01,2025-07-11,2025-07-11,47,5620.0,6230.0,open,False,27834.57500000001,8,15.0
2025,close,030210,다올투자증권,breakout,2025-07-11,2025-07-14,2025-07-24,2025-07-24,71,4160.0,3575.0,open,False,-42358.777500000026,8,15.0
2025,close,011780,금호석유화학,pullback,2025-07-24,2025-07-25,2025-08-06,2025-08-06,1,128800.0,111700.0,open,False,-17460.75,8,15.0
2025,close,036620,감성코퍼레이션,pullback,2025-08-06,2025-08-07,2025-08-20,2025-08-20,38,6150.0,5540.0,open,False,-23846.330000000016,8,15.0
2025,close,415380,스튜디오삼익,breakout,2025-08-20,2025-08-21,2025-09-02,2025-09-02,63,3371.0,4135.0,open,False,47422.68300000002,8,15.0
2025,close,124560,태웅로직스,pullback,2025-09-02,2025-09-03,2025-09-15,2025-09-15,76,3415.0,3210.0,open,False,-16335.25,8,15.0
2025,close,170920,엘티씨,breakout,2025-09-15,2025-09-16,2025-09-26,2025-09-26,14,16350.0,19700.0,open,False,46142.94999999998,8,15.0
2025,close,030210,다올투자증권,pullback,2025-09-26,2025-09-29,2025-10-16,2025-10-16,80,3600.0,3600.0,open,False,-864.0,8,15.0
2025,close,457190,이수스페셜티케미컬,breakout,2025-10-16,2025-10-17,2025-10-29,2025-10-29,5,55500.0,59700.0,open,False,20136.0,8,15.0
2025,close,014680,한솔케미칼,pullback,2025-10-29,2025-10-30,2025-11-11,2025-11-11,1,222500.0,221500.0,open,False,-1666.0,8,15.0
2025,close,015860,일진홀딩스,breakout,2025-11-11,2025-11-12,2025-11-24,2025-11-24,38,8090.0,7680.0,open,False,-16478.890000000014,8,15.0
2025,close,016360,삼성증권,pullback,2025-11-24,2025-11-25,2025-12-05,2025-12-05,3,80100.0,80700.0,open,False,1076.3999999999942,8,15.0
2025,close,204320,HL만도,breakout,2025-12-05,2025-12-08,2025-12-18,2025-12-18,4,61000.0,52000.0,open,False,-36678.0,8,15.0
2025,close,309960,LB인베스트먼트,pullback,2025-12-18,2025-12-19,2026-01-05,2026-01-05,43,5940.0,5520.0,open,False,-18799.169999999984,8,15.0
2025,low,204320,HL만도,pullback,2025-01-02,2025-01-03,2025-01-15,2025-01-15,7,42000.0,45000.0,open,False,20086.5,8,15.0
2025,low,058860,KTis,pullback,2025-01-15,2025-01-16,2025-02-03,2025-02-03,115,2765.0,2695.0,open,False,-8991.850000000035,8,15.0
2025,low,051630,진양화학,breakout,2025-02-03,2025-02-04,2025-02-14,2025-02-14,65,4760.0,4760.0,open,False,-928.2000000000116,8,15.0
2025,low,025980,아난티,pullback,2025-02-14,2025-02-17,2025-02-27,2025-02-27,50,6090.0,6070.0,open,False,-1912.0,8,15.0
2025,low,053350,이니텍,breakout,2025-02-27,2025-02-28,2025-03-13,2025-03-13,66,4615.0,6540.0,open,False,125945.65500000003,8,15.0
2025,low,115500,케이씨에스,pullback,2025-03-13,2025-03-14,2025-03-26,2025-03-26,34,12670.0,11800.0,open,False,-30827.97000000003,8,15.0
2025,low,016920,카스,pullback,2025-03-26,2025-03-27,2025-04-08,2025-04-08,172,2330.0,2140.0,open,False,-33833.26000000001,8,15.0
2025,low,131370,알서포트,breakout,2025-04-08,2025-04-09,2025-04-21,2025-04-21,92,4000.0,3715.0,open,False,-27284.669999999984,8,15.0
2025,low,309960,LB인베스트먼트,breakout,2025-04-21,2025-04-22,2025-05-07,2025-05-07,56,6090.0,4655.0,open,False,-81262.57999999999,8,15.0
2025,low,025980,아난티,breakout,2025-05-07,2025-05-08,2025-05-20,2025-05-20,35,7320.0,6880.0,open,False,-16145.5,8,15.0
2025,low,003570,SNT다이내믹스,breakout,2025-05-20,2025-05-21,2025-06-02,2025-06-02,6,39000.0,42200.0,open,False,18469.20000000001,8,15.0
2025,low,001130,대한제분,breakout,2025-06-02,2025-06-04,2025-06-17,2025-06-17,18,14520.0,15530.0,open,False,17368.649999999994,8,15.0
2025,low,094280,효성ITX,breakout,2025-06-17,2025-06-18,2025-06-30,2025-06-30,20,13990.0,13480.0,open,False,-11024.099999999977,8,15.0
2025,low,015860,일진홀딩스,breakout,2025-06-30,2025-07-01,2025-07-11,2025-07-11,47,5620.0,6230.0,open,False,27834.57500000001,8,15.0
2025,low,030210,다올투자증권,breakout,2025-07-11,2025-07-14,2025-07-24,2025-07-24,71,4160.0,3575.0,open,False,-42358.777500000026,8,15.0
2025,low,011780,금호석유화학,pullback,2025-07-24,2025-07-25,2025-08-06,2025-08-06,1,128800.0,111700.0,open,False,-17460.75,8,15.0
2025,low,036620,감성코퍼레이션,pullback,2025-08-06,2025-08-07,2025-08-20,2025-08-20,38,6150.0,5540.0,open,False,-23846.330000000016,8,15.0
2025,low,415380,스튜디오삼익,breakout,2025-08-20,2025-08-21,2025-09-02,2025-09-02,63,3371.0,4135.0,open,False,47422.68300000002,8,15.0
2025,low,124560,태웅로직스,pullback,2025-09-02,2025-09-03,2025-09-15,2025-09-15,76,3415.0,3210.0,open,False,-16335.25,8,15.0
2025,low,170920,엘티씨,breakout,2025-09-15,2025-09-16,2025-09-26,2025-09-26,14,16350.0,19700.0,open,False,46142.94999999998,8,15.0
2025,low,030210,다올투자증권,pullback,2025-09-26,2025-09-29,2025-10-16,2025-10-16,80,3600.0,3600.0,open,False,-864.0,8,15.0
2025,low,457190,이수스페셜티케미컬,breakout,2025-10-16,2025-10-17,2025-10-29,2025-10-29,5,55500.0,59700.0,open,False,20136.0,8,15.0
2025,low,014680,한솔케미칼,pullback,2025-10-29,2025-10-30,2025-11-11,2025-11-11,1,222500.0,221500.0,open,False,-1666.0,8,15.0
2025,low,015860,일진홀딩스,breakout,2025-11-11,2025-11-12,2025-11-24,2025-11-24,38,8090.0,7680.0,open,False,-16478.890000000014,8,15.0
2025,low,016360,삼성증권,pullback,2025-11-24,2025-11-25,2025-12-05,2025-12-05,3,80100.0,80700.0,open,False,1076.3999999999942,8,15.0
2025,low,204320,HL만도,breakout,2025-12-05,2025-12-08,2025-12-18,2025-12-18,4,61000.0,52000.0,open,False,-36678.0,8,15.0
2025,low,309960,LB인베스트먼트,pullback,2025-12-18,2025-12-19,2026-01-05,2026-01-05,43,5940.0,5520.0,open,False,-18799.169999999984,8,15.0
2023,open,114090,GKL,pullback,2023-01-02,2023-01-03,2023-01-16,2023-01-16,15,18750.0,18550.0,open,False,-3839.25,9,15.0
2023,open,105560,KB금융,breakout,2023-01-16,2023-01-17,2023-02-01,2023-02-01,4,60500.0,55800.0,open,False,-19497.79999999999,9,15.0
2023,open,310200,애니플러스,pullback,2023-02-01,2023-02-02,2023-02-15,2023-02-15,55,4950.0,4300.0,open,False,-36513.125,9,15.0
2023,open,105630,한세실업,pullback,2023-02-15,2023-02-16,2023-03-02,2023-03-02,13,17780.0,16500.0,open,False,-17308.46000000002,9,15.0
2023,open,001460,BYC,breakout,2023-03-02,2023-03-03,2023-03-16,2023-03-16,4,55000.0,50800.0,open,False,-17434.79999999999,9,15.0
2023,open,000850,화천기공,pullback,2023-03-16,2023-03-17,2023-03-30,2023-03-30,5,36000.0,36400.0,open,False,1457.0,9,15.0
2023,open,319400,현대무벡스,breakout,2023-03-30,2023-03-31,2023-04-13,2023-04-13,56,3685.0,3435.0,open,False,-14598.079999999987,9,15.0
2023,open,004100,태양금속,breakout,2023-04-13,2023-04-14,2023-04-27,2023-04-27,90,2125.0,1988.0,open,False,-12885.255000000005,9,15.0
2023,open,011230,삼화전자,breakout,2023-04-27,2023-04-28,2023-05-15,2023-05-15,24,7328.0,7649.0,open,False,7164.8279999999795,9,15.0
2023,open,002700,신일전자,breakout,2023-05-15,2023-05-16,2023-05-30,2023-05-30,83,2235.0,1994.0,open,False,-20529.510500000004,9,15.0
2023,open,017900,광전자,breakout,2023-05-30,2023-05-31,2023-06-14,2023-06-14,52,3135.0,3455.0,open,False,16125.98000000001,9,15.0
2023,open,085310,엔케이,pullback,2023-06-14,2023-06-15,2023-06-28,2023-06-28,18,9620.0,10000.0,open,False,6310.25999999998,9,15.0
2023,open,105630,한세실업,breakout,2023-06-28,2023-06-29,2023-07-12,2023-07-12,9,20750.0,19000.0,open,False,-16286.625,9,15.0
2023,open,011230,삼화전자,breakout,2023-07-12,2023-07-13,2023-07-26,2023-07-26,18,9527.0,7603.0,open,False,-35094.51000000001,9,15.0
2023,open,326030,SK바이오팜,pullback,2023-07-26,2023-07-27,2023-08-09,2023-08-09,1,83400.0,92200.0,open,False,8536.600000000006,9,15.0
2023,open,326030,SK바이오팜,breakout,2023-08-09,2023-08-10,2023-08-24,2023-08-24,1,98200.0,85300.0,open,False,-13175.25,9,15.0
2023,open,085310,엔케이,pullback,2023-08-24,2023-08-25,2023-09-07,2023-09-07,12,10720.0,10370.0,open,False,-4579.619999999995,9,15.0
2023,open,056080,유진로봇,breakout,2023-09-07,2023-09-08,2023-09-21,2023-09-21,9,14100.0,12590.0,open,False,-13950.315000000002,9,15.0
2023,open,089850,유비벨록스,pullback,2023-09-21,2023-09-22,2023-10-12,2023-10-12,12,9159.0,8247.0,open,False,-11257.308000000005,9,15.0
2023,open,004100,태양금속,pullback,2023-10-12,2023-10-13,2023-10-26,2023-10-26,26,3840.0,3350.0,open,False,-13020.410000000003,9,15.0
2023,open,003570,SNT다이내믹스,pullback,2023-10-26,2023-10-27,2023-11-09,2023-11-09,7,12610.0,13160.0,open,False,3579.415000000008,9,15.0
2023,open,105630,한세실업,breakout,2023-11-09,2023-11-10,2023-11-23,2023-11-23,3,23700.0,22850.0,open,False,-2759.475000000006,9,15.0
2023,open,215200,메가스터디교육,pullback,2023-11-24,2023-11-27,2023-12-08,2023-12-08,1,61400.0,63500.0,open,False,1912.6499999999942,9,15.0
2023,open,279600,미디어젠,breakout,2023-12-11,2023-12-12,2023-12-26,2023-12-26,5,16221.0,21718.0,open,False,27200.457500000004,9,15.0
2023,open,279600,미디어젠,breakout,2023-12-26,2023-12-27,2024-01-11,2024-01-11,5,22032.0,22384.0,open,False,1426.8800000000047,9,15.0
2023,close,114090,GKL,pullback,2023-01-02,2023-01-03,2023-01-16,2023-01-16,15,18750.0,18550.0,open,False,-3839.25,9,15.0
2023,close,105560,KB금융,breakout,2023-01-16,2023-01-17,2023-02-01,2023-02-01,4,60500.0,55800.0,open,False,-19497.79999999999,9,15.0
2023,close,310200,애니플러스,pullback,2023-02-01,2023-02-02,2023-02-15,2023-02-15,55,4950.0,4300.0,open,False,-36513.125,9,15.0
2023,close,105630,한세실업,pullback,2023-02-15,2023-02-16,2023-03-02,2023-03-02,13,17780.0,16500.0,open,False,-17308.46000000002,9,15.0
2023,close,001460,BYC,breakout,2023-03-02,2023-03-03,2023-03-16,2023-03-16,4,55000.0,50800.0,open,False,-17434.79999999999,9,15.0
2023,close,000850,화천기공,pullback,2023-03-16,2023-03-17,2023-03-30,2023-03-30,5,36000.0,36400.0,open,False,1457.0,9,15.0
2023,close,319400,현대무벡스,breakout,2023-03-30,2023-03-31,2023-04-13,2023-04-13,56,3685.0,3435.0,open,False,-14598.079999999987,9,15.0
2023,close,004100,태양금속,breakout,2023-04-13,2023-04-14,2023-04-27,2023-04-27,90,2125.0,1988.0,open,False,-12885.255000000005,9,15.0
2023,close,011230,삼화전자,breakout,2023-04-27,2023-04-28,2023-05-15,2023-05-15,24,7328.0,7649.0,open,False,7164.8279999999795,9,15.0
2023,close,002700,신일전자,breakout,2023-05-15,2023-05-16,2023-05-30,2023-05-30,83,2235.0,1994.0,open,False,-20529.510500000004,9,15.0
2023,close,017900,광전자,breakout,2023-05-30,2023-05-31,2023-06-14,2023-06-14,52,3135.0,3455.0,open,False,16125.98000000001,9,15.0
2023,close,085310,엔케이,pullback,2023-06-14,2023-06-15,2023-06-28,2023-06-28,18,9620.0,10000.0,open,False,6310.25999999998,9,15.0
2023,close,105630,한세실업,breakout,2023-06-28,2023-06-29,2023-07-12,2023-07-12,9,20750.0,19000.0,open,False,-16286.625,9,15.0
2023,close,011230,삼화전자,breakout,2023-07-12,2023-07-13,2023-07-26,2023-07-26,18,9527.0,7603.0,open,False,-35094.51000000001,9,15.0
2023,close,326030,SK바이오팜,pullback,2023-07-26,2023-07-27,2023-08-09,2023-08-09,1,83400.0,92200.0,open,False,8536.600000000006,9,15.0
2023,close,326030,SK바이오팜,breakout,2023-08-09,2023-08-10,2023-08-24,2023-08-24,1,98200.0,85300.0,open,False,-13175.25,9,15.0
2023,close,085310,엔케이,pullback,2023-08-24,2023-08-25,2023-09-07,2023-09-07,12,10720.0,10370.0,open,False,-4579.619999999995,9,15.0
2023,close,056080,유진로봇,breakout,2023-09-07,2023-09-08,2023-09-21,2023-09-21,9,14100.0,12590.0,open,False,-13950.315000000002,9,15.0
2023,close,089850,유비벨록스,pullback,2023-09-21,2023-09-22,2023-10-12,2023-10-12,12,9159.0,8247.0,open,False,-11257.308000000005,9,15.0
2023,close,004100,태양금속,pullback,2023-10-12,2023-10-13,2023-10-26,2023-10-26,26,3840.0,3350.0,open,False,-13020.410000000003,9,15.0
2023,close,003570,SNT다이내믹스,pullback,2023-10-26,2023-10-27,2023-11-09,2023-11-09,7,12610.0,13160.0,open,False,3579.415000000008,9,15.0
2023,close,105630,한세실업,breakout,2023-11-09,2023-11-10,2023-11-23,2023-11-23,3,23700.0,22850.0,open,False,-2759.475000000006,9,15.0
2023,close,215200,메가스터디교육,pullback,2023-11-24,2023-11-27,2023-12-08,2023-12-08,1,61400.0,63500.0,open,False,1912.6499999999942,9,15.0
2023,close,279600,미디어젠,breakout,2023-12-11,2023-12-12,2023-12-26,2023-12-26,5,16221.0,21718.0,open,False,27200.457500000004,9,15.0
2023,close,279600,미디어젠,breakout,2023-12-26,2023-12-27,2024-01-11,2024-01-11,5,22032.0,22384.0,open,False,1426.8800000000047,9,15.0
2023,low,114090,GKL,pullback,2023-01-02,2023-01-03,2023-01-16,2023-01-16,15,18750.0,18550.0,open,False,-3839.25,9,15.0
2023,low,105560,KB금융,breakout,2023-01-16,2023-01-17,2023-02-01,2023-02-01,4,60500.0,55800.0,open,False,-19497.79999999999,9,15.0
2023,low,310200,애니플러스,pullback,2023-02-01,2023-02-02,2023-02-15,2023-02-15,55,4950.0,4300.0,open,False,-36513.125,9,15.0
2023,low,105630,한세실업,pullback,2023-02-15,2023-02-16,2023-03-02,2023-03-02,13,17780.0,16500.0,open,False,-17308.46000000002,9,15.0
2023,low,001460,BYC,breakout,2023-03-02,2023-03-03,2023-03-16,2023-03-16,4,55000.0,50800.0,open,False,-17434.79999999999,9,15.0
2023,low,000850,화천기공,pullback,2023-03-16,2023-03-17,2023-03-30,2023-03-30,5,36000.0,36400.0,open,False,1457.0,9,15.0
2023,low,319400,현대무벡스,breakout,2023-03-30,2023-03-31,2023-04-13,2023-04-13,56,3685.0,3435.0,open,False,-14598.079999999987,9,15.0
2023,low,004100,태양금속,breakout,2023-04-13,2023-04-14,2023-04-27,2023-04-27,90,2125.0,1988.0,open,False,-12885.255000000005,9,15.0
2023,low,011230,삼화전자,breakout,2023-04-27,2023-04-28,2023-05-15,2023-05-15,24,7328.0,7649.0,open,False,7164.8279999999795,9,15.0
2023,low,002700,신일전자,breakout,2023-05-15,2023-05-16,2023-05-30,2023-05-30,83,2235.0,1994.0,open,False,-20529.510500000004,9,15.0
2023,low,017900,광전자,breakout,2023-05-30,2023-05-31,2023-06-14,2023-06-14,52,3135.0,3455.0,open,False,16125.98000000001,9,15.0
2023,low,085310,엔케이,pullback,2023-06-14,2023-06-15,2023-06-28,2023-06-28,18,9620.0,10000.0,open,False,6310.25999999998,9,15.0
2023,low,105630,한세실업,breakout,2023-06-28,2023-06-29,2023-07-12,2023-07-12,9,20750.0,19000.0,open,False,-16286.625,9,15.0
2023,low,011230,삼화전자,breakout,2023-07-12,2023-07-13,2023-07-26,2023-07-26,18,9527.0,7603.0,open,False,-35094.51000000001,9,15.0
2023,low,326030,SK바이오팜,pullback,2023-07-26,2023-07-27,2023-08-09,2023-08-09,1,83400.0,92200.0,open,False,8536.600000000006,9,15.0
2023,low,326030,SK바이오팜,breakout,2023-08-09,2023-08-10,2023-08-24,2023-08-24,1,98200.0,85300.0,open,False,-13175.25,9,15.0
2023,low,085310,엔케이,pullback,2023-08-24,2023-08-25,2023-09-07,2023-09-07,12,10720.0,10370.0,open,False,-4579.619999999995,9,15.0
2023,low,056080,유진로봇,breakout,2023-09-07,2023-09-08,2023-09-21,2023-09-21,9,14100.0,12590.0,open,False,-13950.315000000002,9,15.0
2023,low,089850,유비벨록스,pullback,2023-09-21,2023-09-22,2023-10-12,2023-10-12,12,9159.0,8247.0,open,False,-11257.308000000005,9,15.0
2023,low,004100,태양금속,pullback,2023-10-12,2023-10-13,2023-10-26,2023-10-26,26,3840.0,3350.0,open,False,-13020.410000000003,9,15.0
2023,low,003570,SNT다이내믹스,pullback,2023-10-26,2023-10-27,2023-11-09,2023-11-09,7,12610.0,13160.0,open,False,3579.415000000008,9,15.0
2023,low,105630,한세실업,breakout,2023-11-09,2023-11-10,2023-11-23,2023-11-23,3,23700.0,22850.0,open,False,-2759.475000000006,9,15.0
2023,low,215200,메가스터디교육,pullback,2023-11-24,2023-11-27,2023-12-08,2023-12-08,1,61400.0,63500.0,open,False,1912.6499999999942,9,15.0
2023,low,279600,미디어젠,breakout,2023-12-11,2023-12-12,2023-12-26,2023-12-26,5,16221.0,21718.0,open,False,27200.457500000004,9,15.0
2023,low,279600,미디어젠,breakout,2023-12-26,2023-12-27,2024-01-11,2024-01-11,5,22032.0,22384.0,open,False,1426.8800000000047,9,15.0
2024,open,326030,SK바이오팜,breakout,2024-01-02,2024-01-03,2024-01-16,2024-01-16,2,103300.0,93500.0,open,False,-20190.400000000023,9,15.0
2024,open,270870,뉴트리,pullback,2024-01-16,2024-01-17,2024-01-30,2024-01-30,39,7090.0,7130.0,open,False,728.1300000000047,9,15.0
2024,open,003030,세아제강지주,pullback,2024-01-31,2024-02-01,2024-02-16,2024-02-16,1,220000.0,211500.0,open,False,-9147.25,9,15.0
2024,open,006800,미래에셋증권,breakout,2024-02-16,2024-02-19,2024-03-04,2024-03-04,30,8911.0,9030.0,open,False,2762.655000000028,9,15.0
2024,open,105560,KB금융,pullback,2024-03-04,2024-03-05,2024-03-18,2024-03-18,3,70500.0,74400.0,open,False,11047.950000000012,9,15.0
2024,open,015860,일진홀딩스,breakout,2024-03-18,2024-03-19,2024-04-01,2024-04-01,63,4520.0,4410.0,open,False,-7773.885000000009,9,15.0
2024,open,003030,세아제강지주,pullback,2024-04-01,2024-04-02,2024-04-16,2024-04-16,1,224500.0,225000.0,open,False,-174.25,9,15.0
2024,open,006220,제주은행,breakout,2024-04-16,2024-04-17,2024-04-30,2024-04-30,17,15700.0,14940.0,open,False,-13701.320000000007,9,15.0
2024,open,004450,삼화왕관,pullback,2024-04-30,2024-05-02,2024-05-17,2024-05-17,8,32800.0,33200.0,open,False,2408.0,9,15.0
2024,open,094280,효성ITX,breakout,2024-05-17,2024-05-20,2024-05-31,2024-05-31,20,13210.0,13300.0,open,False,1004.7000000000116,9,15.0
2024,open,036460,한국가스공사,breakout,2024-05-31,2024-06-03,2024-06-17,2024-06-17,8,29800.0,53300.0,open,False,187002.80000000002,9,15.0
2024,open,009300,삼아제약,pullback,2024-06-17,2024-06-18,2024-07-01,2024-07-01,22,20350.0,22100.0,open,False,37099.149999999965,9,15.0
2024,open,094280,효성ITX,pullback,2024-07-01,2024-07-02,2024-07-15,2024-07-15,35,13940.0,13400.0,open,False,-20335.350000000035,9,15.0
2024,open,006360,GS건설,breakout,2024-07-15,2024-07-16,2024-07-29,2024-07-29,27,17260.0,19220.0,open,False,51442.56,9,15.0
2024,open,006360,GS건설,breakout,2024-07-29,2024-07-30,2024-08-12,2024-08-12,26,19660.0,19130.0,open,False,-15292.809999999998,9,15.0
2024,open,246250,에스엘에스바이오,breakout,2024-08-12,2024-08-13,2024-08-27,2024-08-27,105,4790.0,3970.0,open,False,-87479.70000000001,9,15.0
2024,open,064850,에프앤가이드,breakout,2024-08-27,2024-08-28,2024-09-10,2024-09-10,45,9190.0,14900.0,open,False,255323.925,9,15.0
2024,open,015360,INVENI,pullback,2024-09-10,2024-09-11,2024-09-27,2024-09-27,71,9360.0,8990.0,open,False,-28224.275000000023,9,15.0
2024,open,220100,퓨쳐켐,breakout,2024-09-30,2024-10-02,2024-10-17,2024-10-17,29,21820.0,24159.0,open,False,65830.91350000002,9,15.0
2024,open,015360,INVENI,breakout,2024-10-18,2024-10-21,2024-11-01,2024-11-01,74,9590.0,10200.0,open,False,42943.310000000056,9,15.0
2024,open,001740,SK네트웍스,pullback,2024-11-01,2024-11-04,2024-11-15,2024-11-15,143,5260.0,4520.0,open,False,-107917.80999999994,9,15.0
2024,open,016090,대현,pullback,2024-11-15,2024-11-18,2024-11-29,2024-11-29,302,2135.0,2180.0,open,False,11635.305000000051,9,15.0
2024,open,105560,KB금융,pullback,2024-11-29,2024-12-02,2024-12-13,2024-12-13,6,96800.0,86100.0,open,False,-65846.10000000003,9,15.0
2024,open,015360,INVENI,pullback,2024-12-16,2024-12-17,2025-01-02,2025-01-02,56,10400.0,10080.0,open,False,-19640.31999999995,9,15.0
2024,close,326030,SK바이오팜,breakout,2024-01-02,2024-01-03,2024-01-16,2024-01-16,2,103300.0,93500.0,open,False,-20190.400000000023,9,15.0
2024,close,270870,뉴트리,pullback,2024-01-16,2024-01-17,2024-01-30,2024-01-30,39,7090.0,7130.0,open,False,728.1300000000047,9,15.0
2024,close,003030,세아제강지주,pullback,2024-01-31,2024-02-01,2024-02-16,2024-02-16,1,220000.0,211500.0,open,False,-9147.25,9,15.0
2024,close,006800,미래에셋증권,breakout,2024-02-16,2024-02-19,2024-03-04,2024-03-04,30,8911.0,9030.0,open,False,2762.655000000028,9,15.0
2024,close,105560,KB금융,pullback,2024-03-04,2024-03-05,2024-03-18,2024-03-18,3,70500.0,74400.0,open,False,11047.950000000012,9,15.0
2024,close,015860,일진홀딩스,breakout,2024-03-18,2024-03-19,2024-04-01,2024-04-01,63,4520.0,4410.0,open,False,-7773.885000000009,9,15.0
2024,close,003030,세아제강지주,pullback,2024-04-01,2024-04-02,2024-04-16,2024-04-16,1,224500.0,225000.0,open,False,-174.25,9,15.0
2024,close,006220,제주은행,breakout,2024-04-16,2024-04-17,2024-04-30,2024-04-30,17,15700.0,14940.0,open,False,-13701.320000000007,9,15.0
2024,close,004450,삼화왕관,pullback,2024-04-30,2024-05-02,2024-05-17,2024-05-17,8,32800.0,33200.0,open,False,2408.0,9,15.0
2024,close,094280,효성ITX,breakout,2024-05-17,2024-05-20,2024-05-31,2024-05-31,20,13210.0,13300.0,open,False,1004.7000000000116,9,15.0
2024,close,036460,한국가스공사,breakout,2024-05-31,2024-06-03,2024-06-17,2024-06-17,8,29800.0,53300.0,open,False,187002.80000000002,9,15.0
2024,close,009300,삼아제약,pullback,2024-06-17,2024-06-18,2024-07-01,2024-07-01,22,20350.0,22100.0,open,False,37099.149999999965,9,15.0
2024,close,094280,효성ITX,pullback,2024-07-01,2024-07-02,2024-07-15,2024-07-15,35,13940.0,13400.0,open,False,-20335.350000000035,9,15.0
2024,close,006360,GS건설,breakout,2024-07-15,2024-07-16,2024-07-29,2024-07-29,27,17260.0,19220.0,open,False,51442.56,9,15.0
2024,close,006360,GS건설,breakout,2024-07-29,2024-07-30,2024-08-12,2024-08-12,26,19660.0,19130.0,open,False,-15292.809999999998,9,15.0
2024,close,246250,에스엘에스바이오,breakout,2024-08-12,2024-08-13,2024-08-27,2024-08-27,105,4790.0,3970.0,open,False,-87479.70000000001,9,15.0
2024,close,064850,에프앤가이드,breakout,2024-08-27,2024-08-28,2024-09-10,2024-09-10,45,9190.0,14900.0,open,False,255323.925,9,15.0
2024,close,015360,INVENI,pullback,2024-09-10,2024-09-11,2024-09-27,2024-09-27,71,9360.0,8990.0,open,False,-28224.275000000023,9,15.0
2024,close,220100,퓨쳐켐,breakout,2024-09-30,2024-10-02,2024-10-17,2024-10-17,29,21820.0,24159.0,open,False,65830.91350000002,9,15.0
2024,close,015360,INVENI,breakout,2024-10-18,2024-10-21,2024-11-01,2024-11-01,74,9590.0,10200.0,open,False,42943.310000000056,9,15.0
2024,close,001740,SK네트웍스,pullback,2024-11-01,2024-11-04,2024-11-15,2024-11-15,143,5260.0,4520.0,open,False,-107917.80999999994,9,15.0
2024,close,016090,대현,pullback,2024-11-15,2024-11-18,2024-11-29,2024-11-29,302,2135.0,2180.0,open,False,11635.305000000051,9,15.0
2024,close,105560,KB금융,pullback,2024-11-29,2024-12-02,2024-12-13,2024-12-13,6,96800.0,86100.0,open,False,-65846.10000000003,9,15.0
2024,close,015360,INVENI,pullback,2024-12-16,2024-12-17,2025-01-02,2025-01-02,56,10400.0,10080.0,open,False,-19640.31999999995,9,15.0
2024,low,326030,SK바이오팜,breakout,2024-01-02,2024-01-03,2024-01-16,2024-01-16,2,103300.0,93500.0,open,False,-20190.400000000023,9,15.0
2024,low,270870,뉴트리,pullback,2024-01-16,2024-01-17,2024-01-30,2024-01-30,39,7090.0,7130.0,open,False,728.1300000000047,9,15.0
2024,low,003030,세아제강지주,pullback,2024-01-31,2024-02-01,2024-02-16,2024-02-16,1,220000.0,211500.0,open,False,-9147.25,9,15.0
2024,low,006800,미래에셋증권,breakout,2024-02-16,2024-02-19,2024-03-04,2024-03-04,30,8911.0,9030.0,open,False,2762.655000000028,9,15.0
2024,low,105560,KB금융,pullback,2024-03-04,2024-03-05,2024-03-18,2024-03-18,3,70500.0,74400.0,open,False,11047.950000000012,9,15.0
2024,low,015860,일진홀딩스,breakout,2024-03-18,2024-03-19,2024-04-01,2024-04-01,63,4520.0,4410.0,open,False,-7773.885000000009,9,15.0
2024,low,003030,세아제강지주,pullback,2024-04-01,2024-04-02,2024-04-16,2024-04-16,1,224500.0,225000.0,open,False,-174.25,9,15.0
2024,low,006220,제주은행,breakout,2024-04-16,2024-04-17,2024-04-30,2024-04-30,17,15700.0,14940.0,open,False,-13701.320000000007,9,15.0
2024,low,004450,삼화왕관,pullback,2024-04-30,2024-05-02,2024-05-17,2024-05-17,8,32800.0,33200.0,open,False,2408.0,9,15.0
2024,low,094280,효성ITX,breakout,2024-05-17,2024-05-20,2024-05-31,2024-05-31,20,13210.0,13300.0,open,False,1004.7000000000116,9,15.0
2024,low,036460,한국가스공사,breakout,2024-05-31,2024-06-03,2024-06-17,2024-06-17,8,29800.0,53300.0,open,False,187002.80000000002,9,15.0
2024,low,009300,삼아제약,pullback,2024-06-17,2024-06-18,2024-07-01,2024-07-01,22,20350.0,22100.0,open,False,37099.149999999965,9,15.0
2024,low,094280,효성ITX,pullback,2024-07-01,2024-07-02,2024-07-15,2024-07-15,35,13940.0,13400.0,open,False,-20335.350000000035,9,15.0
2024,low,006360,GS건설,breakout,2024-07-15,2024-07-16,2024-07-29,2024-07-29,27,17260.0,19220.0,open,False,51442.56,9,15.0
2024,low,006360,GS건설,breakout,2024-07-29,2024-07-30,2024-08-12,2024-08-12,26,19660.0,19130.0,open,False,-15292.809999999998,9,15.0
2024,low,246250,에스엘에스바이오,breakout,2024-08-12,2024-08-13,2024-08-27,2024-08-27,105,4790.0,3970.0,open,False,-87479.70000000001,9,15.0
2024,low,064850,에프앤가이드,breakout,2024-08-27,2024-08-28,2024-09-10,2024-09-10,45,9190.0,14900.0,open,False,255323.925,9,15.0
2024,low,015360,INVENI,pullback,2024-09-10,2024-09-11,2024-09-27,2024-09-27,71,9360.0,8990.0,open,False,-28224.275000000023,9,15.0
2024,low,220100,퓨쳐켐,breakout,2024-09-30,2024-10-02,2024-10-17,2024-10-17,29,21820.0,24159.0,open,False,65830.91350000002,9,15.0
2024,low,015360,INVENI,breakout,2024-10-18,2024-10-21,2024-11-01,2024-11-01,74,9590.0,10200.0,open,False,42943.310000000056,9,15.0
2024,low,001740,SK네트웍스,pullback,2024-11-01,2024-11-04,2024-11-15,2024-11-15,143,5260.0,4520.0,open,False,-107917.80999999994,9,15.0
2024,low,016090,대현,pullback,2024-11-15,2024-11-18,2024-11-29,2024-11-29,302,2135.0,2180.0,open,False,11635.305000000051,9,15.0
2024,low,105560,KB금융,pullback,2024-11-29,2024-12-02,2024-12-13,2024-12-13,6,96800.0,86100.0,open,False,-65846.10000000003,9,15.0
2024,low,015360,INVENI,pullback,2024-12-16,2024-12-17,2025-01-02,2025-01-02,56,10400.0,10080.0,open,False,-19640.31999999995,9,15.0
2025,open,204320,HL만도,pullback,2025-01-02,2025-01-03,2025-01-16,2025-01-16,7,42000.0,45250.0,open,False,21833.875,9,15.0
2025,open,003030,세아제강지주,breakout,2025-01-17,2025-01-20,2025-02-06,2025-02-06,1,206500.0,215000.0,open,False,7867.75,9,15.0
2025,open,136480,하림,breakout,2025-02-06,2025-02-07,2025-02-20,2025-02-20,110,2980.0,2955.0,open,False,-3729.274999999965,9,15.0
2025,open,003030,세아제강지주,pullback,2025-02-20,2025-02-21,2025-03-07,2025-03-07,1,230000.0,263000.0,open,False,32260.5,9,15.0
2025,open,052220,iMBC,breakout,2025-03-07,2025-03-10,2025-03-21,2025-03-21,85,4175.0,4125.0,open,False,-5308.25,9,15.0
2025,open,003570,SNT다이내믹스,pullback,2025-03-21,2025-03-24,2025-04-04,2025-04-04,10,34300.0,30050.0,open,False,-43465.25,9,15.0
2025,open,331520,밸로프,pullback,2025-04-04,2025-04-07,2025-04-18,2025-04-18,63,4860.0,3860.0,open,False,-63824.04000000001,9,15.0
2025,open,036620,감성코퍼레이션,pullback,2025-04-18,2025-04-21,2025-05-07,2025-05-07,61,3990.0,3610.0,open,False,-23875.400000000023,9,15.0
2025,open,025980,아난티,breakout,2025-05-07,2025-05-08,2025-05-21,2025-05-21,30,7320.0,7280.0,open,False,-1857.0,9,15.0
2025,open,036620,감성코퍼레이션,breakout,2025-05-21,2025-05-22,2025-06-05,2025-06-05,50,4350.0,5240.0,open,False,43780.75,9,15.0
2025,open,003830,대한화섬,breakout,2025-06-05,2025-06-09,2025-06-20,2025-06-20,1,142400.0,147800.0,open,False,4964.700000000012,9,15.0
2025,open,415380,스튜디오삼익,breakout,2025-06-20,2025-06-23,2025-07-04,2025-07-04,87,3069.0,3058.0,open,False,-1756.5734999999986,9,15.0
2025,open,036460,한국가스공사,breakout,2025-07-04,2025-07-07,2025-07-18,2025-07-18,5,46400.0,44600.0,open,False,-9682.5,9,15.0
2025,open,008260,NI스틸,pullback,2025-07-21,2025-07-22,2025-08-04,2025-08-04,67,3825.0,3575.0,open,False,-17493.699999999983,9,15.0
2025,open,128540,에코캡,pullback,2025-08-04,2025-08-05,2025-08-19,2025-08-19,122,1952.0,1885.0,open,False,-8876.171000000002,9,15.0
2025,open,415380,스튜디오삼익,breakout,2025-08-19,2025-08-20,2025-09-02,2025-09-02,70,3250.0,4135.0,open,False,61174.57500000001,9,15.0
2025,open,124560,태웅로직스,pullback,2025-09-02,2025-09-03,2025-09-16,2025-09-16,85,3415.0,3175.0,open,False,-21240.225000000035,9,15.0
2025,open,168360,펨트론,breakout,2025-09-16,2025-09-17,2025-09-30,2025-09-30,15,17460.0,21600.0,open,False,61221.149999999965,9,15.0
2025,open,105560,KB금융,pullback,2025-09-30,2025-10-01,2025-10-21,2025-10-21,2,114900.0,118500.0,open,False,6499.799999999988,9,15.0
2025,open,265520,AP시스템,breakout,2025-10-21,2025-10-22,2025-11-04,2025-11-04,14,22650.0,19840.0,open,False,-40232.29000000004,9,15.0
2025,open,019170,신풍제약,pullback,2025-11-04,2025-11-05,2025-11-18,2025-11-18,20,14890.0,14510.0,open,False,-8482.0,9,15.0
2025,open,204320,HL만도,pullback,2025-11-19,2025-11-20,2025-12-03,2025-12-03,7,38900.0,52100.0,open,False,91444.5,9,15.0
2025,open,314130,지놈앤컴퍼니,breakout,2025-12-03,2025-12-04,2025-12-17,2025-12-17,85,4430.0,5720.0,open,False,108355.875,9,15.0
2025,open,105630,한세실업,breakout,2025-12-17,2025-12-18,2026-01-05,2026-01-05,33,14740.0,13110.0,open,False,-55168.57499999995,9,15.0
2025,close,204320,HL만도,pullback,2025-01-02,2025-01-03,2025-01-16,2025-01-16,7,42000.0,45250.0,open,False,21833.875,9,15.0
2025,close,003030,세아제강지주,breakout,2025-01-17,2025-01-20,2025-02-06,2025-02-06,1,206500.0,215000.0,open,False,7867.75,9,15.0
2025,close,136480,하림,breakout,2025-02-06,2025-02-07,2025-02-20,2025-02-20,110,2980.0,2955.0,open,False,-3729.274999999965,9,15.0
2025,close,003030,세아제강지주,pullback,2025-02-20,2025-02-21,2025-03-07,2025-03-07,1,230000.0,263000.0,open,False,32260.5,9,15.0
2025,close,052220,iMBC,breakout,2025-03-07,2025-03-10,2025-03-21,2025-03-21,85,4175.0,4125.0,open,False,-5308.25,9,15.0
2025,close,003570,SNT다이내믹스,pullback,2025-03-21,2025-03-24,2025-04-04,2025-04-04,10,34300.0,30050.0,open,False,-43465.25,9,15.0
2025,close,331520,밸로프,pullback,2025-04-04,2025-04-07,2025-04-18,2025-04-18,63,4860.0,3860.0,open,False,-63824.04000000001,9,15.0
2025,close,036620,감성코퍼레이션,pullback,2025-04-18,2025-04-21,2025-05-07,2025-05-07,61,3990.0,3610.0,open,False,-23875.400000000023,9,15.0
2025,close,025980,아난티,breakout,2025-05-07,2025-05-08,2025-05-21,2025-05-21,30,7320.0,7280.0,open,False,-1857.0,9,15.0
2025,close,036620,감성코퍼레이션,breakout,2025-05-21,2025-05-22,2025-06-05,2025-06-05,50,4350.0,5240.0,open,False,43780.75,9,15.0
2025,close,003830,대한화섬,breakout,2025-06-05,2025-06-09,2025-06-20,2025-06-20,1,142400.0,147800.0,open,False,4964.700000000012,9,15.0
2025,close,415380,스튜디오삼익,breakout,2025-06-20,2025-06-23,2025-07-04,2025-07-04,87,3069.0,3058.0,open,False,-1756.5734999999986,9,15.0
2025,close,036460,한국가스공사,breakout,2025-07-04,2025-07-07,2025-07-18,2025-07-18,5,46400.0,44600.0,open,False,-9682.5,9,15.0
2025,close,008260,NI스틸,pullback,2025-07-21,2025-07-22,2025-08-04,2025-08-04,67,3825.0,3575.0,open,False,-17493.699999999983,9,15.0
2025,close,128540,에코캡,pullback,2025-08-04,2025-08-05,2025-08-19,2025-08-19,122,1952.0,1885.0,open,False,-8876.171000000002,9,15.0
2025,close,415380,스튜디오삼익,breakout,2025-08-19,2025-08-20,2025-09-02,2025-09-02,70,3250.0,4135.0,open,False,61174.57500000001,9,15.0
2025,close,124560,태웅로직스,pullback,2025-09-02,2025-09-03,2025-09-16,2025-09-16,85,3415.0,3175.0,open,False,-21240.225000000035,9,15.0
2025,close,168360,펨트론,breakout,2025-09-16,2025-09-17,2025-09-30,2025-09-30,15,17460.0,21600.0,open,False,61221.149999999965,9,15.0
2025,close,105560,KB금융,pullback,2025-09-30,2025-10-01,2025-10-21,2025-10-21,2,114900.0,118500.0,open,False,6499.799999999988,9,15.0
2025,close,265520,AP시스템,breakout,2025-10-21,2025-10-22,2025-11-04,2025-11-04,14,22650.0,19840.0,open,False,-40232.29000000004,9,15.0
2025,close,019170,신풍제약,pullback,2025-11-04,2025-11-05,2025-11-18,2025-11-18,20,14890.0,14510.0,open,False,-8482.0,9,15.0
2025,close,204320,HL만도,pullback,2025-11-19,2025-11-20,2025-12-03,2025-12-03,7,38900.0,52100.0,open,False,91444.5,9,15.0
2025,close,314130,지놈앤컴퍼니,breakout,2025-12-03,2025-12-04,2025-12-17,2025-12-17,85,4430.0,5720.0,open,False,108355.875,9,15.0
2025,close,105630,한세실업,breakout,2025-12-17,2025-12-18,2026-01-05,2026-01-05,33,14740.0,13110.0,open,False,-55168.57499999995,9,15.0
2025,low,204320,HL만도,pullback,2025-01-02,2025-01-03,2025-01-16,2025-01-16,7,42000.0,45250.0,open,False,21833.875,9,15.0
2025,low,003030,세아제강지주,breakout,2025-01-17,2025-01-20,2025-02-06,2025-02-06,1,206500.0,215000.0,open,False,7867.75,9,15.0
2025,low,136480,하림,breakout,2025-02-06,2025-02-07,2025-02-20,2025-02-20,110,2980.0,2955.0,open,False,-3729.274999999965,9,15.0
2025,low,003030,세아제강지주,pullback,2025-02-20,2025-02-21,2025-03-07,2025-03-07,1,230000.0,263000.0,open,False,32260.5,9,15.0
2025,low,052220,iMBC,breakout,2025-03-07,2025-03-10,2025-03-21,2025-03-21,85,4175.0,4125.0,open,False,-5308.25,9,15.0
2025,low,003570,SNT다이내믹스,pullback,2025-03-21,2025-03-24,2025-04-04,2025-04-04,10,34300.0,30050.0,open,False,-43465.25,9,15.0
2025,low,331520,밸로프,pullback,2025-04-04,2025-04-07,2025-04-18,2025-04-18,63,4860.0,3860.0,open,False,-63824.04000000001,9,15.0
2025,low,036620,감성코퍼레이션,pullback,2025-04-18,2025-04-21,2025-05-07,2025-05-07,61,3990.0,3610.0,open,False,-23875.400000000023,9,15.0
2025,low,025980,아난티,breakout,2025-05-07,2025-05-08,2025-05-21,2025-05-21,30,7320.0,7280.0,open,False,-1857.0,9,15.0
2025,low,036620,감성코퍼레이션,breakout,2025-05-21,2025-05-22,2025-06-05,2025-06-05,50,4350.0,5240.0,open,False,43780.75,9,15.0
2025,low,003830,대한화섬,breakout,2025-06-05,2025-06-09,2025-06-20,2025-06-20,1,142400.0,147800.0,open,False,4964.700000000012,9,15.0
2025,low,415380,스튜디오삼익,breakout,2025-06-20,2025-06-23,2025-07-04,2025-07-04,87,3069.0,3058.0,open,False,-1756.5734999999986,9,15.0
2025,low,036460,한국가스공사,breakout,2025-07-04,2025-07-07,2025-07-18,2025-07-18,5,46400.0,44600.0,open,False,-9682.5,9,15.0
2025,low,008260,NI스틸,pullback,2025-07-21,2025-07-22,2025-08-04,2025-08-04,67,3825.0,3575.0,open,False,-17493.699999999983,9,15.0
2025,low,128540,에코캡,pullback,2025-08-04,2025-08-05,2025-08-19,2025-08-19,122,1952.0,1885.0,open,False,-8876.171000000002,9,15.0
2025,low,415380,스튜디오삼익,breakout,2025-08-19,2025-08-20,2025-09-02,2025-09-02,70,3250.0,4135.0,open,False,61174.57500000001,9,15.0
2025,low,124560,태웅로직스,pullback,2025-09-02,2025-09-03,2025-09-16,2025-09-16,85,3415.0,3175.0,open,False,-21240.225000000035,9,15.0
2025,low,168360,펨트론,breakout,2025-09-16,2025-09-17,2025-09-30,2025-09-30,15,17460.0,21600.0,open,False,61221.149999999965,9,15.0
2025,low,105560,KB금융,pullback,2025-09-30,2025-10-01,2025-10-21,2025-10-21,2,114900.0,118500.0,open,False,6499.799999999988,9,15.0
2025,low,265520,AP시스템,breakout,2025-10-21,2025-10-22,2025-11-04,2025-11-04,14,22650.0,19840.0,open,False,-40232.29000000004,9,15.0
2025,low,019170,신풍제약,pullback,2025-11-04,2025-11-05,2025-11-18,2025-11-18,20,14890.0,14510.0,open,False,-8482.0,9,15.0
2025,low,204320,HL만도,pullback,2025-11-19,2025-11-20,2025-12-03,2025-12-03,7,38900.0,52100.0,open,False,91444.5,9,15.0
2025,low,314130,지놈앤컴퍼니,breakout,2025-12-03,2025-12-04,2025-12-17,2025-12-17,85,4430.0,5720.0,open,False,108355.875,9,15.0
2025,low,105630,한세실업,breakout,2025-12-17,2025-12-18,2026-01-05,2026-01-05,33,14740.0,13110.0,open,False,-55168.57499999995,9,15.0
2023,open,114090,GKL,pullback,2023-01-02,2023-01-03,2023-01-17,2023-01-17,15,18750.0,19200.0,open,False,5896.125,10,15.0
2023,open,004100,태양금속,breakout,2023-01-17,2023-01-18,2023-02-03,2023-02-03,178,1710.0,1620.0,open,False,-16909.109999999986,10,15.0
2023,open,105630,한세실업,breakout,2023-02-03,2023-02-06,2023-02-20,2023-02-20,17,16570.0,18130.0,open,False,25635.149999999965,10,15.0
2023,open,011780,금호석유화학,breakout,2023-02-20,2023-02-21,2023-03-08,2023-03-08,2,155000.0,156600.0,open,False,2265.2000000000116,10,15.0
2023,open,131370,알서포트,pullback,2023-03-08,2023-03-09,2023-03-23,2023-03-23,64,4910.0,4350.0,open,False,-36728.96000000002,10,15.0
2023,open,030210,다올투자증권,breakout,2023-03-23,2023-03-24,2023-04-07,2023-04-07,52,5290.0,5940.0,open,False,32924.06,10,15.0
2023,open,014680,한솔케미칼,breakout,2023-04-07,2023-04-10,2023-04-24,2023-04-24,1,251000.0,223500.0,open,False,-28211.75,10,15.0
2023,open,119650,KC코트렐,breakout,2023-04-24,2023-04-25,2023-05-11,2023-05-11,37,7648.0,6620.0,open,False,-38827.87400000001,10,15.0
2023,open,036620,감성코퍼레이션,breakout,2023-05-11,2023-05-12,2023-05-26,2023-05-26,77,3160.0,3530.0,open,False,27717.305000000022,10,15.0
2023,open,011230,삼화전자,pullback,2023-05-26,2023-05-30,2023-06-14,2023-06-14,30,9004.0,8299.0,open,False,-21928.63499999998,10,15.0
2023,open,085310,엔케이,pullback,2023-06-14,2023-06-15,2023-06-29,2023-06-29,26,9620.0,10050.0,open,False,10412.869999999995,10,15.0
2023,open,003030,세아제강지주,breakout,2023-06-29,2023-06-30,2023-07-14,2023-07-14,1,204000.0,200500.0,open,False,-4106.75,10,15.0
2023,open,016360,삼성증권,pullback,2023-07-14,2023-07-17,2023-07-31,2023-07-31,7,36700.0,35700.0,open,False,-7760.1999999999825,10,15.0
2023,open,326030,SK바이오팜,breakout,2023-08-01,2023-08-02,2023-08-17,2023-08-17,2,90000.0,93000.0,open,False,5451.0,10,15.0
2023,open,149980,하이로닉,breakout,2023-08-17,2023-08-18,2023-09-01,2023-09-01,16,15523.0,20100.0,open,False,72377.04800000001,10,15.0
2023,open,127120,제이에스링크,breakout,2023-09-01,2023-09-04,2023-09-18,2023-09-18,83,3945.0,3685.0,open,False,-22529.934999999998,10,15.0
2023,open,089850,유비벨록스,pullback,2023-09-20,2023-09-21,2023-10-12,2023-10-12,33,9224.0,8247.0,open,False,-33105.81449999998,10,15.0
2023,open,004100,태양금속,pullback,2023-10-12,2023-10-13,2023-10-27,2023-10-27,70,3840.0,3340.0,open,False,-35753.899999999994,10,15.0
2023,open,015360,INVENI,pullback,2023-10-30,2023-10-31,2023-11-14,2023-11-14,35,6630.0,6950.0,open,False,10487.049999999988,10,15.0
2023,open,105630,한세실업,pullback,2023-11-16,2023-11-17,2023-12-01,2023-12-01,10,23650.0,20700.0,open,False,-30165.25,10,15.0
2023,open,016450,한세예스24홀딩스,pullback,2023-12-05,2023-12-06,2023-12-20,2023-12-20,43,4930.0,5080.0,open,False,5804.3550000000105,10,15.0
2023,open,279600,미디어젠,breakout,2023-12-20,2023-12-21,2024-01-09,2024-01-09,11,18618.0,21209.0,open,False,27843.854499999987,10,15.0
2023,close,114090,GKL,pullback,2023-01-02,2023-01-03,2023-01-17,2023-01-17,15,18750.0,19200.0,open,False,5896.125,10,15.0
2023,close,004100,태양금속,breakout,2023-01-17,2023-01-18,2023-02-03,2023-02-03,178,1710.0,1620.0,open,False,-16909.109999999986,10,15.0
2023,close,105630,한세실업,breakout,2023-02-03,2023-02-06,2023-02-20,2023-02-20,17,16570.0,18130.0,open,False,25635.149999999965,10,15.0
2023,close,011780,금호석유화학,breakout,2023-02-20,2023-02-21,2023-03-08,2023-03-08,2,155000.0,156600.0,open,False,2265.2000000000116,10,15.0
2023,close,131370,알서포트,pullback,2023-03-08,2023-03-09,2023-03-23,2023-03-23,64,4910.0,4350.0,open,False,-36728.96000000002,10,15.0
2023,close,030210,다올투자증권,breakout,2023-03-23,2023-03-24,2023-04-07,2023-04-07,52,5290.0,5940.0,open,False,32924.06,10,15.0
2023,close,014680,한솔케미칼,breakout,2023-04-07,2023-04-10,2023-04-24,2023-04-24,1,251000.0,223500.0,open,False,-28211.75,10,15.0
2023,close,119650,KC코트렐,breakout,2023-04-24,2023-04-25,2023-05-11,2023-05-11,37,7648.0,6620.0,open,False,-38827.87400000001,10,15.0
2023,close,036620,감성코퍼레이션,breakout,2023-05-11,2023-05-12,2023-05-26,2023-05-26,77,3160.0,3530.0,open,False,27717.305000000022,10,15.0
2023,close,011230,삼화전자,pullback,2023-05-26,2023-05-30,2023-06-14,2023-06-14,30,9004.0,8299.0,open,False,-21928.63499999998,10,15.0
2023,close,085310,엔케이,pullback,2023-06-14,2023-06-15,2023-06-29,2023-06-29,26,9620.0,10050.0,open,False,10412.869999999995,10,15.0
2023,close,003030,세아제강지주,breakout,2023-06-29,2023-06-30,2023-07-14,2023-07-14,1,204000.0,200500.0,open,False,-4106.75,10,15.0
2023,close,016360,삼성증권,pullback,2023-07-14,2023-07-17,2023-07-31,2023-07-31,7,36700.0,35700.0,open,False,-7760.1999999999825,10,15.0
2023,close,326030,SK바이오팜,breakout,2023-08-01,2023-08-02,2023-08-17,2023-08-17,2,90000.0,93000.0,open,False,5451.0,10,15.0
2023,close,149980,하이로닉,breakout,2023-08-17,2023-08-18,2023-09-01,2023-09-01,16,15523.0,20100.0,open,False,72377.04800000001,10,15.0
2023,close,127120,제이에스링크,breakout,2023-09-01,2023-09-04,2023-09-18,2023-09-18,83,3945.0,3685.0,open,False,-22529.934999999998,10,15.0
2023,close,089850,유비벨록스,pullback,2023-09-20,2023-09-21,2023-10-12,2023-10-12,33,9224.0,8247.0,open,False,-33105.81449999998,10,15.0
2023,close,004100,태양금속,pullback,2023-10-12,2023-10-13,2023-10-27,2023-10-27,70,3840.0,3340.0,open,False,-35753.899999999994,10,15.0
2023,close,015360,INVENI,pullback,2023-10-30,2023-10-31,2023-11-14,2023-11-14,35,6630.0,6950.0,open,False,10487.049999999988,10,15.0
2023,close,105630,한세실업,pullback,2023-11-16,2023-11-17,2023-12-01,2023-12-01,10,23650.0,20700.0,open,False,-30165.25,10,15.0
2023,close,016450,한세예스24홀딩스,pullback,2023-12-05,2023-12-06,2023-12-20,2023-12-20,43,4930.0,5080.0,open,False,5804.3550000000105,10,15.0
2023,close,279600,미디어젠,breakout,2023-12-20,2023-12-21,2024-01-09,2024-01-09,11,18618.0,21209.0,open,False,27843.854499999987,10,15.0
2023,low,114090,GKL,pullback,2023-01-02,2023-01-03,2023-01-17,2023-01-17,15,18750.0,19200.0,open,False,5896.125,10,15.0
2023,low,004100,태양금속,breakout,2023-01-17,2023-01-18,2023-02-03,2023-02-03,178,1710.0,1620.0,open,False,-16909.109999999986,10,15.0
2023,low,105630,한세실업,breakout,2023-02-03,2023-02-06,2023-02-20,2023-02-20,17,16570.0,18130.0,open,False,25635.149999999965,10,15.0
2023,low,011780,금호석유화학,breakout,2023-02-20,2023-02-21,2023-03-08,2023-03-08,2,155000.0,156600.0,open,False,2265.2000000000116,10,15.0
2023,low,131370,알서포트,pullback,2023-03-08,2023-03-09,2023-03-23,2023-03-23,64,4910.0,4350.0,open,False,-36728.96000000002,10,15.0
2023,low,030210,다올투자증권,breakout,2023-03-23,2023-03-24,2023-04-07,2023-04-07,52,5290.0,5940.0,open,False,32924.06,10,15.0
2023,low,014680,한솔케미칼,breakout,2023-04-07,2023-04-10,2023-04-24,2023-04-24,1,251000.0,223500.0,open,False,-28211.75,10,15.0
2023,low,119650,KC코트렐,breakout,2023-04-24,2023-04-25,2023-05-11,2023-05-11,37,7648.0,6620.0,open,False,-38827.87400000001,10,15.0
2023,low,036620,감성코퍼레이션,breakout,2023-05-11,2023-05-12,2023-05-26,2023-05-26,77,3160.0,3530.0,open,False,27717.305000000022,10,15.0
2023,low,011230,삼화전자,pullback,2023-05-26,2023-05-30,2023-06-14,2023-06-14,30,9004.0,8299.0,open,False,-21928.63499999998,10,15.0
2023,low,085310,엔케이,pullback,2023-06-14,2023-06-15,2023-06-29,2023-06-29,26,9620.0,10050.0,open,False,10412.869999999995,10,15.0
2023,low,003030,세아제강지주,breakout,2023-06-29,2023-06-30,2023-07-14,2023-07-14,1,204000.0,200500.0,open,False,-4106.75,10,15.0
2023,low,016360,삼성증권,pullback,2023-07-14,2023-07-17,2023-07-31,2023-07-31,7,36700.0,35700.0,open,False,-7760.1999999999825,10,15.0
2023,low,326030,SK바이오팜,breakout,2023-08-01,2023-08-02,2023-08-17,2023-08-17,2,90000.0,93000.0,open,False,5451.0,10,15.0
2023,low,149980,하이로닉,breakout,2023-08-17,2023-08-18,2023-09-01,2023-09-01,16,15523.0,20100.0,open,False,72377.04800000001,10,15.0
2023,low,127120,제이에스링크,breakout,2023-09-01,2023-09-04,2023-09-18,2023-09-18,83,3945.0,3685.0,open,False,-22529.934999999998,10,15.0
2023,low,089850,유비벨록스,pullback,2023-09-20,2023-09-21,2023-10-12,2023-10-12,33,9224.0,8247.0,open,False,-33105.81449999998,10,15.0
2023,low,004100,태양금속,pullback,2023-10-12,2023-10-13,2023-10-27,2023-10-27,70,3840.0,3340.0,open,False,-35753.899999999994,10,15.0
2023,low,015360,INVENI,pullback,2023-10-30,2023-10-31,2023-11-14,2023-11-14,35,6630.0,6950.0,open,False,10487.049999999988,10,15.0
2023,low,105630,한세실업,pullback,2023-11-16,2023-11-17,2023-12-01,2023-12-01,10,23650.0,20700.0,open,False,-30165.25,10,15.0
2023,low,016450,한세예스24홀딩스,pullback,2023-12-05,2023-12-06,2023-12-20,2023-12-20,43,4930.0,5080.0,open,False,5804.3550000000105,10,15.0
2023,low,279600,미디어젠,breakout,2023-12-20,2023-12-21,2024-01-09,2024-01-09,11,18618.0,21209.0,open,False,27843.854499999987,10,15.0
2024,open,326030,SK바이오팜,breakout,2024-01-02,2024-01-03,2024-01-17,2024-01-17,2,103300.0,93900.0,open,False,-19391.600000000006,10,15.0
2024,open,131370,알서포트,breakout,2024-01-18,2024-01-19,2024-02-02,2024-02-02,53,5280.0,4430.0,open,False,-45821.94500000001,10,15.0
2024,open,163560,동일고무벨트,breakout,2024-02-05,2024-02-06,2024-02-22,2024-02-22,35,6650.0,6650.0,open,False,-698.25,10,15.0
2024,open,017900,광전자,pullback,2024-02-22,2024-02-23,2024-03-11,2024-03-11,86,2715.0,2385.0,open,False,-29037.899999999994,10,15.0
2024,open,088980,맥쿼리인프라,pullback,2024-03-11,2024-03-12,2024-03-26,2024-03-26,15,12857.0,12768.0,open,False,-1911.5625,10,15.0
2024,open,089850,유비벨록스,breakout,2024-03-26,2024-03-27,2024-04-11,2024-04-11,20,9827.0,9380.0,open,False,-9516.209999999992,10,15.0
2024,open,163560,동일고무벨트,pullback,2024-04-11,2024-04-12,2024-04-26,2024-04-26,20,9450.0,8080.0,open,False,-27925.899999999994,10,15.0
2024,open,094280,효성ITX,pullback,2024-04-29,2024-04-30,2024-05-17,2024-05-17,13,12610.0,12960.0,open,False,4051.38499999998,10,15.0
2024,open,094280,효성ITX,breakout,2024-05-17,2024-05-20,2024-06-03,2024-06-03,12,13210.0,13200.0,open,False,-595.3800000000047,10,15.0
2024,open,036460,한국가스공사,breakout,2024-06-03,2024-06-04,2024-06-19,2024-06-19,4,40800.0,56900.0,open,False,63813.79999999999,10,15.0
2024,open,011780,금호석유화학,pullback,2024-06-19,2024-06-20,2024-07-04,2024-07-04,1,150200.0,148200.0,open,False,-2447.600000000006,10,15.0
2024,open,003570,SNT다이내믹스,pullback,2024-07-04,2024-07-05,2024-07-19,2024-07-19,11,20300.0,21100.0,open,False,8116.899999999994,10,15.0
2024,open,001130,대한제분,breakout,2024-07-19,2024-07-22,2024-08-05,2024-08-05,16,14450.0,13900.0,open,False,-9480.399999999994,10,15.0
2024,open,064850,에프앤가이드,pullback,2024-08-06,2024-08-07,2024-08-22,2024-08-22,29,7780.0,8200.0,open,False,11484.869999999995,10,15.0
2024,open,004100,태양금속,pullback,2024-08-22,2024-08-23,2024-09-06,2024-09-06,76,3140.0,2890.0,open,False,-19687.420000000013,10,15.0
2024,open,064850,에프앤가이드,breakout,2024-09-06,2024-09-09,2024-09-26,2024-09-26,15,14290.0,27600.0,open,False,198707.47499999998,10,15.0
2024,open,006800,미래에셋증권,pullback,2024-09-26,2024-09-27,2024-10-16,2024-10-16,48,8662.0,8871.0,open,False,8769.623999999953,10,15.0
2024,open,015360,INVENI,pullback,2024-10-16,2024-10-17,2024-10-31,2024-10-31,45,9340.0,10120.0,open,False,33786.45000000001,10,15.0
2024,open,004870,티웨이홀딩스,breakout,2024-10-31,2024-11-01,2024-11-15,2024-11-15,106,4343.0,3082.0,open,False,-134846.575,10,15.0
2024,open,016090,대현,pullback,2024-11-15,2024-11-18,2024-12-02,2024-12-02,153,2135.0,2150.0,open,False,1311.5924999999697,10,15.0
2024,open,016090,대현,pullback,2024-12-02,2024-12-03,2024-12-17,2024-12-17,153,2140.0,2395.0,open,False,37974.21750000003,10,15.0
2024,open,015360,INVENI,breakout,2024-12-17,2024-12-18,2025-01-06,2025-01-06,34,10640.0,9900.0,open,False,-26207.53999999998,10,15.0
2024,close,326030,SK바이오팜,breakout,2024-01-02,2024-01-03,2024-01-17,2024-01-17,2,103300.0,93900.0,open,False,-19391.600000000006,10,15.0
2024,close,131370,알서포트,breakout,2024-01-18,2024-01-19,2024-02-02,2024-02-02,53,5280.0,4430.0,open,False,-45821.94500000001,10,15.0
2024,close,163560,동일고무벨트,breakout,2024-02-05,2024-02-06,2024-02-22,2024-02-22,35,6650.0,6650.0,open,False,-698.25,10,15.0
2024,close,017900,광전자,pullback,2024-02-22,2024-02-23,2024-03-11,2024-03-11,86,2715.0,2385.0,open,False,-29037.899999999994,10,15.0
2024,close,088980,맥쿼리인프라,pullback,2024-03-11,2024-03-12,2024-03-26,2024-03-26,15,12857.0,12768.0,open,False,-1911.5625,10,15.0
2024,close,089850,유비벨록스,breakout,2024-03-26,2024-03-27,2024-04-11,2024-04-11,20,9827.0,9380.0,open,False,-9516.209999999992,10,15.0
2024,close,163560,동일고무벨트,pullback,2024-04-11,2024-04-12,2024-04-26,2024-04-26,20,9450.0,8080.0,open,False,-27925.899999999994,10,15.0
2024,close,094280,효성ITX,pullback,2024-04-29,2024-04-30,2024-05-17,2024-05-17,13,12610.0,12960.0,open,False,4051.38499999998,10,15.0
2024,close,094280,효성ITX,breakout,2024-05-17,2024-05-20,2024-06-03,2024-06-03,12,13210.0,13200.0,open,False,-595.3800000000047,10,15.0
2024,close,036460,한국가스공사,breakout,2024-06-03,2024-06-04,2024-06-19,2024-06-19,4,40800.0,56900.0,open,False,63813.79999999999,10,15.0
2024,close,011780,금호석유화학,pullback,2024-06-19,2024-06-20,2024-07-04,2024-07-04,1,150200.0,148200.0,open,False,-2447.600000000006,10,15.0
2024,close,003570,SNT다이내믹스,pullback,2024-07-04,2024-07-05,2024-07-19,2024-07-19,11,20300.0,21100.0,open,False,8116.899999999994,10,15.0
2024,close,001130,대한제분,breakout,2024-07-19,2024-07-22,2024-08-05,2024-08-05,16,14450.0,13900.0,open,False,-9480.399999999994,10,15.0
2024,close,064850,에프앤가이드,pullback,2024-08-06,2024-08-07,2024-08-22,2024-08-22,29,7780.0,8200.0,open,False,11484.869999999995,10,15.0
2024,close,004100,태양금속,pullback,2024-08-22,2024-08-23,2024-09-06,2024-09-06,76,3140.0,2890.0,open,False,-19687.420000000013,10,15.0
2024,close,064850,에프앤가이드,breakout,2024-09-06,2024-09-09,2024-09-26,2024-09-26,15,14290.0,27600.0,open,False,198707.47499999998,10,15.0
2024,close,006800,미래에셋증권,pullback,2024-09-26,2024-09-27,2024-10-16,2024-10-16,48,8662.0,8871.0,open,False,8769.623999999953,10,15.0
2024,close,015360,INVENI,pullback,2024-10-16,2024-10-17,2024-10-31,2024-10-31,45,9340.0,10120.0,open,False,33786.45000000001,10,15.0
2024,close,004870,티웨이홀딩스,breakout,2024-10-31,2024-11-01,2024-11-15,2024-11-15,106,4343.0,3082.0,open,False,-134846.575,10,15.0
2024,close,016090,대현,pullback,2024-11-15,2024-11-18,2024-12-02,2024-12-02,153,2135.0,2150.0,open,False,1311.5924999999697,10,15.0
2024,close,016090,대현,pullback,2024-12-02,2024-12-03,2024-12-17,2024-12-17,153,2140.0,2395.0,open,False,37974.21750000003,10,15.0
2024,close,015360,INVENI,breakout,2024-12-17,2024-12-18,2025-01-06,2025-01-06,34,10640.0,9900.0,open,False,-26207.53999999998,10,15.0
2024,low,326030,SK바이오팜,breakout,2024-01-02,2024-01-03,2024-01-17,2024-01-17,2,103300.0,93900.0,open,False,-19391.600000000006,10,15.0
2024,low,131370,알서포트,breakout,2024-01-18,2024-01-19,2024-02-02,2024-02-02,53,5280.0,4430.0,open,False,-45821.94500000001,10,15.0
2024,low,163560,동일고무벨트,breakout,2024-02-05,2024-02-06,2024-02-22,2024-02-22,35,6650.0,6650.0,open,False,-698.25,10,15.0
2024,low,017900,광전자,pullback,2024-02-22,2024-02-23,2024-03-11,2024-03-11,86,2715.0,2385.0,open,False,-29037.899999999994,10,15.0
2024,low,088980,맥쿼리인프라,pullback,2024-03-11,2024-03-12,2024-03-26,2024-03-26,15,12857.0,12768.0,open,False,-1911.5625,10,15.0
2024,low,089850,유비벨록스,breakout,2024-03-26,2024-03-27,2024-04-11,2024-04-11,20,9827.0,9380.0,open,False,-9516.209999999992,10,15.0
2024,low,163560,동일고무벨트,pullback,2024-04-11,2024-04-12,2024-04-26,2024-04-26,20,9450.0,8080.0,open,False,-27925.899999999994,10,15.0
2024,low,094280,효성ITX,pullback,2024-04-29,2024-04-30,2024-05-17,2024-05-17,13,12610.0,12960.0,open,False,4051.38499999998,10,15.0
2024,low,094280,효성ITX,breakout,2024-05-17,2024-05-20,2024-06-03,2024-06-03,12,13210.0,13200.0,open,False,-595.3800000000047,10,15.0
2024,low,036460,한국가스공사,breakout,2024-06-03,2024-06-04,2024-06-19,2024-06-19,4,40800.0,56900.0,open,False,63813.79999999999,10,15.0
2024,low,011780,금호석유화학,pullback,2024-06-19,2024-06-20,2024-07-04,2024-07-04,1,150200.0,148200.0,open,False,-2447.600000000006,10,15.0
2024,low,003570,SNT다이내믹스,pullback,2024-07-04,2024-07-05,2024-07-19,2024-07-19,11,20300.0,21100.0,open,False,8116.899999999994,10,15.0
2024,low,001130,대한제분,breakout,2024-07-19,2024-07-22,2024-08-05,2024-08-05,16,14450.0,13900.0,open,False,-9480.399999999994,10,15.0
2024,low,064850,에프앤가이드,pullback,2024-08-06,2024-08-07,2024-08-22,2024-08-22,29,7780.0,8200.0,open,False,11484.869999999995,10,15.0
2024,low,004100,태양금속,pullback,2024-08-22,2024-08-23,2024-09-06,2024-09-06,76,3140.0,2890.0,open,False,-19687.420000000013,10,15.0
2024,low,064850,에프앤가이드,breakout,2024-09-06,2024-09-09,2024-09-26,2024-09-26,15,14290.0,27600.0,open,False,198707.47499999998,10,15.0
2024,low,006800,미래에셋증권,pullback,2024-09-26,2024-09-27,2024-10-16,2024-10-16,48,8662.0,8871.0,open,False,8769.623999999953,10,15.0
2024,low,015360,INVENI,pullback,2024-10-16,2024-10-17,2024-10-31,2024-10-31,45,9340.0,10120.0,open,False,33786.45000000001,10,15.0
2024,low,004870,티웨이홀딩스,breakout,2024-10-31,2024-11-01,2024-11-15,2024-11-15,106,4343.0,3082.0,open,False,-134846.575,10,15.0
2024,low,016090,대현,pullback,2024-11-15,2024-11-18,2024-12-02,2024-12-02,153,2135.0,2150.0,open,False,1311.5924999999697,10,15.0
2024,low,016090,대현,pullback,2024-12-02,2024-12-03,2024-12-17,2024-12-17,153,2140.0,2395.0,open,False,37974.21750000003,10,15.0
2024,low,015360,INVENI,breakout,2024-12-17,2024-12-18,2025-01-06,2025-01-06,34,10640.0,9900.0,open,False,-26207.53999999998,10,15.0
2025,open,204320,HL만도,pullback,2025-01-02,2025-01-03,2025-01-17,2025-01-17,7,42000.0,44250.0,open,False,14844.375,10,15.0
2025,open,003030,세아제강지주,breakout,2025-01-17,2025-01-20,2025-02-07,2025-02-07,1,206500.0,215500.0,open,False,8367.0,10,15.0
2025,open,319400,현대무벡스,pullback,2025-02-07,2025-02-10,2025-02-24,2025-02-24,77,4165.0,3920.0,open,False,-19798.817500000005,10,15.0
2025,open,058860,KTis,pullback,2025-02-24,2025-02-25,2025-03-12,2025-03-12,107,2810.0,2610.0,open,False,-22269.909999999974,10,15.0
2025,open,115500,케이씨에스,pullback,2025-03-13,2025-03-14,2025-03-28,2025-03-28,22,12670.0,11210.0,open,False,-32908.04000000004,10,15.0
2025,open,053350,이니텍,breakout,2025-03-28,2025-03-31,2025-04-14,2025-04-14,24,9970.0,9450.0,open,False,-13179.119999999995,10,15.0
2025,open,014830,유니드,breakout,2025-04-14,2025-04-15,2025-04-29,2025-04-29,2,81700.0,88500.0,open,False,13089.399999999994,10,15.0
2025,open,006800,미래에셋증권,breakout,2025-04-29,2025-04-30,2025-05-19,2025-05-19,22,10833.0,13003.0,open,False,46953.41200000001,10,15.0
2025,open,136480,하림,breakout,2025-05-19,2025-05-20,2025-06-04,2025-06-04,81,3635.0,3115.0,open,False,-42940.125,10,15.0
2025,open,309960,LB인베스트먼트,breakout,2025-06-04,2025-06-05,2025-06-20,2025-06-20,46,5410.0,5500.0,open,False,3387.209999999992,10,15.0
2025,open,415380,스튜디오삼익,breakout,2025-06-20,2025-06-23,2025-07-07,2025-07-07,83,3069.0,3007.0,open,False,-5902.4619999999995,10,15.0
2025,open,000080,하이트진로,breakout,2025-07-07,2025-07-08,2025-07-22,2025-07-22,11,21800.0,21150.0,open,False,-7858.674999999988,10,15.0
2025,open,015360,INVENI,pullback,2025-07-22,2025-07-23,2025-08-06,2025-08-06,19,12540.0,12000.0,open,False,-10959.390000000014,10,15.0
2025,open,036620,감성코퍼레이션,pullback,2025-08-06,2025-08-07,2025-08-22,2025-08-22,37,6150.0,5600.0,open,False,-21002.125,10,15.0
2025,open,415380,스튜디오삼익,breakout,2025-08-22,2025-08-25,2025-09-08,2025-09-08,57,3656.0,5440.0,open,False,100910.29199999999,10,15.0
2025,open,170920,엘티씨,breakout,2025-09-08,2025-09-09,2025-09-23,2025-09-23,23,12990.0,20550.0,open,False,172722.87,10,15.0
2025,open,457190,이수스페셜티케미컬,breakout,2025-09-23,2025-09-24,2025-10-15,2025-10-15,9,51600.0,51100.0,open,False,-5886.450000000012,10,15.0
2025,open,319400,현대무벡스,breakout,2025-10-15,2025-10-16,2025-10-30,2025-10-30,38,12280.0,10720.0,open,False,-60591.0,10,15.0
2025,open,015860,일진홀딩스,breakout,2025-10-30,2025-10-31,2025-11-14,2025-11-14,61,6740.0,7660.0,open,False,54802.40000000002,10,15.0
2025,open,220100,퓨쳐켐,breakout,2025-11-14,2025-11-17,2025-12-01,2025-12-01,19,24119.0,27023.0,open,False,53718.45299999998,10,15.0
2025,open,204320,HL만도,breakout,2025-12-01,2025-12-02,2025-12-16,2025-12-16,9,53200.0,54500.0,open,False,10246.049999999988,10,15.0
2025,open,064850,에프앤가이드,breakout,2025-12-16,2025-12-17,2026-01-05,2026-01-05,59,8970.0,8690.0,open,False,-18082.909999999916,10,15.0
2025,close,204320,HL만도,pullback,2025-01-02,2025-01-03,2025-01-17,2025-01-17,7,42000.0,44250.0,open,False,14844.375,10,15.0
2025,close,003030,세아제강지주,breakout,2025-01-17,2025-01-20,2025-02-07,2025-02-07,1,206500.0,215500.0,open,False,8367.0,10,15.0
2025,close,319400,현대무벡스,pullback,2025-02-07,2025-02-10,2025-02-24,2025-02-24,77,4165.0,3920.0,open,False,-19798.817500000005,10,15.0
2025,close,058860,KTis,pullback,2025-02-24,2025-02-25,2025-03-12,2025-03-12,107,2810.0,2610.0,open,False,-22269.909999999974,10,15.0
2025,close,115500,케이씨에스,pullback,2025-03-13,2025-03-14,2025-03-28,2025-03-28,22,12670.0,11210.0,open,False,-32908.04000000004,10,15.0
2025,close,053350,이니텍,breakout,2025-03-28,2025-03-31,2025-04-14,2025-04-14,24,9970.0,9450.0,open,False,-13179.119999999995,10,15.0
2025,close,014830,유니드,breakout,2025-04-14,2025-04-15,2025-04-29,2025-04-29,2,81700.0,88500.0,open,False,13089.399999999994,10,15.0
2025,close,006800,미래에셋증권,breakout,2025-04-29,2025-04-30,2025-05-19,2025-05-19,22,10833.0,13003.0,open,False,46953.41200000001,10,15.0
2025,close,136480,하림,breakout,2025-05-19,2025-05-20,2025-06-04,2025-06-04,81,3635.0,3115.0,open,False,-42940.125,10,15.0
2025,close,309960,LB인베스트먼트,breakout,2025-06-04,2025-06-05,2025-06-20,2025-06-20,46,5410.0,5500.0,open,False,3387.209999999992,10,15.0
2025,close,415380,스튜디오삼익,breakout,2025-06-20,2025-06-23,2025-07-07,2025-07-07,83,3069.0,3007.0,open,False,-5902.4619999999995,10,15.0
2025,close,000080,하이트진로,breakout,2025-07-07,2025-07-08,2025-07-22,2025-07-22,11,21800.0,21150.0,open,False,-7858.674999999988,10,15.0
2025,close,015360,INVENI,pullback,2025-07-22,2025-07-23,2025-08-06,2025-08-06,19,12540.0,12000.0,open,False,-10959.390000000014,10,15.0
2025,close,036620,감성코퍼레이션,pullback,2025-08-06,2025-08-07,2025-08-22,2025-08-22,37,6150.0,5600.0,open,False,-21002.125,10,15.0
2025,close,415380,스튜디오삼익,breakout,2025-08-22,2025-08-25,2025-09-08,2025-09-08,57,3656.0,5440.0,open,False,100910.29199999999,10,15.0
2025,close,170920,엘티씨,breakout,2025-09-08,2025-09-09,2025-09-23,2025-09-23,23,12990.0,20550.0,open,False,172722.87,10,15.0
2025,close,457190,이수스페셜티케미컬,breakout,2025-09-23,2025-09-24,2025-10-15,2025-10-15,9,51600.0,51100.0,open,False,-5886.450000000012,10,15.0
2025,close,319400,현대무벡스,breakout,2025-10-15,2025-10-16,2025-10-30,2025-10-30,38,12280.0,10720.0,open,False,-60591.0,10,15.0
2025,close,015860,일진홀딩스,breakout,2025-10-30,2025-10-31,2025-11-14,2025-11-14,61,6740.0,7660.0,open,False,54802.40000000002,10,15.0
2025,close,220100,퓨쳐켐,breakout,2025-11-14,2025-11-17,2025-12-01,2025-12-01,19,24119.0,27023.0,open,False,53718.45299999998,10,15.0
2025,close,204320,HL만도,breakout,2025-12-01,2025-12-02,2025-12-16,2025-12-16,9,53200.0,54500.0,open,False,10246.049999999988,10,15.0
2025,close,064850,에프앤가이드,breakout,2025-12-16,2025-12-17,2026-01-05,2026-01-05,59,8970.0,8690.0,open,False,-18082.909999999916,10,15.0
2025,low,204320,HL만도,pullback,2025-01-02,2025-01-03,2025-01-17,2025-01-17,7,42000.0,44250.0,open,False,14844.375,10,15.0
2025,low,003030,세아제강지주,breakout,2025-01-17,2025-01-20,2025-02-07,2025-02-07,1,206500.0,215500.0,open,False,8367.0,10,15.0
2025,low,319400,현대무벡스,pullback,2025-02-07,2025-02-10,2025-02-24,2025-02-24,77,4165.0,3920.0,open,False,-19798.817500000005,10,15.0
2025,low,058860,KTis,pullback,2025-02-24,2025-02-25,2025-03-12,2025-03-12,107,2810.0,2610.0,open,False,-22269.909999999974,10,15.0
2025,low,115500,케이씨에스,pullback,2025-03-13,2025-03-14,2025-03-28,2025-03-28,22,12670.0,11210.0,open,False,-32908.04000000004,10,15.0
2025,low,053350,이니텍,breakout,2025-03-28,2025-03-31,2025-04-14,2025-04-14,24,9970.0,9450.0,open,False,-13179.119999999995,10,15.0
2025,low,014830,유니드,breakout,2025-04-14,2025-04-15,2025-04-29,2025-04-29,2,81700.0,88500.0,open,False,13089.399999999994,10,15.0
2025,low,006800,미래에셋증권,breakout,2025-04-29,2025-04-30,2025-05-19,2025-05-19,22,10833.0,13003.0,open,False,46953.41200000001,10,15.0
2025,low,136480,하림,breakout,2025-05-19,2025-05-20,2025-06-04,2025-06-04,81,3635.0,3115.0,open,False,-42940.125,10,15.0
2025,low,309960,LB인베스트먼트,breakout,2025-06-04,2025-06-05,2025-06-20,2025-06-20,46,5410.0,5500.0,open,False,3387.209999999992,10,15.0
2025,low,415380,스튜디오삼익,breakout,2025-06-20,2025-06-23,2025-07-07,2025-07-07,83,3069.0,3007.0,open,False,-5902.4619999999995,10,15.0
2025,low,000080,하이트진로,breakout,2025-07-07,2025-07-08,2025-07-22,2025-07-22,11,21800.0,21150.0,open,False,-7858.674999999988,10,15.0
2025,low,015360,INVENI,pullback,2025-07-22,2025-07-23,2025-08-06,2025-08-06,19,12540.0,12000.0,open,False,-10959.390000000014,10,15.0
2025,low,036620,감성코퍼레이션,pullback,2025-08-06,2025-08-07,2025-08-22,2025-08-22,37,6150.0,5600.0,open,False,-21002.125,10,15.0
2025,low,415380,스튜디오삼익,breakout,2025-08-22,2025-08-25,2025-09-08,2025-09-08,57,3656.0,5440.0,open,False,100910.29199999999,10,15.0
2025,low,170920,엘티씨,breakout,2025-09-08,2025-09-09,2025-09-23,2025-09-23,23,12990.0,20550.0,open,False,172722.87,10,15.0
2025,low,457190,이수스페셜티케미컬,breakout,2025-09-23,2025-09-24,2025-10-15,2025-10-15,9,51600.0,51100.0,open,False,-5886.450000000012,10,15.0
2025,low,319400,현대무벡스,breakout,2025-10-15,2025-10-16,2025-10-30,2025-10-30,38,12280.0,10720.0,open,False,-60591.0,10,15.0
2025,low,015860,일진홀딩스,breakout,2025-10-30,2025-10-31,2025-11-14,2025-11-14,61,6740.0,7660.0,open,False,54802.40000000002,10,15.0
2025,low,220100,퓨쳐켐,breakout,2025-11-14,2025-11-17,2025-12-01,2025-12-01,19,24119.0,27023.0,open,False,53718.45299999998,10,15.0
2025,low,204320,HL만도,breakout,2025-12-01,2025-12-02,2025-12-16,2025-12-16,9,53200.0,54500.0,open,False,10246.049999999988,10,15.0
2025,low,064850,에프앤가이드,breakout,2025-12-16,2025-12-17,2026-01-05,2026-01-05,59,8970.0,8690.0,open,False,-18082.909999999916,10,15.0
2023,open,114090,GKL,pullback,2023-01-02,2023-01-03,2023-01-18,2023-01-18,15,18750.0,19400.0,open,False,8891.625,11,15.0
2023,open,004870,티웨이홀딩스,breakout,2023-01-18,2023-01-19,2023-02-07,2023-02-07,99,3115.0,3282.0,open,False,15583.045500000007,11,15.0
2023,open,105630,한세실업,breakout,2023-02-07,2023-02-08,2023-02-23,2023-02-23,18,17360.0,17310.0,open,False,-1836.0900000000256,11,15.0
2023,open,000850,화천기공,breakout,2023-02-23,2023-02-24,2023-03-14,2023-03-14,9,33650.0,35000.0,open,False,11223.224999999977,11,15.0
2023,open,001460,BYC,pullback,2023-03-15,2023-03-16,2023-03-31,2023-03-31,6,50800.0,43999.0,open,False,-41659.19099999999,11,15.0
2023,open,004360,세방,pullback,2023-03-31,2023-04-03,2023-04-18,2023-04-18,6,46000.0,46950.0,open,False,4863.450000000012,11,15.0
2023,open,101360,에코앤드림,pullback,2023-04-18,2023-04-19,2023-05-08,2023-05-08,7,38225.0,28232.0,open,False,-70648.79849999998,11,15.0
2023,open,067570,엔브이에이치코리아,pullback,2023-05-08,2023-05-09,2023-05-24,2023-05-24,58,3861.0,3596.0,open,False,-16018.758999999991,11,15.0
2023,open,006800,미래에셋증권,breakout,2023-05-24,2023-05-25,2023-06-13,2023-06-13,28,7427.0,7368.0,open,False,-2273.389999999985,11,15.0
2023,open,000850,화천기공,breakout,2023-06-13,2023-06-14,2023-06-29,2023-06-29,5,40300.0,39450.0,open,False,-4848.125,11,15.0
2023,open,168360,펨트론,breakout,2023-06-30,2023-07-03,2023-07-18,2023-07-18,23,8485.0,8985.0,open,False,10897.285000000003,11,15.0
2023,open,000430,대원강업,breakout,2023-07-18,2023-07-19,2023-08-03,2023-08-03,29,7330.0,6830.0,open,False,-15115.959999999992,11,15.0
2023,open,220100,퓨쳐켐,breakout,2023-08-03,2023-08-04,2023-08-22,2023-08-22,20,9582.0,10083.0,open,False,9430.049999999988,11,15.0
2023,open,016360,삼성증권,pullback,2023-08-22,2023-08-23,2023-09-07,2023-09-07,5,36800.0,36500.0,open,False,-2049.75,11,15.0
2023,open,056080,유진로봇,breakout,2023-09-07,2023-09-08,2023-09-25,2023-09-25,14,14100.0,13350.0,open,False,-11076.449999999983,11,15.0
2023,open,105630,한세실업,pullback,2023-09-25,2023-09-26,2023-10-18,2023-10-18,9,20550.0,19530.0,open,False,-9721.080000000016,11,15.0
2023,open,105630,한세실업,pullback,2023-10-18,2023-10-19,2023-11-03,2023-11-03,9,20350.0,22800.0,open,False,21467.475000000006,11,15.0
2023,open,056080,유진로봇,pullback,2023-11-03,2023-11-06,2023-11-21,2023-11-21,17,11790.0,11440.0,open,False,-6542.36500000002,11,15.0
2023,open,215200,메가스터디교육,pullback,2023-11-24,2023-11-27,2023-12-12,2023-12-12,3,61400.0,63200.0,open,False,4839.299999999988,11,15.0
2023,open,215200,메가스터디교육,breakout,2023-12-12,2023-12-13,2024-01-02,2024-01-02,3,65800.0,60100.0,open,False,-17666.54999999999,11,15.0
2023,close,114090,GKL,pullback,2023-01-02,2023-01-03,2023-01-18,2023-01-18,15,18750.0,19400.0,open,False,8891.625,11,15.0
2023,close,004870,티웨이홀딩스,breakout,2023-01-18,2023-01-19,2023-02-07,2023-02-07,99,3115.0,3282.0,open,False,15583.045500000007,11,15.0
2023,close,105630,한세실업,breakout,2023-02-07,2023-02-08,2023-02-23,2023-02-23,18,17360.0,17310.0,open,False,-1836.0900000000256,11,15.0
2023,close,000850,화천기공,breakout,2023-02-23,2023-02-24,2023-03-14,2023-03-14,9,33650.0,35000.0,open,False,11223.224999999977,11,15.0
2023,close,001460,BYC,pullback,2023-03-15,2023-03-16,2023-03-31,2023-03-31,6,50800.0,43999.0,open,False,-41659.19099999999,11,15.0
2023,close,004360,세방,pullback,2023-03-31,2023-04-03,2023-04-18,2023-04-18,6,46000.0,46950.0,open,False,4863.450000000012,11,15.0
2023,close,101360,에코앤드림,pullback,2023-04-18,2023-04-19,2023-05-08,2023-05-08,7,38225.0,28232.0,open,False,-70648.79849999998,11,15.0
2023,close,067570,엔브이에이치코리아,pullback,2023-05-08,2023-05-09,2023-05-24,2023-05-24,58,3861.0,3596.0,open,False,-16018.758999999991,11,15.0
2023,close,006800,미래에셋증권,breakout,2023-05-24,2023-05-25,2023-06-13,2023-06-13,28,7427.0,7368.0,open,False,-2273.389999999985,11,15.0
2023,close,000850,화천기공,breakout,2023-06-13,2023-06-14,2023-06-29,2023-06-29,5,40300.0,39450.0,open,False,-4848.125,11,15.0
2023,close,168360,펨트론,breakout,2023-06-30,2023-07-03,2023-07-18,2023-07-18,23,8485.0,8985.0,open,False,10897.285000000003,11,15.0
2023,close,000430,대원강업,breakout,2023-07-18,2023-07-19,2023-08-03,2023-08-03,29,7330.0,6830.0,open,False,-15115.959999999992,11,15.0
2023,close,220100,퓨쳐켐,breakout,2023-08-03,2023-08-04,2023-08-22,2023-08-22,20,9582.0,10083.0,open,False,9430.049999999988,11,15.0
2023,close,016360,삼성증권,pullback,2023-08-22,2023-08-23,2023-09-07,2023-09-07,5,36800.0,36500.0,open,False,-2049.75,11,15.0
2023,close,056080,유진로봇,breakout,2023-09-07,2023-09-08,2023-09-25,2023-09-25,14,14100.0,13350.0,open,False,-11076.449999999983,11,15.0
2023,close,105630,한세실업,pullback,2023-09-25,2023-09-26,2023-10-18,2023-10-18,9,20550.0,19530.0,open,False,-9721.080000000016,11,15.0
2023,close,105630,한세실업,pullback,2023-10-18,2023-10-19,2023-11-03,2023-11-03,9,20350.0,22800.0,open,False,21467.475000000006,11,15.0
2023,close,056080,유진로봇,pullback,2023-11-03,2023-11-06,2023-11-21,2023-11-21,17,11790.0,11440.0,open,False,-6542.36500000002,11,15.0
2023,close,215200,메가스터디교육,pullback,2023-11-24,2023-11-27,2023-12-12,2023-12-12,3,61400.0,63200.0,open,False,4839.299999999988,11,15.0
2023,close,215200,메가스터디교육,breakout,2023-12-12,2023-12-13,2024-01-02,2024-01-02,3,65800.0,60100.0,open,False,-17666.54999999999,11,15.0
2023,low,114090,GKL,pullback,2023-01-02,2023-01-03,2023-01-18,2023-01-18,15,18750.0,19400.0,open,False,8891.625,11,15.0
2023,low,004870,티웨이홀딩스,breakout,2023-01-18,2023-01-19,2023-02-07,2023-02-07,99,3115.0,3282.0,open,False,15583.045500000007,11,15.0
2023,low,105630,한세실업,breakout,2023-02-07,2023-02-08,2023-02-23,2023-02-23,18,17360.0,17310.0,open,False,-1836.0900000000256,11,15.0
2023,low,000850,화천기공,breakout,2023-02-23,2023-02-24,2023-03-14,2023-03-14,9,33650.0,35000.0,open,False,11223.224999999977,11,15.0
2023,low,001460,BYC,pullback,2023-03-15,2023-03-16,2023-03-31,2023-03-31,6,50800.0,43999.0,open,False,-41659.19099999999,11,15.0
2023,low,004360,세방,pullback,2023-03-31,2023-04-03,2023-04-18,2023-04-18,6,46000.0,46950.0,open,False,4863.450000000012,11,15.0
2023,low,101360,에코앤드림,pullback,2023-04-18,2023-04-19,2023-05-08,2023-05-08,7,38225.0,28232.0,open,False,-70648.79849999998,11,15.0
2023,low,067570,엔브이에이치코리아,pullback,2023-05-08,2023-05-09,2023-05-24,2023-05-24,58,3861.0,3596.0,open,False,-16018.758999999991,11,15.0
2023,low,006800,미래에셋증권,breakout,2023-05-24,2023-05-25,2023-06-13,2023-06-13,28,7427.0,7368.0,open,False,-2273.389999999985,11,15.0
2023,low,000850,화천기공,breakout,2023-06-13,2023-06-14,2023-06-29,2023-06-29,5,40300.0,39450.0,open,False,-4848.125,11,15.0
2023,low,168360,펨트론,breakout,2023-06-30,2023-07-03,2023-07-18,2023-07-18,23,8485.0,8985.0,open,False,10897.285000000003,11,15.0
2023,low,000430,대원강업,breakout,2023-07-18,2023-07-19,2023-08-03,2023-08-03,29,7330.0,6830.0,open,False,-15115.959999999992,11,15.0
2023,low,220100,퓨쳐켐,breakout,2023-08-03,2023-08-04,2023-08-22,2023-08-22,20,9582.0,10083.0,open,False,9430.049999999988,11,15.0
2023,low,016360,삼성증권,pullback,2023-08-22,2023-08-23,2023-09-07,2023-09-07,5,36800.0,36500.0,open,False,-2049.75,11,15.0
2023,low,056080,유진로봇,breakout,2023-09-07,2023-09-08,2023-09-25,2023-09-25,14,14100.0,13350.0,open,False,-11076.449999999983,11,15.0
2023,low,105630,한세실업,pullback,2023-09-25,2023-09-26,2023-10-18,2023-10-18,9,20550.0,19530.0,open,False,-9721.080000000016,11,15.0
2023,low,105630,한세실업,pullback,2023-10-18,2023-10-19,2023-11-03,2023-11-03,9,20350.0,22800.0,open,False,21467.475000000006,11,15.0
2023,low,056080,유진로봇,pullback,2023-11-03,2023-11-06,2023-11-21,2023-11-21,17,11790.0,11440.0,open,False,-6542.36500000002,11,15.0
2023,low,215200,메가스터디교육,pullback,2023-11-24,2023-11-27,2023-12-12,2023-12-12,3,61400.0,63200.0,open,False,4839.299999999988,11,15.0
2023,low,215200,메가스터디교육,breakout,2023-12-12,2023-12-13,2024-01-02,2024-01-02,3,65800.0,60100.0,open,False,-17666.54999999999,11,15.0
2024,open,326030,SK바이오팜,breakout,2024-01-02,2024-01-03,2024-01-18,2024-01-18,2,103300.0,89500.0,open,False,-28178.400000000023,11,15.0
2024,open,131370,알서포트,breakout,2024-01-18,2024-01-19,2024-02-05,2024-02-05,51,5280.0,4505.0,open,False,-40273.55250000002,11,15.0
2024,open,163560,동일고무벨트,breakout,2024-02-05,2024-02-06,2024-02-23,2024-02-23,34,6650.0,6660.0,open,False,-338.8099999999977,11,15.0
2024,open,001130,대한제분,breakout,2024-02-23,2024-02-26,2024-03-13,2024-03-13,16,14220.0,14000.0,open,False,-4197.279999999999,11,15.0
2024,open,006220,제주은행,pullback,2024-03-13,2024-03-14,2024-03-29,2024-03-29,15,14300.0,12470.0,open,False,-28052.324999999983,11,15.0
2024,open,094280,효성ITX,breakout,2024-03-29,2024-04-01,2024-04-17,2024-04-17,15,12830.0,12410.0,open,False,-6867.899999999994,11,15.0
2024,open,265520,AP시스템,breakout,2024-04-17,2024-04-18,2024-05-07,2024-05-07,6,30300.0,34300.0,open,False,23418.600000000006,11,15.0
2024,open,014830,유니드,breakout,2024-05-07,2024-05-08,2024-05-24,2024-05-24,2,104200.0,112000.0,open,False,14951.399999999994,11,15.0
2024,open,081580,성우전자,breakout,2024-05-24,2024-05-27,2024-06-12,2024-06-12,82,2790.0,3170.0,open,False,30426.920000000013,11,15.0
2024,open,149980,하이로닉,breakout,2024-06-12,2024-06-13,2024-06-28,2024-06-28,15,17087.0,17223.0,open,False,1268.0249999999942,11,15.0
2024,open,094280,효성ITX,pullback,2024-06-28,2024-07-01,2024-07-16,2024-07-16,19,13470.0,13580.0,open,False,1319.0749999999825,11,15.0
2024,open,006360,GS건설,breakout,2024-07-16,2024-07-17,2024-08-01,2024-08-01,14,17660.0,19800.0,open,False,29173.339999999997,11,15.0
2024,open,003570,SNT다이내믹스,pullback,2024-08-01,2024-08-02,2024-08-20,2024-08-20,13,21200.0,23200.0,open,False,25134.20000000001,11,15.0
2024,open,081580,성우전자,breakout,2024-08-20,2024-08-21,2024-09-05,2024-09-05,82,3850.0,3605.0,open,False,-21006.965000000026,11,15.0
2024,open,064850,에프앤가이드,breakout,2024-09-05,2024-09-06,2024-09-26,2024-09-26,22,13420.0,27600.0,open,False,310606.34,11,15.0
2024,open,006800,미래에셋증권,pullback,2024-09-26,2024-09-27,2024-10-17,2024-10-17,70,8662.0,9040.0,open,False,24601.290000000037,11,15.0
2024,open,015360,INVENI,breakout,2024-10-18,2024-10-21,2024-11-05,2024-11-05,65,9590.0,9970.0,open,False,22792.900000000023,11,15.0
2024,open,016360,삼성증권,pullback,2024-11-05,2024-11-06,2024-11-21,2024-11-21,14,46650.0,46050.0,open,False,-10346.699999999953,11,15.0
2024,open,105560,KB금융,pullback,2024-11-21,2024-11-22,2024-12-09,2024-12-09,6,98000.0,83600.0,open,False,-88034.39999999997,11,15.0
2024,open,015020,이스타코,breakout,2024-12-09,2024-12-10,2024-12-26,2024-12-26,126,4390.0,3030.0,open,False,-172762.38000000006,11,15.0
2024,open,015360,INVENI,breakout,2024-12-26,2024-12-27,2025-01-15,2025-01-15,35,10760.0,9840.0,open,False,-33281.5,11,15.0
2024,close,326030,SK바이오팜,breakout,2024-01-02,2024-01-03,2024-01-18,2024-01-18,2,103300.0,89500.0,open,False,-28178.400000000023,11,15.0
2024,close,131370,알서포트,breakout,2024-01-18,2024-01-19,2024-02-05,2024-02-05,51,5280.0,4505.0,open,False,-40273.55250000002,11,15.0
2024,close,163560,동일고무벨트,breakout,2024-02-05,2024-02-06,2024-02-23,2024-02-23,34,6650.0,6660.0,open,False,-338.8099999999977,11,15.0
2024,close,001130,대한제분,breakout,2024-02-23,2024-02-26,2024-03-13,2024-03-13,16,14220.0,14000.0,open,False,-4197.279999999999,11,15.0
2024,close,006220,제주은행,pullback,2024-03-13,2024-03-14,2024-03-29,2024-03-29,15,14300.0,12470.0,open,False,-28052.324999999983,11,15.0
2024,close,094280,효성ITX,breakout,2024-03-29,2024-04-01,2024-04-17,2024-04-17,15,12830.0,12410.0,open,False,-6867.899999999994,11,15.0
2024,close,265520,AP시스템,breakout,2024-04-17,2024-04-18,2024-05-07,2024-05-07,6,30300.0,34300.0,open,False,23418.600000000006,11,15.0
2024,close,014830,유니드,breakout,2024-05-07,2024-05-08,2024-05-24,2024-05-24,2,104200.0,112000.0,open,False,14951.399999999994,11,15.0
2024,close,081580,성우전자,breakout,2024-05-24,2024-05-27,2024-06-12,2024-06-12,82,2790.0,3170.0,open,False,30426.920000000013,11,15.0
2024,close,149980,하이로닉,breakout,2024-06-12,2024-06-13,2024-06-28,2024-06-28,15,17087.0,17223.0,open,False,1268.0249999999942,11,15.0
2024,close,094280,효성ITX,pullback,2024-06-28,2024-07-01,2024-07-16,2024-07-16,19,13470.0,13580.0,open,False,1319.0749999999825,11,15.0
2024,close,006360,GS건설,breakout,2024-07-16,2024-07-17,2024-08-01,2024-08-01,14,17660.0,19800.0,open,False,29173.339999999997,11,15.0
2024,close,003570,SNT다이내믹스,pullback,2024-08-01,2024-08-02,2024-08-20,2024-08-20,13,21200.0,23200.0,open,False,25134.20000000001,11,15.0
2024,close,081580,성우전자,breakout,2024-08-20,2024-08-21,2024-09-05,2024-09-05,82,3850.0,3605.0,open,False,-21006.965000000026,11,15.0
2024,close,064850,에프앤가이드,breakout,2024-09-05,2024-09-06,2024-09-26,2024-09-26,22,13420.0,27600.0,open,False,310606.34,11,15.0
2024,close,006800,미래에셋증권,pullback,2024-09-26,2024-09-27,2024-10-17,2024-10-17,70,8662.0,9040.0,open,False,24601.290000000037,11,15.0
2024,close,015360,INVENI,breakout,2024-10-18,2024-10-21,2024-11-05,2024-11-05,65,9590.0,9970.0,open,False,22792.900000000023,11,15.0
2024,close,016360,삼성증권,pullback,2024-11-05,2024-11-06,2024-11-21,2024-11-21,14,46650.0,46050.0,open,False,-10346.699999999953,11,15.0
2024,close,105560,KB금융,pullback,2024-11-21,2024-11-22,2024-12-09,2024-12-09,6,98000.0,83600.0,open,False,-88034.39999999997,11,15.0
2024,close,015020,이스타코,breakout,2024-12-09,2024-12-10,2024-12-26,2024-12-26,126,4390.0,3030.0,open,False,-172762.38000000006,11,15.0
2024,close,015360,INVENI,breakout,2024-12-26,2024-12-27,2025-01-15,2025-01-15,35,10760.0,9840.0,open,False,-33281.5,11,15.0
2024,low,326030,SK바이오팜,breakout,2024-01-02,2024-01-03,2024-01-18,2024-01-18,2,103300.0,89500.0,open,False,-28178.400000000023,11,15.0
2024,low,131370,알서포트,breakout,2024-01-18,2024-01-19,2024-02-05,2024-02-05,51,5280.0,4505.0,open,False,-40273.55250000002,11,15.0
2024,low,163560,동일고무벨트,breakout,2024-02-05,2024-02-06,2024-02-23,2024-02-23,34,6650.0,6660.0,open,False,-338.8099999999977,11,15.0
2024,low,001130,대한제분,breakout,2024-02-23,2024-02-26,2024-03-13,2024-03-13,16,14220.0,14000.0,open,False,-4197.279999999999,11,15.0
2024,low,006220,제주은행,pullback,2024-03-13,2024-03-14,2024-03-29,2024-03-29,15,14300.0,12470.0,open,False,-28052.324999999983,11,15.0
2024,low,094280,효성ITX,breakout,2024-03-29,2024-04-01,2024-04-17,2024-04-17,15,12830.0,12410.0,open,False,-6867.899999999994,11,15.0
2024,low,265520,AP시스템,breakout,2024-04-17,2024-04-18,2024-05-07,2024-05-07,6,30300.0,34300.0,open,False,23418.600000000006,11,15.0
2024,low,014830,유니드,breakout,2024-05-07,2024-05-08,2024-05-24,2024-05-24,2,104200.0,112000.0,open,False,14951.399999999994,11,15.0
2024,low,081580,성우전자,breakout,2024-05-24,2024-05-27,2024-06-12,2024-06-12,82,2790.0,3170.0,open,False,30426.920000000013,11,15.0
2024,low,149980,하이로닉,breakout,2024-06-12,2024-06-13,2024-06-28,2024-06-28,15,17087.0,17223.0,open,False,1268.0249999999942,11,15.0
2024,low,094280,효성ITX,pullback,2024-06-28,2024-07-01,2024-07-16,2024-07-16,19,13470.0,13580.0,open,False,1319.0749999999825,11,15.0
2024,low,006360,GS건설,breakout,2024-07-16,2024-07-17,2024-08-01,2024-08-01,14,17660.0,19800.0,open,False,29173.339999999997,11,15.0
2024,low,003570,SNT다이내믹스,pullback,2024-08-01,2024-08-02,2024-08-20,2024-08-20,13,21200.0,23200.0,open,False,25134.20000000001,11,15.0
2024,low,081580,성우전자,breakout,2024-08-20,2024-08-21,2024-09-05,2024-09-05,82,3850.0,3605.0,open,False,-21006.965000000026,11,15.0
2024,low,064850,에프앤가이드,breakout,2024-09-05,2024-09-06,2024-09-26,2024-09-26,22,13420.0,27600.0,open,False,310606.34,11,15.0
2024,low,006800,미래에셋증권,pullback,2024-09-26,2024-09-27,2024-10-17,2024-10-17,70,8662.0,9040.0,open,False,24601.290000000037,11,15.0
2024,low,015360,INVENI,breakout,2024-10-18,2024-10-21,2024-11-05,2024-11-05,65,9590.0,9970.0,open,False,22792.900000000023,11,15.0
2024,low,016360,삼성증권,pullback,2024-11-05,2024-11-06,2024-11-21,2024-11-21,14,46650.0,46050.0,open,False,-10346.699999999953,11,15.0
2024,low,105560,KB금융,pullback,2024-11-21,2024-11-22,2024-12-09,2024-12-09,6,98000.0,83600.0,open,False,-88034.39999999997,11,15.0
2024,low,015020,이스타코,breakout,2024-12-09,2024-12-10,2024-12-26,2024-12-26,126,4390.0,3030.0,open,False,-172762.38000000006,11,15.0
2024,low,015360,INVENI,breakout,2024-12-26,2024-12-27,2025-01-15,2025-01-15,35,10760.0,9840.0,open,False,-33281.5,11,15.0
2025,open,204320,HL만도,pullback,2025-01-02,2025-01-03,2025-01-20,2025-01-20,7,42000.0,45500.0,open,False,23581.25,11,15.0
2025,open,003030,세아제강지주,breakout,2025-01-20,2025-01-21,2025-02-11,2025-02-11,1,218500.0,211500.0,open,False,-7645.0,11,15.0
2025,open,204320,HL만도,pullback,2025-02-11,2025-02-12,2025-02-27,2025-02-27,7,44100.0,43700.0,open,False,-3721.9000000000233,11,15.0
2025,open,053350,이니텍,breakout,2025-02-27,2025-02-28,2025-03-18,2025-03-18,67,4615.0,6370.0,open,False,116481.0075,11,15.0
2025,open,127120,제이에스링크,pullback,2025-03-18,2025-03-19,2025-04-03,2025-04-03,64,6680.0,7270.0,open,False,36420.79999999999,11,15.0
2025,open,052220,iMBC,breakout,2025-04-03,2025-04-04,2025-04-21,2025-04-21,80,5790.0,4425.0,open,False,-110425.80000000005,11,15.0
2025,open,309960,LB인베스트먼트,breakout,2025-04-21,2025-04-22,2025-05-12,2025-05-12,58,6090.0,4795.0,open,False,-76056.995,11,15.0
2025,open,006800,미래에셋증권,breakout,2025-05-12,2025-05-13,2025-05-28,2025-05-28,22,12495.0,13352.0,open,False,18001.049,11,15.0
2025,open,053350,이니텍,breakout,2025-05-28,2025-05-29,2025-06-17,2025-06-17,30,9750.0,9780.0,open,False,21.150000000023283,11,15.0
2025,open,094280,효성ITX,breakout,2025-06-17,2025-06-18,2025-07-03,2025-07-03,21,13990.0,13560.0,open,False,-9897.824999999953,11,15.0
2025,open,081150,티플랙스,breakout,2025-07-03,2025-07-04,2025-07-21,2025-07-21,83,3420.0,3330.0,open,False,-8310.375,11,15.0
2025,open,008260,NI스틸,pullback,2025-07-21,2025-07-22,2025-08-06,2025-08-06,72,3825.0,3635.0,open,False,-14485.680000000022,11,15.0
2025,open,036620,감성코퍼레이션,pullback,2025-08-06,2025-08-07,2025-08-25,2025-08-25,42,6150.0,5580.0,open,False,-24678.98999999999,11,15.0
2025,open,415380,스튜디오삼익,breakout,2025-08-25,2025-08-26,2025-09-10,2025-09-10,61,3868.0,4290.0,open,False,24995.543000000005,11,15.0
2025,open,170920,엘티씨,breakout,2025-09-11,2025-09-12,2025-09-29,2025-09-29,17,14670.0,19120.0,open,False,74788.35499999998,11,15.0
2025,open,006800,미래에셋증권,pullback,2025-09-29,2025-09-30,2025-10-22,2025-10-22,15,21954.0,23846.0,open,False,27349.5,11,15.0
2025,open,011170,롯데케미칼,breakout,2025-10-22,2025-10-23,2025-11-07,2025-11-07,4,77600.0,70500.0,open,False,-29288.600000000035,11,15.0
2025,open,309960,LB인베스트먼트,pullback,2025-11-07,2025-11-10,2025-11-25,2025-11-25,60,5580.0,5050.0,open,False,-32756.70000000001,11,15.0
2025,open,138360,앤로보틱스,breakout,2025-11-25,2025-11-26,2025-12-11,2025-12-11,281,1079.0,1090.0,open,False,2176.766499999969,11,15.0
2025,open,056080,유진로봇,breakout,2025-12-11,2025-12-12,2025-12-30,2025-12-30,19,15610.0,15100.0,open,False,-10565.234999999986,11,15.0
2025,close,204320,HL만도,pullback,2025-01-02,2025-01-03,2025-01-20,2025-01-20,7,42000.0,45500.0,open,False,23581.25,11,15.0
2025,close,003030,세아제강지주,breakout,2025-01-20,2025-01-21,2025-02-11,2025-02-11,1,218500.0,211500.0,open,False,-7645.0,11,15.0
2025,close,204320,HL만도,pullback,2025-02-11,2025-02-12,2025-02-27,2025-02-27,7,44100.0,43700.0,open,False,-3721.9000000000233,11,15.0
2025,close,053350,이니텍,breakout,2025-02-27,2025-02-28,2025-03-18,2025-03-18,67,4615.0,6370.0,open,False,116481.0075,11,15.0
2025,close,127120,제이에스링크,pullback,2025-03-18,2025-03-19,2025-04-03,2025-04-03,64,6680.0,7270.0,open,False,36420.79999999999,11,15.0
2025,close,052220,iMBC,breakout,2025-04-03,2025-04-04,2025-04-21,2025-04-21,80,5790.0,4425.0,open,False,-110425.80000000005,11,15.0
2025,close,309960,LB인베스트먼트,breakout,2025-04-21,2025-04-22,2025-05-12,2025-05-12,58,6090.0,4795.0,open,False,-76056.995,11,15.0
2025,close,006800,미래에셋증권,breakout,2025-05-12,2025-05-13,2025-05-28,2025-05-28,22,12495.0,13352.0,open,False,18001.049,11,15.0
2025,close,053350,이니텍,breakout,2025-05-28,2025-05-29,2025-06-17,2025-06-17,30,9750.0,9780.0,open,False,21.150000000023283,11,15.0
2025,close,094280,효성ITX,breakout,2025-06-17,2025-06-18,2025-07-03,2025-07-03,21,13990.0,13560.0,open,False,-9897.824999999953,11,15.0
2025,close,081150,티플랙스,breakout,2025-07-03,2025-07-04,2025-07-21,2025-07-21,83,3420.0,3330.0,open,False,-8310.375,11,15.0
2025,close,008260,NI스틸,pullback,2025-07-21,2025-07-22,2025-08-06,2025-08-06,72,3825.0,3635.0,open,False,-14485.680000000022,11,15.0
2025,close,036620,감성코퍼레이션,pullback,2025-08-06,2025-08-07,2025-08-25,2025-08-25,42,6150.0,5580.0,open,False,-24678.98999999999,11,15.0
2025,close,415380,스튜디오삼익,breakout,2025-08-25,2025-08-26,2025-09-10,2025-09-10,61,3868.0,4290.0,open,False,24995.543000000005,11,15.0
2025,close,170920,엘티씨,breakout,2025-09-11,2025-09-12,2025-09-29,2025-09-29,17,14670.0,19120.0,open,False,74788.35499999998,11,15.0
2025,close,006800,미래에셋증권,pullback,2025-09-29,2025-09-30,2025-10-22,2025-10-22,15,21954.0,23846.0,open,False,27349.5,11,15.0
2025,close,011170,롯데케미칼,breakout,2025-10-22,2025-10-23,2025-11-07,2025-11-07,4,77600.0,70500.0,open,False,-29288.600000000035,11,15.0
2025,close,309960,LB인베스트먼트,pullback,2025-11-07,2025-11-10,2025-11-25,2025-11-25,60,5580.0,5050.0,open,False,-32756.70000000001,11,15.0
2025,close,138360,앤로보틱스,breakout,2025-11-25,2025-11-26,2025-12-11,2025-12-11,281,1079.0,1090.0,open,False,2176.766499999969,11,15.0
2025,close,056080,유진로봇,breakout,2025-12-11,2025-12-12,2025-12-30,2025-12-30,19,15610.0,15100.0,open,False,-10565.234999999986,11,15.0
2025,low,204320,HL만도,pullback,2025-01-02,2025-01-03,2025-01-20,2025-01-20,7,42000.0,45500.0,open,False,23581.25,11,15.0
2025,low,003030,세아제강지주,breakout,2025-01-20,2025-01-21,2025-02-11,2025-02-11,1,218500.0,211500.0,open,False,-7645.0,11,15.0
2025,low,204320,HL만도,pullback,2025-02-11,2025-02-12,2025-02-27,2025-02-27,7,44100.0,43700.0,open,False,-3721.9000000000233,11,15.0
2025,low,053350,이니텍,breakout,2025-02-27,2025-02-28,2025-03-18,2025-03-18,67,4615.0,6370.0,open,False,116481.0075,11,15.0
2025,low,127120,제이에스링크,pullback,2025-03-18,2025-03-19,2025-04-03,2025-04-03,64,6680.0,7270.0,open,False,36420.79999999999,11,15.0
2025,low,052220,iMBC,breakout,2025-04-03,2025-04-04,2025-04-21,2025-04-21,80,5790.0,4425.0,open,False,-110425.80000000005,11,15.0
2025,low,309960,LB인베스트먼트,breakout,2025-04-21,2025-04-22,2025-05-12,2025-05-12,58,6090.0,4795.0,open,False,-76056.995,11,15.0
2025,low,006800,미래에셋증권,breakout,2025-05-12,2025-05-13,2025-05-28,2025-05-28,22,12495.0,13352.0,open,False,18001.049,11,15.0
2025,low,053350,이니텍,breakout,2025-05-28,2025-05-29,2025-06-17,2025-06-17,30,9750.0,9780.0,open,False,21.150000000023283,11,15.0
2025,low,094280,효성ITX,breakout,2025-06-17,2025-06-18,2025-07-03,2025-07-03,21,13990.0,13560.0,open,False,-9897.824999999953,11,15.0
2025,low,081150,티플랙스,breakout,2025-07-03,2025-07-04,2025-07-21,2025-07-21,83,3420.0,3330.0,open,False,-8310.375,11,15.0
2025,low,008260,NI스틸,pullback,2025-07-21,2025-07-22,2025-08-06,2025-08-06,72,3825.0,3635.0,open,False,-14485.680000000022,11,15.0
2025,low,036620,감성코퍼레이션,pullback,2025-08-06,2025-08-07,2025-08-25,2025-08-25,42,6150.0,5580.0,open,False,-24678.98999999999,11,15.0
2025,low,415380,스튜디오삼익,breakout,2025-08-25,2025-08-26,2025-09-10,2025-09-10,61,3868.0,4290.0,open,False,24995.543000000005,11,15.0
2025,low,170920,엘티씨,breakout,2025-09-11,2025-09-12,2025-09-29,2025-09-29,17,14670.0,19120.0,open,False,74788.35499999998,11,15.0
2025,low,006800,미래에셋증권,pullback,2025-09-29,2025-09-30,2025-10-22,2025-10-22,15,21954.0,23846.0,open,False,27349.5,11,15.0
2025,low,011170,롯데케미칼,breakout,2025-10-22,2025-10-23,2025-11-07,2025-11-07,4,77600.0,70500.0,open,False,-29288.600000000035,11,15.0
2025,low,309960,LB인베스트먼트,pullback,2025-11-07,2025-11-10,2025-11-25,2025-11-25,60,5580.0,5050.0,open,False,-32756.70000000001,11,15.0
2025,low,138360,앤로보틱스,breakout,2025-11-25,2025-11-26,2025-12-11,2025-12-11,281,1079.0,1090.0,open,False,2176.766499999969,11,15.0
2025,low,056080,유진로봇,breakout,2025-12-11,2025-12-12,2025-12-30,2025-12-30,19,15610.0,15100.0,open,False,-10565.234999999986,11,15.0
2023,open,114090,GKL,pullback,2023-01-02,2023-01-03,2023-01-19,2023-01-19,15,18750.0,19750.0,open,False,14133.75,12,15.0
2023,open,004870,티웨이홀딩스,breakout,2023-01-19,2023-01-20,2023-02-09,2023-02-09,94,3306.0,3244.0,open,False,-6751.549999999988,12,15.0
2023,open,053350,이니텍,breakout,2023-02-09,2023-02-10,2023-02-28,2023-02-28,59,5140.0,4760.0,open,False,-23296.150000000023,12,15.0
2023,open,126640,화신정공,pullback,2023-02-28,2023-03-02,2023-03-20,2023-03-20,168,1682.0,1613.0,open,False,-12422.339999999967,12,15.0
2023,open,064850,에프앤가이드,pullback,2023-03-20,2023-03-21,2023-04-06,2023-04-06,36,7400.0,7450.0,open,False,998.0999999999767,12,15.0
2023,open,008260,NI스틸,breakout,2023-04-06,2023-04-07,2023-04-25,2023-04-25,41,6570.0,6890.0,open,False,12292.210000000021,12,15.0
2023,open,011230,삼화전자,breakout,2023-04-25,2023-04-26,2023-05-16,2023-05-16,72,3938.0,7273.0,open,False,238909.212,12,15.0
2023,open,000850,화천기공,pullback,2023-05-16,2023-05-17,2023-06-05,2023-06-05,13,38650.0,38900.0,open,False,1737.774999999965,12,15.0
2023,open,085310,엔케이,breakout,2023-06-05,2023-06-07,2023-06-23,2023-06-23,54,9710.0,9970.0,open,False,12445.920000000042,12,15.0
2023,open,168360,펨트론,breakout,2023-06-23,2023-06-26,2023-07-12,2023-07-12,70,7650.0,8105.0,open,False,30195.724999999977,12,15.0
2023,open,011230,삼화전자,breakout,2023-07-12,2023-07-13,2023-07-31,2023-07-31,59,9527.0,7511.0,open,False,-120451.86300000001,12,15.0
2023,open,326030,SK바이오팜,breakout,2023-08-01,2023-08-02,2023-08-21,2023-08-21,4,90000.0,87300.0,open,False,-11863.799999999988,12,15.0
2023,open,149980,하이로닉,breakout,2023-08-21,2023-08-22,2023-09-07,2023-09-07,21,19912.0,17985.0,open,False,-41660.75549999997,12,15.0
2023,open,056080,유진로봇,breakout,2023-09-07,2023-09-08,2023-09-26,2023-09-26,27,14100.0,13650.0,open,False,-13273.875,12,15.0
2023,open,004270,남성,breakout,2023-09-26,2023-09-27,2023-10-20,2023-10-20,18,20909.0,16973.0,open,False,-71870.81400000001,12,15.0
2023,open,003570,SNT다이내믹스,pullback,2023-10-20,2023-10-23,2023-11-08,2023-11-08,26,11630.0,13500.0,open,False,47639.92999999999,12,15.0
2023,open,105630,한세실업,breakout,2023-11-09,2023-11-10,2023-11-28,2023-11-28,15,23700.0,22150.0,open,False,-24281.625,12,15.0
2023,open,015360,INVENI,pullback,2023-11-28,2023-11-29,2023-12-15,2023-12-15,46,7110.0,7050.0,open,False,-3737.039999999979,12,15.0
2023,open,016360,삼성증권,breakout,2023-12-15,2023-12-18,2024-01-08,2024-01-08,8,40400.0,36600.0,open,False,-31324.00000000006,12,15.0
2023,close,114090,GKL,pullback,2023-01-02,2023-01-03,2023-01-19,2023-01-19,15,18750.0,19750.0,open,False,14133.75,12,15.0
2023,close,004870,티웨이홀딩스,breakout,2023-01-19,2023-01-20,2023-02-09,2023-02-09,94,3306.0,3244.0,open,False,-6751.549999999988,12,15.0
2023,close,053350,이니텍,breakout,2023-02-09,2023-02-10,2023-02-28,2023-02-28,59,5140.0,4760.0,open,False,-23296.150000000023,12,15.0
2023,close,126640,화신정공,pullback,2023-02-28,2023-03-02,2023-03-20,2023-03-20,168,1682.0,1613.0,open,False,-12422.339999999967,12,15.0
2023,close,064850,에프앤가이드,pullback,2023-03-20,2023-03-21,2023-04-06,2023-04-06,36,7400.0,7450.0,open,False,998.0999999999767,12,15.0
2023,close,008260,NI스틸,breakout,2023-04-06,2023-04-07,2023-04-25,2023-04-25,41,6570.0,6890.0,open,False,12292.210000000021,12,15.0
2023,close,011230,삼화전자,breakout,2023-04-25,2023-04-26,2023-05-16,2023-05-16,72,3938.0,7273.0,open,False,238909.212,12,15.0
2023,close,000850,화천기공,pullback,2023-05-16,2023-05-17,2023-06-05,2023-06-05,13,38650.0,38900.0,open,False,1737.774999999965,12,15.0
2023,close,085310,엔케이,breakout,2023-06-05,2023-06-07,2023-06-23,2023-06-23,54,9710.0,9970.0,open,False,12445.920000000042,12,15.0
2023,close,168360,펨트론,breakout,2023-06-23,2023-06-26,2023-07-12,2023-07-12,70,7650.0,8105.0,open,False,30195.724999999977,12,15.0
2023,close,011230,삼화전자,breakout,2023-07-12,2023-07-13,2023-07-31,2023-07-31,59,9527.0,7511.0,open,False,-120451.86300000001,12,15.0
2023,close,326030,SK바이오팜,breakout,2023-08-01,2023-08-02,2023-08-21,2023-08-21,4,90000.0,87300.0,open,False,-11863.799999999988,12,15.0
2023,close,149980,하이로닉,breakout,2023-08-21,2023-08-22,2023-09-07,2023-09-07,21,19912.0,17985.0,open,False,-41660.75549999997,12,15.0
2023,close,056080,유진로봇,breakout,2023-09-07,2023-09-08,2023-09-26,2023-09-26,27,14100.0,13650.0,open,False,-13273.875,12,15.0
2023,close,004270,남성,breakout,2023-09-26,2023-09-27,2023-10-20,2023-10-20,18,20909.0,16973.0,open,False,-71870.81400000001,12,15.0
2023,close,003570,SNT다이내믹스,pullback,2023-10-20,2023-10-23,2023-11-08,2023-11-08,26,11630.0,13500.0,open,False,47639.92999999999,12,15.0
2023,close,105630,한세실업,breakout,2023-11-09,2023-11-10,2023-11-28,2023-11-28,15,23700.0,22150.0,open,False,-24281.625,12,15.0
2023,close,015360,INVENI,pullback,2023-11-28,2023-11-29,2023-12-15,2023-12-15,46,7110.0,7050.0,open,False,-3737.039999999979,12,15.0
2023,close,016360,삼성증권,breakout,2023-12-15,2023-12-18,2024-01-08,2024-01-08,8,40400.0,36600.0,open,False,-31324.00000000006,12,15.0
2023,low,114090,GKL,pullback,2023-01-02,2023-01-03,2023-01-19,2023-01-19,15,18750.0,19750.0,open,False,14133.75,12,15.0
2023,low,004870,티웨이홀딩스,breakout,2023-01-19,2023-01-20,2023-02-09,2023-02-09,94,3306.0,3244.0,open,False,-6751.549999999988,12,15.0
2023,low,053350,이니텍,breakout,2023-02-09,2023-02-10,2023-02-28,2023-02-28,59,5140.0,4760.0,open,False,-23296.150000000023,12,15.0
2023,low,126640,화신정공,pullback,2023-02-28,2023-03-02,2023-03-20,2023-03-20,168,1682.0,1613.0,open,False,-12422.339999999967,12,15.0
2023,low,064850,에프앤가이드,pullback,2023-03-20,2023-03-21,2023-04-06,2023-04-06,36,7400.0,7450.0,open,False,998.0999999999767,12,15.0
2023,low,008260,NI스틸,breakout,2023-04-06,2023-04-07,2023-04-25,2023-04-25,41,6570.0,6890.0,open,False,12292.210000000021,12,15.0
2023,low,011230,삼화전자,breakout,2023-04-25,2023-04-26,2023-05-16,2023-05-16,72,3938.0,7273.0,open,False,238909.212,12,15.0
2023,low,000850,화천기공,pullback,2023-05-16,2023-05-17,2023-06-05,2023-06-05,13,38650.0,38900.0,open,False,1737.774999999965,12,15.0
2023,low,085310,엔케이,breakout,2023-06-05,2023-06-07,2023-06-23,2023-06-23,54,9710.0,9970.0,open,False,12445.920000000042,12,15.0
2023,low,168360,펨트론,breakout,2023-06-23,2023-06-26,2023-07-12,2023-07-12,70,7650.0,8105.0,open,False,30195.724999999977,12,15.0
2023,low,011230,삼화전자,breakout,2023-07-12,2023-07-13,2023-07-31,2023-07-31,59,9527.0,7511.0,open,False,-120451.86300000001,12,15.0
2023,low,326030,SK바이오팜,breakout,2023-08-01,2023-08-02,2023-08-21,2023-08-21,4,90000.0,87300.0,open,False,-11863.799999999988,12,15.0
2023,low,149980,하이로닉,breakout,2023-08-21,2023-08-22,2023-09-07,2023-09-07,21,19912.0,17985.0,open,False,-41660.75549999997,12,15.0
2023,low,056080,유진로봇,breakout,2023-09-07,2023-09-08,2023-09-26,2023-09-26,27,14100.0,13650.0,open,False,-13273.875,12,15.0
2023,low,004270,남성,breakout,2023-09-26,2023-09-27,2023-10-20,2023-10-20,18,20909.0,16973.0,open,False,-71870.81400000001,12,15.0
2023,low,003570,SNT다이내믹스,pullback,2023-10-20,2023-10-23,2023-11-08,2023-11-08,26,11630.0,13500.0,open,False,47639.92999999999,12,15.0
2023,low,105630,한세실업,breakout,2023-11-09,2023-11-10,2023-11-28,2023-11-28,15,23700.0,22150.0,open,False,-24281.625,12,15.0
2023,low,015360,INVENI,pullback,2023-11-28,2023-11-29,2023-12-15,2023-12-15,46,7110.0,7050.0,open,False,-3737.039999999979,12,15.0
2023,low,016360,삼성증권,breakout,2023-12-15,2023-12-18,2024-01-08,2024-01-08,8,40400.0,36600.0,open,False,-31324.00000000006,12,15.0
2024,open,326030,SK바이오팜,breakout,2024-01-02,2024-01-03,2024-01-19,2024-01-19,2,103300.0,88800.0,open,False,-29576.300000000017,12,15.0
2024,open,131370,알서포트,breakout,2024-01-19,2024-01-22,2024-02-07,2024-02-07,50,5310.0,4510.0,open,False,-40736.5,12,15.0
2024,open,004360,세방,breakout,2024-02-07,2024-02-08,2024-02-28,2024-02-28,15,14370.0,12520.0,open,False,-28355.024999999994,12,15.0
2024,open,163560,동일고무벨트,breakout,2024-02-28,2024-02-29,2024-03-19,2024-03-19,20,9720.0,9050.0,open,False,-13963.100000000006,12,15.0
2024,open,014160,대영포장,breakout,2024-03-19,2024-03-20,2024-04-05,2024-04-05,136,1368.0,1494.0,open,False,16552.152000000002,12,15.0
2024,open,026890,스틱인베스트먼트,pullback,2024-04-05,2024-04-08,2024-04-25,2024-04-25,25,7860.0,8800.0,open,False,22875.25,12,15.0
2024,open,089850,유비벨록스,breakout,2024-04-25,2024-04-26,2024-05-17,2024-05-17,19,11500.0,9580.0,open,False,-37080.78,12,15.0
2024,open,094280,효성ITX,breakout,2024-05-17,2024-05-20,2024-06-05,2024-06-05,14,13210.0,13010.0,open,False,-3350.6199999999953,12,15.0
2024,open,204320,HL만도,breakout,2024-06-05,2024-06-07,2024-06-25,2024-06-25,3,49000.0,43800.0,open,False,-16017.600000000006,12,15.0
2024,open,270870,뉴트리,pullback,2024-06-25,2024-06-26,2024-07-12,2024-07-12,15,10790.0,9710.0,open,False,-16661.25000000003,12,15.0
2024,open,220100,퓨쳐켐,breakout,2024-07-12,2024-07-15,2024-07-31,2024-07-31,9,16859.0,16859.0,open,False,-455.1929999999993,12,15.0
2024,open,036460,한국가스공사,pullback,2024-07-31,2024-08-01,2024-08-20,2024-08-20,3,43900.0,48000.0,open,False,11886.449999999983,12,15.0
2024,open,081580,성우전자,breakout,2024-08-20,2024-08-21,2024-09-06,2024-09-06,42,3850.0,3445.0,open,False,-17469.58500000002,12,15.0
2024,open,064850,에프앤가이드,breakout,2024-09-06,2024-09-09,2024-09-30,2024-09-30,10,14290.0,15930.0,open,False,15946.700000000012,12,15.0
2024,open,220100,퓨쳐켐,breakout,2024-09-30,2024-10-02,2024-10-22,2024-10-22,7,21820.0,22586.0,open,False,4895.736999999994,12,15.0
2024,open,015360,INVENI,breakout,2024-10-22,2024-10-23,2024-11-08,2024-11-08,16,10040.0,10140.0,open,False,1115.679999999993,12,15.0
2024,open,016090,대현,pullback,2024-11-08,2024-11-11,2024-11-27,2024-11-27,81,2090.0,2145.0,open,False,3940.4475000000093,12,15.0
2024,open,127120,제이에스링크,breakout,2024-11-27,2024-11-28,2024-12-16,2024-12-16,42,4100.0,4090.0,open,False,-935.9700000000012,12,15.0
2024,open,015360,INVENI,pullback,2024-12-16,2024-12-17,2025-01-07,2025-01-07,16,10400.0,9880.0,open,False,-8806.720000000001,12,15.0
2024,close,326030,SK바이오팜,breakout,2024-01-02,2024-01-03,2024-01-19,2024-01-19,2,103300.0,88800.0,open,False,-29576.300000000017,12,15.0
2024,close,131370,알서포트,breakout,2024-01-19,2024-01-22,2024-02-07,2024-02-07,50,5310.0,4510.0,open,False,-40736.5,12,15.0
2024,close,004360,세방,breakout,2024-02-07,2024-02-08,2024-02-28,2024-02-28,15,14370.0,12520.0,open,False,-28355.024999999994,12,15.0
2024,close,163560,동일고무벨트,breakout,2024-02-28,2024-02-29,2024-03-19,2024-03-19,20,9720.0,9050.0,open,False,-13963.100000000006,12,15.0
2024,close,014160,대영포장,breakout,2024-03-19,2024-03-20,2024-04-05,2024-04-05,136,1368.0,1494.0,open,False,16552.152000000002,12,15.0
2024,close,026890,스틱인베스트먼트,pullback,2024-04-05,2024-04-08,2024-04-25,2024-04-25,25,7860.0,8800.0,open,False,22875.25,12,15.0
2024,close,089850,유비벨록스,breakout,2024-04-25,2024-04-26,2024-05-17,2024-05-17,19,11500.0,9580.0,open,False,-37080.78,12,15.0
2024,close,094280,효성ITX,breakout,2024-05-17,2024-05-20,2024-06-05,2024-06-05,14,13210.0,13010.0,open,False,-3350.6199999999953,12,15.0
2024,close,204320,HL만도,breakout,2024-06-05,2024-06-07,2024-06-25,2024-06-25,3,49000.0,43800.0,open,False,-16017.600000000006,12,15.0
2024,close,270870,뉴트리,pullback,2024-06-25,2024-06-26,2024-07-12,2024-07-12,15,10790.0,9710.0,open,False,-16661.25000000003,12,15.0
2024,close,220100,퓨쳐켐,breakout,2024-07-12,2024-07-15,2024-07-31,2024-07-31,9,16859.0,16859.0,open,False,-455.1929999999993,12,15.0
2024,close,036460,한국가스공사,pullback,2024-07-31,2024-08-01,2024-08-20,2024-08-20,3,43900.0,48000.0,open,False,11886.449999999983,12,15.0
2024,close,081580,성우전자,breakout,2024-08-20,2024-08-21,2024-09-06,2024-09-06,42,3850.0,3445.0,open,False,-17469.58500000002,12,15.0
2024,close,064850,에프앤가이드,breakout,2024-09-06,2024-09-09,2024-09-30,2024-09-30,10,14290.0,15930.0,open,False,15946.700000000012,12,15.0
2024,close,220100,퓨쳐켐,breakout,2024-09-30,2024-10-02,2024-10-22,2024-10-22,7,21820.0,22586.0,open,False,4895.736999999994,12,15.0
2024,close,015360,INVENI,breakout,2024-10-22,2024-10-23,2024-11-08,2024-11-08,16,10040.0,10140.0,open,False,1115.679999999993,12,15.0
2024,close,016090,대현,pullback,2024-11-08,2024-11-11,2024-11-27,2024-11-27,81,2090.0,2145.0,open,False,3940.4475000000093,12,15.0
2024,close,127120,제이에스링크,breakout,2024-11-27,2024-11-28,2024-12-16,2024-12-16,42,4100.0,4090.0,open,False,-935.9700000000012,12,15.0
2024,close,015360,INVENI,pullback,2024-12-16,2024-12-17,2025-01-07,2025-01-07,16,10400.0,9880.0,open,False,-8806.720000000001,12,15.0
2024,low,326030,SK바이오팜,breakout,2024-01-02,2024-01-03,2024-01-19,2024-01-19,2,103300.0,88800.0,open,False,-29576.300000000017,12,15.0
2024,low,131370,알서포트,breakout,2024-01-19,2024-01-22,2024-02-07,2024-02-07,50,5310.0,4510.0,open,False,-40736.5,12,15.0
2024,low,004360,세방,breakout,2024-02-07,2024-02-08,2024-02-28,2024-02-28,15,14370.0,12520.0,open,False,-28355.024999999994,12,15.0
2024,low,163560,동일고무벨트,breakout,2024-02-28,2024-02-29,2024-03-19,2024-03-19,20,9720.0,9050.0,open,False,-13963.100000000006,12,15.0
2024,low,014160,대영포장,breakout,2024-03-19,2024-03-20,2024-04-05,2024-04-05,136,1368.0,1494.0,open,False,16552.152000000002,12,15.0
2024,low,026890,스틱인베스트먼트,pullback,2024-04-05,2024-04-08,2024-04-25,2024-04-25,25,7860.0,8800.0,open,False,22875.25,12,15.0
2024,low,089850,유비벨록스,breakout,2024-04-25,2024-04-26,2024-05-17,2024-05-17,19,11500.0,9580.0,open,False,-37080.78,12,15.0
2024,low,094280,효성ITX,breakout,2024-05-17,2024-05-20,2024-06-05,2024-06-05,14,13210.0,13010.0,open,False,-3350.6199999999953,12,15.0
2024,low,204320,HL만도,breakout,2024-06-05,2024-06-07,2024-06-25,2024-06-25,3,49000.0,43800.0,open,False,-16017.600000000006,12,15.0
2024,low,270870,뉴트리,pullback,2024-06-25,2024-06-26,2024-07-12,2024-07-12,15,10790.0,9710.0,open,False,-16661.25000000003,12,15.0
2024,low,220100,퓨쳐켐,breakout,2024-07-12,2024-07-15,2024-07-31,2024-07-31,9,16859.0,16859.0,open,False,-455.1929999999993,12,15.0
2024,low,036460,한국가스공사,pullback,2024-07-31,2024-08-01,2024-08-20,2024-08-20,3,43900.0,48000.0,open,False,11886.449999999983,12,15.0
2024,low,081580,성우전자,breakout,2024-08-20,2024-08-21,2024-09-06,2024-09-06,42,3850.0,3445.0,open,False,-17469.58500000002,12,15.0
2024,low,064850,에프앤가이드,breakout,2024-09-06,2024-09-09,2024-09-30,2024-09-30,10,14290.0,15930.0,open,False,15946.700000000012,12,15.0
2024,low,220100,퓨쳐켐,breakout,2024-09-30,2024-10-02,2024-10-22,2024-10-22,7,21820.0,22586.0,open,False,4895.736999999994,12,15.0
2024,low,015360,INVENI,breakout,2024-10-22,2024-10-23,2024-11-08,2024-11-08,16,10040.0,10140.0,open,False,1115.679999999993,12,15.0
2024,low,016090,대현,pullback,2024-11-08,2024-11-11,2024-11-27,2024-11-27,81,2090.0,2145.0,open,False,3940.4475000000093,12,15.0
2024,low,127120,제이에스링크,breakout,2024-11-27,2024-11-28,2024-12-16,2024-12-16,42,4100.0,4090.0,open,False,-935.9700000000012,12,15.0
2024,low,015360,INVENI,pullback,2024-12-16,2024-12-17,2025-01-07,2025-01-07,16,10400.0,9880.0,open,False,-8806.720000000001,12,15.0
2025,open,204320,HL만도,pullback,2025-01-02,2025-01-03,2025-01-21,2025-01-21,7,42000.0,44000.0,open,False,13097.0,12,15.0
2025,open,004870,티웨이홀딩스,breakout,2025-01-21,2025-01-22,2025-02-13,2025-02-13,64,4876.0,4167.0,open,False,-46244.128000000026,12,15.0
2025,open,204320,HL만도,breakout,2025-02-13,2025-02-14,2025-03-05,2025-03-05,5,46650.0,41700.0,open,False,-25412.625,12,15.0
2025,open,085310,엔케이,pullback,2025-03-05,2025-03-06,2025-03-24,2025-03-24,24,9830.0,8500.0,open,False,-32579.880000000005,12,15.0
2025,open,030210,다올투자증권,breakout,2025-03-25,2025-03-26,2025-04-11,2025-04-11,62,3340.0,2875.0,open,False,-29407.995000000024,12,15.0
2025,open,310200,애니플러스,pullback,2025-04-11,2025-04-14,2025-04-30,2025-04-30,54,3315.0,3890.0,open,False,30466.39499999999,12,15.0
2025,open,006800,미래에셋증권,breakout,2025-04-30,2025-05-02,2025-05-22,2025-05-22,17,11778.0,13431.0,open,False,27458.170500000007,12,15.0
2025,open,114090,GKL,breakout,2025-05-22,2025-05-23,2025-06-12,2025-06-12,17,13840.0,14740.0,open,False,14571.209999999992,12,15.0
2025,open,053350,이니텍,breakout,2025-06-12,2025-06-13,2025-07-01,2025-07-01,22,11200.0,10550.0,open,False,-15017.75,12,15.0
2025,open,004360,세방,breakout,2025-07-01,2025-07-02,2025-07-18,2025-07-18,14,16070.0,15810.0,open,False,-4309.479999999981,12,15.0
2025,open,008260,NI스틸,pullback,2025-07-21,2025-07-22,2025-08-07,2025-08-07,60,3825.0,3665.0,open,False,-10274.099999999977,12,15.0
2025,open,011230,삼화전자,pullback,2025-08-07,2025-08-08,2025-08-27,2025-08-27,41,5370.0,3900.0,open,False,-60840.10500000001,12,15.0
2025,open,085310,엔케이,pullback,2025-08-27,2025-08-28,2025-09-15,2025-09-15,12,13200.0,14800.0,open,False,18696.0,12,15.0
2025,open,170920,엘티씨,breakout,2025-09-15,2025-09-16,2025-10-02,2025-10-02,11,16350.0,21000.0,open,False,50533.72499999998,12,15.0
2025,open,006800,미래에셋증권,pullback,2025-10-02,2025-10-10,2025-10-28,2025-10-28,10,22203.0,25091.0,open,False,28170.589999999997,12,15.0
2025,open,019170,신풍제약,breakout,2025-10-28,2025-10-29,2025-11-14,2025-11-14,16,15720.0,14370.0,open,False,-22322.160000000003,12,15.0
2025,open,220100,퓨쳐켐,breakout,2025-11-14,2025-11-17,2025-12-03,2025-12-03,9,24119.0,26216.0,open,False,18193.47749999998,12,15.0
2025,open,314130,지놈앤컴퍼니,breakout,2025-12-03,2025-12-04,2025-12-22,2025-12-22,57,4430.0,7090.0,open,False,150635.03999999998,12,15.0
2025,open,123700,SJM,breakout,2025-12-22,2025-12-23,2026-01-13,2026-01-13,101,4005.0,3665.0,open,False,-35502.005000000005,12,15.0
2025,close,204320,HL만도,pullback,2025-01-02,2025-01-03,2025-01-21,2025-01-21,7,42000.0,44000.0,open,False,13097.0,12,15.0
2025,close,004870,티웨이홀딩스,breakout,2025-01-21,2025-01-22,2025-02-13,2025-02-13,64,4876.0,4167.0,open,False,-46244.128000000026,12,15.0
2025,close,204320,HL만도,breakout,2025-02-13,2025-02-14,2025-03-05,2025-03-05,5,46650.0,41700.0,open,False,-25412.625,12,15.0
2025,close,085310,엔케이,pullback,2025-03-05,2025-03-06,2025-03-24,2025-03-24,24,9830.0,8500.0,open,False,-32579.880000000005,12,15.0
2025,close,030210,다올투자증권,breakout,2025-03-25,2025-03-26,2025-04-11,2025-04-11,62,3340.0,2875.0,open,False,-29407.995000000024,12,15.0
2025,close,310200,애니플러스,pullback,2025-04-11,2025-04-14,2025-04-30,2025-04-30,54,3315.0,3890.0,open,False,30466.39499999999,12,15.0
2025,close,006800,미래에셋증권,breakout,2025-04-30,2025-05-02,2025-05-22,2025-05-22,17,11778.0,13431.0,open,False,27458.170500000007,12,15.0
2025,close,114090,GKL,breakout,2025-05-22,2025-05-23,2025-06-12,2025-06-12,17,13840.0,14740.0,open,False,14571.209999999992,12,15.0
2025,close,053350,이니텍,breakout,2025-06-12,2025-06-13,2025-07-01,2025-07-01,22,11200.0,10550.0,open,False,-15017.75,12,15.0
2025,close,004360,세방,breakout,2025-07-01,2025-07-02,2025-07-18,2025-07-18,14,16070.0,15810.0,open,False,-4309.479999999981,12,15.0
2025,close,008260,NI스틸,pullback,2025-07-21,2025-07-22,2025-08-07,2025-08-07,60,3825.0,3665.0,open,False,-10274.099999999977,12,15.0
2025,close,011230,삼화전자,pullback,2025-08-07,2025-08-08,2025-08-27,2025-08-27,41,5370.0,3900.0,open,False,-60840.10500000001,12,15.0
2025,close,085310,엔케이,pullback,2025-08-27,2025-08-28,2025-09-15,2025-09-15,12,13200.0,14800.0,open,False,18696.0,12,15.0
2025,close,170920,엘티씨,breakout,2025-09-15,2025-09-16,2025-10-02,2025-10-02,11,16350.0,21000.0,open,False,50533.72499999998,12,15.0
2025,close,006800,미래에셋증권,pullback,2025-10-02,2025-10-10,2025-10-28,2025-10-28,10,22203.0,25091.0,open,False,28170.589999999997,12,15.0
2025,close,019170,신풍제약,breakout,2025-10-28,2025-10-29,2025-11-14,2025-11-14,16,15720.0,14370.0,open,False,-22322.160000000003,12,15.0
2025,close,220100,퓨쳐켐,breakout,2025-11-14,2025-11-17,2025-12-03,2025-12-03,9,24119.0,26216.0,open,False,18193.47749999998,12,15.0
2025,close,314130,지놈앤컴퍼니,breakout,2025-12-03,2025-12-04,2025-12-22,2025-12-22,57,4430.0,7090.0,open,False,150635.03999999998,12,15.0
2025,close,123700,SJM,breakout,2025-12-22,2025-12-23,2026-01-13,2026-01-13,101,4005.0,3665.0,open,False,-35502.005000000005,12,15.0
2025,low,204320,HL만도,pullback,2025-01-02,2025-01-03,2025-01-21,2025-01-21,7,42000.0,44000.0,open,False,13097.0,12,15.0
2025,low,004870,티웨이홀딩스,breakout,2025-01-21,2025-01-22,2025-02-13,2025-02-13,64,4876.0,4167.0,open,False,-46244.128000000026,12,15.0
2025,low,204320,HL만도,breakout,2025-02-13,2025-02-14,2025-03-05,2025-03-05,5,46650.0,41700.0,open,False,-25412.625,12,15.0
2025,low,085310,엔케이,pullback,2025-03-05,2025-03-06,2025-03-24,2025-03-24,24,9830.0,8500.0,open,False,-32579.880000000005,12,15.0
2025,low,030210,다올투자증권,breakout,2025-03-25,2025-03-26,2025-04-11,2025-04-11,62,3340.0,2875.0,open,False,-29407.995000000024,12,15.0
2025,low,310200,애니플러스,pullback,2025-04-11,2025-04-14,2025-04-30,2025-04-30,54,3315.0,3890.0,open,False,30466.39499999999,12,15.0
2025,low,006800,미래에셋증권,breakout,2025-04-30,2025-05-02,2025-05-22,2025-05-22,17,11778.0,13431.0,open,False,27458.170500000007,12,15.0
2025,low,114090,GKL,breakout,2025-05-22,2025-05-23,2025-06-12,2025-06-12,17,13840.0,14740.0,open,False,14571.209999999992,12,15.0
2025,low,053350,이니텍,breakout,2025-06-12,2025-06-13,2025-07-01,2025-07-01,22,11200.0,10550.0,open,False,-15017.75,12,15.0
2025,low,004360,세방,breakout,2025-07-01,2025-07-02,2025-07-18,2025-07-18,14,16070.0,15810.0,open,False,-4309.479999999981,12,15.0
2025,low,008260,NI스틸,pullback,2025-07-21,2025-07-22,2025-08-07,2025-08-07,60,3825.0,3665.0,open,False,-10274.099999999977,12,15.0
2025,low,011230,삼화전자,pullback,2025-08-07,2025-08-08,2025-08-27,2025-08-27,41,5370.0,3900.0,open,False,-60840.10500000001,12,15.0
2025,low,085310,엔케이,pullback,2025-08-27,2025-08-28,2025-09-15,2025-09-15,12,13200.0,14800.0,open,False,18696.0,12,15.0
2025,low,170920,엘티씨,breakout,2025-09-15,2025-09-16,2025-10-02,2025-10-02,11,16350.0,21000.0,open,False,50533.72499999998,12,15.0
2025,low,006800,미래에셋증권,pullback,2025-10-02,2025-10-10,2025-10-28,2025-10-28,10,22203.0,25091.0,open,False,28170.589999999997,12,15.0
2025,low,019170,신풍제약,breakout,2025-10-28,2025-10-29,2025-11-14,2025-11-14,16,15720.0,14370.0,open,False,-22322.160000000003,12,15.0
2025,low,220100,퓨쳐켐,breakout,2025-11-14,2025-11-17,2025-12-03,2025-12-03,9,24119.0,26216.0,open,False,18193.47749999998,12,15.0
2025,low,314130,지놈앤컴퍼니,breakout,2025-12-03,2025-12-04,2025-12-22,2025-12-22,57,4430.0,7090.0,open,False,150635.03999999998,12,15.0
2025,low,123700,SJM,breakout,2025-12-22,2025-12-23,2026-01-13,2026-01-13,101,4005.0,3665.0,open,False,-35502.005000000005,12,15.0
2023,open,114090,GKL,pullback,2023-01-02,2023-01-03,2023-01-20,2023-01-20,15,18750.0,19900.0,open,False,16380.375,13,15.0
2023,open,310200,애니플러스,pullback,2023-01-20,2023-01-25,2023-02-13,2023-02-13,67,4695.0,4405.0,open,False,-20344.54999999999,13,15.0
2023,open,064850,에프앤가이드,breakout,2023-02-13,2023-02-14,2023-03-06,2023-03-06,37,7790.0,7250.0,open,False,-20814.72000000003,13,15.0
2023,open,056080,유진로봇,breakout,2023-03-06,2023-03-07,2023-03-24,2023-03-24,35,7730.0,7210.0,open,False,-18984.350000000006,13,15.0
2023,open,115500,케이씨에스,breakout,2023-03-24,2023-03-27,2023-04-13,2023-04-13,20,12280.0,8960.0,open,False,-67037.20000000001,13,15.0
2023,open,004100,태양금속,breakout,2023-04-13,2023-04-14,2023-05-04,2023-05-04,88,2125.0,2010.0,open,False,-10665.819999999978,13,15.0
2023,open,017900,광전자,breakout,2023-05-04,2023-05-08,2023-05-25,2023-05-25,62,2830.0,2520.0,open,False,-19717.54999999999,13,15.0
2023,open,036620,감성코퍼레이션,breakout,2023-05-25,2023-05-26,2023-06-16,2023-06-16,44,3530.0,4215.0,open,False,29628.829999999987,13,15.0
2023,open,085310,엔케이,breakout,2023-06-16,2023-06-19,2023-07-06,2023-07-06,18,10220.0,10380.0,open,False,2323.8000000000175,13,15.0
2023,open,126640,화신정공,pullback,2023-07-06,2023-07-07,2023-07-26,2023-07-26,95,1994.0,1727.0,open,False,-25895.242500000022,13,15.0
2023,open,326030,SK바이오팜,pullback,2023-07-26,2023-07-27,2023-08-16,2023-08-16,1,83400.0,94200.0,open,False,10533.600000000006,13,15.0
2023,open,149980,하이로닉,breakout,2023-08-17,2023-08-18,2023-09-06,2023-09-06,11,15523.0,18246.0,open,False,29395.81150000001,13,15.0
2023,open,003570,SNT다이내믹스,breakout,2023-09-06,2023-09-07,2023-09-26,2023-09-26,17,11400.0,11300.0,open,False,-2278.850000000006,13,15.0
2023,open,004270,남성,breakout,2023-09-26,2023-09-27,2023-10-23,2023-10-23,9,20909.0,16854.0,open,False,-37004.80049999998,13,15.0
2023,open,003570,SNT다이내믹스,pullback,2023-10-23,2023-10-24,2023-11-10,2023-11-10,13,11990.0,13500.0,open,False,19132.944999999978,13,15.0
2023,open,015360,INVENI,breakout,2023-11-13,2023-11-14,2023-12-01,2023-12-01,26,6950.0,6990.0,open,False,496.3399999999965,13,15.0
2023,open,016450,한세예스24홀딩스,pullback,2023-12-05,2023-12-06,2023-12-26,2023-12-26,37,4930.0,5090.0,open,False,5363.889999999985,13,15.0
2023,open,279600,미디어젠,breakout,2023-12-26,2023-12-27,2024-01-17,2024-01-17,8,22032.0,20822.0,open,False,-10194.248000000021,13,15.0
2023,close,114090,GKL,pullback,2023-01-02,2023-01-03,2023-01-20,2023-01-20,15,18750.0,19900.0,open,False,16380.375,13,15.0
2023,close,310200,애니플러스,pullback,2023-01-20,2023-01-25,2023-02-13,2023-02-13,67,4695.0,4405.0,open,False,-20344.54999999999,13,15.0
2023,close,064850,에프앤가이드,breakout,2023-02-13,2023-02-14,2023-03-06,2023-03-06,37,7790.0,7250.0,open,False,-20814.72000000003,13,15.0
2023,close,056080,유진로봇,breakout,2023-03-06,2023-03-07,2023-03-24,2023-03-24,35,7730.0,7210.0,open,False,-18984.350000000006,13,15.0
2023,close,115500,케이씨에스,breakout,2023-03-24,2023-03-27,2023-04-13,2023-04-13,20,12280.0,8960.0,open,False,-67037.20000000001,13,15.0
2023,close,004100,태양금속,breakout,2023-04-13,2023-04-14,2023-05-04,2023-05-04,88,2125.0,2010.0,open,False,-10665.819999999978,13,15.0
2023,close,017900,광전자,breakout,2023-05-04,2023-05-08,2023-05-25,2023-05-25,62,2830.0,2520.0,open,False,-19717.54999999999,13,15.0
2023,close,036620,감성코퍼레이션,breakout,2023-05-25,2023-05-26,2023-06-16,2023-06-16,44,3530.0,4215.0,open,False,29628.829999999987,13,15.0
2023,close,085310,엔케이,breakout,2023-06-16,2023-06-19,2023-07-06,2023-07-06,18,10220.0,10380.0,open,False,2323.8000000000175,13,15.0
2023,close,126640,화신정공,pullback,2023-07-06,2023-07-07,2023-07-26,2023-07-26,95,1994.0,1727.0,open,False,-25895.242500000022,13,15.0
2023,close,326030,SK바이오팜,pullback,2023-07-26,2023-07-27,2023-08-16,2023-08-16,1,83400.0,94200.0,open,False,10533.600000000006,13,15.0
2023,close,149980,하이로닉,breakout,2023-08-17,2023-08-18,2023-09-06,2023-09-06,11,15523.0,18246.0,open,False,29395.81150000001,13,15.0
2023,close,003570,SNT다이내믹스,breakout,2023-09-06,2023-09-07,2023-09-26,2023-09-26,17,11400.0,11300.0,open,False,-2278.850000000006,13,15.0
2023,close,004270,남성,breakout,2023-09-26,2023-09-27,2023-10-23,2023-10-23,9,20909.0,16854.0,open,False,-37004.80049999998,13,15.0
2023,close,003570,SNT다이내믹스,pullback,2023-10-23,2023-10-24,2023-11-10,2023-11-10,13,11990.0,13500.0,open,False,19132.944999999978,13,15.0
2023,close,015360,INVENI,breakout,2023-11-13,2023-11-14,2023-12-01,2023-12-01,26,6950.0,6990.0,open,False,496.3399999999965,13,15.0
2023,close,016450,한세예스24홀딩스,pullback,2023-12-05,2023-12-06,2023-12-26,2023-12-26,37,4930.0,5090.0,open,False,5363.889999999985,13,15.0
2023,close,279600,미디어젠,breakout,2023-12-26,2023-12-27,2024-01-17,2024-01-17,8,22032.0,20822.0,open,False,-10194.248000000021,13,15.0
2023,low,114090,GKL,pullback,2023-01-02,2023-01-03,2023-01-20,2023-01-20,15,18750.0,19900.0,open,False,16380.375,13,15.0
2023,low,310200,애니플러스,pullback,2023-01-20,2023-01-25,2023-02-13,2023-02-13,67,4695.0,4405.0,open,False,-20344.54999999999,13,15.0
2023,low,064850,에프앤가이드,breakout,2023-02-13,2023-02-14,2023-03-06,2023-03-06,37,7790.0,7250.0,open,False,-20814.72000000003,13,15.0
2023,low,056080,유진로봇,breakout,2023-03-06,2023-03-07,2023-03-24,2023-03-24,35,7730.0,7210.0,open,False,-18984.350000000006,13,15.0
2023,low,115500,케이씨에스,breakout,2023-03-24,2023-03-27,2023-04-13,2023-04-13,20,12280.0,8960.0,open,False,-67037.20000000001,13,15.0
2023,low,004100,태양금속,breakout,2023-04-13,2023-04-14,2023-05-04,2023-05-04,88,2125.0,2010.0,open,False,-10665.819999999978,13,15.0
2023,low,017900,광전자,breakout,2023-05-04,2023-05-08,2023-05-25,2023-05-25,62,2830.0,2520.0,open,False,-19717.54999999999,13,15.0
2023,low,036620,감성코퍼레이션,breakout,2023-05-25,2023-05-26,2023-06-16,2023-06-16,44,3530.0,4215.0,open,False,29628.829999999987,13,15.0
2023,low,085310,엔케이,breakout,2023-06-16,2023-06-19,2023-07-06,2023-07-06,18,10220.0,10380.0,open,False,2323.8000000000175,13,15.0
2023,low,126640,화신정공,pullback,2023-07-06,2023-07-07,2023-07-26,2023-07-26,95,1994.0,1727.0,open,False,-25895.242500000022,13,15.0
2023,low,326030,SK바이오팜,pullback,2023-07-26,2023-07-27,2023-08-16,2023-08-16,1,83400.0,94200.0,open,False,10533.600000000006,13,15.0
2023,low,149980,하이로닉,breakout,2023-08-17,2023-08-18,2023-09-06,2023-09-06,11,15523.0,18246.0,open,False,29395.81150000001,13,15.0
2023,low,003570,SNT다이내믹스,breakout,2023-09-06,2023-09-07,2023-09-26,2023-09-26,17,11400.0,11300.0,open,False,-2278.850000000006,13,15.0
2023,low,004270,남성,breakout,2023-09-26,2023-09-27,2023-10-23,2023-10-23,9,20909.0,16854.0,open,False,-37004.80049999998,13,15.0
2023,low,003570,SNT다이내믹스,pullback,2023-10-23,2023-10-24,2023-11-10,2023-11-10,13,11990.0,13500.0,open,False,19132.944999999978,13,15.0
2023,low,015360,INVENI,breakout,2023-11-13,2023-11-14,2023-12-01,2023-12-01,26,6950.0,6990.0,open,False,496.3399999999965,13,15.0
2023,low,016450,한세예스24홀딩스,pullback,2023-12-05,2023-12-06,2023-12-26,2023-12-26,37,4930.0,5090.0,open,False,5363.889999999985,13,15.0
2023,low,279600,미디어젠,breakout,2023-12-26,2023-12-27,2024-01-17,2024-01-17,8,22032.0,20822.0,open,False,-10194.248000000021,13,15.0
2024,open,326030,SK바이오팜,breakout,2024-01-02,2024-01-03,2024-01-22,2024-01-22,2,103300.0,89400.0,open,False,-28378.100000000006,13,15.0
2024,open,270870,뉴트리,pullback,2024-01-22,2024-01-23,2024-02-13,2024-02-13,37,7170.0,7140.0,open,False,-1904.204999999958,13,15.0
2024,open,170920,엘티씨,pullback,2024-02-13,2024-02-14,2024-03-05,2024-03-05,16,16210.0,16050.0,open,False,-3334.2399999999907,13,15.0
2024,open,001460,BYC,breakout,2024-03-05,2024-03-06,2024-03-25,2024-03-25,5,50500.0,49100.0,open,False,-7747.0,13,15.0
2024,open,026890,스틱인베스트먼트,breakout,2024-03-25,2024-03-26,2024-04-15,2024-04-15,34,7540.0,7990.0,open,False,14507.970000000001,13,15.0
2024,open,096870,엘디티,pullback,2024-04-15,2024-04-16,2024-05-07,2024-05-07,86,3170.0,3120.0,open,False,-5111.409999999974,13,15.0
2024,open,014830,유니드,breakout,2024-05-07,2024-05-08,2024-05-28,2024-05-28,2,104200.0,111000.0,open,False,12954.399999999994,13,15.0
2024,open,051630,진양화학,pullback,2024-05-28,2024-05-29,2024-06-18,2024-06-18,87,3206.0,3338.0,open,False,10630.007999999973,13,15.0
2024,open,081580,성우전자,breakout,2024-06-18,2024-06-19,2024-07-08,2024-07-08,81,3570.0,4070.0,open,False,39571.73999999999,13,15.0
2024,open,009300,삼아제약,pullback,2024-07-08,2024-07-09,2024-07-26,2024-07-26,14,23350.0,31450.0,open,False,112249.20000000001,13,15.0
2024,open,006360,GS건설,breakout,2024-07-26,2024-07-29,2024-08-16,2024-08-16,23,19220.0,19560.0,open,False,6482.090000000026,13,15.0
2024,open,000080,하이트진로,breakout,2024-08-19,2024-08-20,2024-09-06,2024-09-06,20,22250.0,20300.0,open,False,-40276.5,13,15.0
2024,open,064850,에프앤가이드,breakout,2024-09-06,2024-09-09,2024-10-02,2024-10-02,28,14290.0,15530.0,open,False,33467.56,13,15.0
2024,open,081580,성우전자,breakout,2024-10-04,2024-10-07,2024-10-25,2024-10-25,90,4890.0,4780.0,open,False,-11205.450000000012,13,15.0
2024,open,004870,티웨이홀딩스,pullback,2024-10-25,2024-10-28,2024-11-14,2024-11-14,113,3810.0,3230.0,open,False,-66733.28000000003,13,15.0
2024,open,006800,미래에셋증권,pullback,2024-11-14,2024-11-15,2024-12-04,2024-12-04,42,8542.0,8911.0,open,False,14398.46100000001,13,15.0
2024,open,016090,대현,pullback,2024-12-04,2024-12-05,2024-12-24,2024-12-24,173,2190.0,2355.0,open,False,27365.57250000001,13,15.0
2024,open,015360,INVENI,breakout,2024-12-26,2024-12-27,2025-01-17,2025-01-17,37,10760.0,9920.0,open,False,-32227.74000000005,13,15.0
2024,close,326030,SK바이오팜,breakout,2024-01-02,2024-01-03,2024-01-22,2024-01-22,2,103300.0,89400.0,open,False,-28378.100000000006,13,15.0
2024,close,270870,뉴트리,pullback,2024-01-22,2024-01-23,2024-02-13,2024-02-13,37,7170.0,7140.0,open,False,-1904.204999999958,13,15.0
2024,close,170920,엘티씨,pullback,2024-02-13,2024-02-14,2024-03-05,2024-03-05,16,16210.0,16050.0,open,False,-3334.2399999999907,13,15.0
2024,close,001460,BYC,breakout,2024-03-05,2024-03-06,2024-03-25,2024-03-25,5,50500.0,49100.0,open,False,-7747.0,13,15.0
2024,close,026890,스틱인베스트먼트,breakout,2024-03-25,2024-03-26,2024-04-15,2024-04-15,34,7540.0,7990.0,open,False,14507.970000000001,13,15.0
2024,close,096870,엘디티,pullback,2024-04-15,2024-04-16,2024-05-07,2024-05-07,86,3170.0,3120.0,open,False,-5111.409999999974,13,15.0
2024,close,014830,유니드,breakout,2024-05-07,2024-05-08,2024-05-28,2024-05-28,2,104200.0,111000.0,open,False,12954.399999999994,13,15.0
2024,close,051630,진양화학,pullback,2024-05-28,2024-05-29,2024-06-18,2024-06-18,87,3206.0,3338.0,open,False,10630.007999999973,13,15.0
2024,close,081580,성우전자,breakout,2024-06-18,2024-06-19,2024-07-08,2024-07-08,81,3570.0,4070.0,open,False,39571.73999999999,13,15.0
2024,close,009300,삼아제약,pullback,2024-07-08,2024-07-09,2024-07-26,2024-07-26,14,23350.0,31450.0,open,False,112249.20000000001,13,15.0
2024,close,006360,GS건설,breakout,2024-07-26,2024-07-29,2024-08-16,2024-08-16,23,19220.0,19560.0,open,False,6482.090000000026,13,15.0
2024,close,000080,하이트진로,breakout,2024-08-19,2024-08-20,2024-09-06,2024-09-06,20,22250.0,20300.0,open,False,-40276.5,13,15.0
2024,close,064850,에프앤가이드,breakout,2024-09-06,2024-09-09,2024-10-02,2024-10-02,28,14290.0,15530.0,open,False,33467.56,13,15.0
2024,close,081580,성우전자,breakout,2024-10-04,2024-10-07,2024-10-25,2024-10-25,90,4890.0,4780.0,open,False,-11205.450000000012,13,15.0
2024,close,004870,티웨이홀딩스,pullback,2024-10-25,2024-10-28,2024-11-14,2024-11-14,113,3810.0,3230.0,open,False,-66733.28000000003,13,15.0
2024,close,006800,미래에셋증권,pullback,2024-11-14,2024-11-15,2024-12-04,2024-12-04,42,8542.0,8911.0,open,False,14398.46100000001,13,15.0
2024,close,016090,대현,pullback,2024-12-04,2024-12-05,2024-12-24,2024-12-24,173,2190.0,2355.0,open,False,27365.57250000001,13,15.0
2024,close,015360,INVENI,breakout,2024-12-26,2024-12-27,2025-01-17,2025-01-17,37,10760.0,9920.0,open,False,-32227.74000000005,13,15.0
2024,low,326030,SK바이오팜,breakout,2024-01-02,2024-01-03,2024-01-22,2024-01-22,2,103300.0,89400.0,open,False,-28378.100000000006,13,15.0
2024,low,270870,뉴트리,pullback,2024-01-22,2024-01-23,2024-02-13,2024-02-13,37,7170.0,7140.0,open,False,-1904.204999999958,13,15.0
2024,low,170920,엘티씨,pullback,2024-02-13,2024-02-14,2024-03-05,2024-03-05,16,16210.0,16050.0,open,False,-3334.2399999999907,13,15.0
2024,low,001460,BYC,breakout,2024-03-05,2024-03-06,2024-03-25,2024-03-25,5,50500.0,49100.0,open,False,-7747.0,13,15.0
2024,low,026890,스틱인베스트먼트,breakout,2024-03-25,2024-03-26,2024-04-15,2024-04-15,34,7540.0,7990.0,open,False,14507.970000000001,13,15.0
2024,low,096870,엘디티,pullback,2024-04-15,2024-04-16,2024-05-07,2024-05-07,86,3170.0,3120.0,open,False,-5111.409999999974,13,15.0
2024,low,014830,유니드,breakout,2024-05-07,2024-05-08,2024-05-28,2024-05-28,2,104200.0,111000.0,open,False,12954.399999999994,13,15.0
2024,low,051630,진양화학,pullback,2024-05-28,2024-05-29,2024-06-18,2024-06-18,87,3206.0,3338.0,open,False,10630.007999999973,13,15.0
2024,low,081580,성우전자,breakout,2024-06-18,2024-06-19,2024-07-08,2024-07-08,81,3570.0,4070.0,open,False,39571.73999999999,13,15.0
2024,low,009300,삼아제약,pullback,2024-07-08,2024-07-09,2024-07-26,2024-07-26,14,23350.0,31450.0,open,False,112249.20000000001,13,15.0
2024,low,006360,GS건설,breakout,2024-07-26,2024-07-29,2024-08-16,2024-08-16,23,19220.0,19560.0,open,False,6482.090000000026,13,15.0
2024,low,000080,하이트진로,breakout,2024-08-19,2024-08-20,2024-09-06,2024-09-06,20,22250.0,20300.0,open,False,-40276.5,13,15.0
2024,low,064850,에프앤가이드,breakout,2024-09-06,2024-09-09,2024-10-02,2024-10-02,28,14290.0,15530.0,open,False,33467.56,13,15.0
2024,low,081580,성우전자,breakout,2024-10-04,2024-10-07,2024-10-25,2024-10-25,90,4890.0,4780.0,open,False,-11205.450000000012,13,15.0
2024,low,004870,티웨이홀딩스,pullback,2024-10-25,2024-10-28,2024-11-14,2024-11-14,113,3810.0,3230.0,open,False,-66733.28000000003,13,15.0
2024,low,006800,미래에셋증권,pullback,2024-11-14,2024-11-15,2024-12-04,2024-12-04,42,8542.0,8911.0,open,False,14398.46100000001,13,15.0
2024,low,016090,대현,pullback,2024-12-04,2024-12-05,2024-12-24,2024-12-24,173,2190.0,2355.0,open,False,27365.57250000001,13,15.0
2024,low,015360,INVENI,breakout,2024-12-26,2024-12-27,2025-01-17,2025-01-17,37,10760.0,9920.0,open,False,-32227.74000000005,13,15.0
2025,open,204320,HL만도,pullback,2025-01-02,2025-01-03,2025-01-22,2025-01-22,7,42000.0,45150.0,open,False,21134.92499999999,13,15.0
2025,open,004870,티웨이홀딩스,breakout,2025-01-22,2025-01-23,2025-02-17,2025-02-17,55,5727.0,4114.0,open,False,-89526.88250000004,13,15.0
2025,open,003030,세아제강지주,pullback,2025-02-17,2025-02-18,2025-03-10,2025-03-10,1,218500.0,273000.0,open,False,53762.75,13,15.0
2025,open,053350,이니텍,breakout,2025-03-10,2025-03-11,2025-03-28,2025-03-28,47,6050.0,7710.0,open,False,77049.91999999998,13,15.0
2025,open,053350,이니텍,breakout,2025-03-28,2025-03-31,2025-04-17,2025-04-17,36,9970.0,9830.0,open,False,-6109.200000000012,13,15.0
2025,open,030210,다올투자증권,breakout,2025-04-17,2025-04-18,2025-05-12,2025-05-12,97,3650.0,3435.0,open,False,-21885.867499999993,13,15.0
2025,open,006800,미래에셋증권,breakout,2025-05-12,2025-05-13,2025-05-30,2025-05-30,26,12495.0,16468.0,open,False,102168.44300000003,13,15.0
2025,open,014680,한솔케미칼,breakout,2025-05-30,2025-06-02,2025-06-23,2025-06-23,3,131800.0,159000.0,open,False,80291.39999999997,13,15.0
2025,open,006220,제주은행,breakout,2025-06-23,2025-06-24,2025-07-11,2025-07-11,45,11290.0,18510.0,open,False,322888.50000000006,13,15.0
2025,open,030210,다올투자증권,breakout,2025-07-11,2025-07-14,2025-07-31,2025-07-31,201,4160.0,3415.0,open,False,-152028.86249999993,13,15.0
2025,open,025980,아난티,pullback,2025-07-31,2025-08-01,2025-08-21,2025-08-21,70,9760.0,10020.0,open,False,16123.099999999977,13,15.0
2025,open,006220,제주은행,pullback,2025-08-21,2025-08-22,2025-09-10,2025-09-10,46,15190.0,14000.0,open,False,-56754.109999999986,13,15.0
2025,open,170920,엘티씨,breakout,2025-09-11,2025-09-12,2025-10-01,2025-10-01,44,14670.0,19500.0,open,False,210264.7799999999,13,15.0
2025,open,102460,이연제약,pullback,2025-10-01,2025-10-02,2025-10-28,2025-10-28,72,11870.0,11120.0,open,False,-56482.92000000004,13,15.0
2025,open,019170,신풍제약,breakout,2025-10-28,2025-10-29,2025-11-17,2025-11-17,50,15720.0,14750.0,open,False,-50785.25,13,15.0
2025,open,220100,퓨쳐켐,breakout,2025-11-17,2025-11-18,2025-12-05,2025-12-05,29,25490.0,25893.0,open,False,9451.839500000002,13,15.0
2025,open,204320,HL만도,breakout,2025-12-05,2025-12-08,2025-12-26,2025-12-26,12,61000.0,54900.0,open,False,-75286.19999999995,13,15.0
2025,open,126640,화신정공,pullback,2025-12-26,2025-12-29,2026-01-19,2026-01-19,520,1313.0,1437.0,open,False,62335.0,13,15.0
2025,close,204320,HL만도,pullback,2025-01-02,2025-01-03,2025-01-22,2025-01-22,7,42000.0,45150.0,open,False,21134.92499999999,13,15.0
2025,close,004870,티웨이홀딩스,breakout,2025-01-22,2025-01-23,2025-02-17,2025-02-17,55,5727.0,4114.0,open,False,-89526.88250000004,13,15.0
2025,close,003030,세아제강지주,pullback,2025-02-17,2025-02-18,2025-03-10,2025-03-10,1,218500.0,273000.0,open,False,53762.75,13,15.0
2025,close,053350,이니텍,breakout,2025-03-10,2025-03-11,2025-03-28,2025-03-28,47,6050.0,7710.0,open,False,77049.91999999998,13,15.0
2025,close,053350,이니텍,breakout,2025-03-28,2025-03-31,2025-04-17,2025-04-17,36,9970.0,9830.0,open,False,-6109.200000000012,13,15.0
2025,close,030210,다올투자증권,breakout,2025-04-17,2025-04-18,2025-05-12,2025-05-12,97,3650.0,3435.0,open,False,-21885.867499999993,13,15.0
2025,close,006800,미래에셋증권,breakout,2025-05-12,2025-05-13,2025-05-30,2025-05-30,26,12495.0,16468.0,open,False,102168.44300000003,13,15.0
2025,close,014680,한솔케미칼,breakout,2025-05-30,2025-06-02,2025-06-23,2025-06-23,3,131800.0,159000.0,open,False,80291.39999999997,13,15.0
2025,close,006220,제주은행,breakout,2025-06-23,2025-06-24,2025-07-11,2025-07-11,45,11290.0,18510.0,open,False,322888.50000000006,13,15.0
2025,close,030210,다올투자증권,breakout,2025-07-11,2025-07-14,2025-07-31,2025-07-31,201,4160.0,3415.0,open,False,-152028.86249999993,13,15.0
2025,close,025980,아난티,pullback,2025-07-31,2025-08-01,2025-08-21,2025-08-21,70,9760.0,10020.0,open,False,16123.099999999977,13,15.0
2025,close,006220,제주은행,pullback,2025-08-21,2025-08-22,2025-09-10,2025-09-10,46,15190.0,14000.0,open,False,-56754.109999999986,13,15.0
2025,close,170920,엘티씨,breakout,2025-09-11,2025-09-12,2025-10-01,2025-10-01,44,14670.0,19500.0,open,False,210264.7799999999,13,15.0
2025,close,102460,이연제약,pullback,2025-10-01,2025-10-02,2025-10-28,2025-10-28,72,11870.0,11120.0,open,False,-56482.92000000004,13,15.0
2025,close,019170,신풍제약,breakout,2025-10-28,2025-10-29,2025-11-17,2025-11-17,50,15720.0,14750.0,open,False,-50785.25,13,15.0
2025,close,220100,퓨쳐켐,breakout,2025-11-17,2025-11-18,2025-12-05,2025-12-05,29,25490.0,25893.0,open,False,9451.839500000002,13,15.0
2025,close,204320,HL만도,breakout,2025-12-05,2025-12-08,2025-12-26,2025-12-26,12,61000.0,54900.0,open,False,-75286.19999999995,13,15.0
2025,close,126640,화신정공,pullback,2025-12-26,2025-12-29,2026-01-19,2026-01-19,520,1313.0,1437.0,open,False,62335.0,13,15.0
2025,low,204320,HL만도,pullback,2025-01-02,2025-01-03,2025-01-22,2025-01-22,7,42000.0,45150.0,open,False,21134.92499999999,13,15.0
2025,low,004870,티웨이홀딩스,breakout,2025-01-22,2025-01-23,2025-02-17,2025-02-17,55,5727.0,4114.0,open,False,-89526.88250000004,13,15.0
2025,low,003030,세아제강지주,pullback,2025-02-17,2025-02-18,2025-03-10,2025-03-10,1,218500.0,273000.0,open,False,53762.75,13,15.0
2025,low,053350,이니텍,breakout,2025-03-10,2025-03-11,2025-03-28,2025-03-28,47,6050.0,7710.0,open,False,77049.91999999998,13,15.0
2025,low,053350,이니텍,breakout,2025-03-28,2025-03-31,2025-04-17,2025-04-17,36,9970.0,9830.0,open,False,-6109.200000000012,13,15.0
2025,low,030210,다올투자증권,breakout,2025-04-17,2025-04-18,2025-05-12,2025-05-12,97,3650.0,3435.0,open,False,-21885.867499999993,13,15.0
2025,low,006800,미래에셋증권,breakout,2025-05-12,2025-05-13,2025-05-30,2025-05-30,26,12495.0,16468.0,open,False,102168.44300000003,13,15.0
2025,low,014680,한솔케미칼,breakout,2025-05-30,2025-06-02,2025-06-23,2025-06-23,3,131800.0,159000.0,open,False,80291.39999999997,13,15.0
2025,low,006220,제주은행,breakout,2025-06-23,2025-06-24,2025-07-11,2025-07-11,45,11290.0,18510.0,open,False,322888.50000000006,13,15.0
2025,low,030210,다올투자증권,breakout,2025-07-11,2025-07-14,2025-07-31,2025-07-31,201,4160.0,3415.0,open,False,-152028.86249999993,13,15.0
2025,low,025980,아난티,pullback,2025-07-31,2025-08-01,2025-08-21,2025-08-21,70,9760.0,10020.0,open,False,16123.099999999977,13,15.0
2025,low,006220,제주은행,pullback,2025-08-21,2025-08-22,2025-09-10,2025-09-10,46,15190.0,14000.0,open,False,-56754.109999999986,13,15.0
2025,low,170920,엘티씨,breakout,2025-09-11,2025-09-12,2025-10-01,2025-10-01,44,14670.0,19500.0,open,False,210264.7799999999,13,15.0
2025,low,102460,이연제약,pullback,2025-10-01,2025-10-02,2025-10-28,2025-10-28,72,11870.0,11120.0,open,False,-56482.92000000004,13,15.0
2025,low,019170,신풍제약,breakout,2025-10-28,2025-10-29,2025-11-17,2025-11-17,50,15720.0,14750.0,open,False,-50785.25,13,15.0
2025,low,220100,퓨쳐켐,breakout,2025-11-17,2025-11-18,2025-12-05,2025-12-05,29,25490.0,25893.0,open,False,9451.839500000002,13,15.0
2025,low,204320,HL만도,breakout,2025-12-05,2025-12-08,2025-12-26,2025-12-26,12,61000.0,54900.0,open,False,-75286.19999999995,13,15.0
2025,low,126640,화신정공,pullback,2025-12-26,2025-12-29,2026-01-19,2026-01-19,520,1313.0,1437.0,open,False,62335.0,13,15.0
2023,open,114090,GKL,pullback,2023-01-02,2023-01-03,2023-01-25,2023-01-25,15,18750.0,20300.0,open,False,22371.375,14,15.0
2023,open,003830,대한화섬,breakout,2023-01-25,2023-01-26,2023-02-15,2023-02-15,2,130100.0,130000.0,open,False,-980.3000000000175,14,15.0
2023,open,105630,한세실업,pullback,2023-02-15,2023-02-16,2023-03-09,2023-03-09,18,17780.0,17430.0,open,False,-7250.669999999984,14,15.0
2023,open,115500,케이씨에스,breakout,2023-03-09,2023-03-10,2023-03-30,2023-03-30,32,9790.0,11260.0,open,False,46029.59999999998,14,15.0
2023,open,319400,현대무벡스,breakout,2023-03-30,2023-03-31,2023-04-20,2023-04-20,97,3685.0,4995.0,open,False,125807.06,14,15.0
2023,open,319400,현대무벡스,breakout,2023-04-20,2023-04-21,2023-05-15,2023-05-15,95,5060.0,4810.0,open,False,-25156.475000000035,14,15.0
2023,open,002700,신일전자,breakout,2023-05-15,2023-05-16,2023-06-07,2023-06-07,205,2235.0,1981.0,open,False,-53366.419999999984,14,15.0
2023,open,126640,화신정공,breakout,2023-06-07,2023-06-08,2023-06-28,2023-06-28,194,2090.0,1926.0,open,False,-32984.65599999996,14,15.0
2023,open,105630,한세실업,breakout,2023-06-28,2023-06-29,2023-07-19,2023-07-19,18,20750.0,18370.0,open,False,-43896.23999999999,14,15.0
2023,open,149980,하이로닉,pullback,2023-07-19,2023-07-20,2023-08-09,2023-08-09,23,13801.0,14119.0,open,False,6350.759999999951,14,15.0
2023,open,326030,SK바이오팜,breakout,2023-08-09,2023-08-10,2023-08-31,2023-08-31,3,98200.0,86300.0,open,False,-36530.25,14,15.0
2023,open,105560,KB금융,breakout,2023-08-31,2023-09-01,2023-09-21,2023-09-21,5,54200.0,57000.0,open,False,13166.0,14,15.0
2023,open,089850,유비벨록스,pullback,2023-09-21,2023-09-22,2023-10-19,2023-10-19,34,9159.0,7643.0,open,False,-52400.90199999997,14,15.0
2023,open,105630,한세실업,pullback,2023-10-19,2023-10-20,2023-11-09,2023-11-09,12,21100.0,22900.0,open,False,20807.99999999997,14,15.0
2023,open,105630,한세실업,breakout,2023-11-09,2023-11-10,2023-11-30,2023-11-30,11,23700.0,21050.0,open,False,-29888.375,14,15.0
2023,open,016360,삼성증권,pullback,2023-11-30,2023-12-01,2023-12-21,2023-12-21,6,38900.0,40400.0,open,False,8286.300000000017,14,15.0
2023,open,279600,미디어젠,breakout,2023-12-21,2023-12-22,2024-01-16,2024-01-16,13,18982.0,20834.0,open,False,23299.588000000018,14,15.0
2023,close,114090,GKL,pullback,2023-01-02,2023-01-03,2023-01-25,2023-01-25,15,18750.0,20300.0,open,False,22371.375,14,15.0
2023,close,003830,대한화섬,breakout,2023-01-25,2023-01-26,2023-02-15,2023-02-15,2,130100.0,130000.0,open,False,-980.3000000000175,14,15.0
2023,close,105630,한세실업,pullback,2023-02-15,2023-02-16,2023-03-09,2023-03-09,18,17780.0,17430.0,open,False,-7250.669999999984,14,15.0
2023,close,115500,케이씨에스,breakout,2023-03-09,2023-03-10,2023-03-30,2023-03-30,32,9790.0,11260.0,open,False,46029.59999999998,14,15.0
2023,close,319400,현대무벡스,breakout,2023-03-30,2023-03-31,2023-04-20,2023-04-20,97,3685.0,4995.0,open,False,125807.06,14,15.0
2023,close,319400,현대무벡스,breakout,2023-04-20,2023-04-21,2023-05-15,2023-05-15,95,5060.0,4810.0,open,False,-25156.475000000035,14,15.0
2023,close,002700,신일전자,breakout,2023-05-15,2023-05-16,2023-06-07,2023-06-07,205,2235.0,1981.0,open,False,-53366.419999999984,14,15.0
2023,close,126640,화신정공,breakout,2023-06-07,2023-06-08,2023-06-28,2023-06-28,194,2090.0,1926.0,open,False,-32984.65599999996,14,15.0
2023,close,105630,한세실업,breakout,2023-06-28,2023-06-29,2023-07-19,2023-07-19,18,20750.0,18370.0,open,False,-43896.23999999999,14,15.0
2023,close,149980,하이로닉,pullback,2023-07-19,2023-07-20,2023-08-09,2023-08-09,23,13801.0,14119.0,open,False,6350.759999999951,14,15.0
2023,close,326030,SK바이오팜,breakout,2023-08-09,2023-08-10,2023-08-31,2023-08-31,3,98200.0,86300.0,open,False,-36530.25,14,15.0
2023,close,105560,KB금융,breakout,2023-08-31,2023-09-01,2023-09-21,2023-09-21,5,54200.0,57000.0,open,False,13166.0,14,15.0
2023,close,089850,유비벨록스,pullback,2023-09-21,2023-09-22,2023-10-19,2023-10-19,34,9159.0,7643.0,open,False,-52400.90199999997,14,15.0
2023,close,105630,한세실업,pullback,2023-10-19,2023-10-20,2023-11-09,2023-11-09,12,21100.0,22900.0,open,False,20807.99999999997,14,15.0
2023,close,105630,한세실업,breakout,2023-11-09,2023-11-10,2023-11-30,2023-11-30,11,23700.0,21050.0,open,False,-29888.375,14,15.0
2023,close,016360,삼성증권,pullback,2023-11-30,2023-12-01,2023-12-21,2023-12-21,6,38900.0,40400.0,open,False,8286.300000000017,14,15.0
2023,close,279600,미디어젠,breakout,2023-12-21,2023-12-22,2024-01-16,2024-01-16,13,18982.0,20834.0,open,False,23299.588000000018,14,15.0
2023,low,114090,GKL,pullback,2023-01-02,2023-01-03,2023-01-25,2023-01-25,15,18750.0,20300.0,open,False,22371.375,14,15.0
2023,low,003830,대한화섬,breakout,2023-01-25,2023-01-26,2023-02-15,2023-02-15,2,130100.0,130000.0,open,False,-980.3000000000175,14,15.0
2023,low,105630,한세실업,pullback,2023-02-15,2023-02-16,2023-03-09,2023-03-09,18,17780.0,17430.0,open,False,-7250.669999999984,14,15.0
2023,low,115500,케이씨에스,breakout,2023-03-09,2023-03-10,2023-03-30,2023-03-30,32,9790.0,11260.0,open,False,46029.59999999998,14,15.0
2023,low,319400,현대무벡스,breakout,2023-03-30,2023-03-31,2023-04-20,2023-04-20,97,3685.0,4995.0,open,False,125807.06,14,15.0
2023,low,319400,현대무벡스,breakout,2023-04-20,2023-04-21,2023-05-15,2023-05-15,95,5060.0,4810.0,open,False,-25156.475000000035,14,15.0
2023,low,002700,신일전자,breakout,2023-05-15,2023-05-16,2023-06-07,2023-06-07,205,2235.0,1981.0,open,False,-53366.419999999984,14,15.0
2023,low,126640,화신정공,breakout,2023-06-07,2023-06-08,2023-06-28,2023-06-28,194,2090.0,1926.0,open,False,-32984.65599999996,14,15.0
2023,low,105630,한세실업,breakout,2023-06-28,2023-06-29,2023-07-19,2023-07-19,18,20750.0,18370.0,open,False,-43896.23999999999,14,15.0
2023,low,149980,하이로닉,pullback,2023-07-19,2023-07-20,2023-08-09,2023-08-09,23,13801.0,14119.0,open,False,6350.759999999951,14,15.0
2023,low,326030,SK바이오팜,breakout,2023-08-09,2023-08-10,2023-08-31,2023-08-31,3,98200.0,86300.0,open,False,-36530.25,14,15.0
2023,low,105560,KB금융,breakout,2023-08-31,2023-09-01,2023-09-21,2023-09-21,5,54200.0,57000.0,open,False,13166.0,14,15.0
2023,low,089850,유비벨록스,pullback,2023-09-21,2023-09-22,2023-10-19,2023-10-19,34,9159.0,7643.0,open,False,-52400.90199999997,14,15.0
2023,low,105630,한세실업,pullback,2023-10-19,2023-10-20,2023-11-09,2023-11-09,12,21100.0,22900.0,open,False,20807.99999999997,14,15.0
2023,low,105630,한세실업,breakout,2023-11-09,2023-11-10,2023-11-30,2023-11-30,11,23700.0,21050.0,open,False,-29888.375,14,15.0
2023,low,016360,삼성증권,pullback,2023-11-30,2023-12-01,2023-12-21,2023-12-21,6,38900.0,40400.0,open,False,8286.300000000017,14,15.0
2023,low,279600,미디어젠,breakout,2023-12-21,2023-12-22,2024-01-16,2024-01-16,13,18982.0,20834.0,open,False,23299.588000000018,14,15.0
2024,open,326030,SK바이오팜,breakout,2024-01-02,2024-01-03,2024-01-23,2024-01-23,2,103300.0,92600.0,open,False,-21987.70000000001,14,15.0
2024,open,279600,미디어젠,pullback,2024-01-23,2024-01-24,2024-02-15,2024-02-15,12,22250.0,16633.0,open,False,-68103.894,14,15.0
2024,open,003530,한화투자증권,breakout,2024-02-15,2024-02-16,2024-03-08,2024-03-08,46,4510.0,4360.0,open,False,-7512.029999999999,14,15.0
2024,open,170920,엘티씨,pullback,2024-03-08,2024-03-11,2024-03-29,2024-03-29,12,16050.0,12310.0,open,False,-45390.48000000001,14,15.0
2024,open,094280,효성ITX,breakout,2024-03-29,2024-04-01,2024-04-22,2024-04-22,12,12830.0,12550.0,open,False,-3816.8399999999965,14,15.0
2024,open,105560,KB금융,pullback,2024-04-22,2024-04-23,2024-05-16,2024-05-16,2,70500.0,77500.0,open,False,13556.0,14,15.0
2024,open,026890,스틱인베스트먼트,breakout,2024-05-16,2024-05-17,2024-06-07,2024-06-07,17,9620.0,10650.0,open,False,16993.11500000002,14,15.0
2024,open,051630,진양화학,breakout,2024-06-07,2024-06-10,2024-06-28,2024-06-28,54,3366.0,3174.0,open,False,-10897.73999999999,14,15.0
2024,open,094280,효성ITX,pullback,2024-06-28,2024-07-01,2024-07-19,2024-07-19,12,13470.0,13450.0,open,False,-724.5599999999977,14,15.0
2024,open,001130,대한제분,breakout,2024-07-19,2024-07-22,2024-08-09,2024-08-09,11,14450.0,13790.0,open,False,-7725.960000000021,14,15.0
2024,open,246250,에스엘에스바이오,breakout,2024-08-09,2024-08-12,2024-09-02,2024-09-02,35,4560.0,4610.0,open,False,1268.5749999999825,14,15.0
2024,open,064850,에프앤가이드,breakout,2024-09-02,2024-09-03,2024-09-26,2024-09-26,14,11290.0,27600.0,open,False,227523.31000000003,14,15.0
2024,open,006800,미래에셋증권,pullback,2024-09-26,2024-09-27,2024-10-22,2024-10-22,45,8662.0,8791.0,open,False,4626.922500000044,14,15.0
2024,open,015360,INVENI,breakout,2024-10-22,2024-10-23,2024-11-12,2024-11-12,39,10040.0,10440.0,open,False,14401.919999999984,14,15.0
2024,open,127120,제이에스링크,breakout,2024-11-12,2024-11-13,2024-12-03,2024-12-03,103,3965.0,4130.0,open,False,15744.32250000001,14,15.0
2024,open,016360,삼성증권,breakout,2024-12-03,2024-12-04,2024-12-24,2024-12-24,8,49800.0,48400.0,open,False,-12378.400000000023,14,15.0
2024,open,015360,INVENI,breakout,2024-12-26,2024-12-27,2025-01-20,2025-01-20,38,10760.0,10120.0,open,False,-25510.159999999974,14,15.0
2024,close,326030,SK바이오팜,breakout,2024-01-02,2024-01-03,2024-01-23,2024-01-23,2,103300.0,92600.0,open,False,-21987.70000000001,14,15.0
2024,close,279600,미디어젠,pullback,2024-01-23,2024-01-24,2024-02-15,2024-02-15,12,22250.0,16633.0,open,False,-68103.894,14,15.0
2024,close,003530,한화투자증권,breakout,2024-02-15,2024-02-16,2024-03-08,2024-03-08,46,4510.0,4360.0,open,False,-7512.029999999999,14,15.0
2024,close,170920,엘티씨,pullback,2024-03-08,2024-03-11,2024-03-29,2024-03-29,12,16050.0,12310.0,open,False,-45390.48000000001,14,15.0
2024,close,094280,효성ITX,breakout,2024-03-29,2024-04-01,2024-04-22,2024-04-22,12,12830.0,12550.0,open,False,-3816.8399999999965,14,15.0
2024,close,105560,KB금융,pullback,2024-04-22,2024-04-23,2024-05-16,2024-05-16,2,70500.0,77500.0,open,False,13556.0,14,15.0
2024,close,026890,스틱인베스트먼트,breakout,2024-05-16,2024-05-17,2024-06-07,2024-06-07,17,9620.0,10650.0,open,False,16993.11500000002,14,15.0
2024,close,051630,진양화학,breakout,2024-06-07,2024-06-10,2024-06-28,2024-06-28,54,3366.0,3174.0,open,False,-10897.73999999999,14,15.0
2024,close,094280,효성ITX,pullback,2024-06-28,2024-07-01,2024-07-19,2024-07-19,12,13470.0,13450.0,open,False,-724.5599999999977,14,15.0
2024,close,001130,대한제분,breakout,2024-07-19,2024-07-22,2024-08-09,2024-08-09,11,14450.0,13790.0,open,False,-7725.960000000021,14,15.0
2024,close,246250,에스엘에스바이오,breakout,2024-08-09,2024-08-12,2024-09-02,2024-09-02,35,4560.0,4610.0,open,False,1268.5749999999825,14,15.0
2024,close,064850,에프앤가이드,breakout,2024-09-02,2024-09-03,2024-09-26,2024-09-26,14,11290.0,27600.0,open,False,227523.31000000003,14,15.0
2024,close,006800,미래에셋증권,pullback,2024-09-26,2024-09-27,2024-10-22,2024-10-22,45,8662.0,8791.0,open,False,4626.922500000044,14,15.0
2024,close,015360,INVENI,breakout,2024-10-22,2024-10-23,2024-11-12,2024-11-12,39,10040.0,10440.0,open,False,14401.919999999984,14,15.0
2024,close,127120,제이에스링크,breakout,2024-11-12,2024-11-13,2024-12-03,2024-12-03,103,3965.0,4130.0,open,False,15744.32250000001,14,15.0
2024,close,016360,삼성증권,breakout,2024-12-03,2024-12-04,2024-12-24,2024-12-24,8,49800.0,48400.0,open,False,-12378.400000000023,14,15.0
2024,close,015360,INVENI,breakout,2024-12-26,2024-12-27,2025-01-20,2025-01-20,38,10760.0,10120.0,open,False,-25510.159999999974,14,15.0
2024,low,326030,SK바이오팜,breakout,2024-01-02,2024-01-03,2024-01-23,2024-01-23,2,103300.0,92600.0,open,False,-21987.70000000001,14,15.0
2024,low,279600,미디어젠,pullback,2024-01-23,2024-01-24,2024-02-15,2024-02-15,12,22250.0,16633.0,open,False,-68103.894,14,15.0
2024,low,003530,한화투자증권,breakout,2024-02-15,2024-02-16,2024-03-08,2024-03-08,46,4510.0,4360.0,open,False,-7512.029999999999,14,15.0
2024,low,170920,엘티씨,pullback,2024-03-08,2024-03-11,2024-03-29,2024-03-29,12,16050.0,12310.0,open,False,-45390.48000000001,14,15.0
2024,low,094280,효성ITX,breakout,2024-03-29,2024-04-01,2024-04-22,2024-04-22,12,12830.0,12550.0,open,False,-3816.8399999999965,14,15.0
2024,low,105560,KB금융,pullback,2024-04-22,2024-04-23,2024-05-16,2024-05-16,2,70500.0,77500.0,open,False,13556.0,14,15.0
2024,low,026890,스틱인베스트먼트,breakout,2024-05-16,2024-05-17,2024-06-07,2024-06-07,17,9620.0,10650.0,open,False,16993.11500000002,14,15.0
2024,low,051630,진양화학,breakout,2024-06-07,2024-06-10,2024-06-28,2024-06-28,54,3366.0,3174.0,open,False,-10897.73999999999,14,15.0
2024,low,094280,효성ITX,pullback,2024-06-28,2024-07-01,2024-07-19,2024-07-19,12,13470.0,13450.0,open,False,-724.5599999999977,14,15.0
2024,low,001130,대한제분,breakout,2024-07-19,2024-07-22,2024-08-09,2024-08-09,11,14450.0,13790.0,open,False,-7725.960000000021,14,15.0
2024,low,246250,에스엘에스바이오,breakout,2024-08-09,2024-08-12,2024-09-02,2024-09-02,35,4560.0,4610.0,open,False,1268.5749999999825,14,15.0
2024,low,064850,에프앤가이드,breakout,2024-09-02,2024-09-03,2024-09-26,2024-09-26,14,11290.0,27600.0,open,False,227523.31000000003,14,15.0
2024,low,006800,미래에셋증권,pullback,2024-09-26,2024-09-27,2024-10-22,2024-10-22,45,8662.0,8791.0,open,False,4626.922500000044,14,15.0
2024,low,015360,INVENI,breakout,2024-10-22,2024-10-23,2024-11-12,2024-11-12,39,10040.0,10440.0,open,False,14401.919999999984,14,15.0
2024,low,127120,제이에스링크,breakout,2024-11-12,2024-11-13,2024-12-03,2024-12-03,103,3965.0,4130.0,open,False,15744.32250000001,14,15.0
2024,low,016360,삼성증권,breakout,2024-12-03,2024-12-04,2024-12-24,2024-12-24,8,49800.0,48400.0,open,False,-12378.400000000023,14,15.0
2024,low,015360,INVENI,breakout,2024-12-26,2024-12-27,2025-01-20,2025-01-20,38,10760.0,10120.0,open,False,-25510.159999999974,14,15.0
2025,open,204320,HL만도,pullback,2025-01-02,2025-01-03,2025-01-23,2025-01-23,7,42000.0,43950.0,open,False,12747.525000000023,14,15.0
2025,open,014160,대영포장,breakout,2025-01-23,2025-01-24,2025-02-19,2025-02-19,154,2025.0,1500.0,open,False,-81664.27500000002,14,15.0
2025,open,006040,동원산업,pullback,2025-02-19,2025-02-20,2025-03-13,2025-03-13,6,34550.0,35900.0,open,False,7465.950000000012,14,15.0
2025,open,115500,케이씨에스,pullback,2025-03-13,2025-03-14,2025-04-03,2025-04-03,18,12670.0,10320.0,open,False,-42920.73000000001,14,15.0
2025,open,052220,iMBC,breakout,2025-04-03,2025-04-04,2025-04-24,2025-04-24,33,5790.0,4190.0,open,False,-53294.01000000001,14,15.0
2025,open,006220,제주은행,breakout,2025-04-24,2025-04-25,2025-05-20,2025-05-20,11,12160.0,9240.0,open,False,-32473.100000000006,14,15.0
2025,open,003570,SNT다이내믹스,breakout,2025-05-20,2025-05-21,2025-06-12,2025-06-12,2,39000.0,48600.0,open,False,18937.20000000001,14,15.0
2025,open,053350,이니텍,breakout,2025-06-12,2025-06-13,2025-07-03,2025-07-03,11,11200.0,10470.0,open,False,-8387.554999999993,14,15.0
2025,open,081150,티플랙스,breakout,2025-07-03,2025-07-04,2025-07-24,2025-07-24,35,3420.0,3350.0,open,False,-2805.425000000003,14,15.0
2025,open,009300,삼아제약,pullback,2025-07-24,2025-07-25,2025-08-14,2025-08-14,6,18620.0,17820.0,open,False,-5127.959999999992,14,15.0
2025,open,036620,감성코퍼레이션,pullback,2025-08-14,2025-08-18,2025-09-05,2025-09-05,18,6040.0,5870.0,open,False,-3381.5699999999924,14,15.0
2025,open,319400,현대무벡스,breakout,2025-09-05,2025-09-08,2025-09-26,2025-09-26,14,7300.0,8510.0,open,False,16607.990000000005,14,15.0
2025,open,030210,다올투자증권,pullback,2025-09-26,2025-09-29,2025-10-24,2025-10-24,34,3600.0,3570.0,open,False,-1385.6699999999983,14,15.0
2025,open,015860,일진홀딩스,breakout,2025-10-24,2025-10-27,2025-11-14,2025-11-14,18,6590.0,7660.0,open,False,18875.249999999985,14,15.0
2025,open,220100,퓨쳐켐,breakout,2025-11-14,2025-11-17,2025-12-05,2025-12-05,5,24119.0,25893.0,open,False,8494.910000000003,14,15.0
2025,open,204320,HL만도,breakout,2025-12-05,2025-12-08,2025-12-29,2025-12-29,2,61000.0,53900.0,open,False,-14544.699999999997,14,15.0
2025,open,048770,TPC로보틱스,breakout,2025-12-29,2025-12-30,2026-01-21,2026-01-21,40,3365.0,3600.0,open,False,8982.100000000006,14,15.0
2025,close,204320,HL만도,pullback,2025-01-02,2025-01-03,2025-01-23,2025-01-23,7,42000.0,43950.0,open,False,12747.525000000023,14,15.0
2025,close,014160,대영포장,breakout,2025-01-23,2025-01-24,2025-02-19,2025-02-19,154,2025.0,1500.0,open,False,-81664.27500000002,14,15.0
2025,close,006040,동원산업,pullback,2025-02-19,2025-02-20,2025-03-13,2025-03-13,6,34550.0,35900.0,open,False,7465.950000000012,14,15.0
2025,close,115500,케이씨에스,pullback,2025-03-13,2025-03-14,2025-04-03,2025-04-03,18,12670.0,10320.0,open,False,-42920.73000000001,14,15.0
2025,close,052220,iMBC,breakout,2025-04-03,2025-04-04,2025-04-24,2025-04-24,33,5790.0,4190.0,open,False,-53294.01000000001,14,15.0
2025,close,006220,제주은행,breakout,2025-04-24,2025-04-25,2025-05-20,2025-05-20,11,12160.0,9240.0,open,False,-32473.100000000006,14,15.0
2025,close,003570,SNT다이내믹스,breakout,2025-05-20,2025-05-21,2025-06-12,2025-06-12,2,39000.0,48600.0,open,False,18937.20000000001,14,15.0
2025,close,053350,이니텍,breakout,2025-06-12,2025-06-13,2025-07-03,2025-07-03,11,11200.0,10470.0,open,False,-8387.554999999993,14,15.0
2025,close,081150,티플랙스,breakout,2025-07-03,2025-07-04,2025-07-24,2025-07-24,35,3420.0,3350.0,open,False,-2805.425000000003,14,15.0
2025,close,009300,삼아제약,pullback,2025-07-24,2025-07-25,2025-08-14,2025-08-14,6,18620.0,17820.0,open,False,-5127.959999999992,14,15.0
2025,close,036620,감성코퍼레이션,pullback,2025-08-14,2025-08-18,2025-09-05,2025-09-05,18,6040.0,5870.0,open,False,-3381.5699999999924,14,15.0
2025,close,319400,현대무벡스,breakout,2025-09-05,2025-09-08,2025-09-26,2025-09-26,14,7300.0,8510.0,open,False,16607.990000000005,14,15.0
2025,close,030210,다올투자증권,pullback,2025-09-26,2025-09-29,2025-10-24,2025-10-24,34,3600.0,3570.0,open,False,-1385.6699999999983,14,15.0
2025,close,015860,일진홀딩스,breakout,2025-10-24,2025-10-27,2025-11-14,2025-11-14,18,6590.0,7660.0,open,False,18875.249999999985,14,15.0
2025,close,220100,퓨쳐켐,breakout,2025-11-14,2025-11-17,2025-12-05,2025-12-05,5,24119.0,25893.0,open,False,8494.910000000003,14,15.0
2025,close,204320,HL만도,breakout,2025-12-05,2025-12-08,2025-12-29,2025-12-29,2,61000.0,53900.0,open,False,-14544.699999999997,14,15.0
2025,close,048770,TPC로보틱스,breakout,2025-12-29,2025-12-30,2026-01-21,2026-01-21,40,3365.0,3600.0,open,False,8982.100000000006,14,15.0
2025,low,204320,HL만도,pullback,2025-01-02,2025-01-03,2025-01-23,2025-01-23,7,42000.0,43950.0,open,False,12747.525000000023,14,15.0
2025,low,014160,대영포장,breakout,2025-01-23,2025-01-24,2025-02-19,2025-02-19,154,2025.0,1500.0,open,False,-81664.27500000002,14,15.0
2025,low,006040,동원산업,pullback,2025-02-19,2025-02-20,2025-03-13,2025-03-13,6,34550.0,35900.0,open,False,7465.950000000012,14,15.0
2025,low,115500,케이씨에스,pullback,2025-03-13,2025-03-14,2025-04-03,2025-04-03,18,12670.0,10320.0,open,False,-42920.73000000001,14,15.0
2025,low,052220,iMBC,breakout,2025-04-03,2025-04-04,2025-04-24,2025-04-24,33,5790.0,4190.0,open,False,-53294.01000000001,14,15.0
2025,low,006220,제주은행,breakout,2025-04-24,2025-04-25,2025-05-20,2025-05-20,11,12160.0,9240.0,open,False,-32473.100000000006,14,15.0
2025,low,003570,SNT다이내믹스,breakout,2025-05-20,2025-05-21,2025-06-12,2025-06-12,2,39000.0,48600.0,open,False,18937.20000000001,14,15.0
2025,low,053350,이니텍,breakout,2025-06-12,2025-06-13,2025-07-03,2025-07-03,11,11200.0,10470.0,open,False,-8387.554999999993,14,15.0
2025,low,081150,티플랙스,breakout,2025-07-03,2025-07-04,2025-07-24,2025-07-24,35,3420.0,3350.0,open,False,-2805.425000000003,14,15.0
2025,low,009300,삼아제약,pullback,2025-07-24,2025-07-25,2025-08-14,2025-08-14,6,18620.0,17820.0,open,False,-5127.959999999992,14,15.0
2025,low,036620,감성코퍼레이션,pullback,2025-08-14,2025-08-18,2025-09-05,2025-09-05,18,6040.0,5870.0,open,False,-3381.5699999999924,14,15.0
2025,low,319400,현대무벡스,breakout,2025-09-05,2025-09-08,2025-09-26,2025-09-26,14,7300.0,8510.0,open,False,16607.990000000005,14,15.0
2025,low,030210,다올투자증권,pullback,2025-09-26,2025-09-29,2025-10-24,2025-10-24,34,3600.0,3570.0,open,False,-1385.6699999999983,14,15.0
2025,low,015860,일진홀딩스,breakout,2025-10-24,2025-10-27,2025-11-14,2025-11-14,18,6590.0,7660.0,open,False,18875.249999999985,14,15.0
2025,low,220100,퓨쳐켐,breakout,2025-11-14,2025-11-17,2025-12-05,2025-12-05,5,24119.0,25893.0,open,False,8494.910000000003,14,15.0
2025,low,204320,HL만도,breakout,2025-12-05,2025-12-08,2025-12-29,2025-12-29,2,61000.0,53900.0,open,False,-14544.699999999997,14,15.0
2025,low,048770,TPC로보틱스,breakout,2025-12-29,2025-12-30,2026-01-21,2026-01-21,40,3365.0,3600.0,open,False,8982.100000000006,14,15.0
2023,open,114090,GKL,pullback,2023-01-02,2023-01-03,2023-01-26,2023-01-26,15,18750.0,20150.0,open,False,20124.75,15,15.0
2023,open,003830,대한화섬,breakout,2023-01-26,2023-01-27,2023-02-17,2023-02-17,2,135000.0,130800.0,open,False,-9197.399999999994,15,15.0
2023,open,003830,대한화섬,pullback,2023-02-17,2023-02-20,2023-03-14,2023-03-14,2,132700.0,124300.0,open,False,-17571.00000000003,15,15.0
2023,open,001460,BYC,pullback,2023-03-15,2023-03-16,2023-04-06,2023-04-06,5,50800.0,44100.0,open,False,-34211.75,15,15.0
2023,open,008260,NI스틸,breakout,2023-04-06,2023-04-07,2023-04-28,2023-04-28,39,6570.0,6880.0,open,False,11303.175000000017,15,15.0
2023,open,011230,삼화전자,breakout,2023-04-28,2023-05-02,2023-05-24,2023-05-24,33,8015.0,8152.0,open,False,3720.733500000031,15,15.0
2023,open,006800,미래에셋증권,breakout,2023-05-24,2023-05-25,2023-06-19,2023-06-19,36,7427.0,7268.0,open,False,-6517.529999999999,15,15.0
2023,open,008260,NI스틸,breakout,2023-06-19,2023-06-20,2023-07-11,2023-07-11,35,7430.0,7700.0,open,False,8655.674999999988,15,15.0
2023,open,011230,삼화전자,breakout,2023-07-11,2023-07-12,2023-08-02,2023-08-02,29,9361.0,7401.0,open,False,-57569.147,15,15.0
2023,open,326030,SK바이오팜,breakout,2023-08-02,2023-08-03,2023-08-25,2023-08-25,2,92600.0,84200.0,open,False,-17330.399999999994,15,15.0
2023,open,026890,스틱인베스트먼트,breakout,2023-08-25,2023-08-28,2023-09-18,2023-09-18,25,7750.0,6650.0,open,False,-28040.0,15,15.0
2023,open,089850,유비벨록스,pullback,2023-09-20,2023-09-21,2023-10-19,2023-10-19,18,9224.0,7643.0,open,False,-28913.409000000014,15,15.0
2023,open,105630,한세실업,pullback,2023-10-19,2023-10-20,2023-11-10,2023-11-10,6,21100.0,23700.0,open,False,15196.800000000003,15,15.0
2023,open,015360,INVENI,breakout,2023-11-13,2023-11-14,2023-12-05,2023-12-05,22,6950.0,7040.0,open,False,1518.3300000000163,15,15.0
2023,open,016450,한세예스24홀딩스,pullback,2023-12-05,2023-12-06,2023-12-28,2023-12-28,32,4930.0,4925.0,open,False,-633.0400000000081,15,15.0
2023,open,309960,LB인베스트먼트,pullback,2023-12-28,2024-01-02,2024-01-23,2024-01-23,34,4645.0,4750.0,open,False,3090.8549999999814,15,15.0
2023,close,114090,GKL,pullback,2023-01-02,2023-01-03,2023-01-26,2023-01-26,15,18750.0,20150.0,open,False,20124.75,15,15.0
2023,close,003830,대한화섬,breakout,2023-01-26,2023-01-27,2023-02-17,2023-02-17,2,135000.0,130800.0,open,False,-9197.399999999994,15,15.0
2023,close,003830,대한화섬,pullback,2023-02-17,2023-02-20,2023-03-14,2023-03-14,2,132700.0,124300.0,open,False,-17571.00000000003,15,15.0
2023,close,001460,BYC,pullback,2023-03-15,2023-03-16,2023-04-06,2023-04-06,5,50800.0,44100.0,open,False,-34211.75,15,15.0
2023,close,008260,NI스틸,breakout,2023-04-06,2023-04-07,2023-04-28,2023-04-28,39,6570.0,6880.0,open,False,11303.175000000017,15,15.0
2023,close,011230,삼화전자,breakout,2023-04-28,2023-05-02,2023-05-24,2023-05-24,33,8015.0,8152.0,open,False,3720.733500000031,15,15.0
2023,close,006800,미래에셋증권,breakout,2023-05-24,2023-05-25,2023-06-19,2023-06-19,36,7427.0,7268.0,open,False,-6517.529999999999,15,15.0
2023,close,008260,NI스틸,breakout,2023-06-19,2023-06-20,2023-07-11,2023-07-11,35,7430.0,7700.0,open,False,8655.674999999988,15,15.0
2023,close,011230,삼화전자,breakout,2023-07-11,2023-07-12,2023-08-02,2023-08-02,29,9361.0,7401.0,open,False,-57569.147,15,15.0
2023,close,326030,SK바이오팜,breakout,2023-08-02,2023-08-03,2023-08-25,2023-08-25,2,92600.0,84200.0,open,False,-17330.399999999994,15,15.0
2023,close,026890,스틱인베스트먼트,breakout,2023-08-25,2023-08-28,2023-09-18,2023-09-18,25,7750.0,6650.0,open,False,-28040.0,15,15.0
2023,close,089850,유비벨록스,pullback,2023-09-20,2023-09-21,2023-10-19,2023-10-19,18,9224.0,7643.0,open,False,-28913.409000000014,15,15.0
2023,close,105630,한세실업,pullback,2023-10-19,2023-10-20,2023-11-10,2023-11-10,6,21100.0,23700.0,open,False,15196.800000000003,15,15.0
2023,close,015360,INVENI,breakout,2023-11-13,2023-11-14,2023-12-05,2023-12-05,22,6950.0,7040.0,open,False,1518.3300000000163,15,15.0
2023,close,016450,한세예스24홀딩스,pullback,2023-12-05,2023-12-06,2023-12-28,2023-12-28,32,4930.0,4925.0,open,False,-633.0400000000081,15,15.0
2023,close,309960,LB인베스트먼트,pullback,2023-12-28,2024-01-02,2024-01-23,2024-01-23,34,4645.0,4750.0,open,False,3090.8549999999814,15,15.0
2023,low,114090,GKL,pullback,2023-01-02,2023-01-03,2023-01-26,2023-01-26,15,18750.0,20150.0,open,False,20124.75,15,15.0
2023,low,003830,대한화섬,breakout,2023-01-26,2023-01-27,2023-02-17,2023-02-17,2,135000.0,130800.0,open,False,-9197.399999999994,15,15.0
2023,low,003830,대한화섬,pullback,2023-02-17,2023-02-20,2023-03-14,2023-03-14,2,132700.0,124300.0,open,False,-17571.00000000003,15,15.0
2023,low,001460,BYC,pullback,2023-03-15,2023-03-16,2023-04-06,2023-04-06,5,50800.0,44100.0,open,False,-34211.75,15,15.0
2023,low,008260,NI스틸,breakout,2023-04-06,2023-04-07,2023-04-28,2023-04-28,39,6570.0,6880.0,open,False,11303.175000000017,15,15.0
2023,low,011230,삼화전자,breakout,2023-04-28,2023-05-02,2023-05-24,2023-05-24,33,8015.0,8152.0,open,False,3720.733500000031,15,15.0
2023,low,006800,미래에셋증권,breakout,2023-05-24,2023-05-25,2023-06-19,2023-06-19,36,7427.0,7268.0,open,False,-6517.529999999999,15,15.0
2023,low,008260,NI스틸,breakout,2023-06-19,2023-06-20,2023-07-11,2023-07-11,35,7430.0,7700.0,open,False,8655.674999999988,15,15.0
2023,low,011230,삼화전자,breakout,2023-07-11,2023-07-12,2023-08-02,2023-08-02,29,9361.0,7401.0,open,False,-57569.147,15,15.0
2023,low,326030,SK바이오팜,breakout,2023-08-02,2023-08-03,2023-08-25,2023-08-25,2,92600.0,84200.0,open,False,-17330.399999999994,15,15.0
2023,low,026890,스틱인베스트먼트,breakout,2023-08-25,2023-08-28,2023-09-18,2023-09-18,25,7750.0,6650.0,open,False,-28040.0,15,15.0
2023,low,089850,유비벨록스,pullback,2023-09-20,2023-09-21,2023-10-19,2023-10-19,18,9224.0,7643.0,open,False,-28913.409000000014,15,15.0
2023,low,105630,한세실업,pullback,2023-10-19,2023-10-20,2023-11-10,2023-11-10,6,21100.0,23700.0,open,False,15196.800000000003,15,15.0
2023,low,015360,INVENI,breakout,2023-11-13,2023-11-14,2023-12-05,2023-12-05,22,6950.0,7040.0,open,False,1518.3300000000163,15,15.0
2023,low,016450,한세예스24홀딩스,pullback,2023-12-05,2023-12-06,2023-12-28,2023-12-28,32,4930.0,4925.0,open,False,-633.0400000000081,15,15.0
2023,low,309960,LB인베스트먼트,pullback,2023-12-28,2024-01-02,2024-01-23,2024-01-23,34,4645.0,4750.0,open,False,3090.8549999999814,15,15.0
2024,open,326030,SK바이오팜,breakout,2024-01-02,2024-01-03,2024-01-24,2024-01-24,2,103300.0,91600.0,open,False,-23984.70000000001,15,15.0
2024,open,170920,엘티씨,breakout,2024-01-25,2024-01-26,2024-02-20,2024-02-20,15,17700.0,16620.0,open,False,-16972.199999999983,15,15.0
2024,open,014160,대영포장,breakout,2024-02-20,2024-02-21,2024-03-14,2024-03-14,205,1258.0,1158.0,open,False,-21242.920000000013,15,15.0
2024,open,016360,삼성증권,pullback,2024-03-14,2024-03-15,2024-04-05,2024-04-05,5,41800.0,38600.0,open,False,-16603.0,15,15.0
2024,open,026890,스틱인베스트먼트,pullback,2024-04-05,2024-04-08,2024-04-30,2024-04-30,28,7860.0,8710.0,open,False,23104.059999999998,15,15.0
2024,open,004450,삼화왕관,pullback,2024-04-30,2024-05-02,2024-05-27,2024-05-27,7,32800.0,33300.0,open,False,2805.9499999999825,15,15.0
2024,open,094280,효성ITX,breakout,2024-05-27,2024-05-28,2024-06-19,2024-06-19,17,13940.0,13260.0,open,False,-12253.599999999977,15,15.0
2024,open,011780,금호석유화학,pullback,2024-06-19,2024-06-20,2024-07-11,2024-07-11,1,150200.0,155500.0,open,False,4841.4499999999825,15,15.0
2024,open,011780,금호석유화학,breakout,2024-07-11,2024-07-12,2024-08-02,2024-08-02,1,164200.0,140600.0,open,False,-24057.20000000001,15,15.0
2024,open,053350,이니텍,breakout,2024-08-02,2024-08-05,2024-08-27,2024-08-27,54,3975.0,3165.0,open,False,-44318.34,15,15.0
2024,open,064850,에프앤가이드,breakout,2024-08-27,2024-08-28,2024-09-23,2024-09-23,18,9190.0,23000.0,open,False,247710.87,15,15.0
2024,open,064850,에프앤가이드,breakout,2024-09-23,2024-09-24,2024-10-18,2024-10-18,10,38450.0,12500.0,open,False,-260264.25,15,15.0
2024,open,015360,INVENI,breakout,2024-10-18,2024-10-21,2024-11-11,2024-11-11,16,9590.0,10180.0,open,False,8965.520000000019,15,15.0
2024,open,003530,한화투자증권,breakout,2024-11-11,2024-11-12,2024-12-03,2024-12-03,36,4620.0,3620.0,open,False,-36444.96000000001,15,15.0
2024,open,016360,삼성증권,breakout,2024-12-03,2024-12-04,2024-12-26,2024-12-26,2,49800.0,48400.0,open,False,-3094.600000000006,15,15.0
2024,open,015360,INVENI,breakout,2024-12-26,2024-12-27,2025-01-21,2025-01-21,11,10760.0,10020.0,open,False,-8482.869999999995,15,15.0
2024,close,326030,SK바이오팜,breakout,2024-01-02,2024-01-03,2024-01-24,2024-01-24,2,103300.0,91600.0,open,False,-23984.70000000001,15,15.0
2024,close,170920,엘티씨,breakout,2024-01-25,2024-01-26,2024-02-20,2024-02-20,15,17700.0,16620.0,open,False,-16972.199999999983,15,15.0
2024,close,014160,대영포장,breakout,2024-02-20,2024-02-21,2024-03-14,2024-03-14,205,1258.0,1158.0,open,False,-21242.920000000013,15,15.0
2024,close,016360,삼성증권,pullback,2024-03-14,2024-03-15,2024-04-05,2024-04-05,5,41800.0,38600.0,open,False,-16603.0,15,15.0
2024,close,026890,스틱인베스트먼트,pullback,2024-04-05,2024-04-08,2024-04-30,2024-04-30,28,7860.0,8710.0,open,False,23104.059999999998,15,15.0
2024,close,004450,삼화왕관,pullback,2024-04-30,2024-05-02,2024-05-27,2024-05-27,7,32800.0,33300.0,open,False,2805.9499999999825,15,15.0
2024,close,094280,효성ITX,breakout,2024-05-27,2024-05-28,2024-06-19,2024-06-19,17,13940.0,13260.0,open,False,-12253.599999999977,15,15.0
2024,close,011780,금호석유화학,pullback,2024-06-19,2024-06-20,2024-07-11,2024-07-11,1,150200.0,155500.0,open,False,4841.4499999999825,15,15.0
2024,close,011780,금호석유화학,breakout,2024-07-11,2024-07-12,2024-08-02,2024-08-02,1,164200.0,140600.0,open,False,-24057.20000000001,15,15.0
2024,close,053350,이니텍,breakout,2024-08-02,2024-08-05,2024-08-27,2024-08-27,54,3975.0,3165.0,open,False,-44318.34,15,15.0
2024,close,064850,에프앤가이드,breakout,2024-08-27,2024-08-28,2024-09-23,2024-09-23,18,9190.0,23000.0,open,False,247710.87,15,15.0
2024,close,064850,에프앤가이드,breakout,2024-09-23,2024-09-24,2024-10-18,2024-10-18,10,38450.0,12500.0,open,False,-260264.25,15,15.0
2024,close,015360,INVENI,breakout,2024-10-18,2024-10-21,2024-11-11,2024-11-11,16,9590.0,10180.0,open,False,8965.520000000019,15,15.0
2024,close,003530,한화투자증권,breakout,2024-11-11,2024-11-12,2024-12-03,2024-12-03,36,4620.0,3620.0,open,False,-36444.96000000001,15,15.0
2024,close,016360,삼성증권,breakout,2024-12-03,2024-12-04,2024-12-26,2024-12-26,2,49800.0,48400.0,open,False,-3094.600000000006,15,15.0
2024,close,015360,INVENI,breakout,2024-12-26,2024-12-27,2025-01-21,2025-01-21,11,10760.0,10020.0,open,False,-8482.869999999995,15,15.0
2024,low,326030,SK바이오팜,breakout,2024-01-02,2024-01-03,2024-01-24,2024-01-24,2,103300.0,91600.0,open,False,-23984.70000000001,15,15.0
2024,low,170920,엘티씨,breakout,2024-01-25,2024-01-26,2024-02-20,2024-02-20,15,17700.0,16620.0,open,False,-16972.199999999983,15,15.0
2024,low,014160,대영포장,breakout,2024-02-20,2024-02-21,2024-03-14,2024-03-14,205,1258.0,1158.0,open,False,-21242.920000000013,15,15.0
2024,low,016360,삼성증권,pullback,2024-03-14,2024-03-15,2024-04-05,2024-04-05,5,41800.0,38600.0,open,False,-16603.0,15,15.0
2024,low,026890,스틱인베스트먼트,pullback,2024-04-05,2024-04-08,2024-04-30,2024-04-30,28,7860.0,8710.0,open,False,23104.059999999998,15,15.0
2024,low,004450,삼화왕관,pullback,2024-04-30,2024-05-02,2024-05-27,2024-05-27,7,32800.0,33300.0,open,False,2805.9499999999825,15,15.0
2024,low,094280,효성ITX,breakout,2024-05-27,2024-05-28,2024-06-19,2024-06-19,17,13940.0,13260.0,open,False,-12253.599999999977,15,15.0
2024,low,011780,금호석유화학,pullback,2024-06-19,2024-06-20,2024-07-11,2024-07-11,1,150200.0,155500.0,open,False,4841.4499999999825,15,15.0
2024,low,011780,금호석유화학,breakout,2024-07-11,2024-07-12,2024-08-02,2024-08-02,1,164200.0,140600.0,open,False,-24057.20000000001,15,15.0
2024,low,053350,이니텍,breakout,2024-08-02,2024-08-05,2024-08-27,2024-08-27,54,3975.0,3165.0,open,False,-44318.34,15,15.0
2024,low,064850,에프앤가이드,breakout,2024-08-27,2024-08-28,2024-09-23,2024-09-23,18,9190.0,23000.0,open,False,247710.87,15,15.0
2024,low,064850,에프앤가이드,breakout,2024-09-23,2024-09-24,2024-10-18,2024-10-18,10,38450.0,12500.0,open,False,-260264.25,15,15.0
2024,low,015360,INVENI,breakout,2024-10-18,2024-10-21,2024-11-11,2024-11-11,16,9590.0,10180.0,open,False,8965.520000000019,15,15.0
2024,low,003530,한화투자증권,breakout,2024-11-11,2024-11-12,2024-12-03,2024-12-03,36,4620.0,3620.0,open,False,-36444.96000000001,15,15.0
2024,low,016360,삼성증권,breakout,2024-12-03,2024-12-04,2024-12-26,2024-12-26,2,49800.0,48400.0,open,False,-3094.600000000006,15,15.0
2024,low,015360,INVENI,breakout,2024-12-26,2024-12-27,2025-01-21,2025-01-21,11,10760.0,10020.0,open,False,-8482.869999999995,15,15.0
2025,open,204320,HL만도,pullback,2025-01-02,2025-01-03,2025-01-24,2025-01-24,7,42000.0,43000.0,open,False,6107.5,15,15.0
2025,open,025980,아난티,breakout,2025-01-24,2025-01-31,2025-02-21,2025-02-21,50,6040.0,6030.0,open,False,-1405.25,15,15.0
2025,open,015360,INVENI,pullback,2025-02-21,2025-02-24,2025-03-18,2025-03-18,28,10760.0,9530.0,open,False,-35292.18000000005,15,15.0
2025,open,127120,제이에스링크,pullback,2025-03-18,2025-03-19,2025-04-09,2025-04-09,40,6680.0,7560.0,open,False,34345.600000000035,15,15.0
2025,open,127120,제이에스링크,breakout,2025-04-09,2025-04-10,2025-05-02,2025-05-02,37,8020.0,9950.0,open,False,70412.66499999998,15,15.0
2025,open,127120,제이에스링크,breakout,2025-05-02,2025-05-07,2025-05-28,2025-05-28,34,10750.0,8730.0,open,False,-69673.47999999998,15,15.0
2025,open,053350,이니텍,breakout,2025-05-28,2025-05-29,2025-06-23,2025-06-23,31,9750.0,10950.0,open,False,36237.45000000001,15,15.0
2025,open,006220,제주은행,breakout,2025-06-23,2025-06-24,2025-07-15,2025-07-15,30,11290.0,17850.0,open,False,195488.69999999995,15,15.0
2025,open,003080,SB성보,breakout,2025-07-15,2025-07-16,2025-08-06,2025-08-06,184,2900.0,2830.0,open,False,-14461.479999999981,15,15.0
2025,open,036620,감성코퍼레이션,pullback,2025-08-06,2025-08-07,2025-08-29,2025-08-29,84,6150.0,5660.0,open,False,-42648.06,15,15.0
2025,open,015860,일진홀딩스,pullback,2025-08-29,2025-09-01,2025-09-22,2025-09-22,81,5870.0,5540.0,open,False,-28116.315000000002,15,15.0
2025,open,168360,펨트론,breakout,2025-09-22,2025-09-23,2025-10-21,2025-10-21,21,21300.0,20100.0,open,False,-26504.099999999977,15,15.0
2025,open,265520,AP시스템,breakout,2025-10-21,2025-10-22,2025-11-12,2025-11-12,18,22650.0,19360.0,open,False,-60354.27000000002,15,15.0
2025,open,011170,롯데케미칼,breakout,2025-11-12,2025-11-13,2025-12-04,2025-12-04,4,83400.0,74300.0,open,False,-37346.20000000001,15,15.0
2025,open,204320,HL만도,breakout,2025-12-05,2025-12-08,2025-12-30,2025-12-30,5,61000.0,58400.0,open,False,-13895.5,15,15.0
2025,close,204320,HL만도,pullback,2025-01-02,2025-01-03,2025-01-24,2025-01-24,7,42000.0,43000.0,open,False,6107.5,15,15.0
2025,close,025980,아난티,breakout,2025-01-24,2025-01-31,2025-02-21,2025-02-21,50,6040.0,6030.0,open,False,-1405.25,15,15.0
2025,close,015360,INVENI,pullback,2025-02-21,2025-02-24,2025-03-18,2025-03-18,28,10760.0,9530.0,open,False,-35292.18000000005,15,15.0
2025,close,127120,제이에스링크,pullback,2025-03-18,2025-03-19,2025-04-09,2025-04-09,40,6680.0,7560.0,open,False,34345.600000000035,15,15.0
2025,close,127120,제이에스링크,breakout,2025-04-09,2025-04-10,2025-05-02,2025-05-02,37,8020.0,9950.0,open,False,70412.66499999998,15,15.0
2025,close,127120,제이에스링크,breakout,2025-05-02,2025-05-07,2025-05-28,2025-05-28,34,10750.0,8730.0,open,False,-69673.47999999998,15,15.0
2025,close,053350,이니텍,breakout,2025-05-28,2025-05-29,2025-06-23,2025-06-23,31,9750.0,10950.0,open,False,36237.45000000001,15,15.0
2025,close,006220,제주은행,breakout,2025-06-23,2025-06-24,2025-07-15,2025-07-15,30,11290.0,17850.0,open,False,195488.69999999995,15,15.0
2025,close,003080,SB성보,breakout,2025-07-15,2025-07-16,2025-08-06,2025-08-06,184,2900.0,2830.0,open,False,-14461.479999999981,15,15.0
2025,close,036620,감성코퍼레이션,pullback,2025-08-06,2025-08-07,2025-08-29,2025-08-29,84,6150.0,5660.0,open,False,-42648.06,15,15.0
2025,close,015860,일진홀딩스,pullback,2025-08-29,2025-09-01,2025-09-22,2025-09-22,81,5870.0,5540.0,open,False,-28116.315000000002,15,15.0
2025,close,168360,펨트론,breakout,2025-09-22,2025-09-23,2025-10-21,2025-10-21,21,21300.0,20100.0,open,False,-26504.099999999977,15,15.0
2025,close,265520,AP시스템,breakout,2025-10-21,2025-10-22,2025-11-12,2025-11-12,18,22650.0,19360.0,open,False,-60354.27000000002,15,15.0
2025,close,011170,롯데케미칼,breakout,2025-11-12,2025-11-13,2025-12-04,2025-12-04,4,83400.0,74300.0,open,False,-37346.20000000001,15,15.0
2025,close,204320,HL만도,breakout,2025-12-05,2025-12-08,2025-12-30,2025-12-30,5,61000.0,58400.0,open,False,-13895.5,15,15.0
2025,low,204320,HL만도,pullback,2025-01-02,2025-01-03,2025-01-24,2025-01-24,7,42000.0,43000.0,open,False,6107.5,15,15.0
2025,low,025980,아난티,breakout,2025-01-24,2025-01-31,2025-02-21,2025-02-21,50,6040.0,6030.0,open,False,-1405.25,15,15.0
2025,low,015360,INVENI,pullback,2025-02-21,2025-02-24,2025-03-18,2025-03-18,28,10760.0,9530.0,open,False,-35292.18000000005,15,15.0
2025,low,127120,제이에스링크,pullback,2025-03-18,2025-03-19,2025-04-09,2025-04-09,40,6680.0,7560.0,open,False,34345.600000000035,15,15.0
2025,low,127120,제이에스링크,breakout,2025-04-09,2025-04-10,2025-05-02,2025-05-02,37,8020.0,9950.0,open,False,70412.66499999998,15,15.0
2025,low,127120,제이에스링크,breakout,2025-05-02,2025-05-07,2025-05-28,2025-05-28,34,10750.0,8730.0,open,False,-69673.47999999998,15,15.0
2025,low,053350,이니텍,breakout,2025-05-28,2025-05-29,2025-06-23,2025-06-23,31,9750.0,10950.0,open,False,36237.45000000001,15,15.0
2025,low,006220,제주은행,breakout,2025-06-23,2025-06-24,2025-07-15,2025-07-15,30,11290.0,17850.0,open,False,195488.69999999995,15,15.0
2025,low,003080,SB성보,breakout,2025-07-15,2025-07-16,2025-08-06,2025-08-06,184,2900.0,2830.0,open,False,-14461.479999999981,15,15.0
2025,low,036620,감성코퍼레이션,pullback,2025-08-06,2025-08-07,2025-08-29,2025-08-29,84,6150.0,5660.0,open,False,-42648.06,15,15.0
2025,low,015860,일진홀딩스,pullback,2025-08-29,2025-09-01,2025-09-22,2025-09-22,81,5870.0,5540.0,open,False,-28116.315000000002,15,15.0
2025,low,168360,펨트론,breakout,2025-09-22,2025-09-23,2025-10-21,2025-10-21,21,21300.0,20100.0,open,False,-26504.099999999977,15,15.0
2025,low,265520,AP시스템,breakout,2025-10-21,2025-10-22,2025-11-12,2025-11-12,18,22650.0,19360.0,open,False,-60354.27000000002,15,15.0
2025,low,011170,롯데케미칼,breakout,2025-11-12,2025-11-13,2025-12-04,2025-12-04,4,83400.0,74300.0,open,False,-37346.20000000001,15,15.0
2025,low,204320,HL만도,breakout,2025-12-05,2025-12-08,2025-12-30,2025-12-30,5,61000.0,58400.0,open,False,-13895.5,15,15.0
2023,open,114090,GKL,pullback,2023-01-02,2023-01-03,2023-01-27,2023-01-27,15,18750.0,19920.0,open,False,16679.92499999999,16,15.0
2023,open,003830,대한화섬,breakout,2023-01-27,2023-01-30,2023-02-21,2023-02-21,2,138500.0,134200.0,open,False,-9418.099999999977,16,15.0
2023,open,115500,케이씨에스,breakout,2023-02-21,2023-02-22,2023-03-17,2023-03-17,50,6020.0,10100.0,open,False,202791.0,16,15.0
2023,open,006040,동원산업,pullback,2023-03-17,2023-03-20,2023-04-11,2023-04-11,11,45329.0,46647.0,open,False,12980.396000000008,16,15.0
2023,open,126640,화신정공,breakout,2023-04-11,2023-04-12,2023-05-08,2023-05-08,295,1765.0,1793.0,open,False,6685.585000000021,16,15.0
2023,open,067570,엔브이에이치코리아,pullback,2023-05-08,2023-05-09,2023-06-01,2023-06-01,136,3861.0,3596.0,open,False,-37561.22800000006,16,15.0
2023,open,064850,에프앤가이드,breakout,2023-06-02,2023-06-05,2023-06-28,2023-06-28,55,8920.0,7780.0,open,False,-64077.75,16,15.0
2023,open,105630,한세실업,breakout,2023-06-28,2023-06-29,2023-07-21,2023-07-21,20,20750.0,18330.0,open,False,-49572.399999999965,16,15.0
2023,open,073640,테라사이언스,pullback,2023-07-24,2023-07-25,2023-08-17,2023-08-17,59,6380.0,2600.0,open,False,-223814.73,16,15.0
2023,open,149980,하이로닉,breakout,2023-08-17,2023-08-18,2023-09-11,2023-09-11,9,15523.0,17305.0,open,False,15594.821999999986,16,15.0
2023,open,003570,SNT다이내믹스,breakout,2023-09-11,2023-09-12,2023-10-11,2023-10-11,13,12660.0,11450.0,open,False,-16200.14499999999,16,15.0
2023,open,004270,남성,pullback,2023-10-11,2023-10-12,2023-11-03,2023-11-03,8,18722.0,16417.0,open,False,-18861.668000000005,16,15.0
2023,open,056080,유진로봇,pullback,2023-11-03,2023-11-06,2023-11-28,2023-11-28,11,11790.0,11020.0,open,False,-8846.36499999999,16,15.0
2023,open,015360,INVENI,pullback,2023-11-28,2023-11-29,2023-12-21,2023-12-21,17,7110.0,7000.0,open,False,-2229.8050000000076,16,15.0
2023,open,279600,미디어젠,breakout,2023-12-21,2023-12-22,2024-01-18,2024-01-18,6,18982.0,19999.0,open,False,5751.171000000002,16,15.0
2023,close,114090,GKL,pullback,2023-01-02,2023-01-03,2023-01-27,2023-01-27,15,18750.0,19920.0,open,False,16679.92499999999,16,15.0
2023,close,003830,대한화섬,breakout,2023-01-27,2023-01-30,2023-02-21,2023-02-21,2,138500.0,134200.0,open,False,-9418.099999999977,16,15.0
2023,close,115500,케이씨에스,breakout,2023-02-21,2023-02-22,2023-03-17,2023-03-17,50,6020.0,10100.0,open,False,202791.0,16,15.0
2023,close,006040,동원산업,pullback,2023-03-17,2023-03-20,2023-04-11,2023-04-11,11,45329.0,46647.0,open,False,12980.396000000008,16,15.0
2023,close,126640,화신정공,breakout,2023-04-11,2023-04-12,2023-05-08,2023-05-08,295,1765.0,1793.0,open,False,6685.585000000021,16,15.0
2023,close,067570,엔브이에이치코리아,pullback,2023-05-08,2023-05-09,2023-06-01,2023-06-01,136,3861.0,3596.0,open,False,-37561.22800000006,16,15.0
2023,close,064850,에프앤가이드,breakout,2023-06-02,2023-06-05,2023-06-28,2023-06-28,55,8920.0,7780.0,open,False,-64077.75,16,15.0
2023,close,105630,한세실업,breakout,2023-06-28,2023-06-29,2023-07-21,2023-07-21,20,20750.0,18330.0,open,False,-49572.399999999965,16,15.0
2023,close,073640,테라사이언스,pullback,2023-07-24,2023-07-25,2023-08-17,2023-08-17,59,6380.0,2600.0,open,False,-223814.73,16,15.0
2023,close,149980,하이로닉,breakout,2023-08-17,2023-08-18,2023-09-11,2023-09-11,9,15523.0,17305.0,open,False,15594.821999999986,16,15.0
2023,close,003570,SNT다이내믹스,breakout,2023-09-11,2023-09-12,2023-10-11,2023-10-11,13,12660.0,11450.0,open,False,-16200.14499999999,16,15.0
2023,close,004270,남성,pullback,2023-10-11,2023-10-12,2023-11-03,2023-11-03,8,18722.0,16417.0,open,False,-18861.668000000005,16,15.0
2023,close,056080,유진로봇,pullback,2023-11-03,2023-11-06,2023-11-28,2023-11-28,11,11790.0,11020.0,open,False,-8846.36499999999,16,15.0
2023,close,015360,INVENI,pullback,2023-11-28,2023-11-29,2023-12-21,2023-12-21,17,7110.0,7000.0,open,False,-2229.8050000000076,16,15.0
2023,close,279600,미디어젠,breakout,2023-12-21,2023-12-22,2024-01-18,2024-01-18,6,18982.0,19999.0,open,False,5751.171000000002,16,15.0
2023,low,114090,GKL,pullback,2023-01-02,2023-01-03,2023-01-27,2023-01-27,15,18750.0,19920.0,open,False,16679.92499999999,16,15.0
2023,low,003830,대한화섬,breakout,2023-01-27,2023-01-30,2023-02-21,2023-02-21,2,138500.0,134200.0,open,False,-9418.099999999977,16,15.0
2023,low,115500,케이씨에스,breakout,2023-02-21,2023-02-22,2023-03-17,2023-03-17,50,6020.0,10100.0,open,False,202791.0,16,15.0
2023,low,006040,동원산업,pullback,2023-03-17,2023-03-20,2023-04-11,2023-04-11,11,45329.0,46647.0,open,False,12980.396000000008,16,15.0
2023,low,126640,화신정공,breakout,2023-04-11,2023-04-12,2023-05-08,2023-05-08,295,1765.0,1793.0,open,False,6685.585000000021,16,15.0
2023,low,067570,엔브이에이치코리아,pullback,2023-05-08,2023-05-09,2023-06-01,2023-06-01,136,3861.0,3596.0,open,False,-37561.22800000006,16,15.0
2023,low,064850,에프앤가이드,breakout,2023-06-02,2023-06-05,2023-06-28,2023-06-28,55,8920.0,7780.0,open,False,-64077.75,16,15.0
2023,low,105630,한세실업,breakout,2023-06-28,2023-06-29,2023-07-21,2023-07-21,20,20750.0,18330.0,open,False,-49572.399999999965,16,15.0
2023,low,073640,테라사이언스,pullback,2023-07-24,2023-07-25,2023-08-17,2023-08-17,59,6380.0,2600.0,open,False,-223814.73,16,15.0
2023,low,149980,하이로닉,breakout,2023-08-17,2023-08-18,2023-09-11,2023-09-11,9,15523.0,17305.0,open,False,15594.821999999986,16,15.0
2023,low,003570,SNT다이내믹스,breakout,2023-09-11,2023-09-12,2023-10-11,2023-10-11,13,12660.0,11450.0,open,False,-16200.14499999999,16,15.0
2023,low,004270,남성,pullback,2023-10-11,2023-10-12,2023-11-03,2023-11-03,8,18722.0,16417.0,open,False,-18861.668000000005,16,15.0
2023,low,056080,유진로봇,pullback,2023-11-03,2023-11-06,2023-11-28,2023-11-28,11,11790.0,11020.0,open,False,-8846.36499999999,16,15.0
2023,low,015360,INVENI,pullback,2023-11-28,2023-11-29,2023-12-21,2023-12-21,17,7110.0,7000.0,open,False,-2229.8050000000076,16,15.0
2023,low,279600,미디어젠,breakout,2023-12-21,2023-12-22,2024-01-18,2024-01-18,6,18982.0,19999.0,open,False,5751.171000000002,16,15.0
2024,open,326030,SK바이오팜,breakout,2024-01-02,2024-01-03,2024-01-25,2024-01-25,2,103300.0,90400.0,open,False,-26381.100000000006,16,15.0
2024,open,170920,엘티씨,breakout,2024-01-25,2024-01-26,2024-02-21,2024-02-21,15,17700.0,15630.0,open,False,-31799.92499999999,16,15.0
2024,open,014830,유니드,breakout,2024-02-21,2024-02-22,2024-03-18,2024-03-18,3,80400.0,75600.0,open,False,-15102.0,16,15.0
2024,open,015860,일진홀딩스,breakout,2024-03-18,2024-03-19,2024-04-11,2024-04-11,50,4520.0,4270.0,open,False,-13159.25,16,15.0
2024,open,163560,동일고무벨트,pullback,2024-04-11,2024-04-12,2024-05-08,2024-05-08,22,9450.0,8230.0,open,False,-27423.440000000002,16,15.0
2024,open,081580,성우전자,breakout,2024-05-08,2024-05-09,2024-06-03,2024-06-03,72,2550.0,2775.0,open,False,15624.899999999994,16,15.0
2024,open,036460,한국가스공사,breakout,2024-06-03,2024-06-04,2024-06-27,2024-06-27,4,40800.0,56500.0,open,False,62216.19999999998,16,15.0
2024,open,094280,효성ITX,pullback,2024-06-27,2024-06-28,2024-07-22,2024-07-22,19,13400.0,13360.0,open,False,-1522.6600000000035,16,15.0
2024,open,105560,KB금융,pullback,2024-07-22,2024-07-23,2024-08-14,2024-08-14,3,87200.0,84800.0,open,False,-7974.0,16,15.0
2024,open,016360,삼성증권,pullback,2024-08-14,2024-08-16,2024-09-09,2024-09-09,5,44900.0,45850.0,open,False,4069.375,16,15.0
2024,open,015360,INVENI,pullback,2024-09-09,2024-09-10,2024-10-10,2024-10-10,28,9150.0,9180.0,open,False,70.13999999998487,16,15.0
2024,open,015360,INVENI,pullback,2024-10-10,2024-10-11,2024-11-04,2024-11-04,27,9350.0,10100.0,open,False,19462.274999999994,16,15.0
2024,open,102460,이연제약,pullback,2024-11-04,2024-11-05,2024-11-27,2024-11-27,16,16560.0,14510.0,open,False,-33545.67999999999,16,15.0
2024,open,127120,제이에스링크,breakout,2024-11-27,2024-11-28,2024-12-20,2024-12-20,59,4100.0,4780.0,open,False,39334.120000000024,16,15.0
2024,open,127120,제이에스링크,breakout,2024-12-20,2024-12-23,2025-01-17,2025-01-17,56,5000.0,5750.0,open,False,41097.0,16,15.0
2024,close,326030,SK바이오팜,breakout,2024-01-02,2024-01-03,2024-01-25,2024-01-25,2,103300.0,90400.0,open,False,-26381.100000000006,16,15.0
2024,close,170920,엘티씨,breakout,2024-01-25,2024-01-26,2024-02-21,2024-02-21,15,17700.0,15630.0,open,False,-31799.92499999999,16,15.0
2024,close,014830,유니드,breakout,2024-02-21,2024-02-22,2024-03-18,2024-03-18,3,80400.0,75600.0,open,False,-15102.0,16,15.0
2024,close,015860,일진홀딩스,breakout,2024-03-18,2024-03-19,2024-04-11,2024-04-11,50,4520.0,4270.0,open,False,-13159.25,16,15.0
2024,close,163560,동일고무벨트,pullback,2024-04-11,2024-04-12,2024-05-08,2024-05-08,22,9450.0,8230.0,open,False,-27423.440000000002,16,15.0
2024,close,081580,성우전자,breakout,2024-05-08,2024-05-09,2024-06-03,2024-06-03,72,2550.0,2775.0,open,False,15624.899999999994,16,15.0
2024,close,036460,한국가스공사,breakout,2024-06-03,2024-06-04,2024-06-27,2024-06-27,4,40800.0,56500.0,open,False,62216.19999999998,16,15.0
2024,close,094280,효성ITX,pullback,2024-06-27,2024-06-28,2024-07-22,2024-07-22,19,13400.0,13360.0,open,False,-1522.6600000000035,16,15.0
2024,close,105560,KB금융,pullback,2024-07-22,2024-07-23,2024-08-14,2024-08-14,3,87200.0,84800.0,open,False,-7974.0,16,15.0
2024,close,016360,삼성증권,pullback,2024-08-14,2024-08-16,2024-09-09,2024-09-09,5,44900.0,45850.0,open,False,4069.375,16,15.0
2024,close,015360,INVENI,pullback,2024-09-09,2024-09-10,2024-10-10,2024-10-10,28,9150.0,9180.0,open,False,70.13999999998487,16,15.0
2024,close,015360,INVENI,pullback,2024-10-10,2024-10-11,2024-11-04,2024-11-04,27,9350.0,10100.0,open,False,19462.274999999994,16,15.0
2024,close,102460,이연제약,pullback,2024-11-04,2024-11-05,2024-11-27,2024-11-27,16,16560.0,14510.0,open,False,-33545.67999999999,16,15.0
2024,close,127120,제이에스링크,breakout,2024-11-27,2024-11-28,2024-12-20,2024-12-20,59,4100.0,4780.0,open,False,39334.120000000024,16,15.0
2024,close,127120,제이에스링크,breakout,2024-12-20,2024-12-23,2025-01-17,2025-01-17,56,5000.0,5750.0,open,False,41097.0,16,15.0
2024,low,326030,SK바이오팜,breakout,2024-01-02,2024-01-03,2024-01-25,2024-01-25,2,103300.0,90400.0,open,False,-26381.100000000006,16,15.0
2024,low,170920,엘티씨,breakout,2024-01-25,2024-01-26,2024-02-21,2024-02-21,15,17700.0,15630.0,open,False,-31799.92499999999,16,15.0
2024,low,014830,유니드,breakout,2024-02-21,2024-02-22,2024-03-18,2024-03-18,3,80400.0,75600.0,open,False,-15102.0,16,15.0
2024,low,015860,일진홀딩스,breakout,2024-03-18,2024-03-19,2024-04-11,2024-04-11,50,4520.0,4270.0,open,False,-13159.25,16,15.0
2024,low,163560,동일고무벨트,pullback,2024-04-11,2024-04-12,2024-05-08,2024-05-08,22,9450.0,8230.0,open,False,-27423.440000000002,16,15.0
2024,low,081580,성우전자,breakout,2024-05-08,2024-05-09,2024-06-03,2024-06-03,72,2550.0,2775.0,open,False,15624.899999999994,16,15.0
2024,low,036460,한국가스공사,breakout,2024-06-03,2024-06-04,2024-06-27,2024-06-27,4,40800.0,56500.0,open,False,62216.19999999998,16,15.0
2024,low,094280,효성ITX,pullback,2024-06-27,2024-06-28,2024-07-22,2024-07-22,19,13400.0,13360.0,open,False,-1522.6600000000035,16,15.0
2024,low,105560,KB금융,pullback,2024-07-22,2024-07-23,2024-08-14,2024-08-14,3,87200.0,84800.0,open,False,-7974.0,16,15.0
2024,low,016360,삼성증권,pullback,2024-08-14,2024-08-16,2024-09-09,2024-09-09,5,44900.0,45850.0,open,False,4069.375,16,15.0
2024,low,015360,INVENI,pullback,2024-09-09,2024-09-10,2024-10-10,2024-10-10,28,9150.0,9180.0,open,False,70.13999999998487,16,15.0
2024,low,015360,INVENI,pullback,2024-10-10,2024-10-11,2024-11-04,2024-11-04,27,9350.0,10100.0,open,False,19462.274999999994,16,15.0
2024,low,102460,이연제약,pullback,2024-11-04,2024-11-05,2024-11-27,2024-11-27,16,16560.0,14510.0,open,False,-33545.67999999999,16,15.0
2024,low,127120,제이에스링크,breakout,2024-11-27,2024-11-28,2024-12-20,2024-12-20,59,4100.0,4780.0,open,False,39334.120000000024,16,15.0
2024,low,127120,제이에스링크,breakout,2024-12-20,2024-12-23,2025-01-17,2025-01-17,56,5000.0,5750.0,open,False,41097.0,16,15.0
2025,open,204320,HL만도,pullback,2025-01-02,2025-01-03,2025-01-31,2025-01-31,7,42000.0,44000.0,open,False,13097.0,16,15.0
2025,open,051630,진양화학,breakout,2025-01-31,2025-02-03,2025-02-25,2025-02-25,65,4800.0,4850.0,open,False,2309.125,16,15.0
2025,open,053350,이니텍,breakout,2025-02-27,2025-02-28,2025-03-25,2025-03-25,68,4615.0,7370.0,open,False,186117.52999999997,16,15.0
2025,open,030210,다올투자증권,breakout,2025-03-25,2025-03-26,2025-04-17,2025-04-17,149,3340.0,3520.0,open,False,25286.78999999998,16,15.0
2025,open,030210,다올투자증권,breakout,2025-04-17,2025-04-18,2025-05-15,2025-05-15,144,3650.0,3390.0,open,False,-38960.640000000014,16,15.0
2025,open,014830,유니드,breakout,2025-05-15,2025-05-16,2025-06-11,2025-06-11,5,92800.0,88500.0,open,False,-22859.75,16,15.0
2025,open,310200,애니플러스,breakout,2025-06-11,2025-06-12,2025-07-04,2025-07-04,108,4290.0,4745.0,open,False,47676.330000000016,16,15.0
2025,open,036460,한국가스공사,breakout,2025-07-04,2025-07-07,2025-07-29,2025-07-29,11,46400.0,44400.0,open,False,-23498.20000000001,16,15.0
2025,open,003570,SNT다이내믹스,pullback,2025-07-29,2025-07-30,2025-08-22,2025-08-22,8,55000.0,57500.0,open,False,18650.0,16,15.0
2025,open,415380,스튜디오삼익,breakout,2025-08-22,2025-08-25,2025-09-16,2025-09-16,138,3656.0,4140.0,open,False,65178.228,16,15.0
2025,open,168360,펨트론,breakout,2025-09-16,2025-09-17,2025-10-16,2025-10-16,32,17460.0,21900.0,open,False,140190.71999999997,16,15.0
2025,open,457190,이수스페셜티케미컬,breakout,2025-10-16,2025-10-17,2025-11-10,2025-11-10,12,55500.0,52900.0,open,False,-33151.19999999995,16,15.0
2025,open,309960,LB인베스트먼트,breakout,2025-11-10,2025-11-11,2025-12-03,2025-12-03,119,5680.0,5480.0,open,False,-25792.05999999994,16,15.0
2025,open,314130,지놈앤컴퍼니,breakout,2025-12-03,2025-12-04,2025-12-29,2025-12-29,147,4430.0,6420.0,open,False,290137.57499999995,16,15.0
2025,open,048770,TPC로보틱스,breakout,2025-12-29,2025-12-30,2026-01-23,2026-01-23,280,3365.0,3970.0,open,False,166319.30000000005,16,15.0
2025,close,204320,HL만도,pullback,2025-01-02,2025-01-03,2025-01-31,2025-01-31,7,42000.0,44000.0,open,False,13097.0,16,15.0
2025,close,051630,진양화학,breakout,2025-01-31,2025-02-03,2025-02-25,2025-02-25,65,4800.0,4850.0,open,False,2309.125,16,15.0
2025,close,053350,이니텍,breakout,2025-02-27,2025-02-28,2025-03-25,2025-03-25,68,4615.0,7370.0,open,False,186117.52999999997,16,15.0
2025,close,030210,다올투자증권,breakout,2025-03-25,2025-03-26,2025-04-17,2025-04-17,149,3340.0,3520.0,open,False,25286.78999999998,16,15.0
2025,close,030210,다올투자증권,breakout,2025-04-17,2025-04-18,2025-05-15,2025-05-15,144,3650.0,3390.0,open,False,-38960.640000000014,16,15.0
2025,close,014830,유니드,breakout,2025-05-15,2025-05-16,2025-06-11,2025-06-11,5,92800.0,88500.0,open,False,-22859.75,16,15.0
2025,close,310200,애니플러스,breakout,2025-06-11,2025-06-12,2025-07-04,2025-07-04,108,4290.0,4745.0,open,False,47676.330000000016,16,15.0
2025,close,036460,한국가스공사,breakout,2025-07-04,2025-07-07,2025-07-29,2025-07-29,11,46400.0,44400.0,open,False,-23498.20000000001,16,15.0
2025,close,003570,SNT다이내믹스,pullback,2025-07-29,2025-07-30,2025-08-22,2025-08-22,8,55000.0,57500.0,open,False,18650.0,16,15.0
2025,close,415380,스튜디오삼익,breakout,2025-08-22,2025-08-25,2025-09-16,2025-09-16,138,3656.0,4140.0,open,False,65178.228,16,15.0
2025,close,168360,펨트론,breakout,2025-09-16,2025-09-17,2025-10-16,2025-10-16,32,17460.0,21900.0,open,False,140190.71999999997,16,15.0
2025,close,457190,이수스페셜티케미컬,breakout,2025-10-16,2025-10-17,2025-11-10,2025-11-10,12,55500.0,52900.0,open,False,-33151.19999999995,16,15.0
2025,close,309960,LB인베스트먼트,breakout,2025-11-10,2025-11-11,2025-12-03,2025-12-03,119,5680.0,5480.0,open,False,-25792.05999999994,16,15.0
2025,close,314130,지놈앤컴퍼니,breakout,2025-12-03,2025-12-04,2025-12-29,2025-12-29,147,4430.0,6420.0,open,False,290137.57499999995,16,15.0
2025,close,048770,TPC로보틱스,breakout,2025-12-29,2025-12-30,2026-01-23,2026-01-23,280,3365.0,3970.0,open,False,166319.30000000005,16,15.0
2025,low,204320,HL만도,pullback,2025-01-02,2025-01-03,2025-01-31,2025-01-31,7,42000.0,44000.0,open,False,13097.0,16,15.0
2025,low,051630,진양화학,breakout,2025-01-31,2025-02-03,2025-02-25,2025-02-25,65,4800.0,4850.0,open,False,2309.125,16,15.0
2025,low,053350,이니텍,breakout,2025-02-27,2025-02-28,2025-03-25,2025-03-25,68,4615.0,7370.0,open,False,186117.52999999997,16,15.0
2025,low,030210,다올투자증권,breakout,2025-03-25,2025-03-26,2025-04-17,2025-04-17,149,3340.0,3520.0,open,False,25286.78999999998,16,15.0
2025,low,030210,다올투자증권,breakout,2025-04-17,2025-04-18,2025-05-15,2025-05-15,144,3650.0,3390.0,open,False,-38960.640000000014,16,15.0
2025,low,014830,유니드,breakout,2025-05-15,2025-05-16,2025-06-11,2025-06-11,5,92800.0,88500.0,open,False,-22859.75,16,15.0
2025,low,310200,애니플러스,breakout,2025-06-11,2025-06-12,2025-07-04,2025-07-04,108,4290.0,4745.0,open,False,47676.330000000016,16,15.0
2025,low,036460,한국가스공사,breakout,2025-07-04,2025-07-07,2025-07-29,2025-07-29,11,46400.0,44400.0,open,False,-23498.20000000001,16,15.0
2025,low,003570,SNT다이내믹스,pullback,2025-07-29,2025-07-30,2025-08-22,2025-08-22,8,55000.0,57500.0,open,False,18650.0,16,15.0
2025,low,415380,스튜디오삼익,breakout,2025-08-22,2025-08-25,2025-09-16,2025-09-16,138,3656.0,4140.0,open,False,65178.228,16,15.0
2025,low,168360,펨트론,breakout,2025-09-16,2025-09-17,2025-10-16,2025-10-16,32,17460.0,21900.0,open,False,140190.71999999997,16,15.0
2025,low,457190,이수스페셜티케미컬,breakout,2025-10-16,2025-10-17,2025-11-10,2025-11-10,12,55500.0,52900.0,open,False,-33151.19999999995,16,15.0
2025,low,309960,LB인베스트먼트,breakout,2025-11-10,2025-11-11,2025-12-03,2025-12-03,119,5680.0,5480.0,open,False,-25792.05999999994,16,15.0
2025,low,314130,지놈앤컴퍼니,breakout,2025-12-03,2025-12-04,2025-12-29,2025-12-29,147,4430.0,6420.0,open,False,290137.57499999995,16,15.0
2025,low,048770,TPC로보틱스,breakout,2025-12-29,2025-12-30,2026-01-23,2026-01-23,280,3365.0,3970.0,open,False,166319.30000000005,16,15.0
2023,open,114090,GKL,pullback,2023-01-02,2023-01-03,2023-01-30,2023-01-30,15,18750.0,19920.0,open,False,16679.92499999999,17,15.0
2023,open,002700,신일전자,breakout,2023-01-30,2023-01-31,2023-02-23,2023-02-23,155,2035.0,2110.0,open,False,10661.287500000035,17,15.0
2023,open,000850,화천기공,breakout,2023-02-23,2023-02-24,2023-03-22,2023-03-22,9,33650.0,36500.0,open,False,24702.974999999977,17,15.0
2023,open,101360,에코앤드림,breakout,2023-03-22,2023-03-23,2023-04-17,2023-04-17,10,35092.0,34060.0,open,False,-11357.27999999997,17,15.0
2023,open,000430,대원강업,breakout,2023-04-17,2023-04-18,2023-05-15,2023-05-15,78,4340.0,4795.0,open,False,34421.205000000016,17,15.0
2023,open,002700,신일전자,breakout,2023-05-15,2023-05-16,2023-06-12,2023-06-12,167,2235.0,1938.0,open,False,-50644.336499999976,17,15.0
2023,open,001740,SK네트웍스,breakout,2023-06-12,2023-06-13,2023-07-06,2023-07-06,60,5380.0,5170.0,open,False,-13549.5,17,15.0
2023,open,126640,화신정공,pullback,2023-07-06,2023-07-07,2023-08-01,2023-08-01,155,1994.0,1758.0,open,False,-37452.340000000026,17,15.0
2023,open,326030,SK바이오팜,breakout,2023-08-01,2023-08-02,2023-08-28,2023-08-28,3,90000.0,85700.0,open,False,-13690.649999999994,17,15.0
2023,open,089850,유비벨록스,breakout,2023-08-28,2023-08-29,2023-09-21,2023-09-21,27,9376.0,9224.0,open,False,-4857.299999999988,17,15.0
2023,open,089850,유비벨록스,pullback,2023-09-21,2023-09-22,2023-10-24,2023-10-24,27,9159.0,7562.0,open,False,-43796.200500000006,17,15.0
2023,open,025900,동화기업,pullback,2023-10-24,2023-10-25,2023-11-17,2023-11-17,7,28637.0,26114.0,open,False,-18235.885500000004,17,15.0
2023,open,003570,SNT다이내믹스,breakout,2023-11-17,2023-11-20,2023-12-13,2023-12-13,12,15340.0,15580.0,open,False,2323.439999999973,17,15.0
2023,open,279600,미디어젠,breakout,2023-12-13,2023-12-14,2024-01-11,2024-01-11,11,16403.0,22384.0,open,False,65151.01450000002,17,15.0
2023,close,114090,GKL,pullback,2023-01-02,2023-01-03,2023-01-30,2023-01-30,15,18750.0,19920.0,open,False,16679.92499999999,17,15.0
2023,close,002700,신일전자,breakout,2023-01-30,2023-01-31,2023-02-23,2023-02-23,155,2035.0,2110.0,open,False,10661.287500000035,17,15.0
2023,close,000850,화천기공,breakout,2023-02-23,2023-02-24,2023-03-22,2023-03-22,9,33650.0,36500.0,open,False,24702.974999999977,17,15.0
2023,close,101360,에코앤드림,breakout,2023-03-22,2023-03-23,2023-04-17,2023-04-17,10,35092.0,34060.0,open,False,-11357.27999999997,17,15.0
2023,close,000430,대원강업,breakout,2023-04-17,2023-04-18,2023-05-15,2023-05-15,78,4340.0,4795.0,open,False,34421.205000000016,17,15.0
2023,close,002700,신일전자,breakout,2023-05-15,2023-05-16,2023-06-12,2023-06-12,167,2235.0,1938.0,open,False,-50644.336499999976,17,15.0
2023,close,001740,SK네트웍스,breakout,2023-06-12,2023-06-13,2023-07-06,2023-07-06,60,5380.0,5170.0,open,False,-13549.5,17,15.0
2023,close,126640,화신정공,pullback,2023-07-06,2023-07-07,2023-08-01,2023-08-01,155,1994.0,1758.0,open,False,-37452.340000000026,17,15.0
2023,close,326030,SK바이오팜,breakout,2023-08-01,2023-08-02,2023-08-28,2023-08-28,3,90000.0,85700.0,open,False,-13690.649999999994,17,15.0
2023,close,089850,유비벨록스,breakout,2023-08-28,2023-08-29,2023-09-21,2023-09-21,27,9376.0,9224.0,open,False,-4857.299999999988,17,15.0
2023,close,089850,유비벨록스,pullback,2023-09-21,2023-09-22,2023-10-24,2023-10-24,27,9159.0,7562.0,open,False,-43796.200500000006,17,15.0
2023,close,025900,동화기업,pullback,2023-10-24,2023-10-25,2023-11-17,2023-11-17,7,28637.0,26114.0,open,False,-18235.885500000004,17,15.0
2023,close,003570,SNT다이내믹스,breakout,2023-11-17,2023-11-20,2023-12-13,2023-12-13,12,15340.0,15580.0,open,False,2323.439999999973,17,15.0
2023,close,279600,미디어젠,breakout,2023-12-13,2023-12-14,2024-01-11,2024-01-11,11,16403.0,22384.0,open,False,65151.01450000002,17,15.0
2023,low,114090,GKL,pullback,2023-01-02,2023-01-03,2023-01-30,2023-01-30,15,18750.0,19920.0,open,False,16679.92499999999,17,15.0
2023,low,002700,신일전자,breakout,2023-01-30,2023-01-31,2023-02-23,2023-02-23,155,2035.0,2110.0,open,False,10661.287500000035,17,15.0
2023,low,000850,화천기공,breakout,2023-02-23,2023-02-24,2023-03-22,2023-03-22,9,33650.0,36500.0,open,False,24702.974999999977,17,15.0
2023,low,101360,에코앤드림,breakout,2023-03-22,2023-03-23,2023-04-17,2023-04-17,10,35092.0,34060.0,open,False,-11357.27999999997,17,15.0
2023,low,000430,대원강업,breakout,2023-04-17,2023-04-18,2023-05-15,2023-05-15,78,4340.0,4795.0,open,False,34421.205000000016,17,15.0
2023,low,002700,신일전자,breakout,2023-05-15,2023-05-16,2023-06-12,2023-06-12,167,2235.0,1938.0,open,False,-50644.336499999976,17,15.0
2023,low,001740,SK네트웍스,breakout,2023-06-12,2023-06-13,2023-07-06,2023-07-06,60,5380.0,5170.0,open,False,-13549.5,17,15.0
2023,low,126640,화신정공,pullback,2023-07-06,2023-07-07,2023-08-01,2023-08-01,155,1994.0,1758.0,open,False,-37452.340000000026,17,15.0
2023,low,326030,SK바이오팜,breakout,2023-08-01,2023-08-02,2023-08-28,2023-08-28,3,90000.0,85700.0,open,False,-13690.649999999994,17,15.0
2023,low,089850,유비벨록스,breakout,2023-08-28,2023-08-29,2023-09-21,2023-09-21,27,9376.0,9224.0,open,False,-4857.299999999988,17,15.0
2023,low,089850,유비벨록스,pullback,2023-09-21,2023-09-22,2023-10-24,2023-10-24,27,9159.0,7562.0,open,False,-43796.200500000006,17,15.0
2023,low,025900,동화기업,pullback,2023-10-24,2023-10-25,2023-11-17,2023-11-17,7,28637.0,26114.0,open,False,-18235.885500000004,17,15.0
2023,low,003570,SNT다이내믹스,breakout,2023-11-17,2023-11-20,2023-12-13,2023-12-13,12,15340.0,15580.0,open,False,2323.439999999973,17,15.0
2023,low,279600,미디어젠,breakout,2023-12-13,2023-12-14,2024-01-11,2024-01-11,11,16403.0,22384.0,open,False,65151.01450000002,17,15.0
2024,open,326030,SK바이오팜,breakout,2024-01-02,2024-01-03,2024-01-26,2024-01-26,2,103300.0,88600.0,open,False,-29975.70000000001,17,15.0
2024,open,003830,대한화섬,pullback,2024-01-26,2024-01-29,2024-02-23,2024-02-23,2,107500.0,117900.0,open,False,20123.800000000017,17,15.0
2024,open,001130,대한제분,breakout,2024-02-23,2024-02-26,2024-03-21,2024-03-21,20,14220.0,13010.0,open,False,-25016.900000000023,17,15.0
2024,open,014160,대영포장,breakout,2024-03-21,2024-03-22,2024-04-17,2024-04-17,141,1868.0,1292.0,open,False,-81884.34,17,15.0
2024,open,265520,AP시스템,breakout,2024-04-17,2024-04-18,2024-05-16,2024-05-16,6,30300.0,26700.0,open,False,-22113.0,17,15.0
2024,open,026890,스틱인베스트먼트,breakout,2024-05-16,2024-05-17,2024-06-12,2024-06-12,16,9620.0,11050.0,open,False,22383.920000000013,17,15.0
2024,open,149980,하이로닉,breakout,2024-06-12,2024-06-13,2024-07-08,2024-07-08,10,17087.0,16609.0,open,False,-5285.440000000002,17,15.0
2024,open,009300,삼아제약,pullback,2024-07-08,2024-07-09,2024-08-01,2024-08-01,7,23350.0,35600.0,open,False,85131.025,17,15.0
2024,open,003570,SNT다이내믹스,pullback,2024-08-01,2024-08-02,2024-08-28,2024-08-28,12,21200.0,20850.0,open,False,-4956.899999999994,17,15.0
2024,open,064850,에프앤가이드,breakout,2024-08-28,2024-08-29,2024-09-26,2024-09-26,27,9340.0,27600.0,open,False,491523.93000000005,17,15.0
2024,open,006800,미래에셋증권,pullback,2024-09-26,2024-09-27,2024-10-25,2024-10-25,86,8662.0,8971.0,open,False,24299.342999999993,17,15.0
2024,open,004870,티웨이홀딩스,pullback,2024-10-25,2024-10-28,2024-11-20,2024-11-20,202,3810.0,3115.0,open,False,-142488.27500000002,17,15.0
2024,open,016090,대현,breakout,2024-11-20,2024-11-21,2024-12-16,2024-12-16,288,2185.0,2355.0,open,False,46998.71999999997,17,15.0
2024,open,015360,INVENI,pullback,2024-12-16,2024-12-17,2025-01-14,2025-01-14,65,10400.0,9850.0,open,False,-37724.375,17,15.0
2024,close,326030,SK바이오팜,breakout,2024-01-02,2024-01-03,2024-01-26,2024-01-26,2,103300.0,88600.0,open,False,-29975.70000000001,17,15.0
2024,close,003830,대한화섬,pullback,2024-01-26,2024-01-29,2024-02-23,2024-02-23,2,107500.0,117900.0,open,False,20123.800000000017,17,15.0
2024,close,001130,대한제분,breakout,2024-02-23,2024-02-26,2024-03-21,2024-03-21,20,14220.0,13010.0,open,False,-25016.900000000023,17,15.0
2024,close,014160,대영포장,breakout,2024-03-21,2024-03-22,2024-04-17,2024-04-17,141,1868.0,1292.0,open,False,-81884.34,17,15.0
2024,close,265520,AP시스템,breakout,2024-04-17,2024-04-18,2024-05-16,2024-05-16,6,30300.0,26700.0,open,False,-22113.0,17,15.0
2024,close,026890,스틱인베스트먼트,breakout,2024-05-16,2024-05-17,2024-06-12,2024-06-12,16,9620.0,11050.0,open,False,22383.920000000013,17,15.0
2024,close,149980,하이로닉,breakout,2024-06-12,2024-06-13,2024-07-08,2024-07-08,10,17087.0,16609.0,open,False,-5285.440000000002,17,15.0
2024,close,009300,삼아제약,pullback,2024-07-08,2024-07-09,2024-08-01,2024-08-01,7,23350.0,35600.0,open,False,85131.025,17,15.0
2024,close,003570,SNT다이내믹스,pullback,2024-08-01,2024-08-02,2024-08-28,2024-08-28,12,21200.0,20850.0,open,False,-4956.899999999994,17,15.0
2024,close,064850,에프앤가이드,breakout,2024-08-28,2024-08-29,2024-09-26,2024-09-26,27,9340.0,27600.0,open,False,491523.93000000005,17,15.0
2024,close,006800,미래에셋증권,pullback,2024-09-26,2024-09-27,2024-10-25,2024-10-25,86,8662.0,8971.0,open,False,24299.342999999993,17,15.0
2024,close,004870,티웨이홀딩스,pullback,2024-10-25,2024-10-28,2024-11-20,2024-11-20,202,3810.0,3115.0,open,False,-142488.27500000002,17,15.0
2024,close,016090,대현,breakout,2024-11-20,2024-11-21,2024-12-16,2024-12-16,288,2185.0,2355.0,open,False,46998.71999999997,17,15.0
2024,close,015360,INVENI,pullback,2024-12-16,2024-12-17,2025-01-14,2025-01-14,65,10400.0,9850.0,open,False,-37724.375,17,15.0
2024,low,326030,SK바이오팜,breakout,2024-01-02,2024-01-03,2024-01-26,2024-01-26,2,103300.0,88600.0,open,False,-29975.70000000001,17,15.0
2024,low,003830,대한화섬,pullback,2024-01-26,2024-01-29,2024-02-23,2024-02-23,2,107500.0,117900.0,open,False,20123.800000000017,17,15.0
2024,low,001130,대한제분,breakout,2024-02-23,2024-02-26,2024-03-21,2024-03-21,20,14220.0,13010.0,open,False,-25016.900000000023,17,15.0
2024,low,014160,대영포장,breakout,2024-03-21,2024-03-22,2024-04-17,2024-04-17,141,1868.0,1292.0,open,False,-81884.34,17,15.0
2024,low,265520,AP시스템,breakout,2024-04-17,2024-04-18,2024-05-16,2024-05-16,6,30300.0,26700.0,open,False,-22113.0,17,15.0
2024,low,026890,스틱인베스트먼트,breakout,2024-05-16,2024-05-17,2024-06-12,2024-06-12,16,9620.0,11050.0,open,False,22383.920000000013,17,15.0
2024,low,149980,하이로닉,breakout,2024-06-12,2024-06-13,2024-07-08,2024-07-08,10,17087.0,16609.0,open,False,-5285.440000000002,17,15.0
2024,low,009300,삼아제약,pullback,2024-07-08,2024-07-09,2024-08-01,2024-08-01,7,23350.0,35600.0,open,False,85131.025,17,15.0
2024,low,003570,SNT다이내믹스,pullback,2024-08-01,2024-08-02,2024-08-28,2024-08-28,12,21200.0,20850.0,open,False,-4956.899999999994,17,15.0
2024,low,064850,에프앤가이드,breakout,2024-08-28,2024-08-29,2024-09-26,2024-09-26,27,9340.0,27600.0,open,False,491523.93000000005,17,15.0
2024,low,006800,미래에셋증권,pullback,2024-09-26,2024-09-27,2024-10-25,2024-10-25,86,8662.0,8971.0,open,False,24299.342999999993,17,15.0
2024,low,004870,티웨이홀딩스,pullback,2024-10-25,2024-10-28,2024-11-20,2024-11-20,202,3810.0,3115.0,open,False,-142488.27500000002,17,15.0
2024,low,016090,대현,breakout,2024-11-20,2024-11-21,2024-12-16,2024-12-16,288,2185.0,2355.0,open,False,46998.71999999997,17,15.0
2024,low,015360,INVENI,pullback,2024-12-16,2024-12-17,2025-01-14,2025-01-14,65,10400.0,9850.0,open,False,-37724.375,17,15.0
2025,open,204320,HL만도,pullback,2025-01-02,2025-01-03,2025-02-03,2025-02-03,7,42000.0,43000.0,open,False,6107.5,17,15.0
2025,open,051630,진양화학,breakout,2025-02-03,2025-02-04,2025-02-27,2025-02-27,64,4760.0,4640.0,open,False,-8582.400000000023,17,15.0
2025,open,053350,이니텍,breakout,2025-02-27,2025-02-28,2025-03-26,2025-03-26,64,4615.0,7660.0,open,False,193701.59999999998,17,15.0
2025,open,016920,카스,pullback,2025-03-26,2025-03-27,2025-04-21,2025-04-21,210,2330.0,2185.0,open,False,-31872.224999999977,17,15.0
2025,open,309960,LB인베스트먼트,breakout,2025-04-21,2025-04-22,2025-05-20,2025-05-20,75,6090.0,4430.0,open,False,-125683.5,17,15.0
2025,open,003570,SNT다이내믹스,breakout,2025-05-20,2025-05-21,2025-06-17,2025-06-17,8,39000.0,55100.0,open,False,127670.80000000005,17,15.0
2025,open,094280,효성ITX,breakout,2025-06-17,2025-06-18,2025-07-11,2025-07-11,32,13990.0,14150.0,open,False,3769.280000000028,17,15.0
2025,open,030210,다올투자증권,breakout,2025-07-11,2025-07-14,2025-08-06,2025-08-06,111,4160.0,3490.0,open,False,-75643.72499999998,17,15.0
2025,open,036620,감성코퍼레이션,pullback,2025-08-06,2025-08-07,2025-09-02,2025-09-02,63,6150.0,5800.0,open,False,-23179.275000000023,17,15.0
2025,open,124560,태웅로직스,pullback,2025-09-02,2025-09-03,2025-09-26,2025-09-26,107,3415.0,3070.0,open,False,-37955.84250000003,17,15.0
2025,open,030210,다올투자증권,pullback,2025-09-26,2025-09-29,2025-10-29,2025-10-29,91,3600.0,3715.0,open,False,9466.502500000002,17,15.0
2025,open,014680,한솔케미칼,pullback,2025-10-29,2025-10-30,2025-11-24,2025-11-24,1,222500.0,211500.0,open,False,-11651.0,17,15.0
2025,open,016360,삼성증권,pullback,2025-11-24,2025-11-25,2025-12-18,2025-12-18,4,80100.0,78000.0,open,False,-9348.600000000035,17,15.0
2025,open,309960,LB인베스트먼트,pullback,2025-12-18,2025-12-19,2026-01-16,2026-01-16,53,5940.0,5170.0,open,False,-41693.24500000005,17,15.0
2025,close,204320,HL만도,pullback,2025-01-02,2025-01-03,2025-02-03,2025-02-03,7,42000.0,43000.0,open,False,6107.5,17,15.0
2025,close,051630,진양화학,breakout,2025-02-03,2025-02-04,2025-02-27,2025-02-27,64,4760.0,4640.0,open,False,-8582.400000000023,17,15.0
2025,close,053350,이니텍,breakout,2025-02-27,2025-02-28,2025-03-26,2025-03-26,64,4615.0,7660.0,open,False,193701.59999999998,17,15.0
2025,close,016920,카스,pullback,2025-03-26,2025-03-27,2025-04-21,2025-04-21,210,2330.0,2185.0,open,False,-31872.224999999977,17,15.0
2025,close,309960,LB인베스트먼트,breakout,2025-04-21,2025-04-22,2025-05-20,2025-05-20,75,6090.0,4430.0,open,False,-125683.5,17,15.0
2025,close,003570,SNT다이내믹스,breakout,2025-05-20,2025-05-21,2025-06-17,2025-06-17,8,39000.0,55100.0,open,False,127670.80000000005,17,15.0
2025,close,094280,효성ITX,breakout,2025-06-17,2025-06-18,2025-07-11,2025-07-11,32,13990.0,14150.0,open,False,3769.280000000028,17,15.0
2025,close,030210,다올투자증권,breakout,2025-07-11,2025-07-14,2025-08-06,2025-08-06,111,4160.0,3490.0,open,False,-75643.72499999998,17,15.0
2025,close,036620,감성코퍼레이션,pullback,2025-08-06,2025-08-07,2025-09-02,2025-09-02,63,6150.0,5800.0,open,False,-23179.275000000023,17,15.0
2025,close,124560,태웅로직스,pullback,2025-09-02,2025-09-03,2025-09-26,2025-09-26,107,3415.0,3070.0,open,False,-37955.84250000003,17,15.0
2025,close,030210,다올투자증권,pullback,2025-09-26,2025-09-29,2025-10-29,2025-10-29,91,3600.0,3715.0,open,False,9466.502500000002,17,15.0
2025,close,014680,한솔케미칼,pullback,2025-10-29,2025-10-30,2025-11-24,2025-11-24,1,222500.0,211500.0,open,False,-11651.0,17,15.0
2025,close,016360,삼성증권,pullback,2025-11-24,2025-11-25,2025-12-18,2025-12-18,4,80100.0,78000.0,open,False,-9348.600000000035,17,15.0
2025,close,309960,LB인베스트먼트,pullback,2025-12-18,2025-12-19,2026-01-16,2026-01-16,53,5940.0,5170.0,open,False,-41693.24500000005,17,15.0
2025,low,204320,HL만도,pullback,2025-01-02,2025-01-03,2025-02-03,2025-02-03,7,42000.0,43000.0,open,False,6107.5,17,15.0
2025,low,051630,진양화학,breakout,2025-02-03,2025-02-04,2025-02-27,2025-02-27,64,4760.0,4640.0,open,False,-8582.400000000023,17,15.0
2025,low,053350,이니텍,breakout,2025-02-27,2025-02-28,2025-03-26,2025-03-26,64,4615.0,7660.0,open,False,193701.59999999998,17,15.0
2025,low,016920,카스,pullback,2025-03-26,2025-03-27,2025-04-21,2025-04-21,210,2330.0,2185.0,open,False,-31872.224999999977,17,15.0
2025,low,309960,LB인베스트먼트,breakout,2025-04-21,2025-04-22,2025-05-20,2025-05-20,75,6090.0,4430.0,open,False,-125683.5,17,15.0
2025,low,003570,SNT다이내믹스,breakout,2025-05-20,2025-05-21,2025-06-17,2025-06-17,8,39000.0,55100.0,open,False,127670.80000000005,17,15.0
2025,low,094280,효성ITX,breakout,2025-06-17,2025-06-18,2025-07-11,2025-07-11,32,13990.0,14150.0,open,False,3769.280000000028,17,15.0
2025,low,030210,다올투자증권,breakout,2025-07-11,2025-07-14,2025-08-06,2025-08-06,111,4160.0,3490.0,open,False,-75643.72499999998,17,15.0
2025,low,036620,감성코퍼레이션,pullback,2025-08-06,2025-08-07,2025-09-02,2025-09-02,63,6150.0,5800.0,open,False,-23179.275000000023,17,15.0
2025,low,124560,태웅로직스,pullback,2025-09-02,2025-09-03,2025-09-26,2025-09-26,107,3415.0,3070.0,open,False,-37955.84250000003,17,15.0
2025,low,030210,다올투자증권,pullback,2025-09-26,2025-09-29,2025-10-29,2025-10-29,91,3600.0,3715.0,open,False,9466.502500000002,17,15.0
2025,low,014680,한솔케미칼,pullback,2025-10-29,2025-10-30,2025-11-24,2025-11-24,1,222500.0,211500.0,open,False,-11651.0,17,15.0
2025,low,016360,삼성증권,pullback,2025-11-24,2025-11-25,2025-12-18,2025-12-18,4,80100.0,78000.0,open,False,-9348.600000000035,17,15.0
2025,low,309960,LB인베스트먼트,pullback,2025-12-18,2025-12-19,2026-01-16,2026-01-16,53,5940.0,5170.0,open,False,-41693.24500000005,17,15.0
2023,open,114090,GKL,pullback,2023-01-02,2023-01-03,2023-01-31,2023-01-31,15,18750.0,20350.0,open,False,23120.25,18,15.0
2023,open,123700,SJM,pullback,2023-01-31,2023-02-01,2023-02-27,2023-02-27,71,4485.0,4500.0,open,False,108.09749999997439,18,15.0
2023,open,056080,유진로봇,pullback,2023-02-27,2023-02-28,2023-03-27,2023-03-27,54,5890.0,7520.0,open,False,86933.78999999998,18,15.0
2023,open,006220,제주은행,pullback,2023-03-27,2023-03-28,2023-04-21,2023-04-21,18,22250.0,24700.0,open,False,42832.350000000035,18,15.0
2023,open,204320,HL만도,pullback,2023-04-21,2023-04-24,2023-05-22,2023-05-22,9,47550.0,47300.0,open,False,-3530.475000000035,18,15.0
2023,open,319400,현대무벡스,pullback,2023-05-22,2023-05-23,2023-06-20,2023-06-20,89,5000.0,4475.0,open,False,-47989.91249999998,18,15.0
2023,open,319400,현대무벡스,pullback,2023-06-20,2023-06-21,2023-07-17,2023-07-17,88,4530.0,4135.0,open,False,-35903.78000000003,18,15.0
2023,open,043910,자연과환경,breakout,2023-07-17,2023-07-18,2023-08-11,2023-08-11,24,14870.0,11360.0,open,False,-85184.27999999997,18,15.0
2023,open,025980,아난티,breakout,2023-08-11,2023-08-14,2023-09-08,2023-09-08,33,8480.0,7980.0,open,False,-17314.77000000002,18,15.0
2023,open,056080,유진로봇,breakout,2023-09-08,2023-09-11,2023-10-12,2023-10-12,16,16070.0,11490.0,open,False,-73941.44,18,15.0
2023,open,004100,태양금속,pullback,2023-10-12,2023-10-13,2023-11-08,2023-11-08,49,3840.0,3140.0,open,False,-34813.03,18,15.0
2023,open,105630,한세실업,breakout,2023-11-09,2023-11-10,2023-12-06,2023-12-06,6,23700.0,21550.0,open,False,-13307.250000000015,18,15.0
2023,open,131370,알서포트,pullback,2023-12-06,2023-12-07,2024-01-05,2024-01-05,37,3785.0,3810.0,open,False,503.47750000000815,18,15.0
2023,close,114090,GKL,pullback,2023-01-02,2023-01-03,2023-01-31,2023-01-31,15,18750.0,20350.0,open,False,23120.25,18,15.0
2023,close,123700,SJM,pullback,2023-01-31,2023-02-01,2023-02-27,2023-02-27,71,4485.0,4500.0,open,False,108.09749999997439,18,15.0
2023,close,056080,유진로봇,pullback,2023-02-27,2023-02-28,2023-03-27,2023-03-27,54,5890.0,7520.0,open,False,86933.78999999998,18,15.0
2023,close,006220,제주은행,pullback,2023-03-27,2023-03-28,2023-04-21,2023-04-21,18,22250.0,24700.0,open,False,42832.350000000035,18,15.0
2023,close,204320,HL만도,pullback,2023-04-21,2023-04-24,2023-05-22,2023-05-22,9,47550.0,47300.0,open,False,-3530.475000000035,18,15.0
2023,close,319400,현대무벡스,pullback,2023-05-22,2023-05-23,2023-06-20,2023-06-20,89,5000.0,4475.0,open,False,-47989.91249999998,18,15.0
2023,close,319400,현대무벡스,pullback,2023-06-20,2023-06-21,2023-07-17,2023-07-17,88,4530.0,4135.0,open,False,-35903.78000000003,18,15.0
2023,close,043910,자연과환경,breakout,2023-07-17,2023-07-18,2023-08-11,2023-08-11,24,14870.0,11360.0,open,False,-85184.27999999997,18,15.0
2023,close,025980,아난티,breakout,2023-08-11,2023-08-14,2023-09-08,2023-09-08,33,8480.0,7980.0,open,False,-17314.77000000002,18,15.0
2023,close,056080,유진로봇,breakout,2023-09-08,2023-09-11,2023-10-12,2023-10-12,16,16070.0,11490.0,open,False,-73941.44,18,15.0
2023,close,004100,태양금속,pullback,2023-10-12,2023-10-13,2023-11-08,2023-11-08,49,3840.0,3140.0,open,False,-34813.03,18,15.0
2023,close,105630,한세실업,breakout,2023-11-09,2023-11-10,2023-12-06,2023-12-06,6,23700.0,21550.0,open,False,-13307.250000000015,18,15.0
2023,close,131370,알서포트,pullback,2023-12-06,2023-12-07,2024-01-05,2024-01-05,37,3785.0,3810.0,open,False,503.47750000000815,18,15.0
2023,low,114090,GKL,pullback,2023-01-02,2023-01-03,2023-01-31,2023-01-31,15,18750.0,20350.0,open,False,23120.25,18,15.0
2023,low,123700,SJM,pullback,2023-01-31,2023-02-01,2023-02-27,2023-02-27,71,4485.0,4500.0,open,False,108.09749999997439,18,15.0
2023,low,056080,유진로봇,pullback,2023-02-27,2023-02-28,2023-03-27,2023-03-27,54,5890.0,7520.0,open,False,86933.78999999998,18,15.0
2023,low,006220,제주은행,pullback,2023-03-27,2023-03-28,2023-04-21,2023-04-21,18,22250.0,24700.0,open,False,42832.350000000035,18,15.0
2023,low,204320,HL만도,pullback,2023-04-21,2023-04-24,2023-05-22,2023-05-22,9,47550.0,47300.0,open,False,-3530.475000000035,18,15.0
2023,low,319400,현대무벡스,pullback,2023-05-22,2023-05-23,2023-06-20,2023-06-20,89,5000.0,4475.0,open,False,-47989.91249999998,18,15.0
2023,low,319400,현대무벡스,pullback,2023-06-20,2023-06-21,2023-07-17,2023-07-17,88,4530.0,4135.0,open,False,-35903.78000000003,18,15.0
2023,low,043910,자연과환경,breakout,2023-07-17,2023-07-18,2023-08-11,2023-08-11,24,14870.0,11360.0,open,False,-85184.27999999997,18,15.0
2023,low,025980,아난티,breakout,2023-08-11,2023-08-14,2023-09-08,2023-09-08,33,8480.0,7980.0,open,False,-17314.77000000002,18,15.0
2023,low,056080,유진로봇,breakout,2023-09-08,2023-09-11,2023-10-12,2023-10-12,16,16070.0,11490.0,open,False,-73941.44,18,15.0
2023,low,004100,태양금속,pullback,2023-10-12,2023-10-13,2023-11-08,2023-11-08,49,3840.0,3140.0,open,False,-34813.03,18,15.0
2023,low,105630,한세실업,breakout,2023-11-09,2023-11-10,2023-12-06,2023-12-06,6,23700.0,21550.0,open,False,-13307.250000000015,18,15.0
2023,low,131370,알서포트,pullback,2023-12-06,2023-12-07,2024-01-05,2024-01-05,37,3785.0,3810.0,open,False,503.47750000000815,18,15.0
2024,open,326030,SK바이오팜,breakout,2024-01-02,2024-01-03,2024-01-29,2024-01-29,2,103300.0,88900.0,open,False,-29376.600000000006,18,15.0
2024,open,003830,대한화섬,breakout,2024-01-29,2024-01-30,2024-02-27,2024-02-27,2,114600.0,113300.0,open,False,-3283.7000000000116,18,15.0
2024,open,163560,동일고무벨트,breakout,2024-02-27,2024-02-28,2024-03-26,2024-03-26,28,9320.0,8280.0,open,False,-29859.199999999983,18,15.0
2024,open,089850,유비벨록스,breakout,2024-03-26,2024-03-27,2024-04-23,2024-04-23,24,9827.0,8960.0,open,False,-21484.332000000024,18,15.0
2024,open,026890,스틱인베스트먼트,breakout,2024-04-23,2024-04-24,2024-05-23,2024-05-23,24,8850.0,10870.0,open,False,47770.080000000016,18,15.0
2024,open,282720,금양그린파워,breakout,2024-05-23,2024-05-24,2024-06-20,2024-06-20,15,16700.0,13930.0,open,False,-42239.17499999999,18,15.0
2024,open,009070,KCTC,pullback,2024-06-20,2024-06-21,2024-07-17,2024-07-17,47,4655.0,4150.0,open,False,-24355.752500000002,18,15.0
2024,open,006360,GS건설,breakout,2024-07-17,2024-07-18,2024-08-13,2024-08-13,10,18300.0,19900.0,open,False,15427.0,18,15.0
2024,open,004870,티웨이홀딩스,pullback,2024-08-13,2024-08-14,2024-09-10,2024-09-10,77,2740.0,2473.0,open,False,-21161.10149999999,18,15.0
2024,open,015360,INVENI,pullback,2024-09-10,2024-09-11,2024-10-15,2024-10-15,20,9360.0,9290.0,open,False,-1959.5,18,15.0
2024,open,326030,SK바이오팜,breakout,2024-10-15,2024-10-16,2024-11-11,2024-11-11,1,125700.0,114000.0,open,False,-12059.550000000003,18,15.0
2024,open,003530,한화투자증권,breakout,2024-11-11,2024-11-12,2024-12-06,2024-12-06,38,4620.0,4060.0,open,False,-21774.75999999998,18,15.0
2024,open,015020,이스타코,breakout,2024-12-06,2024-12-09,2025-01-07,2025-01-07,62,2472.0,3760.0,open,False,79276.424,18,15.0
2024,close,326030,SK바이오팜,breakout,2024-01-02,2024-01-03,2024-01-29,2024-01-29,2,103300.0,88900.0,open,False,-29376.600000000006,18,15.0
2024,close,003830,대한화섬,breakout,2024-01-29,2024-01-30,2024-02-27,2024-02-27,2,114600.0,113300.0,open,False,-3283.7000000000116,18,15.0
2024,close,163560,동일고무벨트,breakout,2024-02-27,2024-02-28,2024-03-26,2024-03-26,28,9320.0,8280.0,open,False,-29859.199999999983,18,15.0
2024,close,089850,유비벨록스,breakout,2024-03-26,2024-03-27,2024-04-23,2024-04-23,24,9827.0,8960.0,open,False,-21484.332000000024,18,15.0
2024,close,026890,스틱인베스트먼트,breakout,2024-04-23,2024-04-24,2024-05-23,2024-05-23,24,8850.0,10870.0,open,False,47770.080000000016,18,15.0
2024,close,282720,금양그린파워,breakout,2024-05-23,2024-05-24,2024-06-20,2024-06-20,15,16700.0,13930.0,open,False,-42239.17499999999,18,15.0
2024,close,009070,KCTC,pullback,2024-06-20,2024-06-21,2024-07-17,2024-07-17,47,4655.0,4150.0,open,False,-24355.752500000002,18,15.0
2024,close,006360,GS건설,breakout,2024-07-17,2024-07-18,2024-08-13,2024-08-13,10,18300.0,19900.0,open,False,15427.0,18,15.0
2024,close,004870,티웨이홀딩스,pullback,2024-08-13,2024-08-14,2024-09-10,2024-09-10,77,2740.0,2473.0,open,False,-21161.10149999999,18,15.0
2024,close,015360,INVENI,pullback,2024-09-10,2024-09-11,2024-10-15,2024-10-15,20,9360.0,9290.0,open,False,-1959.5,18,15.0
2024,close,326030,SK바이오팜,breakout,2024-10-15,2024-10-16,2024-11-11,2024-11-11,1,125700.0,114000.0,open,False,-12059.550000000003,18,15.0
2024,close,003530,한화투자증권,breakout,2024-11-11,2024-11-12,2024-12-06,2024-12-06,38,4620.0,4060.0,open,False,-21774.75999999998,18,15.0
2024,close,015020,이스타코,breakout,2024-12-06,2024-12-09,2025-01-07,2025-01-07,62,2472.0,3760.0,open,False,79276.424,18,15.0
2024,low,326030,SK바이오팜,breakout,2024-01-02,2024-01-03,2024-01-29,2024-01-29,2,103300.0,88900.0,open,False,-29376.600000000006,18,15.0
2024,low,003830,대한화섬,breakout,2024-01-29,2024-01-30,2024-02-27,2024-02-27,2,114600.0,113300.0,open,False,-3283.7000000000116,18,15.0
2024,low,163560,동일고무벨트,breakout,2024-02-27,2024-02-28,2024-03-26,2024-03-26,28,9320.0,8280.0,open,False,-29859.199999999983,18,15.0
2024,low,089850,유비벨록스,breakout,2024-03-26,2024-03-27,2024-04-23,2024-04-23,24,9827.0,8960.0,open,False,-21484.332000000024,18,15.0
2024,low,026890,스틱인베스트먼트,breakout,2024-04-23,2024-04-24,2024-05-23,2024-05-23,24,8850.0,10870.0,open,False,47770.080000000016,18,15.0
2024,low,282720,금양그린파워,breakout,2024-05-23,2024-05-24,2024-06-20,2024-06-20,15,16700.0,13930.0,open,False,-42239.17499999999,18,15.0
2024,low,009070,KCTC,pullback,2024-06-20,2024-06-21,2024-07-17,2024-07-17,47,4655.0,4150.0,open,False,-24355.752500000002,18,15.0
2024,low,006360,GS건설,breakout,2024-07-17,2024-07-18,2024-08-13,2024-08-13,10,18300.0,19900.0,open,False,15427.0,18,15.0
2024,low,004870,티웨이홀딩스,pullback,2024-08-13,2024-08-14,2024-09-10,2024-09-10,77,2740.0,2473.0,open,False,-21161.10149999999,18,15.0
2024,low,015360,INVENI,pullback,2024-09-10,2024-09-11,2024-10-15,2024-10-15,20,9360.0,9290.0,open,False,-1959.5,18,15.0
2024,low,326030,SK바이오팜,breakout,2024-10-15,2024-10-16,2024-11-11,2024-11-11,1,125700.0,114000.0,open,False,-12059.550000000003,18,15.0
2024,low,003530,한화투자증권,breakout,2024-11-11,2024-11-12,2024-12-06,2024-12-06,38,4620.0,4060.0,open,False,-21774.75999999998,18,15.0
2024,low,015020,이스타코,breakout,2024-12-06,2024-12-09,2025-01-07,2025-01-07,62,2472.0,3760.0,open,False,79276.424,18,15.0
2025,open,204320,HL만도,pullback,2025-01-02,2025-01-03,2025-02-04,2025-02-04,7,42000.0,41900.0,open,False,-1580.9500000000116,18,15.0
2025,open,168360,펨트론,breakout,2025-02-04,2025-02-05,2025-03-04,2025-03-04,31,9510.0,11650.0,open,False,65356.06,18,15.0
2025,open,003030,세아제강지주,breakout,2025-03-04,2025-03-05,2025-03-31,2025-03-31,1,252500.0,225500.0,open,False,-27717.0,18,15.0
2025,open,052220,iMBC,breakout,2025-04-01,2025-04-02,2025-04-28,2025-04-28,64,5170.0,4355.0,open,False,-53074.399999999965,18,15.0
2025,open,006800,미래에셋증권,breakout,2025-04-29,2025-04-30,2025-05-29,2025-05-29,26,10833.0,14437.0,open,False,92718.46999999997,18,15.0
2025,open,030210,다올투자증권,breakout,2025-05-29,2025-05-30,2025-06-27,2025-06-27,102,3655.0,3630.0,open,False,-3664.6049999999814,18,15.0
2025,open,015860,일진홀딩스,pullback,2025-06-27,2025-06-30,2025-07-24,2025-07-24,71,5190.0,5830.0,open,False,44266.369999999995,18,15.0
2025,open,011780,금호석유화학,pullback,2025-07-24,2025-07-25,2025-08-21,2025-08-21,3,128800.0,109200.0,open,False,-59871.0,18,15.0
2025,open,006220,제주은행,pullback,2025-08-21,2025-08-22,2025-09-17,2025-09-17,23,15190.0,14190.0,open,False,-24013.609999999986,18,15.0
2025,open,170920,엘티씨,breakout,2025-09-17,2025-09-18,2025-10-21,2025-10-21,19,17350.0,16800.0,open,False,-11423.275000000023,18,15.0
2025,open,265520,AP시스템,breakout,2025-10-21,2025-10-22,2025-11-17,2025-11-17,14,22650.0,18870.0,open,False,-53791.919999999984,18,15.0
2025,open,220100,퓨쳐켐,breakout,2025-11-17,2025-11-18,2025-12-12,2025-12-12,10,25490.0,27789.0,open,False,22190.81500000003,18,15.0
2025,open,056080,유진로봇,breakout,2025-12-12,2025-12-15,2026-01-13,2026-01-13,17,16620.0,15440.0,open,False,-20877.52999999997,18,15.0
2025,close,204320,HL만도,pullback,2025-01-02,2025-01-03,2025-02-04,2025-02-04,7,42000.0,41900.0,open,False,-1580.9500000000116,18,15.0
2025,close,168360,펨트론,breakout,2025-02-04,2025-02-05,2025-03-04,2025-03-04,31,9510.0,11650.0,open,False,65356.06,18,15.0
2025,close,003030,세아제강지주,breakout,2025-03-04,2025-03-05,2025-03-31,2025-03-31,1,252500.0,225500.0,open,False,-27717.0,18,15.0
2025,close,052220,iMBC,breakout,2025-04-01,2025-04-02,2025-04-28,2025-04-28,64,5170.0,4355.0,open,False,-53074.399999999965,18,15.0
2025,close,006800,미래에셋증권,breakout,2025-04-29,2025-04-30,2025-05-29,2025-05-29,26,10833.0,14437.0,open,False,92718.46999999997,18,15.0
2025,close,030210,다올투자증권,breakout,2025-05-29,2025-05-30,2025-06-27,2025-06-27,102,3655.0,3630.0,open,False,-3664.6049999999814,18,15.0
2025,close,015860,일진홀딩스,pullback,2025-06-27,2025-06-30,2025-07-24,2025-07-24,71,5190.0,5830.0,open,False,44266.369999999995,18,15.0
2025,close,011780,금호석유화학,pullback,2025-07-24,2025-07-25,2025-08-21,2025-08-21,3,128800.0,109200.0,open,False,-59871.0,18,15.0
2025,close,006220,제주은행,pullback,2025-08-21,2025-08-22,2025-09-17,2025-09-17,23,15190.0,14190.0,open,False,-24013.609999999986,18,15.0
2025,close,170920,엘티씨,breakout,2025-09-17,2025-09-18,2025-10-21,2025-10-21,19,17350.0,16800.0,open,False,-11423.275000000023,18,15.0
2025,close,265520,AP시스템,breakout,2025-10-21,2025-10-22,2025-11-17,2025-11-17,14,22650.0,18870.0,open,False,-53791.919999999984,18,15.0
2025,close,220100,퓨쳐켐,breakout,2025-11-17,2025-11-18,2025-12-12,2025-12-12,10,25490.0,27789.0,open,False,22190.81500000003,18,15.0
2025,close,056080,유진로봇,breakout,2025-12-12,2025-12-15,2026-01-13,2026-01-13,17,16620.0,15440.0,open,False,-20877.52999999997,18,15.0
2025,low,204320,HL만도,pullback,2025-01-02,2025-01-03,2025-02-04,2025-02-04,7,42000.0,41900.0,open,False,-1580.9500000000116,18,15.0
2025,low,168360,펨트론,breakout,2025-02-04,2025-02-05,2025-03-04,2025-03-04,31,9510.0,11650.0,open,False,65356.06,18,15.0
2025,low,003030,세아제강지주,breakout,2025-03-04,2025-03-05,2025-03-31,2025-03-31,1,252500.0,225500.0,open,False,-27717.0,18,15.0
2025,low,052220,iMBC,breakout,2025-04-01,2025-04-02,2025-04-28,2025-04-28,64,5170.0,4355.0,open,False,-53074.399999999965,18,15.0
2025,low,006800,미래에셋증권,breakout,2025-04-29,2025-04-30,2025-05-29,2025-05-29,26,10833.0,14437.0,open,False,92718.46999999997,18,15.0
2025,low,030210,다올투자증권,breakout,2025-05-29,2025-05-30,2025-06-27,2025-06-27,102,3655.0,3630.0,open,False,-3664.6049999999814,18,15.0
2025,low,015860,일진홀딩스,pullback,2025-06-27,2025-06-30,2025-07-24,2025-07-24,71,5190.0,5830.0,open,False,44266.369999999995,18,15.0
2025,low,011780,금호석유화학,pullback,2025-07-24,2025-07-25,2025-08-21,2025-08-21,3,128800.0,109200.0,open,False,-59871.0,18,15.0
2025,low,006220,제주은행,pullback,2025-08-21,2025-08-22,2025-09-17,2025-09-17,23,15190.0,14190.0,open,False,-24013.609999999986,18,15.0
2025,low,170920,엘티씨,breakout,2025-09-17,2025-09-18,2025-10-21,2025-10-21,19,17350.0,16800.0,open,False,-11423.275000000023,18,15.0
2025,low,265520,AP시스템,breakout,2025-10-21,2025-10-22,2025-11-17,2025-11-17,14,22650.0,18870.0,open,False,-53791.919999999984,18,15.0
2025,low,220100,퓨쳐켐,breakout,2025-11-17,2025-11-18,2025-12-12,2025-12-12,10,25490.0,27789.0,open,False,22190.81500000003,18,15.0
2025,low,056080,유진로봇,breakout,2025-12-12,2025-12-15,2026-01-13,2026-01-13,17,16620.0,15440.0,open,False,-20877.52999999997,18,15.0
2023,open,114090,GKL,pullback,2023-01-02,2023-01-03,2023-02-01,2023-02-01,15,18750.0,20250.0,open,False,21622.5,19,15.0
2023,open,310200,애니플러스,pullback,2023-02-01,2023-02-02,2023-03-02,2023-03-02,64,4950.0,4810.0,open,False,-9896.960000000021,19,15.0
2023,open,001460,BYC,breakout,2023-03-02,2023-03-03,2023-03-30,2023-03-30,5,55000.0,43400.0,open,False,-58738.0,19,15.0
2023,open,319400,현대무벡스,breakout,2023-03-30,2023-03-31,2023-04-27,2023-04-27,68,3685.0,4200.0,open,False,34215.73000000001,19,15.0
2023,open,011230,삼화전자,breakout,2023-04-27,2023-04-28,2023-05-30,2023-05-30,39,7328.0,9004.0,open,False,64408.57799999998,19,15.0
2023,open,017900,광전자,breakout,2023-05-30,2023-05-31,2023-06-28,2023-06-28,111,3135.0,3220.0,open,False,8376.892499999958,19,15.0
2023,open,105630,한세실업,breakout,2023-06-28,2023-06-29,2023-07-26,2023-07-26,17,20750.0,17950.0,open,False,-48586.84999999998,19,15.0
2023,open,326030,SK바이오팜,pullback,2023-07-26,2023-07-27,2023-08-24,2023-08-24,3,83400.0,85300.0,open,False,4940.850000000006,19,15.0
2023,open,085310,엔케이,pullback,2023-08-24,2023-08-25,2023-09-21,2023-09-21,29,10720.0,10160.0,open,False,-17148.27999999997,19,15.0
2023,open,089850,유비벨록스,pullback,2023-09-21,2023-09-22,2023-10-26,2023-10-26,32,9159.0,7325.0,open,False,-59479.23200000002,19,15.0
2023,open,003570,SNT다이내믹스,pullback,2023-10-26,2023-10-27,2023-11-23,2023-11-23,18,12610.0,14170.0,open,False,27356.940000000002,19,15.0
2023,open,215200,메가스터디교육,pullback,2023-11-24,2023-11-27,2023-12-22,2023-12-22,4,61400.0,62000.0,open,False,1659.5999999999767,19,15.0
2023,open,279600,미디어젠,breakout,2023-12-22,2023-12-26,2024-01-24,2024-01-24,12,21718.0,22250.0,open,False,5592.575999999972,19,15.0
2023,close,114090,GKL,pullback,2023-01-02,2023-01-03,2023-02-01,2023-02-01,15,18750.0,20250.0,open,False,21622.5,19,15.0
2023,close,310200,애니플러스,pullback,2023-02-01,2023-02-02,2023-03-02,2023-03-02,64,4950.0,4810.0,open,False,-9896.960000000021,19,15.0
2023,close,001460,BYC,breakout,2023-03-02,2023-03-03,2023-03-30,2023-03-30,5,55000.0,43400.0,open,False,-58738.0,19,15.0
2023,close,319400,현대무벡스,breakout,2023-03-30,2023-03-31,2023-04-27,2023-04-27,68,3685.0,4200.0,open,False,34215.73000000001,19,15.0
2023,close,011230,삼화전자,breakout,2023-04-27,2023-04-28,2023-05-30,2023-05-30,39,7328.0,9004.0,open,False,64408.57799999998,19,15.0
2023,close,017900,광전자,breakout,2023-05-30,2023-05-31,2023-06-28,2023-06-28,111,3135.0,3220.0,open,False,8376.892499999958,19,15.0
2023,close,105630,한세실업,breakout,2023-06-28,2023-06-29,2023-07-26,2023-07-26,17,20750.0,17950.0,open,False,-48586.84999999998,19,15.0
2023,close,326030,SK바이오팜,pullback,2023-07-26,2023-07-27,2023-08-24,2023-08-24,3,83400.0,85300.0,open,False,4940.850000000006,19,15.0
2023,close,085310,엔케이,pullback,2023-08-24,2023-08-25,2023-09-21,2023-09-21,29,10720.0,10160.0,open,False,-17148.27999999997,19,15.0
2023,close,089850,유비벨록스,pullback,2023-09-21,2023-09-22,2023-10-26,2023-10-26,32,9159.0,7325.0,open,False,-59479.23200000002,19,15.0
2023,close,003570,SNT다이내믹스,pullback,2023-10-26,2023-10-27,2023-11-23,2023-11-23,18,12610.0,14170.0,open,False,27356.940000000002,19,15.0
2023,close,215200,메가스터디교육,pullback,2023-11-24,2023-11-27,2023-12-22,2023-12-22,4,61400.0,62000.0,open,False,1659.5999999999767,19,15.0
2023,close,279600,미디어젠,breakout,2023-12-22,2023-12-26,2024-01-24,2024-01-24,12,21718.0,22250.0,open,False,5592.575999999972,19,15.0
2023,low,114090,GKL,pullback,2023-01-02,2023-01-03,2023-02-01,2023-02-01,15,18750.0,20250.0,open,False,21622.5,19,15.0
2023,low,310200,애니플러스,pullback,2023-02-01,2023-02-02,2023-03-02,2023-03-02,64,4950.0,4810.0,open,False,-9896.960000000021,19,15.0
2023,low,001460,BYC,breakout,2023-03-02,2023-03-03,2023-03-30,2023-03-30,5,55000.0,43400.0,open,False,-58738.0,19,15.0
2023,low,319400,현대무벡스,breakout,2023-03-30,2023-03-31,2023-04-27,2023-04-27,68,3685.0,4200.0,open,False,34215.73000000001,19,15.0
2023,low,011230,삼화전자,breakout,2023-04-27,2023-04-28,2023-05-30,2023-05-30,39,7328.0,9004.0,open,False,64408.57799999998,19,15.0
2023,low,017900,광전자,breakout,2023-05-30,2023-05-31,2023-06-28,2023-06-28,111,3135.0,3220.0,open,False,8376.892499999958,19,15.0
2023,low,105630,한세실업,breakout,2023-06-28,2023-06-29,2023-07-26,2023-07-26,17,20750.0,17950.0,open,False,-48586.84999999998,19,15.0
2023,low,326030,SK바이오팜,pullback,2023-07-26,2023-07-27,2023-08-24,2023-08-24,3,83400.0,85300.0,open,False,4940.850000000006,19,15.0
2023,low,085310,엔케이,pullback,2023-08-24,2023-08-25,2023-09-21,2023-09-21,29,10720.0,10160.0,open,False,-17148.27999999997,19,15.0
2023,low,089850,유비벨록스,pullback,2023-09-21,2023-09-22,2023-10-26,2023-10-26,32,9159.0,7325.0,open,False,-59479.23200000002,19,15.0
2023,low,003570,SNT다이내믹스,pullback,2023-10-26,2023-10-27,2023-11-23,2023-11-23,18,12610.0,14170.0,open,False,27356.940000000002,19,15.0
2023,low,215200,메가스터디교육,pullback,2023-11-24,2023-11-27,2023-12-22,2023-12-22,4,61400.0,62000.0,open,False,1659.5999999999767,19,15.0
2023,low,279600,미디어젠,breakout,2023-12-22,2023-12-26,2024-01-24,2024-01-24,12,21718.0,22250.0,open,False,5592.575999999972,19,15.0
2024,open,326030,SK바이오팜,breakout,2024-01-02,2024-01-03,2024-01-30,2024-01-30,2,103300.0,94800.0,open,False,-17594.300000000017,19,15.0
2024,open,003030,세아제강지주,pullback,2024-01-31,2024-02-01,2024-03-04,2024-03-04,1,220000.0,215500.0,open,False,-5153.25,19,15.0
2024,open,105560,KB금융,pullback,2024-03-04,2024-03-05,2024-04-01,2024-04-01,3,70500.0,69100.0,open,False,-4828.1999999999825,19,15.0
2024,open,003030,세아제강지주,pullback,2024-04-01,2024-04-02,2024-04-30,2024-04-30,1,224500.0,230500.0,open,False,5317.5,19,15.0
2024,open,004450,삼화왕관,pullback,2024-04-30,2024-05-02,2024-05-31,2024-05-31,8,32800.0,33550.0,open,False,5203.799999999988,19,15.0
2024,open,036460,한국가스공사,breakout,2024-05-31,2024-06-03,2024-07-01,2024-07-01,9,29800.0,52500.0,open,False,203188.95,19,15.0
2024,open,094280,효성ITX,pullback,2024-07-01,2024-07-02,2024-07-29,2024-07-29,34,13940.0,13150.0,open,False,-28241.589999999967,19,15.0
2024,open,006360,GS건설,breakout,2024-07-29,2024-07-30,2024-08-27,2024-08-27,23,19660.0,21300.0,open,False,36306.880000000005,19,15.0
2024,open,064850,에프앤가이드,breakout,2024-08-27,2024-08-28,2024-09-27,2024-09-27,53,9190.0,21500.0,open,False,649990.145,19,15.0
2024,open,220100,퓨쳐켐,breakout,2024-09-30,2024-10-02,2024-10-31,2024-10-31,52,21820.0,18270.0,open,False,-187727.0199999999,19,15.0
2024,open,004870,티웨이홀딩스,breakout,2024-10-31,2024-11-01,2024-11-28,2024-11-28,219,4343.0,3063.0,open,False,-282752.8709999999,19,15.0
2024,open,105560,KB금융,pullback,2024-11-29,2024-12-02,2024-12-30,2024-12-30,6,96800.0,85000.0,open,False,-72436.20000000007,19,15.0
2024,open,115500,케이씨에스,breakout,2024-12-30,2025-01-02,2025-02-04,2025-02-04,41,14300.0,10550.0,open,False,-155278.27500000002,19,15.0
2024,close,326030,SK바이오팜,breakout,2024-01-02,2024-01-03,2024-01-30,2024-01-30,2,103300.0,94800.0,open,False,-17594.300000000017,19,15.0
2024,close,003030,세아제강지주,pullback,2024-01-31,2024-02-01,2024-03-04,2024-03-04,1,220000.0,215500.0,open,False,-5153.25,19,15.0
2024,close,105560,KB금융,pullback,2024-03-04,2024-03-05,2024-04-01,2024-04-01,3,70500.0,69100.0,open,False,-4828.1999999999825,19,15.0
2024,close,003030,세아제강지주,pullback,2024-04-01,2024-04-02,2024-04-30,2024-04-30,1,224500.0,230500.0,open,False,5317.5,19,15.0
2024,close,004450,삼화왕관,pullback,2024-04-30,2024-05-02,2024-05-31,2024-05-31,8,32800.0,33550.0,open,False,5203.799999999988,19,15.0
2024,close,036460,한국가스공사,breakout,2024-05-31,2024-06-03,2024-07-01,2024-07-01,9,29800.0,52500.0,open,False,203188.95,19,15.0
2024,close,094280,효성ITX,pullback,2024-07-01,2024-07-02,2024-07-29,2024-07-29,34,13940.0,13150.0,open,False,-28241.589999999967,19,15.0
2024,close,006360,GS건설,breakout,2024-07-29,2024-07-30,2024-08-27,2024-08-27,23,19660.0,21300.0,open,False,36306.880000000005,19,15.0
2024,close,064850,에프앤가이드,breakout,2024-08-27,2024-08-28,2024-09-27,2024-09-27,53,9190.0,21500.0,open,False,649990.145,19,15.0
2024,close,220100,퓨쳐켐,breakout,2024-09-30,2024-10-02,2024-10-31,2024-10-31,52,21820.0,18270.0,open,False,-187727.0199999999,19,15.0
2024,close,004870,티웨이홀딩스,breakout,2024-10-31,2024-11-01,2024-11-28,2024-11-28,219,4343.0,3063.0,open,False,-282752.8709999999,19,15.0
2024,close,105560,KB금융,pullback,2024-11-29,2024-12-02,2024-12-30,2024-12-30,6,96800.0,85000.0,open,False,-72436.20000000007,19,15.0
2024,close,115500,케이씨에스,breakout,2024-12-30,2025-01-02,2025-02-04,2025-02-04,41,14300.0,10550.0,open,False,-155278.27500000002,19,15.0
2024,low,326030,SK바이오팜,breakout,2024-01-02,2024-01-03,2024-01-30,2024-01-30,2,103300.0,94800.0,open,False,-17594.300000000017,19,15.0
2024,low,003030,세아제강지주,pullback,2024-01-31,2024-02-01,2024-03-04,2024-03-04,1,220000.0,215500.0,open,False,-5153.25,19,15.0
2024,low,105560,KB금융,pullback,2024-03-04,2024-03-05,2024-04-01,2024-04-01,3,70500.0,69100.0,open,False,-4828.1999999999825,19,15.0
2024,low,003030,세아제강지주,pullback,2024-04-01,2024-04-02,2024-04-30,2024-04-30,1,224500.0,230500.0,open,False,5317.5,19,15.0
2024,low,004450,삼화왕관,pullback,2024-04-30,2024-05-02,2024-05-31,2024-05-31,8,32800.0,33550.0,open,False,5203.799999999988,19,15.0
2024,low,036460,한국가스공사,breakout,2024-05-31,2024-06-03,2024-07-01,2024-07-01,9,29800.0,52500.0,open,False,203188.95,19,15.0
2024,low,094280,효성ITX,pullback,2024-07-01,2024-07-02,2024-07-29,2024-07-29,34,13940.0,13150.0,open,False,-28241.589999999967,19,15.0
2024,low,006360,GS건설,breakout,2024-07-29,2024-07-30,2024-08-27,2024-08-27,23,19660.0,21300.0,open,False,36306.880000000005,19,15.0
2024,low,064850,에프앤가이드,breakout,2024-08-27,2024-08-28,2024-09-27,2024-09-27,53,9190.0,21500.0,open,False,649990.145,19,15.0
2024,low,220100,퓨쳐켐,breakout,2024-09-30,2024-10-02,2024-10-31,2024-10-31,52,21820.0,18270.0,open,False,-187727.0199999999,19,15.0
2024,low,004870,티웨이홀딩스,breakout,2024-10-31,2024-11-01,2024-11-28,2024-11-28,219,4343.0,3063.0,open,False,-282752.8709999999,19,15.0
2024,low,105560,KB금융,pullback,2024-11-29,2024-12-02,2024-12-30,2024-12-30,6,96800.0,85000.0,open,False,-72436.20000000007,19,15.0
2024,low,115500,케이씨에스,breakout,2024-12-30,2025-01-02,2025-02-04,2025-02-04,41,14300.0,10550.0,open,False,-155278.27500000002,19,15.0
2025,open,204320,HL만도,pullback,2025-01-02,2025-01-03,2025-02-05,2025-02-05,7,42000.0,41950.0,open,False,-1231.4749999999767,19,15.0
2025,open,051630,진양화학,breakout,2025-02-05,2025-02-06,2025-03-06,2025-03-06,54,5500.0,4430.0,open,False,-58584.32999999999,19,15.0
2025,open,136480,하림,pullback,2025-03-06,2025-03-07,2025-04-03,2025-04-03,79,3020.0,2970.0,open,False,-4659.815000000002,19,15.0
2025,open,052220,iMBC,breakout,2025-04-03,2025-04-04,2025-05-02,2025-05-02,40,5790.0,4070.0,open,False,-69391.6,19,15.0
2025,open,127120,제이에스링크,breakout,2025-05-02,2025-05-07,2025-06-04,2025-06-04,15,10750.0,9280.0,open,False,-22500.67499999999,19,15.0
2025,open,309960,LB인베스트먼트,breakout,2025-06-04,2025-06-05,2025-07-03,2025-07-03,26,5410.0,4910.0,open,False,-13402.48000000001,19,15.0
2025,open,081150,티플랙스,breakout,2025-07-03,2025-07-04,2025-07-31,2025-07-31,38,3420.0,3295.0,open,False,-5132.75499999999,19,15.0
2025,open,025980,아난티,pullback,2025-07-31,2025-08-01,2025-08-29,2025-08-29,12,9760.0,9660.0,open,False,-1549.5599999999977,19,15.0
2025,open,015860,일진홀딩스,pullback,2025-08-29,2025-09-01,2025-09-26,2025-09-26,21,5870.0,5390.0,open,False,-10434.690000000002,19,15.0
2025,open,030210,다올투자증권,pullback,2025-09-26,2025-09-29,2025-10-31,2025-10-31,31,3600.0,3610.0,open,False,-25.264999999999418,19,15.0
2025,open,064850,에프앤가이드,pullback,2025-10-31,2025-11-03,2025-11-28,2025-11-28,12,8970.0,8720.0,open,False,-3318.4199999999983,19,15.0
2025,open,204320,HL만도,breakout,2025-11-28,2025-12-01,2025-12-29,2025-12-29,2,49500.0,53900.0,open,False,8489.800000000003,19,15.0
2025,open,048770,TPC로보틱스,breakout,2025-12-29,2025-12-30,2026-01-28,2026-01-28,35,3365.0,3550.0,open,False,6111.962499999994,19,15.0
2025,close,204320,HL만도,pullback,2025-01-02,2025-01-03,2025-02-05,2025-02-05,7,42000.0,41950.0,open,False,-1231.4749999999767,19,15.0
2025,close,051630,진양화학,breakout,2025-02-05,2025-02-06,2025-03-06,2025-03-06,54,5500.0,4430.0,open,False,-58584.32999999999,19,15.0
2025,close,136480,하림,pullback,2025-03-06,2025-03-07,2025-04-03,2025-04-03,79,3020.0,2970.0,open,False,-4659.815000000002,19,15.0
2025,close,052220,iMBC,breakout,2025-04-03,2025-04-04,2025-05-02,2025-05-02,40,5790.0,4070.0,open,False,-69391.6,19,15.0
2025,close,127120,제이에스링크,breakout,2025-05-02,2025-05-07,2025-06-04,2025-06-04,15,10750.0,9280.0,open,False,-22500.67499999999,19,15.0
2025,close,309960,LB인베스트먼트,breakout,2025-06-04,2025-06-05,2025-07-03,2025-07-03,26,5410.0,4910.0,open,False,-13402.48000000001,19,15.0
2025,close,081150,티플랙스,breakout,2025-07-03,2025-07-04,2025-07-31,2025-07-31,38,3420.0,3295.0,open,False,-5132.75499999999,19,15.0
2025,close,025980,아난티,pullback,2025-07-31,2025-08-01,2025-08-29,2025-08-29,12,9760.0,9660.0,open,False,-1549.5599999999977,19,15.0
2025,close,015860,일진홀딩스,pullback,2025-08-29,2025-09-01,2025-09-26,2025-09-26,21,5870.0,5390.0,open,False,-10434.690000000002,19,15.0
2025,close,030210,다올투자증권,pullback,2025-09-26,2025-09-29,2025-10-31,2025-10-31,31,3600.0,3610.0,open,False,-25.264999999999418,19,15.0
2025,close,064850,에프앤가이드,pullback,2025-10-31,2025-11-03,2025-11-28,2025-11-28,12,8970.0,8720.0,open,False,-3318.4199999999983,19,15.0
2025,close,204320,HL만도,breakout,2025-11-28,2025-12-01,2025-12-29,2025-12-29,2,49500.0,53900.0,open,False,8489.800000000003,19,15.0
2025,close,048770,TPC로보틱스,breakout,2025-12-29,2025-12-30,2026-01-28,2026-01-28,35,3365.0,3550.0,open,False,6111.962499999994,19,15.0
2025,low,204320,HL만도,pullback,2025-01-02,2025-01-03,2025-02-05,2025-02-05,7,42000.0,41950.0,open,False,-1231.4749999999767,19,15.0
2025,low,051630,진양화학,breakout,2025-02-05,2025-02-06,2025-03-06,2025-03-06,54,5500.0,4430.0,open,False,-58584.32999999999,19,15.0
2025,low,136480,하림,pullback,2025-03-06,2025-03-07,2025-04-03,2025-04-03,79,3020.0,2970.0,open,False,-4659.815000000002,19,15.0
2025,low,052220,iMBC,breakout,2025-04-03,2025-04-04,2025-05-02,2025-05-02,40,5790.0,4070.0,open,False,-69391.6,19,15.0
2025,low,127120,제이에스링크,breakout,2025-05-02,2025-05-07,2025-06-04,2025-06-04,15,10750.0,9280.0,open,False,-22500.67499999999,19,15.0
2025,low,309960,LB인베스트먼트,breakout,2025-06-04,2025-06-05,2025-07-03,2025-07-03,26,5410.0,4910.0,open,False,-13402.48000000001,19,15.0
2025,low,081150,티플랙스,breakout,2025-07-03,2025-07-04,2025-07-31,2025-07-31,38,3420.0,3295.0,open,False,-5132.75499999999,19,15.0
2025,low,025980,아난티,pullback,2025-07-31,2025-08-01,2025-08-29,2025-08-29,12,9760.0,9660.0,open,False,-1549.5599999999977,19,15.0
2025,low,015860,일진홀딩스,pullback,2025-08-29,2025-09-01,2025-09-26,2025-09-26,21,5870.0,5390.0,open,False,-10434.690000000002,19,15.0
2025,low,030210,다올투자증권,pullback,2025-09-26,2025-09-29,2025-10-31,2025-10-31,31,3600.0,3610.0,open,False,-25.264999999999418,19,15.0
2025,low,064850,에프앤가이드,pullback,2025-10-31,2025-11-03,2025-11-28,2025-11-28,12,8970.0,8720.0,open,False,-3318.4199999999983,19,15.0
2025,low,204320,HL만도,breakout,2025-11-28,2025-12-01,2025-12-29,2025-12-29,2,49500.0,53900.0,open,False,8489.800000000003,19,15.0
2025,low,048770,TPC로보틱스,breakout,2025-12-29,2025-12-30,2026-01-28,2026-01-28,35,3365.0,3550.0,open,False,6111.962499999994,19,15.0
2023,open,114090,GKL,pullback,2023-01-02,2023-01-03,2023-02-02,2023-02-02,15,18750.0,20350.0,open,False,23120.25,20,15.0
2023,open,008260,NI스틸,breakout,2023-02-02,2023-02-03,2023-03-06,2023-03-06,57,5610.0,6180.0,open,False,31481.955000000016,20,15.0
2023,open,056080,유진로봇,breakout,2023-03-06,2023-03-07,2023-04-04,2023-04-04,45,7730.0,6950.0,open,False,-36090.90000000002,20,15.0
2023,open,030210,다올투자증권,breakout,2023-04-04,2023-04-05,2023-05-04,2023-05-04,55,5730.0,3620.0,open,False,-116821.37500000003,20,15.0
2023,open,017900,광전자,breakout,2023-05-04,2023-05-08,2023-06-07,2023-06-07,71,2830.0,3110.0,open,False,19247.389999999985,20,15.0
2023,open,126640,화신정공,breakout,2023-06-07,2023-06-08,2023-07-06,2023-07-06,105,2090.0,1976.0,open,False,-12610.395000000019,20,15.0
2023,open,126640,화신정공,pullback,2023-07-06,2023-07-07,2023-08-04,2023-08-04,104,1994.0,1710.0,open,False,-30113.823999999993,20,15.0
2023,open,105630,한세실업,pullback,2023-08-04,2023-08-07,2023-09-05,2023-09-05,9,19290.0,20200.0,open,False,7656.885000000009,20,15.0
2023,open,004100,태양금속,breakout,2023-09-05,2023-09-06,2023-10-11,2023-10-11,45,4070.0,3180.0,open,False,-40539.375,20,15.0
2023,open,004270,남성,pullback,2023-10-11,2023-10-12,2023-11-09,2023-11-09,7,18722.0,16695.0,open,False,-14560.878500000006,20,15.0
2023,open,105630,한세실업,breakout,2023-11-09,2023-11-10,2023-12-08,2023-12-08,5,23700.0,21200.0,open,False,-12836.75,20,15.0
2023,open,279600,미디어젠,breakout,2023-12-11,2023-12-12,2024-01-12,2024-01-12,7,16221.0,21657.0,open,False,37654.28100000002,20,15.0
2023,close,114090,GKL,pullback,2023-01-02,2023-01-03,2023-02-02,2023-02-02,15,18750.0,20350.0,open,False,23120.25,20,15.0
2023,close,008260,NI스틸,breakout,2023-02-02,2023-02-03,2023-03-06,2023-03-06,57,5610.0,6180.0,open,False,31481.955000000016,20,15.0
2023,close,056080,유진로봇,breakout,2023-03-06,2023-03-07,2023-04-04,2023-04-04,45,7730.0,6950.0,open,False,-36090.90000000002,20,15.0
2023,close,030210,다올투자증권,breakout,2023-04-04,2023-04-05,2023-05-04,2023-05-04,55,5730.0,3620.0,open,False,-116821.37500000003,20,15.0
2023,close,017900,광전자,breakout,2023-05-04,2023-05-08,2023-06-07,2023-06-07,71,2830.0,3110.0,open,False,19247.389999999985,20,15.0
2023,close,126640,화신정공,breakout,2023-06-07,2023-06-08,2023-07-06,2023-07-06,105,2090.0,1976.0,open,False,-12610.395000000019,20,15.0
2023,close,126640,화신정공,pullback,2023-07-06,2023-07-07,2023-08-04,2023-08-04,104,1994.0,1710.0,open,False,-30113.823999999993,20,15.0
2023,close,105630,한세실업,pullback,2023-08-04,2023-08-07,2023-09-05,2023-09-05,9,19290.0,20200.0,open,False,7656.885000000009,20,15.0
2023,close,004100,태양금속,breakout,2023-09-05,2023-09-06,2023-10-11,2023-10-11,45,4070.0,3180.0,open,False,-40539.375,20,15.0
2023,close,004270,남성,pullback,2023-10-11,2023-10-12,2023-11-09,2023-11-09,7,18722.0,16695.0,open,False,-14560.878500000006,20,15.0
2023,close,105630,한세실업,breakout,2023-11-09,2023-11-10,2023-12-08,2023-12-08,5,23700.0,21200.0,open,False,-12836.75,20,15.0
2023,close,279600,미디어젠,breakout,2023-12-11,2023-12-12,2024-01-12,2024-01-12,7,16221.0,21657.0,open,False,37654.28100000002,20,15.0
2023,low,114090,GKL,pullback,2023-01-02,2023-01-03,2023-02-02,2023-02-02,15,18750.0,20350.0,open,False,23120.25,20,15.0
2023,low,008260,NI스틸,breakout,2023-02-02,2023-02-03,2023-03-06,2023-03-06,57,5610.0,6180.0,open,False,31481.955000000016,20,15.0
2023,low,056080,유진로봇,breakout,2023-03-06,2023-03-07,2023-04-04,2023-04-04,45,7730.0,6950.0,open,False,-36090.90000000002,20,15.0
2023,low,030210,다올투자증권,breakout,2023-04-04,2023-04-05,2023-05-04,2023-05-04,55,5730.0,3620.0,open,False,-116821.37500000003,20,15.0
2023,low,017900,광전자,breakout,2023-05-04,2023-05-08,2023-06-07,2023-06-07,71,2830.0,3110.0,open,False,19247.389999999985,20,15.0
2023,low,126640,화신정공,breakout,2023-06-07,2023-06-08,2023-07-06,2023-07-06,105,2090.0,1976.0,open,False,-12610.395000000019,20,15.0
2023,low,126640,화신정공,pullback,2023-07-06,2023-07-07,2023-08-04,2023-08-04,104,1994.0,1710.0,open,False,-30113.823999999993,20,15.0
2023,low,105630,한세실업,pullback,2023-08-04,2023-08-07,2023-09-05,2023-09-05,9,19290.0,20200.0,open,False,7656.885000000009,20,15.0
2023,low,004100,태양금속,breakout,2023-09-05,2023-09-06,2023-10-11,2023-10-11,45,4070.0,3180.0,open,False,-40539.375,20,15.0
2023,low,004270,남성,pullback,2023-10-11,2023-10-12,2023-11-09,2023-11-09,7,18722.0,16695.0,open,False,-14560.878500000006,20,15.0
2023,low,105630,한세실업,breakout,2023-11-09,2023-11-10,2023-12-08,2023-12-08,5,23700.0,21200.0,open,False,-12836.75,20,15.0
2023,low,279600,미디어젠,breakout,2023-12-11,2023-12-12,2024-01-12,2024-01-12,7,16221.0,21657.0,open,False,37654.28100000002,20,15.0
2024,open,326030,SK바이오팜,breakout,2024-01-02,2024-01-03,2024-01-31,2024-01-31,2,103300.0,91600.0,open,False,-23984.70000000001,20,15.0
2024,open,003030,세아제강지주,pullback,2024-01-31,2024-02-01,2024-03-05,2024-03-05,1,220000.0,217500.0,open,False,-3156.25,20,15.0
2024,open,001460,BYC,breakout,2024-03-05,2024-03-06,2024-04-03,2024-04-03,5,50500.0,49100.0,open,False,-7747.0,20,15.0
2024,open,006360,GS건설,breakout,2024-04-03,2024-04-04,2024-05-07,2024-05-07,16,15760.0,16110.0,open,False,4835.119999999995,20,15.0
2024,open,014830,유니드,breakout,2024-05-07,2024-05-08,2024-06-07,2024-06-07,2,104200.0,113200.0,open,False,17347.800000000017,20,15.0
2024,open,051630,진양화학,breakout,2024-06-07,2024-06-10,2024-07-08,2024-07-08,85,3366.0,3229.0,open,False,-12485.862500000047,20,15.0
2024,open,009300,삼아제약,pullback,2024-07-08,2024-07-09,2024-08-06,2024-08-06,11,23350.0,28000.0,open,False,50302.72499999998,20,15.0
2024,open,064850,에프앤가이드,pullback,2024-08-06,2024-08-07,2024-09-05,2024-09-05,41,7780.0,11080.0,open,False,134140.11,20,15.0
2024,open,064850,에프앤가이드,breakout,2024-09-05,2024-09-06,2024-10-14,2024-10-14,34,13420.0,13730.0,open,False,9155.349999999977,20,15.0
2024,open,326030,SK바이오팜,breakout,2024-10-14,2024-10-15,2024-11-12,2024-11-12,3,119800.0,113200.0,open,False,-20848.5,20,15.0
2024,open,127120,제이에스링크,breakout,2024-11-12,2024-11-13,2024-12-11,2024-12-11,112,3965.0,4010.0,open,False,3700.1999999999534,20,15.0
2024,open,115500,케이씨에스,breakout,2024-12-11,2024-12-12,2025-01-14,2025-01-14,48,9270.0,10000.0,open,False,33652.56,20,15.0
2024,close,326030,SK바이오팜,breakout,2024-01-02,2024-01-03,2024-01-31,2024-01-31,2,103300.0,91600.0,open,False,-23984.70000000001,20,15.0
2024,close,003030,세아제강지주,pullback,2024-01-31,2024-02-01,2024-03-05,2024-03-05,1,220000.0,217500.0,open,False,-3156.25,20,15.0
2024,close,001460,BYC,breakout,2024-03-05,2024-03-06,2024-04-03,2024-04-03,5,50500.0,49100.0,open,False,-7747.0,20,15.0
2024,close,006360,GS건설,breakout,2024-04-03,2024-04-04,2024-05-07,2024-05-07,16,15760.0,16110.0,open,False,4835.119999999995,20,15.0
2024,close,014830,유니드,breakout,2024-05-07,2024-05-08,2024-06-07,2024-06-07,2,104200.0,113200.0,open,False,17347.800000000017,20,15.0
2024,close,051630,진양화학,breakout,2024-06-07,2024-06-10,2024-07-08,2024-07-08,85,3366.0,3229.0,open,False,-12485.862500000047,20,15.0
2024,close,009300,삼아제약,pullback,2024-07-08,2024-07-09,2024-08-06,2024-08-06,11,23350.0,28000.0,open,False,50302.72499999998,20,15.0
2024,close,064850,에프앤가이드,pullback,2024-08-06,2024-08-07,2024-09-05,2024-09-05,41,7780.0,11080.0,open,False,134140.11,20,15.0
2024,close,064850,에프앤가이드,breakout,2024-09-05,2024-09-06,2024-10-14,2024-10-14,34,13420.0,13730.0,open,False,9155.349999999977,20,15.0
2024,close,326030,SK바이오팜,breakout,2024-10-14,2024-10-15,2024-11-12,2024-11-12,3,119800.0,113200.0,open,False,-20848.5,20,15.0
2024,close,127120,제이에스링크,breakout,2024-11-12,2024-11-13,2024-12-11,2024-12-11,112,3965.0,4010.0,open,False,3700.1999999999534,20,15.0
2024,close,115500,케이씨에스,breakout,2024-12-11,2024-12-12,2025-01-14,2025-01-14,48,9270.0,10000.0,open,False,33652.56,20,15.0
2024,low,326030,SK바이오팜,breakout,2024-01-02,2024-01-03,2024-01-31,2024-01-31,2,103300.0,91600.0,open,False,-23984.70000000001,20,15.0
2024,low,003030,세아제강지주,pullback,2024-01-31,2024-02-01,2024-03-05,2024-03-05,1,220000.0,217500.0,open,False,-3156.25,20,15.0
2024,low,001460,BYC,breakout,2024-03-05,2024-03-06,2024-04-03,2024-04-03,5,50500.0,49100.0,open,False,-7747.0,20,15.0
2024,low,006360,GS건설,breakout,2024-04-03,2024-04-04,2024-05-07,2024-05-07,16,15760.0,16110.0,open,False,4835.119999999995,20,15.0
2024,low,014830,유니드,breakout,2024-05-07,2024-05-08,2024-06-07,2024-06-07,2,104200.0,113200.0,open,False,17347.800000000017,20,15.0
2024,low,051630,진양화학,breakout,2024-06-07,2024-06-10,2024-07-08,2024-07-08,85,3366.0,3229.0,open,False,-12485.862500000047,20,15.0
2024,low,009300,삼아제약,pullback,2024-07-08,2024-07-09,2024-08-06,2024-08-06,11,23350.0,28000.0,open,False,50302.72499999998,20,15.0
2024,low,064850,에프앤가이드,pullback,2024-08-06,2024-08-07,2024-09-05,2024-09-05,41,7780.0,11080.0,open,False,134140.11,20,15.0
2024,low,064850,에프앤가이드,breakout,2024-09-05,2024-09-06,2024-10-14,2024-10-14,34,13420.0,13730.0,open,False,9155.349999999977,20,15.0
2024,low,326030,SK바이오팜,breakout,2024-10-14,2024-10-15,2024-11-12,2024-11-12,3,119800.0,113200.0,open,False,-20848.5,20,15.0
2024,low,127120,제이에스링크,breakout,2024-11-12,2024-11-13,2024-12-11,2024-12-11,112,3965.0,4010.0,open,False,3700.1999999999534,20,15.0
2024,low,115500,케이씨에스,breakout,2024-12-11,2024-12-12,2025-01-14,2025-01-14,48,9270.0,10000.0,open,False,33652.56,20,15.0
2025,open,204320,HL만도,pullback,2025-01-02,2025-01-03,2025-02-06,2025-02-06,7,42000.0,42650.0,open,False,3661.1749999999884,20,15.0
2025,open,136480,하림,breakout,2025-02-06,2025-02-07,2025-03-10,2025-03-10,101,2980.0,3100.0,open,False,11198.880000000005,20,15.0
2025,open,053350,이니텍,breakout,2025-03-10,2025-03-11,2025-04-08,2025-04-08,51,6050.0,8600.0,open,False,128929.27500000002,20,15.0
2025,open,131370,알서포트,breakout,2025-04-08,2025-04-09,2025-05-12,2025-05-12,110,4000.0,3345.0,open,False,-73261.92499999999,20,15.0
2025,open,006800,미래에셋증권,breakout,2025-05-12,2025-05-13,2025-06-12,2025-06-12,29,12495.0,19206.0,open,False,193240.00649999996,20,15.0
2025,open,053350,이니텍,breakout,2025-06-12,2025-06-13,2025-07-11,2025-07-11,50,11200.0,9500.0,open,False,-86552.5,20,15.0
2025,open,030210,다올투자증권,breakout,2025-07-11,2025-07-14,2025-08-11,2025-08-11,114,4160.0,3460.0,open,False,-81103.02000000002,20,15.0
2025,open,127120,제이에스링크,breakout,2025-08-11,2025-08-12,2025-09-10,2025-09-10,23,17000.0,16930.0,open,False,-2780.5849999999627,20,15.0
2025,open,170920,엘티씨,breakout,2025-09-11,2025-09-12,2025-10-17,2025-10-17,26,14670.0,16800.0,open,False,54152.67000000004,20,15.0
2025,open,011170,롯데케미칼,breakout,2025-10-17,2025-10-20,2025-11-17,2025-11-17,6,72000.0,86400.0,open,False,84974.40000000002,20,15.0
2025,open,220100,퓨쳐켐,breakout,2025-11-17,2025-11-18,2025-12-16,2025-12-16,20,25490.0,25369.0,open,False,-3945.7699999999604,20,15.0
2025,open,064850,에프앤가이드,breakout,2025-12-16,2025-12-17,2026-01-19,2026-01-19,58,8970.0,8820.0,open,False,-10247.729999999981,20,15.0
2025,close,204320,HL만도,pullback,2025-01-02,2025-01-03,2025-02-06,2025-02-06,7,42000.0,42650.0,open,False,3661.1749999999884,20,15.0
2025,close,136480,하림,breakout,2025-02-06,2025-02-07,2025-03-10,2025-03-10,101,2980.0,3100.0,open,False,11198.880000000005,20,15.0
2025,close,053350,이니텍,breakout,2025-03-10,2025-03-11,2025-04-08,2025-04-08,51,6050.0,8600.0,open,False,128929.27500000002,20,15.0
2025,close,131370,알서포트,breakout,2025-04-08,2025-04-09,2025-05-12,2025-05-12,110,4000.0,3345.0,open,False,-73261.92499999999,20,15.0
2025,close,006800,미래에셋증권,breakout,2025-05-12,2025-05-13,2025-06-12,2025-06-12,29,12495.0,19206.0,open,False,193240.00649999996,20,15.0
2025,close,053350,이니텍,breakout,2025-06-12,2025-06-13,2025-07-11,2025-07-11,50,11200.0,9500.0,open,False,-86552.5,20,15.0
2025,close,030210,다올투자증권,breakout,2025-07-11,2025-07-14,2025-08-11,2025-08-11,114,4160.0,3460.0,open,False,-81103.02000000002,20,15.0
2025,close,127120,제이에스링크,breakout,2025-08-11,2025-08-12,2025-09-10,2025-09-10,23,17000.0,16930.0,open,False,-2780.5849999999627,20,15.0
2025,close,170920,엘티씨,breakout,2025-09-11,2025-09-12,2025-10-17,2025-10-17,26,14670.0,16800.0,open,False,54152.67000000004,20,15.0
2025,close,011170,롯데케미칼,breakout,2025-10-17,2025-10-20,2025-11-17,2025-11-17,6,72000.0,86400.0,open,False,84974.40000000002,20,15.0
2025,close,220100,퓨쳐켐,breakout,2025-11-17,2025-11-18,2025-12-16,2025-12-16,20,25490.0,25369.0,open,False,-3945.7699999999604,20,15.0
2025,close,064850,에프앤가이드,breakout,2025-12-16,2025-12-17,2026-01-19,2026-01-19,58,8970.0,8820.0,open,False,-10247.729999999981,20,15.0
2025,low,204320,HL만도,pullback,2025-01-02,2025-01-03,2025-02-06,2025-02-06,7,42000.0,42650.0,open,False,3661.1749999999884,20,15.0
2025,low,136480,하림,breakout,2025-02-06,2025-02-07,2025-03-10,2025-03-10,101,2980.0,3100.0,open,False,11198.880000000005,20,15.0
2025,low,053350,이니텍,breakout,2025-03-10,2025-03-11,2025-04-08,2025-04-08,51,6050.0,8600.0,open,False,128929.27500000002,20,15.0
2025,low,131370,알서포트,breakout,2025-04-08,2025-04-09,2025-05-12,2025-05-12,110,4000.0,3345.0,open,False,-73261.92499999999,20,15.0
2025,low,006800,미래에셋증권,breakout,2025-05-12,2025-05-13,2025-06-12,2025-06-12,29,12495.0,19206.0,open,False,193240.00649999996,20,15.0
2025,low,053350,이니텍,breakout,2025-06-12,2025-06-13,2025-07-11,2025-07-11,50,11200.0,9500.0,open,False,-86552.5,20,15.0
2025,low,030210,다올투자증권,breakout,2025-07-11,2025-07-14,2025-08-11,2025-08-11,114,4160.0,3460.0,open,False,-81103.02000000002,20,15.0
2025,low,127120,제이에스링크,breakout,2025-08-11,2025-08-12,2025-09-10,2025-09-10,23,17000.0,16930.0,open,False,-2780.5849999999627,20,15.0
2025,low,170920,엘티씨,breakout,2025-09-11,2025-09-12,2025-10-17,2025-10-17,26,14670.0,16800.0,open,False,54152.67000000004,20,15.0
2025,low,011170,롯데케미칼,breakout,2025-10-17,2025-10-20,2025-11-17,2025-11-17,6,72000.0,86400.0,open,False,84974.40000000002,20,15.0
2025,low,220100,퓨쳐켐,breakout,2025-11-17,2025-11-18,2025-12-16,2025-12-16,20,25490.0,25369.0,open,False,-3945.7699999999604,20,15.0
2025,low,064850,에프앤가이드,breakout,2025-12-16,2025-12-17,2026-01-19,2026-01-19,58,8970.0,8820.0,open,False,-10247.729999999981,20,15.0
