strategy,hold,initial_capital,fractional_reference,signal_id,ticker,entry_date,exit_date,entry_open,exit_open,shares,invested,cash_after_exit,trade_return_pct
A_baseline,5,300000,False,114090:2023-01-02,114090,2023-01-03,2023-01-10,18750.0,19050.0,16.0,300000.0,304350.0,1.4500000000000002
A_baseline,5,300000,False,004100:2023-01-09,004100,2023-01-10,2023-01-17,1585.0,1630.0,192.0,304320.0,312533.52,2.689116719242908
A_baseline,5,300000,False,011170:2023-01-16,011170,2023-01-17,2023-01-26,184000.0,184400.0,1.0,184000.0,312657.52,0.06739130434782609
A_baseline,5,300000,False,003830:2023-01-25,003830,2023-01-26,2023-02-02,130100.0,133800.0,2.0,260200.0,319667.22000000003,2.693966179861649
A_baseline,5,300000,False,006800:2023-02-01,006800,2023-02-02,2023-02-09,6969.0,6989.0,45.0,313605.0,320096.81250000006,0.13698522026116547
A_baseline,5,300000,False,006800:2023-02-08,006800,2023-02-09,2023-02-16,6989.0,6989.0,45.0,314505.0,319625.05500000005,-0.15000000000000221
A_baseline,5,300000,False,073640:2023-02-15,073640,2023-02-16,2023-02-23,2360.0,2295.0,135.0,318600.0,310372.155,-2.9042372881356004
A_baseline,5,300000,False,001130:2023-02-22,001130,2023-02-23,2023-03-03,15140.0,15440.0,20.0,302800.0,315917.955,1.8315059445178299
A_baseline,5,300000,False,000430:2023-03-02,000430,2023-03-03,2023-03-10,3435.0,3460.0,91.0,312585.0,317724.0775,0.5778020378457052
A_baseline,5,300000,False,000430:2023-03-09,000430,2023-03-10,2023-03-17,3460.0,3400.0,91.0,314860.0,311791.78750000003,-1.8841040462427678
A_baseline,5,300000,False,000850:2023-03-16,000850,2023-03-17,2023-03-24,36000.0,36000.0,8.0,288000.0,311359.78750000003,-0.15
A_baseline,5,300000,False,030210:2023-03-23,030210,2023-03-24,2023-03-31,5290.0,5270.0,58.0,306820.0,309739.55750000005,-0.5280718336483872
A_baseline,5,300000,False,000430:2023-03-30,000430,2023-03-31,2023-04-07,3500.0,3535.0,88.0,308000.0,312357.55750000005,0.8500000000000001
A_baseline,5,300000,False,004360:2023-04-06,004360,2023-04-07,2023-04-14,45800.0,45300.0,6.0,274800.0,308945.35750000004,-1.2417030567685632
A_baseline,5,300000,False,001460:2023-04-13,001460,2023-04-14,2023-04-21,49000.0,47200.0,6.0,294000.0,297704.35750000004,-3.823469387755102
A_baseline,5,300000,False,053350:2023-04-20,053350,2023-04-21,2023-04-28,4700.0,4160.0,63.0,296100.0,263240.2075,-11.639361702127658
A_baseline,5,300000,False,011230:2023-04-27,011230,2023-04-28,2023-05-10,7328.0,8354.0,35.0,256480.0,298765.48750000005,13.851091703056778
A_baseline,5,300000,False,067570:2023-05-09,067570,2023-05-10,2023-05-17,3954.0,3558.0,75.0,296550.0,268620.66250000003,-10.165174506828532
A_baseline,5,300000,False,000850:2023-05-16,000850,2023-05-17,2023-05-24,38650.0,39350.0,6.0,231900.0,272472.8125,1.6611254851228954
A_baseline,5,300000,False,001740:2023-05-23,001740,2023-05-24,2023-06-01,4800.0,4890.0,56.0,268800.0,277109.6125,1.7249999999999956
A_baseline,5,300000,False,004870:2023-05-31,004870,2023-06-01,2023-06-09,3120.0,3020.0,88.0,274560.0,267897.77249999996,-3.3551282051282145
A_baseline,5,300000,False,008260:2023-06-08,008260,2023-06-09,2023-06-16,6720.0,6790.0,39.0,262080.0,270234.65249999997,0.8916666666666684
A_baseline,5,300000,False,085310:2023-06-15,085310,2023-06-16,2023-06-23,9720.0,9970.0,27.0,262440.0,276590.9925,2.4220164609053594
A_baseline,5,300000,False,319400:2023-06-22,319400,2023-06-23,2023-06-30,4690.0,4430.0,58.0,272020.0,261102.9625,-5.693710021321961
A_baseline,5,300000,False,003030:2023-06-29,003030,2023-06-30,2023-07-07,204000.0,193700.0,1.0,204000.0,250496.9625,-5.199019607843137
A_baseline,5,300000,False,011230:2023-07-06,011230,2023-07-07,2023-07-14,7988.0,9572.0,31.0,247628.0,299229.5205,19.679744616925397
A_baseline,5,300000,False,001740:2023-07-13,001740,2023-07-14,2023-07-21,5510.0,5880.0,54.0,297540.0,318763.2105,6.565063520871144
A_baseline,5,300000,False,016360:2023-07-20,016360,2023-07-21,2023-07-28,36000.0,35450.0,8.0,288000.0,313931.2105,-1.6777777777777776
A_baseline,5,300000,False,220100:2023-08-01,220100,2023-08-02,2023-08-09,8703.0,10042.0,36.0,313308.0,361665.2485,15.235499253131104
A_baseline,5,300000,False,043910:2023-08-08,043910,2023-08-09,2023-08-17,12870.0,10810.0,28.0,360360.0,303444.7085,-16.156216006216003
A_baseline,5,300000,False,089850:2023-08-17,089850,2023-08-18,2023-08-25,7471.0,8074.0,40.0,298840.0,327116.4485,7.921208673537676
A_baseline,5,300000,False,085310:2023-08-24,085310,2023-08-25,2023-09-01,10720.0,10630.0,30.0,321600.0,323934.0485,-0.9895522388059774
A_baseline,5,300000,False,105560:2023-08-31,105560,2023-09-01,2023-09-08,54200.0,54200.0,5.0,271000.0,323527.5485,-0.15
A_baseline,5,300000,False,016360:2023-09-07,016360,2023-09-08,2023-09-15,36800.0,38400.0,8.0,294400.0,335885.9485,4.19782608695653
A_baseline,5,300000,False,246250:2023-09-14,246250,2023-09-15,2023-09-22,5000.0,4815.0,67.0,335000.0,322988.4485,-3.85
A_baseline,5,300000,False,089850:2023-09-21,089850,2023-09-22,2023-10-05,9159.0,8085.0,35.0,320565.0,284917.601,-11.876170979364552
A_baseline,5,300000,False,004270:2023-10-06,004270,2023-10-10,2023-10-17,18285.0,17132.0,15.0,274275.0,267211.18850000005,-6.455715066994807
A_baseline,5,300000,False,004100:2023-10-16,004100,2023-10-17,2023-10-24,3880.0,3255.0,68.0,263840.0,224315.42850000004,-16.258247422680416
A_baseline,5,300000,False,003570:2023-10-23,003570,2023-10-24,2023-10-31,11990.0,13600.0,18.0,215820.0,252971.69850000003,13.277856547122596
A_baseline,5,300000,False,015360:2023-10-30,015360,2023-10-31,2023-11-07,6630.0,6770.0,38.0,251940.0,257913.78850000002,1.9616138763197573
A_baseline,5,300000,False,015360:2023-11-06,015360,2023-11-07,2023-11-14,6770.0,6950.0,38.0,257260.0,264367.8985,2.508788774002949
A_baseline,5,300000,False,015360:2023-11-13,015360,2023-11-14,2023-11-21,6950.0,6990.0,38.0,264100.0,265491.7485,0.4255395683453149
A_baseline,5,300000,False,215200:2023-11-24,215200,2023-11-27,2023-12-04,61400.0,59700.0,4.0,245600.0,258323.3485,-2.9187296416938087
A_baseline,5,300000,False,015360:2023-12-05,015360,2023-12-06,2023-12-13,7070.0,7040.0,36.0,254520.0,256861.5685,-0.5743281471004238
A_baseline,5,300000,False,015360:2023-12-12,015360,2023-12-13,2023-12-20,7040.0,6960.0,36.0,253440.0,253601.4085,-1.2863636363636377
A_baseline,5,300000,False,016450:2023-12-19,016450,2023-12-20,2023-12-28,5080.0,4925.0,49.0,248920.0,245633.0285,-3.2011811023622063
A_baseline,5,300000,False,006800:2023-12-28,006800,2024-01-02,2024-01-09,7477.0,7119.0,32.0,239264.0,233818.13249999998,-4.938016584191525
A_baseline,5,300000,False,003530:2024-01-10,003530,2024-01-11,2024-01-18,3800.0,3485.0,61.0,231800.0,214255.43249999997,-8.439473684210531
A_baseline,5,300000,False,003530:2024-01-18,003530,2024-01-19,2024-01-26,3615.0,3500.0,59.0,213285.0,207150.50499999998,-3.331189488243426
A_baseline,5,300000,False,170920:2024-01-25,170920,2024-01-26,2024-02-02,17700.0,14510.0,11.0,194700.0,171768.455,-18.172598870056493
A_baseline,5,300000,False,163560:2024-02-05,163560,2024-02-06,2024-02-15,6650.0,6670.0,25.0,166250.0,172019.08,0.1507518796992481
A_baseline,5,300000,False,003530:2024-02-15,003530,2024-02-16,2024-02-23,4510.0,4220.0,38.0,171380.0,160742.00999999998,-6.58015521064302
A_baseline,5,300000,False,017900:2024-02-22,017900,2024-02-23,2024-03-04,2715.0,2445.0,59.0,160185.0,144571.73249999998,-10.094751381215469
A_baseline,5,300000,False,001460:2024-02-29,001460,2024-03-04,2024-03-11,43200.0,48250.0,3.0,129600.0,159527.3325,11.53981481481482
A_baseline,5,300000,False,011230:2024-03-08,011230,2024-03-11,2024-03-18,4370.0,4295.0,36.0,157320.0,156591.35249999998,-1.8662471395881075
A_baseline,5,300000,False,015360:2024-03-15,015360,2024-03-18,2024-03-25,7900.0,7960.0,19.0,150100.0,157506.20249999998,0.6094936708860799
A_baseline,5,300000,False,015360:2024-03-22,015360,2024-03-25,2024-04-01,7960.0,7660.0,19.0,151240.0,151579.3425,-3.9188442211055183
A_baseline,5,300000,False,003570:2024-03-29,003570,2024-04-01,2024-04-08,17420.0,17560.0,8.0,139360.0,152490.3025,0.6536739380022903
A_baseline,5,300000,False,026890:2024-04-05,026890,2024-04-08,2024-04-16,7860.0,8120.0,19.0,149340.0,157206.29249999998,3.157888040712462
A_baseline,5,300000,False,096870:2024-04-15,096870,2024-04-16,2024-04-23,3170.0,3070.0,49.0,155330.0,152073.2975,-3.3045741324921107
A_baseline,5,300000,False,105560:2024-04-22,105560,2024-04-23,2024-04-30,70500.0,76000.0,2.0,141000.0,162861.7975,7.651418439716312
A_baseline,5,300000,False,457190:2024-04-22,457190,2024-05-02,2024-05-10,67000.0,54000.0,2.0,134000.0,136660.7975,-19.552985074626868
A_baseline,5,300000,False,015360:2024-05-09,015360,2024-05-10,2024-05-20,8480.0,8530.0,16.0,135680.0,137257.2775,0.4396226415094417
A_baseline,5,300000,False,001130:2024-05-17,001130,2024-05-20,2024-05-27,13980.0,13940.0,9.0,125820.0,136708.5475,-0.43612303290414556
A_baseline,5,300000,False,036620:2024-05-24,036620,2024-05-27,2024-06-03,4580.0,4390.0,29.0,132820.0,130999.31749999999,-4.298471615720521
A_baseline,5,300000,False,028670:2024-06-03,028670,2024-06-04,2024-06-12,4455.0,4105.0,29.0,129195.0,120655.525,-8.006341189674519
A_baseline,5,300000,False,051630:2024-06-12,051630,2024-06-13,2024-06-20,3343.0,3343.0,36.0,120348.0,120475.003,-0.1499999999999977
A_baseline,5,300000,False,003570:2024-06-20,003570,2024-06-21,2024-06-28,20450.0,21900.0,5.0,102250.0,127571.628,6.940464547677262
A_baseline,5,300000,False,094280:2024-06-27,094280,2024-06-28,2024-07-05,13400.0,13600.0,9.0,120600.0,129190.728,1.3425373134328407
A_baseline,5,300000,False,003570:2024-07-04,003570,2024-07-05,2024-07-12,20300.0,19880.0,6.0,121800.0,126488.028,-2.218965517241377
A_baseline,5,300000,False,220100:2024-07-12,220100,2024-07-15,2024-07-22,16859.0,19360.0,7.0,118013.0,143818.0085,14.684806334895312
A_baseline,5,300000,False,001130:2024-07-19,001130,2024-07-22,2024-07-29,14450.0,14300.0,9.0,130050.0,142272.93349999998,-1.188062283737022
A_baseline,5,300000,False,003570:2024-07-26,003570,2024-07-29,2024-08-05,21100.0,22000.0,6.0,126600.0,147483.0335,4.1154028436019
A_baseline,5,300000,False,003570:2024-08-02,003570,2024-08-05,2024-08-12,22000.0,25150.0,6.0,132000.0,166185.0335,14.168181818181818
A_baseline,5,300000,False,001130:2024-08-09,001130,2024-08-12,2024-08-20,14290.0,14150.0,11.0,157190.0,164409.2485,-1.1297060881735501
A_baseline,5,300000,False,000080:2024-08-19,000080,2024-08-20,2024-08-27,22250.0,21450.0,7.0,155750.0,158575.6235,-3.745505617977528
A_baseline,5,300000,False,004100:2024-08-26,004100,2024-08-27,2024-09-03,3120.0,3030.0,50.0,156000.0,153841.6235,-3.0346153846153845
A_baseline,5,300000,False,064850:2024-09-02,064850,2024-09-03,2024-09-10,11290.0,14900.0,13.0,146770.0,200551.4685,31.825199291408328
A_baseline,5,300000,False,006800:2024-09-09,006800,2024-09-10,2024-09-20,8333.0,8851.0,24.0,199992.0,212683.48049999998,6.066248649945992
A_baseline,5,300000,False,004100:2024-09-20,004100,2024-09-23,2024-09-30,3075.0,3200.0,69.0,212175.0,220990.21799999996,3.9150406504064983
A_baseline,5,300000,False,015360:2024-09-30,015360,2024-10-02,2024-10-11,9130.0,9350.0,24.0,219120.0,225941.53799999997,2.2596385542168704
A_baseline,5,300000,False,015360:2024-10-10,015360,2024-10-11,2024-10-18,9350.0,9460.0,24.0,224400.0,228244.93799999997,1.0264705882352916
A_baseline,5,300000,False,015360:2024-10-18,015360,2024-10-21,2024-10-28,9590.0,10200.0,23.0,220570.0,241944.08299999996,6.210792492179349
A_baseline,5,300000,False,004100:2024-10-25,004100,2024-10-28,2024-11-04,3225.0,3410.0,75.0,241875.0,255456.27049999996,5.586434108527132
A_baseline,5,300000,False,001740:2024-11-01,001740,2024-11-04,2024-11-11,5260.0,4975.0,48.0,252480.0,241397.55049999995,-5.568250950570343
A_baseline,5,300000,False,003570:2024-11-08,003570,2024-11-11,2024-11-18,26300.0,24700.0,9.0,236700.0,226642.50049999997,-6.233650190114064
A_baseline,5,300000,False,016090:2024-11-15,016090,2024-11-18,2024-11-25,2135.0,2180.0,106.0,226310.0,231073.03549999997,1.9577283372365355
A_baseline,5,300000,False,127120:2024-11-25,127120,2024-11-26,2024-12-03,3710.0,4130.0,62.0,230020.0,256768.00549999997,11.170754716981133
A_baseline,5,300000,False,003830:2024-12-02,003830,2024-12-03,2024-12-10,117200.0,113800.0,2.0,234400.0,249616.40549999996,-3.051023890784985
A_baseline,5,300000,False,015020:2024-12-09,015020,2024-12-10,2024-12-18,4390.0,3070.0,56.0,245840.0,175327.64549999996,-30.21833712984055
A_baseline,5,300000,False,015360:2024-12-17,015360,2024-12-18,2024-12-26,10640.0,10960.0,16.0,170240.0,180192.28549999997,2.8575187969924896
A_baseline,5,300000,False,015360:2024-12-26,015360,2024-12-27,2025-01-07,10760.0,9880.0,16.0,172160.0,165854.04549999998,-8.328438661710031
A_baseline,5,300000,False,058860:2025-01-06,058860,2025-01-07,2025-01-14,2720.0,2660.0,60.0,163200.0,162009.2455,-2.3558823529411694
A_baseline,5,300000,False,025980:2025-01-13,025980,2025-01-14,2025-01-21,5570.0,5650.0,29.0,161530.0,164086.95049999998,1.286265709156186
A_baseline,5,300000,False,004870:2025-01-22,004870,2025-01-23,2025-02-05,5727.0,4638.0,28.0,160356.0,133354.4165,-19.16519119958093
A_baseline,5,300000,False,016090:2025-02-04,016090,2025-02-05,2025-02-12,2340.0,2300.0,56.0,131040.0,130917.8565,-1.8594017094017077
A_baseline,5,300000,False,016090:2025-02-11,016090,2025-02-12,2025-02-19,2300.0,2085.0,56.0,128800.0,118684.6565,-9.49782608695652
A_baseline,5,300000,False,136480:2025-02-18,136480,2025-02-19,2025-02-26,2955.0,2950.0,40.0,118200.0,118307.3565,-0.31920473773265895
A_baseline,5,300000,False,053350:2025-02-27,053350,2025-02-28,2025-03-10,4615.0,5390.0,25.0,115375.0,137509.294,16.643066088840737
A_baseline,5,300000,False,052220:2025-03-07,052220,2025-03-10,2025-03-17,4175.0,4410.0,32.0,133600.0,144828.894,5.478742514970064
A_baseline,5,300000,False,006040:2025-03-14,006040,2025-03-17,2025-03-24,36350.0,37600.0,3.0,109050.0,148415.31900000002,3.2887895460797822
A_baseline,5,300000,False,030210:2025-03-25,030210,2025-03-26,2025-04-02,3340.0,3060.0,44.0,146960.0,135874.87900000002,-8.533233532934133
A_baseline,5,300000,False,015020:2025-04-01,015020,2025-04-02,2025-04-09,3998.0,4150.0,33.0,131934.0,140692.978,3.651900950475228
A_baseline,5,300000,False,096870:2025-04-08,096870,2025-04-09,2025-04-16,2650.0,2700.0,53.0,140450.0,143132.303,1.7367924528301968
A_baseline,5,300000,False,002700:2025-04-15,002700,2025-04-16,2025-04-23,1515.0,1555.0,94.0,142410.0,146678.68800000002,2.4902640264026465
A_baseline,5,300000,False,002700:2025-04-22,002700,2025-04-23,2025-04-30,1555.0,1525.0,94.0,146170.0,143639.43300000002,-2.079260450160775
A_baseline,5,300000,False,006800:2025-04-29,006800,2025-04-30,2025-05-12,10833.0,11938.0,13.0,140829.0,157793.1895,10.05031385581094
A_baseline,5,300000,False,000850:2025-05-09,000850,2025-05-12,2025-05-19,29200.0,29400.0,5.0,146000.0,158574.1895,0.5349315068493151
A_baseline,5,300000,False,003570:2025-05-16,003570,2025-05-19,2025-05-26,34850.0,39700.0,4.0,139400.0,177765.0895,13.766786226685793
A_baseline,5,300000,False,000850:2025-05-23,000850,2025-05-26,2025-06-02,29800.0,31500.0,5.0,149000.0,186041.5895,5.554697986577181
A_baseline,5,300000,False,001130:2025-05-30,001130,2025-06-02,2025-06-11,14260.0,15400.0,13.0,185380.0,200583.5195,7.844389901823279
A_baseline,5,300000,False,088980:2025-06-10,088980,2025-06-11,2025-06-18,11830.0,11750.0,16.0,189280.0,199019.59949999998,-0.8262468300929906
A_baseline,5,300000,False,000080:2025-06-17,000080,2025-06-18,2025-06-25,19990.0,20450.0,9.0,179910.0,202889.7345,2.151150575287649
A_baseline,5,300000,False,001130:2025-06-24,001130,2025-06-25,2025-07-02,14960.0,15400.0,13.0,194480.0,208318.0145,2.7911764705882347
A_baseline,5,300000,False,000080:2025-07-01,000080,2025-07-02,2025-07-09,20850.0,21550.0,9.0,187650.0,214336.53949999998,3.207314148681052
A_baseline,5,300000,False,000850:2025-07-08,000850,2025-07-09,2025-07-16,33400.0,34300.0,6.0,200400.0,219435.93949999998,2.544610778443111
A_baseline,5,300000,False,000850:2025-07-15,000850,2025-07-16,2025-07-23,34300.0,33100.0,6.0,205800.0,211927.23949999997,-3.6485422740524838
A_baseline,5,300000,False,015360:2025-07-22,015360,2025-07-23,2025-07-30,12540.0,11920.0,16.0,200640.0,201706.27949999998,-5.09417862838915
A_baseline,5,300000,False,003570:2025-07-29,003570,2025-07-30,2025-08-06,55000.0,58800.0,3.0,165000.0,212858.77949999998,6.759090909090909
A_baseline,5,300000,False,064850:2025-08-05,064850,2025-08-06,2025-08-13,8420.0,8300.0,25.0,210500.0,209543.02949999998,-1.5751781472684085
A_baseline,5,300000,False,015360:2025-08-12,015360,2025-08-13,2025-08-21,12760.0,12800.0,16.0,204160.0,209876.78949999998,0.16347962382445597
A_baseline,5,300000,False,001740:2025-08-20,001740,2025-08-21,2025-08-28,4530.0,4420.0,46.0,208380.0,204504.21949999998,-2.57825607064018
A_baseline,5,300000,False,014680:2025-08-27,014680,2025-08-28,2025-09-04,173900.0,162500.0,1.0,173900.0,192843.36949999997,-6.705491661874643
A_baseline,5,300000,False,319400:2025-09-03,319400,2025-09-04,2025-09-11,6530.0,8520.0,29.0,189370.0,250269.31449999998,30.324732006125576
A_baseline,5,300000,False,003570:2025-09-15,003570,2025-09-16,2025-09-23,64200.0,72400.0,3.0,192600.0,274580.41449999996,12.622585669781936
A_baseline,5,300000,False,168360:2025-09-22,168360,2025-09-23,2025-09-30,21300.0,21600.0,12.0,255600.0,277797.01449999993,1.2584507042253545
A_baseline,5,300000,False,006800:2025-09-29,006800,2025-09-30,2025-10-14,21954.0,21407.0,12.0,263448.0,270837.8424999999,-2.6415732896055357
A_baseline,5,300000,False,001740:2025-10-14,001740,2025-10-15,2025-10-22,4755.0,4610.0,56.0,266280.0,262318.42249999987,-3.199421661409048
A_baseline,5,300000,False,085310:2025-10-21,085310,2025-10-22,2025-10-29,17220.0,14900.0,15.0,258300.0,227130.97249999986,-13.622706155632988
A_baseline,5,300000,False,019170:2025-10-28,019170,2025-10-29,2025-11-05,15720.0,14890.0,14.0,220080.0,215180.85249999986,-5.429898218829514
A_baseline,5,300000,False,011170:2025-11-04,011170,2025-11-05,2025-11-12,72200.0,73900.0,2.0,144400.0,218364.25249999986,2.20457063711911
A_baseline,5,300000,False,011170:2025-11-11,011170,2025-11-12,2025-11-19,73900.0,82000.0,2.0,147800.0,234342.55249999985,10.810757780784837
A_baseline,5,300000,False,016360:2025-11-20,016360,2025-11-21,2025-11-28,78500.0,80100.0,2.0,157000.0,237307.05249999985,1.8882165605095542
A_baseline,5,300000,False,003080:2025-11-27,003080,2025-11-28,2025-12-05,2885.0,2940.0,82.0,236570.0,241462.19749999983,1.7564124783362174
A_baseline,5,300000,False,051630:2025-12-05,051630,2025-12-08,2025-12-15,2915.0,3000.0,82.0,239030.0,248073.65249999982,2.7659519725557407
A_baseline,5,300000,False,015360:2025-12-12,015360,2025-12-15,2025-12-22,13940.0,13600.0,17.0,236980.0,241938.18249999982,-2.589024390243903
A_baseline,5,300000,False,001740:2025-12-19,001740,2025-12-22,2025-12-30,4665.0,4480.0,51.0,237915.0,232146.30999999982,-4.1157020364415855
A_baseline,5,300000,False,048770:2025-12-29,048770,2025-12-30,2026-01-08,3365.0,3200.0,68.0,228820.0,220583.0799999998,-5.053417533432397
B_improved,5,300000,False,105560:2023-01-10,105560,2023-01-11,2023-01-18,57700.0,58900.0,5.0,288500.0,305567.25,1.9297227036395148
B_improved,5,300000,False,004100:2023-01-17,004100,2023-01-18,2023-01-27,1710.0,1634.0,178.0,304380.0,291582.68,-4.594444444444447
B_improved,5,300000,False,003830:2023-01-26,003830,2023-01-27,2023-02-03,135000.0,133400.0,2.0,270000.0,287977.68,-1.3351851851851853
B_improved,5,300000,False,002700:2023-02-02,002700,2023-02-03,2023-02-10,2100.0,2110.0,137.0,287700.0,288916.13,0.3261904761904802
B_improved,5,300000,False,094280:2023-02-09,094280,2023-02-10,2023-02-17,15010.0,14300.0,19.0,285190.0,274998.34500000003,-4.880179880079938
B_improved,5,300000,False,006800:2023-02-16,006800,2023-02-17,2023-02-24,7298.0,7079.0,37.0,270026.0,266490.30600000004,-3.150822143052887
B_improved,5,300000,False,000850:2023-02-23,000850,2023-02-24,2023-03-06,33650.0,35500.0,7.0,235550.0,279086.981,5.347771173848435
B_improved,5,300000,False,001130:2023-03-07,001130,2023-03-08,2023-03-15,15570.0,14330.0,17.0,264690.0,257609.94600000003,-8.11403339755941
B_improved,5,300000,False,000850:2023-03-17,000850,2023-03-20,2023-03-27,37600.0,37350.0,6.0,225600.0,255771.54600000003,-0.814893617021274
B_improved,5,300000,False,265520:2023-03-28,265520,2023-03-29,2023-04-05,23000.0,22650.0,11.0,253000.0,251542.04600000003,-1.6717391304347826
B_improved,5,300000,False,004100:2023-04-04,004100,2023-04-05,2023-04-12,1810.0,1836.0,138.0,249780.0,254755.37600000002,1.286464088397785
B_improved,5,300000,False,126640:2023-04-11,126640,2023-04-12,2023-04-19,1765.0,1792.0,144.0,254160.0,258262.13600000003,1.3797450424929214
B_improved,5,300000,False,344820:2023-04-19,344820,2023-04-20,2023-04-27,44850.0,44200.0,5.0,224250.0,254675.76100000003,-1.5992753623188405
B_improved,5,300000,False,064850:2023-04-26,064850,2023-04-27,2023-05-08,8200.0,8070.0,31.0,254200.0,250264.46100000004,-1.735365853658532
B_improved,5,300000,False,000430:2023-05-10,000430,2023-05-11,2023-05-18,4510.0,4700.0,55.0,248050.0,260342.38600000003,4.062860310421281
B_improved,5,300000,False,088980:2023-05-30,088980,2023-05-31,2023-06-08,13166.0,13315.0,19.0,250154.0,262798.155,0.9817028710314448
B_improved,5,300000,False,126640:2023-06-07,126640,2023-06-08,2023-06-15,2090.0,1951.0,125.0,261250.0,245031.28000000003,-6.8007177033492825
B_improved,5,300000,False,204320:2023-06-15,204320,2023-06-16,2023-06-23,49400.0,50900.0,4.0,197600.0,250734.88000000003,2.8864372469635655
B_improved,5,300000,False,026890:2023-06-26,026890,2023-06-27,2023-07-04,6860.0,6880.0,36.0,246960.0,251084.44000000003,0.14154518950437223
B_improved,5,300000,False,001740:2023-07-12,001740,2023-07-13,2023-07-20,5450.0,5810.0,46.0,250700.0,267268.39,6.455504587155968
B_improved,5,300000,False,001740:2023-07-19,001740,2023-07-20,2023-07-27,5810.0,5930.0,46.0,267260.0,272387.5,1.9154044750430241
B_improved,5,300000,False,326030:2023-08-01,326030,2023-08-02,2023-08-09,90000.0,92200.0,3.0,270000.0,278582.5,2.2944444444444443
B_improved,5,300000,False,001740:2023-08-09,001740,2023-08-10,2023-08-18,6500.0,6320.0,42.0,273000.0,270613.0,-2.919230769230769
B_improved,5,300000,False,026890:2023-08-21,026890,2023-08-22,2023-08-29,7260.0,7740.0,37.0,268620.0,287970.07,6.461570247933887
B_improved,5,300000,False,026890:2023-08-29,026890,2023-08-30,2023-09-06,7850.0,7370.0,36.0,282600.0,270266.17,-6.264649681528671
B_improved,5,300000,False,003570:2023-09-06,003570,2023-09-07,2023-09-14,11400.0,11920.0,23.0,262200.0,281832.87,4.411403508771934
B_improved,5,300000,False,016360:2023-09-13,016360,2023-09-14,2023-09-21,38300.0,38300.0,7.0,268100.0,281430.72,-0.15000000000000868
B_improved,5,300000,False,105630:2023-10-31,105630,2023-11-01,2023-11-08,23000.0,22750.0,12.0,276000.0,278016.72,-1.2369565217391303
B_improved,5,300000,False,105630:2023-11-09,105630,2023-11-10,2023-11-17,23700.0,23650.0,11.0,260700.0,277075.67,-0.3609704641350166
B_improved,5,300000,False,279600:2023-12-11,279600,2023-12-12,2023-12-19,16221.0,16137.0,17.0,275757.0,275234.0345,-0.6678472350656465
B_improved,5,300000,False,279600:2023-12-19,279600,2023-12-20,2023-12-28,17190.0,22201.0,16.0,275040.0,354997.4745,29.000668993600932
B_improved,5,300000,False,326030:2024-01-02,326030,2024-01-03,2024-01-10,103300.0,97300.0,3.0,309900.0,336532.62450000003,-5.9583252662149
B_improved,5,300000,False,089850:2024-01-11,089850,2024-01-12,2024-01-19,8708.0,8504.0,38.0,330904.0,328284.2685,-2.49267340376666
B_improved,5,300000,False,003830:2024-01-29,003830,2024-01-30,2024-02-06,114600.0,120900.0,2.0,229200.0,340540.4685,5.347382198952885
B_improved,5,300000,False,163560:2024-02-05,163560,2024-02-06,2024-02-15,6650.0,6670.0,51.0,339150.0,341051.74350000004,0.150751879699255
B_improved,5,300000,False,006800:2024-02-16,006800,2024-02-19,2024-02-26,8911.0,8911.0,38.0,338618.0,340543.8165,-0.1500000000000074
B_improved,5,300000,False,001130:2024-02-23,001130,2024-02-26,2024-03-05,14220.0,13800.0,23.0,327060.0,330393.2265,-3.103586497890303
B_improved,5,300000,False,088980:2024-03-06,088980,2024-03-07,2024-03-14,12927.0,12877.0,25.0,323175.0,328658.464,-0.5367873443180975
B_improved,5,300000,False,015860:2024-03-18,015860,2024-03-19,2024-03-26,4520.0,4350.0,72.0,325440.0,315930.304,-3.911061946902647
B_improved,5,300000,False,015360:2024-03-25,015360,2024-03-26,2024-04-02,8280.0,7700.0,38.0,314640.0,293418.344,-7.154830917874403
B_improved,5,300000,False,014830:2024-04-03,014830,2024-04-04,2024-04-12,85400.0,86300.0,3.0,256200.0,295734.044,0.9038641686182715
B_improved,5,300000,False,026890:2024-04-16,026890,2024-04-17,2024-04-24,8490.0,8850.0,34.0,288660.0,307541.054,4.090282685512371
B_improved,5,300000,False,026890:2024-04-23,026890,2024-04-24,2024-05-02,8850.0,8770.0,34.0,300900.0,304369.704,-1.0539548022598793
B_improved,5,300000,False,015360:2024-05-08,015360,2024-05-09,2024-05-17,8300.0,8490.0,36.0,298800.0,310761.504,2.1391566265060202
B_improved,5,300000,False,001130:2024-05-16,001130,2024-05-17,2024-05-24,14100.0,14030.0,22.0,310200.0,308756.204,-0.6464539007092162
B_improved,5,300000,False,094280:2024-05-23,094280,2024-05-24,2024-05-31,13470.0,13300.0,22.0,296340.0,304571.694,-1.4120638455827796
B_improved,5,300000,False,051630:2024-06-07,051630,2024-06-10,2024-06-17,3366.0,3283.0,90.0,302940.0,296647.28400000004,-2.615834818775987
B_improved,5,300000,False,003570:2024-06-20,003570,2024-06-21,2024-06-28,20450.0,21900.0,14.0,286300.0,316517.83400000003,6.940464547677258
B_improved,5,300000,False,270870:2024-06-27,270870,2024-06-28,2024-07-05,10910.0,9600.0,29.0,316390.0,278053.249,-12.15733272227315
B_improved,5,300000,False,011780:2024-07-11,011780,2024-07-12,2024-07-19,164200.0,155100.0,1.0,164200.0,268706.949,-5.692021924482331
B_improved,5,300000,False,053350:2024-08-02,053350,2024-08-05,2024-08-12,3975.0,3505.0,67.0,266325.0,236817.46150000003,-11.973899371069178
B_improved,5,300000,False,000080:2024-08-19,000080,2024-08-20,2024-08-27,22250.0,21450.0,10.0,222500.0,228483.71150000003,-3.745505617977528
B_improved,5,300000,False,064850:2024-08-26,064850,2024-08-27,2024-09-03,8680.0,11290.0,26.0,225680.0,296005.1915,29.919124423963122
B_improved,5,300000,False,081580:2024-09-24,081580,2024-09-25,2024-10-04,4345.0,4595.0,68.0,295460.0,312562.0015,5.60373993095512
B_improved,5,300000,False,326030:2024-10-11,326030,2024-10-14,2024-10-21,120000.0,124000.0,2.0,240000.0,320202.0015,3.183333333333333
B_improved,5,300000,False,015360:2024-10-18,015360,2024-10-21,2024-10-28,9590.0,10200.0,33.0,316470.0,339857.2965,6.2107924921793485
B_improved,5,300000,False,006800:2024-10-25,006800,2024-10-28,2024-11-04,9120.0,8722.0,37.0,337440.0,324625.1365,-4.51403508771929
B_improved,5,300000,False,127120:2024-11-12,127120,2024-11-13,2024-11-20,3965.0,3780.0,81.0,321165.0,309158.389,-4.815825977301387
B_improved,5,300000,False,016090:2024-11-20,016090,2024-11-21,2024-11-28,2185.0,2170.0,141.0,308085.0,306581.2615,-0.836498855835241
B_improved,5,300000,False,127120:2024-11-27,127120,2024-11-28,2024-12-05,4100.0,4290.0,74.0,303400.0,320186.16150000005,4.484146341463422
B_improved,5,300000,False,016090:2024-12-11,016090,2024-12-12,2024-12-19,2225.0,2330.0,143.0,318175.0,334723.89900000003,4.569101123595503
B_improved,5,300000,False,015360:2024-12-18,015360,2024-12-19,2024-12-27,11060.0,10760.0,30.0,331800.0,325226.199,-2.862477396021703
B_improved,5,300000,False,015360:2024-12-26,015360,2024-12-27,2025-01-07,10760.0,9880.0,30.0,322800.0,298341.999,-8.328438661710042
B_improved,5,300000,False,319400:2025-01-06,319400,2025-01-07,2025-01-14,3660.0,3985.0,81.0,296460.0,324222.309,8.729781420765026
B_improved,5,300000,False,204320:2025-01-14,204320,2025-01-15,2025-01-22,45000.0,45150.0,7.0,315000.0,324799.809,0.18333333333333332
B_improved,5,300000,False,136480:2025-01-21,136480,2025-01-22,2025-02-04,2910.0,2880.0,111.0,323010.0,320985.294,-1.1809278350515506
B_improved,5,300000,False,136480:2025-02-04,136480,2025-02-05,2025-02-12,2955.0,2905.0,108.0,319140.0,315106.584,-1.8420473773265718
B_improved,5,300000,False,204320:2025-02-13,204320,2025-02-14,2025-02-21,46650.0,45100.0,6.0,279900.0,305386.734,-3.472615219721321
B_improved,5,300000,False,053350:2025-02-27,053350,2025-02-28,2025-03-10,4615.0,5390.0,66.0,304590.0,356079.849,16.643066088840733
B_improved,5,300000,False,011230:2025-03-19,011230,2025-03-20,2025-03-27,3730.0,4500.0,95.0,354350.0,428698.32399999996,20.493431635388735
B_improved,5,300000,False,036620:2025-03-26,036620,2025-03-27,2025-04-03,3875.0,3810.0,110.0,426250.0,420908.94899999996,-1.8274193548387097
B_improved,5,300000,False,310200:2025-04-02,310200,2025-04-03,2025-04-10,3250.0,3040.0,129.0,419250.0,393190.07399999996,-6.611538461538462
B_improved,5,300000,False,127120:2025-04-09,127120,2025-04-10,2025-04-17,8020.0,9730.0,49.0,392980.0,476390.604,21.17169576059851
B_improved,5,300000,False,128540:2025-04-16,128540,2025-04-17,2025-04-24,1832.0,1854.0,260.0,476320.0,481396.124,1.0508733624454187
B_improved,5,300000,False,014830:2025-04-23,014830,2025-04-24,2025-05-02,89700.0,87600.0,5.0,448500.0,470223.374,-2.4911371237458195
B_improved,5,300000,False,088980:2025-05-02,088980,2025-05-07,2025-05-14,11600.0,11540.0,40.0,464000.0,467127.374,-0.6672413793103449
B_improved,5,300000,False,114090:2025-05-13,114090,2025-05-14,2025-05-21,12740.0,13550.0,36.0,458640.0,495599.414,6.20792778649921
B_improved,5,300000,False,003570:2025-05-20,003570,2025-05-21,2025-05-28,39000.0,41150.0,12.0,468000.0,520697.414,5.362820512820512
B_improved,5,300000,False,001130:2025-05-29,001130,2025-05-30,2025-06-10,14100.0,15360.0,36.0,507600.0,565296.014,8.786170212765953
B_improved,5,300000,False,000850:2025-06-09,000850,2025-06-10,2025-06-17,33000.0,32900.0,17.0,561000.0,562754.514,-0.453030303030303
B_improved,5,300000,False,003080:2025-06-16,003080,2025-06-17,2025-06-24,2755.0,2820.0,204.0,562020.0,575171.4839999999,2.2093466424682346
B_improved,5,300000,False,415380:2025-06-23,415380,2025-06-24,2025-07-01,3229.0,3243.0,178.0,574762.0,576801.3409999999,0.2835707649426998
B_improved,5,300000,False,015860:2025-06-30,015860,2025-07-01,2025-07-08,5620.0,5780.0,102.0,573240.0,592261.4809999999,2.696975088967974
B_improved,5,300000,False,000080:2025-07-07,000080,2025-07-08,2025-07-15,21800.0,21900.0,27.0,588600.0,594078.5809999999,0.30871559633027124
B_improved,5,300000,False,028670:2025-07-14,028670,2025-07-15,2025-07-22,4155.0,4175.0,142.0,590010.0,596033.5659999999,0.33134777376654395
B_improved,5,300000,False,415380:2025-08-11,415380,2025-08-12,2025-08-20,3211.0,3250.0,185.0,594035.0,602357.5134999999,1.0645748987854267
B_improved,5,300000,False,415380:2025-08-19,415380,2025-08-20,2025-08-27,3250.0,3656.0,185.0,601250.0,676565.6384999999,12.342307692307692
B_improved,5,300000,False,003570:2025-08-26,003570,2025-08-27,2025-09-03,64000.0,64500.0,10.0,640000.0,680605.6384999999,0.6312500000000001
B_improved,5,300000,False,170920:2025-09-08,170920,2025-09-09,2025-09-16,12990.0,16350.0,52.0,675480.0,854312.4184999999,25.71605080831409
B_improved,5,300000,False,265520:2025-09-18,265520,2025-09-19,2025-09-26,19480.0,18870.0,43.0,837640.0,826825.9585,-3.281416837782337
B_improved,5,300000,False,265520:2025-10-10,265520,2025-10-13,2025-10-20,20350.0,19980.0,40.0,814000.0,810804.9585,-1.9681818181818183
B_improved,5,300000,False,011170:2025-10-17,011170,2025-10-20,2025-10-27,72000.0,77500.0,11.0,792000.0,870116.9585,7.488888888888889
B_improved,5,300000,False,015860:2025-10-24,015860,2025-10-27,2025-11-03,6590.0,7080.0,132.0,869880.0,933492.1385,7.285508345978761
B_improved,5,300000,False,326030:2025-11-04,326030,2025-11-05,2025-11-12,123500.0,123000.0,7.0,864500.0,928695.3885,-0.5548582995951417
B_improved,5,300000,False,016360:2025-11-12,016360,2025-11-13,2025-11-20,82800.0,79500.0,11.0,910800.0,891029.1885,-4.135507246376807
B_improved,5,300000,False,138360:2025-11-25,138360,2025-11-26,2025-12-03,1079.0,1249.0,825.0,890175.0,1029943.9260000001,15.605329008341062
B_improved,5,300000,False,051630:2025-12-05,051630,2025-12-08,2025-12-15,2915.0,3000.0,353.0,1028995.0,1058405.4335000003,2.7659519725557526
B_improved,5,300000,False,015360:2025-12-12,015360,2025-12-15,2025-12-22,13940.0,13600.0,75.0,1045500.0,1031337.1835000003,-2.5890243902439023
B_improved,5,300000,False,011780:2025-12-19,011780,2025-12-22,2025-12-30,126400.0,121000.0,8.0,1011200.0,986620.3835000002,-4.422151898734182
A_baseline,5,500000,False,114090:2023-01-02,114090,2023-01-03,2023-01-10,18750.0,19050.0,26.0,487500.0,507068.75,1.4500000000000002
A_baseline,5,500000,False,004100:2023-01-09,004100,2023-01-10,2023-01-17,1585.0,1630.0,319.0,505615.0,520665.3275,2.689116719242905
A_baseline,5,500000,False,011170:2023-01-16,011170,2023-01-17,2023-01-26,184000.0,184400.0,2.0,368000.0,520913.3275,0.06739130434782609
A_baseline,5,500000,False,003830:2023-01-25,003830,2023-01-26,2023-02-02,130100.0,133800.0,4.0,520400.0,534932.7275,2.693966179861649
A_baseline,5,500000,False,006800:2023-02-01,006800,2023-02-02,2023-02-09,6969.0,6989.0,76.0,529644.0,535658.2615,0.13698522026115373
A_baseline,5,500000,False,006800:2023-02-08,006800,2023-02-09,2023-02-16,6989.0,6989.0,76.0,531164.0,534861.5155,-0.15000000000000807
A_baseline,5,500000,False,073640:2023-02-15,073640,2023-02-16,2023-02-23,2360.0,2295.0,226.0,533360.0,519371.4755,-2.9042372881355893
A_baseline,5,500000,False,001130:2023-02-22,001130,2023-02-23,2023-03-03,15140.0,15440.0,34.0,514760.0,528799.3355,1.831505944517831
A_baseline,5,500000,False,000430:2023-03-02,000430,2023-03-03,2023-03-10,3435.0,3460.0,153.0,525555.0,531836.003,0.5778020378457025
A_baseline,5,500000,False,000430:2023-03-09,000430,2023-03-10,2023-03-17,3460.0,3400.0,153.0,529380.0,521861.933,-1.8841040462427758
A_baseline,5,500000,False,000850:2023-03-16,000850,2023-03-17,2023-03-24,36000.0,36000.0,14.0,504000.0,521105.933,-0.15
A_baseline,5,500000,False,030210:2023-03-23,030210,2023-03-24,2023-03-31,5290.0,5270.0,98.0,518420.0,518368.303,-0.528071833648394
A_baseline,5,500000,False,000430:2023-03-30,000430,2023-03-31,2023-04-07,3500.0,3535.0,148.0,518000.0,522771.303,0.8500000000000001
A_baseline,5,500000,False,004360:2023-04-06,004360,2023-04-07,2023-04-14,45800.0,45300.0,11.0,503800.0,516515.603,-1.2417030567685612
A_baseline,5,500000,False,001460:2023-04-13,001460,2023-04-14,2023-04-21,49000.0,47200.0,10.0,490000.0,497780.603,-3.823469387755102
A_baseline,5,500000,False,053350:2023-04-20,053350,2023-04-21,2023-04-28,4700.0,4160.0,105.0,493500.0,440340.353,-11.63936170212766
A_baseline,5,500000,False,011230:2023-04-27,011230,2023-04-28,2023-05-10,7328.0,8354.0,60.0,439680.0,501240.833,13.851091703056765
A_baseline,5,500000,False,067570:2023-05-09,067570,2023-05-10,2023-05-17,3954.0,3558.0,126.0,498204.0,450597.527,-10.165174506828524
A_baseline,5,500000,False,000850:2023-05-16,000850,2023-05-17,2023-05-24,38650.0,39350.0,11.0,425150.0,457659.802,1.6611254851229034
A_baseline,5,500000,False,001740:2023-05-23,001740,2023-05-24,2023-06-01,4800.0,4890.0,95.0,456000.0,465525.802,1.725
A_baseline,5,500000,False,004870:2023-05-31,004870,2023-06-01,2023-06-09,3120.0,3020.0,149.0,464880.0,449928.482,-3.3551282051282065
A_baseline,5,500000,False,008260:2023-06-08,008260,2023-06-09,2023-06-16,6720.0,6790.0,66.0,443520.0,453883.202,0.8916666666666604
A_baseline,5,500000,False,085310:2023-06-15,085310,2023-06-16,2023-06-23,9720.0,9970.0,46.0,447120.0,464712.522,2.4220164609053514
A_baseline,5,500000,False,319400:2023-06-22,319400,2023-06-23,2023-06-30,4690.0,4430.0,99.0,464310.0,438276.057,-5.693710021321967
A_baseline,5,500000,False,003030:2023-06-29,003030,2023-06-30,2023-07-07,204000.0,193700.0,2.0,408000.0,417064.057,-5.199019607843137
A_baseline,5,500000,False,011230:2023-07-06,011230,2023-07-07,2023-07-14,7988.0,9572.0,52.0,415376.0,498808.99299999996,19.679744616925383
A_baseline,5,500000,False,001740:2023-07-13,001740,2023-07-14,2023-07-21,5510.0,5880.0,90.0,495900.0,531365.1429999999,6.565063520871147
A_baseline,5,500000,False,016360:2023-07-20,016360,2023-07-21,2023-07-28,36000.0,35450.0,14.0,504000.0,522909.1429999999,-1.6777777777777776
A_baseline,5,500000,False,220100:2023-08-01,220100,2023-08-02,2023-08-09,8703.0,10042.0,60.0,522180.0,602465.8729999999,15.235499253131103
A_baseline,5,500000,False,043910:2023-08-08,043910,2023-08-09,2023-08-17,12870.0,10810.0,46.0,592020.0,506817.8429999999,-16.156216006216013
A_baseline,5,500000,False,089850:2023-08-17,089850,2023-08-18,2023-08-25,7471.0,8074.0,67.0,500557.0,546468.0074999998,7.92120867353767
A_baseline,5,500000,False,085310:2023-08-24,085310,2023-08-25,2023-09-01,10720.0,10630.0,50.0,536000.0,541164.0074999998,-0.9895522388059701
A_baseline,5,500000,False,105560:2023-08-31,105560,2023-09-01,2023-09-08,54200.0,54200.0,9.0,487800.0,540432.3074999999,-0.15000000000000238
A_baseline,5,500000,False,016360:2023-09-07,016360,2023-09-08,2023-09-15,36800.0,38400.0,14.0,515200.0,562059.5074999998,4.197826086956512
A_baseline,5,500000,False,246250:2023-09-14,246250,2023-09-15,2023-09-22,5000.0,4815.0,112.0,560000.0,540499.5074999998,-3.85
A_baseline,5,500000,False,089850:2023-09-21,089850,2023-09-22,2023-10-05,9159.0,8085.0,59.0,540381.0,476322.9359999998,-11.876170979364563
A_baseline,5,500000,False,004270:2023-10-06,004270,2023-10-10,2023-10-17,18285.0,17132.0,26.0,475410.0,445631.8209999998,-6.455715066994802
A_baseline,5,500000,False,004100:2023-10-16,004100,2023-10-17,2023-10-24,3880.0,3255.0,114.0,442320.0,373718.34099999984,-16.25824742268041
A_baseline,5,500000,False,003570:2023-10-23,003570,2023-10-24,2023-10-31,11990.0,13600.0,31.0,371690.0,423070.80599999987,13.27785654712261
A_baseline,5,500000,False,015360:2023-10-30,015360,2023-10-31,2023-11-07,6630.0,6770.0,63.0,417690.0,431264.2709999999,1.961613876319765
A_baseline,5,500000,False,015360:2023-11-06,015360,2023-11-07,2023-11-14,6770.0,6950.0,63.0,426510.0,441964.5059999999,2.508788774002951
A_baseline,5,500000,False,015360:2023-11-13,015360,2023-11-14,2023-11-21,6950.0,6990.0,63.0,437850.0,443827.73099999985,0.4255395683453184
A_baseline,5,500000,False,215200:2023-11-24,215200,2023-11-27,2023-12-04,61400.0,59700.0,7.0,429800.0,431283.03099999984,-2.918729641693814
A_baseline,5,500000,False,015360:2023-12-05,015360,2023-12-06,2023-12-13,7070.0,7040.0,61.0,431270.0,428806.1259999998,-0.5743281471004308
A_baseline,5,500000,False,015360:2023-12-12,015360,2023-12-13,2023-12-20,7040.0,6960.0,60.0,422400.0,423372.52599999984,-1.2863636363636308
A_baseline,5,500000,False,016450:2023-12-19,016450,2023-12-20,2023-12-28,5080.0,4925.0,83.0,421640.0,409875.0659999998,-3.20118110236221
A_baseline,5,500000,False,006800:2023-12-28,006800,2024-01-02,2024-01-09,7477.0,7119.0,54.0,403758.0,389937.4289999998,-4.938016584191518
A_baseline,5,500000,False,003530:2024-01-10,003530,2024-01-11,2024-01-18,3800.0,3485.0,102.0,387600.0,357226.0289999998,-8.439473684210533
A_baseline,5,500000,False,003530:2024-01-18,003530,2024-01-19,2024-01-26,3615.0,3500.0,98.0,354270.0,345424.6239999998,-3.331189488243438
A_baseline,5,500000,False,170920:2024-01-25,170920,2024-01-26,2024-02-02,17700.0,14510.0,19.0,336300.0,284310.17399999977,-18.1725988700565
A_baseline,5,500000,False,003030:2024-02-01,003030,2024-02-02,2024-02-13,223500.0,212000.0,1.0,223500.0,272474.92399999977,-5.295413870246085
A_baseline,5,500000,False,043650:2024-02-13,043650,2024-02-14,2024-02-21,6420.0,6480.0,42.0,269640.0,274590.46399999975,0.7845794392523286
A_baseline,5,500000,False,014160:2024-02-20,014160,2024-02-21,2024-02-28,1258.0,1190.0,218.0,274244.0,259355.09799999974,-5.555405405405408
A_baseline,5,500000,False,163560:2024-02-27,163560,2024-02-28,2024-03-07,9320.0,8620.0,27.0,251640.0,240077.63799999974,-7.660729613733902
A_baseline,5,500000,False,001460:2024-03-06,001460,2024-03-07,2024-03-14,49950.0,47500.0,4.0,199800.0,229977.93799999973,-5.054904904904911
A_baseline,5,500000,False,006220:2024-03-13,006220,2024-03-14,2024-03-21,14300.0,12530.0,16.0,228800.0,201314.73799999972,-12.527622377622382
A_baseline,5,500000,False,014160:2024-03-20,014160,2024-03-21,2024-03-28,1866.0,1677.0,107.0,199662.0,180792.24499999973,-10.278617363344045
A_baseline,5,500000,False,014830:2024-03-27,014830,2024-03-28,2024-04-04,78100.0,85400.0,2.0,156200.0,195157.94499999975,9.19699103713189
A_baseline,5,500000,False,006360:2024-04-03,006360,2024-04-04,2024-04-12,15760.0,14580.0,12.0,189120.0,180714.26499999975,-7.637309644670047
A_baseline,5,500000,False,265520:2024-04-12,265520,2024-04-15,2024-04-22,27400.0,31800.0,6.0,164400.0,206867.66499999975,15.908394160583939
A_baseline,5,500000,False,099220:2024-04-19,099220,2024-04-22,2024-04-29,14500.0,17120.0,14.0,203000.0,243243.16499999975,17.91896551724138
A_baseline,5,500000,False,003030:2024-04-26,003030,2024-04-29,2024-05-08,223500.0,237000.0,1.0,223500.0,256407.91499999975,5.890268456375839
A_baseline,5,500000,False,014830:2024-05-07,014830,2024-05-08,2024-05-16,104200.0,103100.0,2.0,208400.0,253895.31499999974,-1.2056621880998108
A_baseline,5,500000,False,015360:2024-05-14,015360,2024-05-16,2024-05-23,8360.0,8490.0,30.0,250800.0,257419.11499999973,1.4050239234449713
A_baseline,5,500000,False,001130:2024-05-22,001130,2024-05-23,2024-05-30,14060.0,13680.0,18.0,253080.0,250199.49499999973,-2.8527027027027008
A_baseline,5,500000,False,009300:2024-05-29,009300,2024-05-30,2024-06-07,21200.0,19650.0,11.0,233200.0,232799.69499999975,-7.461320754716976
A_baseline,5,500000,False,053350:2024-06-05,053350,2024-06-07,2024-06-14,3675.0,3550.0,63.0,231525.0,224577.40749999974,-3.5513605442176894
A_baseline,5,500000,False,003570:2024-06-13,003570,2024-06-14,2024-06-21,19010.0,20450.0,11.0,209110.0,240103.74249999973,7.424960547080479
A_baseline,5,500000,False,003570:2024-06-20,003570,2024-06-21,2024-06-28,20450.0,21900.0,11.0,224950.0,255716.31749999974,6.940464547677267
A_baseline,5,500000,False,094280:2024-06-27,094280,2024-06-28,2024-07-05,13400.0,13600.0,19.0,254600.0,259134.41749999975,1.342537313432838
A_baseline,5,500000,False,003570:2024-07-04,003570,2024-07-05,2024-07-12,20300.0,19880.0,12.0,243600.0,253729.01749999975,-2.218965517241377
A_baseline,5,500000,False,011780:2024-07-11,011780,2024-07-12,2024-07-19,164200.0,155100.0,1.0,164200.0,244382.71749999977,-5.692021924482331
A_baseline,5,500000,False,003570:2024-07-18,003570,2024-07-19,2024-07-26,21100.0,20800.0,11.0,232100.0,240734.56749999977,-1.571800947867296
A_baseline,5,500000,False,053350:2024-07-25,053350,2024-07-26,2024-08-02,3705.0,3910.0,64.0,237120.0,253498.88749999978,5.3830634278002725
A_baseline,5,500000,False,003570:2024-08-01,003570,2024-08-02,2024-08-09,21200.0,23950.0,11.0,233200.0,283399.0874999998,12.821698113207553
A_baseline,5,500000,False,006360:2024-08-08,006360,2024-08-09,2024-08-19,18860.0,19310.0,15.0,282900.0,289724.7374999998,2.2360021208907823
A_baseline,5,500000,False,000080:2024-08-19,000080,2024-08-20,2024-08-27,22250.0,21450.0,13.0,289250.0,278890.8624999998,-3.745505617977528
A_baseline,5,500000,False,004100:2024-08-26,004100,2024-08-27,2024-09-03,3120.0,3030.0,89.0,277680.0,270464.3424999998,-3.034615384615391
A_baseline,5,500000,False,064850:2024-09-02,064850,2024-09-03,2024-09-10,11290.0,14900.0,23.0,259670.0,353104.8374999998,31.825199291408325
A_baseline,5,500000,False,006800:2024-09-09,006800,2024-09-10,2024-09-20,8333.0,8851.0,42.0,349986.0,374335.8584999998,6.066248649946
A_baseline,5,500000,False,004100:2024-09-20,004100,2024-09-23,2024-09-30,3075.0,3200.0,121.0,372075.0,388902.7459999998,3.915040650406507
A_baseline,5,500000,False,015360:2024-09-30,015360,2024-10-02,2024-10-11,9130.0,9350.0,42.0,383460.0,397567.5559999998,2.259638554216867
A_baseline,5,500000,False,015360:2024-10-10,015360,2024-10-11,2024-10-18,9350.0,9460.0,42.0,392700.0,401598.5059999998,1.0264705882352971
A_baseline,5,500000,False,015360:2024-10-18,015360,2024-10-21,2024-10-28,9590.0,10200.0,41.0,393190.0,426018.72099999984,6.21079249217936
A_baseline,5,500000,False,004100:2024-10-25,004100,2024-10-28,2024-11-04,3225.0,3410.0,132.0,425700.0,449800.17099999986,5.5864341085271345
A_baseline,5,500000,False,001740:2024-11-01,001740,2024-11-04,2024-11-11,5260.0,4975.0,85.0,447100.0,424904.52099999983,-5.568250950570348
A_baseline,5,500000,False,003570:2024-11-08,003570,2024-11-11,2024-11-18,26300.0,24700.0,16.0,420800.0,398673.3209999998,-6.233650190114071
A_baseline,5,500000,False,016090:2024-11-15,016090,2024-11-18,2024-11-25,2135.0,2180.0,186.0,397110.0,406447.65599999984,1.9577283372365393
A_baseline,5,500000,False,127120:2024-11-25,127120,2024-11-26,2024-12-03,3710.0,4130.0,109.0,404390.0,451621.0709999998,11.170754716981127
A_baseline,5,500000,False,003830:2024-12-02,003830,2024-12-03,2024-12-10,117200.0,113800.0,3.0,351600.0,440893.6709999998,-3.0510238907849896
A_baseline,5,500000,False,015020:2024-12-09,015020,2024-12-10,2024-12-18,4390.0,3070.0,100.0,439000.0,308235.1709999998,-30.218337129840545
A_baseline,5,500000,False,015360:2024-12-17,015360,2024-12-18,2024-12-26,10640.0,10960.0,28.0,297920.0,316748.2909999998,2.8575187969924793
A_baseline,5,500000,False,015360:2024-12-26,015360,2024-12-27,2025-01-07,10760.0,9880.0,29.0,312040.0,290760.2309999998,-8.328438661710036
A_baseline,5,500000,False,058860:2025-01-06,058860,2025-01-07,2025-01-14,2720.0,2660.0,106.0,288320.0,283967.7509999998,-2.3558823529411703
A_baseline,5,500000,False,025980:2025-01-13,025980,2025-01-14,2025-01-21,5570.0,5650.0,50.0,278500.0,287550.0009999998,1.2862657091561938
A_baseline,5,500000,False,003030:2025-01-20,003030,2025-01-21,2025-02-03,218500.0,205500.0,1.0,218500.0,274222.2509999998,-6.099656750572082
A_baseline,5,500000,False,016090:2025-01-31,016090,2025-02-03,2025-02-10,2305.0,2280.0,118.0,271990.0,270864.2659999998,-1.2345986984815567
A_baseline,5,500000,False,016090:2025-02-07,016090,2025-02-10,2025-02-17,2280.0,2150.0,118.0,269040.0,255120.70599999983,-5.851754385964911
A_baseline,5,500000,False,025980:2025-02-14,025980,2025-02-17,2025-02-24,6090.0,6020.0,41.0,249690.0,251876.17099999983,-1.2994252873563232
A_baseline,5,500000,False,015360:2025-02-21,015360,2025-02-24,2025-03-04,10760.0,9780.0,23.0,247480.0,228964.95099999983,-9.257806691449815
A_baseline,5,500000,False,136480:2025-02-28,136480,2025-03-04,2025-03-11,2925.0,3140.0,78.0,228150.0,245392.72599999982,7.200427350427348
A_baseline,5,500000,False,014830:2025-03-10,014830,2025-03-11,2025-03-18,81000.0,78300.0,3.0,243000.0,236928.22599999982,-3.4833333333333334
A_baseline,5,500000,False,006040:2025-03-17,006040,2025-03-18,2025-03-25,36400.0,37800.0,6.0,218400.0,245000.62599999981,3.6961538461538437
A_baseline,5,500000,False,030210:2025-03-25,030210,2025-03-26,2025-04-02,3340.0,3060.0,73.0,243820.0,224194.8959999998,-8.533233532934135
A_baseline,5,500000,False,015020:2025-04-01,015020,2025-04-02,2025-04-09,3998.0,4150.0,56.0,223888.0,232371.0639999998,3.6519009504752398
A_baseline,5,500000,False,096870:2025-04-08,096870,2025-04-09,2025-04-16,2650.0,2700.0,87.0,230550.0,236375.2389999998,1.7367924528301837
A_baseline,5,500000,False,002700:2025-04-15,002700,2025-04-16,2025-04-23,1515.0,1555.0,156.0,236340.0,242260.7289999998,2.4902640264026363
A_baseline,5,500000,False,002700:2025-04-22,002700,2025-04-23,2025-04-30,1555.0,1525.0,155.0,241025.0,237249.19149999978,-2.079260450160774
A_baseline,5,500000,False,006800:2025-04-29,006800,2025-04-30,2025-05-12,10833.0,11938.0,21.0,227493.0,260112.9519999998,10.05031385581095
A_baseline,5,500000,False,000850:2025-05-09,000850,2025-05-12,2025-05-19,29200.0,29400.0,8.0,233600.0,261362.5519999998,0.5349315068493176
A_baseline,5,500000,False,003570:2025-05-16,003570,2025-05-19,2025-05-26,34850.0,39700.0,7.0,243950.0,294946.6269999998,13.7667862266858
A_baseline,5,500000,False,000850:2025-05-23,000850,2025-05-26,2025-06-02,29800.0,31500.0,9.0,268200.0,309844.3269999998,5.554697986577185
A_baseline,5,500000,False,001130:2025-05-30,001130,2025-06-02,2025-06-11,14260.0,15400.0,21.0,299460.0,333335.1369999998,7.844389901823281
A_baseline,5,500000,False,088980:2025-06-10,088980,2025-06-11,2025-06-18,11830.0,11750.0,28.0,331240.0,330598.2769999998,-0.8262468300929797
A_baseline,5,500000,False,000080:2025-06-17,000080,2025-06-18,2025-06-25,19990.0,20450.0,16.0,319840.0,337478.5169999998,2.151150575287641
A_baseline,5,500000,False,001130:2025-06-24,001130,2025-06-25,2025-07-02,14960.0,15400.0,22.0,329120.0,346664.8369999998,2.7911764705882374
A_baseline,5,500000,False,000080:2025-07-01,000080,2025-07-02,2025-07-09,20850.0,21550.0,16.0,333600.0,357364.4369999998,3.207314148681048
A_baseline,5,500000,False,000850:2025-07-08,000850,2025-07-09,2025-07-16,33400.0,34300.0,10.0,334000.0,365863.4369999998,2.5446107784431136
A_baseline,5,500000,False,000850:2025-07-15,000850,2025-07-16,2025-07-23,34300.0,33100.0,10.0,343000.0,353348.9369999998,-3.6485422740524784
A_baseline,5,500000,False,015360:2025-07-22,015360,2025-07-23,2025-07-30,12540.0,11920.0,28.0,351120.0,335462.2569999998,-5.094178628389153
A_baseline,5,500000,False,003570:2025-07-29,003570,2025-07-30,2025-08-06,55000.0,58800.0,6.0,330000.0,357767.2569999998,6.759090909090909
A_baseline,5,500000,False,064850:2025-08-05,064850,2025-08-06,2025-08-13,8420.0,8300.0,42.0,353640.0,352196.7969999998,-1.5751781472684145
A_baseline,5,500000,False,015360:2025-08-12,015360,2025-08-13,2025-08-21,12760.0,12800.0,27.0,344520.0,352760.01699999976,0.1634796238244433
A_baseline,5,500000,False,001740:2025-08-20,001740,2025-08-21,2025-08-28,4530.0,4420.0,77.0,348810.0,343766.80199999973,-2.578256070640184
A_baseline,5,500000,False,014680:2025-08-27,014680,2025-08-28,2025-09-04,173900.0,162500.0,1.0,173900.0,332105.9519999997,-6.705491661874643
A_baseline,5,500000,False,319400:2025-09-03,319400,2025-09-04,2025-09-11,6530.0,8520.0,50.0,326500.0,431116.2019999997,30.324732006125576
A_baseline,5,500000,False,003570:2025-09-15,003570,2025-09-16,2025-09-23,64200.0,72400.0,6.0,385200.0,479738.4019999997,12.622585669781936
A_baseline,5,500000,False,168360:2025-09-22,168360,2025-09-23,2025-09-30,21300.0,21600.0,22.0,468600.0,485635.5019999997,1.2584507042253472
A_baseline,5,500000,False,006800:2025-09-29,006800,2025-09-30,2025-10-14,21954.0,21407.0,22.0,482988.0,472877.01999999967,-2.6415732896055424
A_baseline,5,500000,False,001740:2025-10-14,001740,2025-10-15,2025-10-22,4755.0,4610.0,99.0,470745.0,457815.9024999997,-3.199421661409042
A_baseline,5,500000,False,085310:2025-10-21,085310,2025-10-22,2025-10-29,17220.0,14900.0,26.0,447720.0,396824.32249999966,-13.622706155632988
A_baseline,5,500000,False,019170:2025-10-28,019170,2025-10-29,2025-11-05,15720.0,14890.0,25.0,393000.0,375484.82249999966,-5.429898218829517
A_baseline,5,500000,False,011170:2025-11-04,011170,2025-11-05,2025-11-12,72200.0,73900.0,5.0,361000.0,383443.32249999966,2.2045706371191134
A_baseline,5,500000,False,011170:2025-11-11,011170,2025-11-12,2025-11-19,73900.0,82000.0,5.0,369500.0,423389.07249999966,10.810757780784844
A_baseline,5,500000,False,016360:2025-11-20,016360,2025-11-21,2025-11-28,78500.0,80100.0,5.0,392500.0,430800.32249999966,1.8882165605095542
A_baseline,5,500000,False,003080:2025-11-27,003080,2025-11-28,2025-12-05,2885.0,2940.0,149.0,429865.0,438350.5249999997,1.756412478336225
A_baseline,5,500000,False,051630:2025-12-05,051630,2025-12-08,2025-12-15,2915.0,3000.0,150.0,437250.0,450444.6499999997,2.765951972555746
A_baseline,5,500000,False,015360:2025-12-12,015360,2025-12-15,2025-12-22,13940.0,13600.0,32.0,446080.0,438895.5299999997,-2.5890243902439014
A_baseline,5,500000,False,001740:2025-12-19,001740,2025-12-22,2025-12-30,4665.0,4480.0,94.0,438510.0,420847.76499999966,-4.11570203644159
A_baseline,5,500000,False,048770:2025-12-29,048770,2025-12-30,2026-01-08,3365.0,3200.0,125.0,420625.0,399591.82749999966,-5.053417533432392
B_improved,5,500000,False,105560:2023-01-10,105560,2023-01-11,2023-01-18,57700.0,58900.0,8.0,461600.0,508907.6,1.9297227036395095
B_improved,5,500000,False,004100:2023-01-17,004100,2023-01-18,2023-01-27,1710.0,1634.0,297.0,507870.0,485573.795,-4.594444444444443
B_improved,5,500000,False,003830:2023-01-26,003830,2023-01-27,2023-02-03,135000.0,133400.0,3.0,405000.0,480166.295,-1.3351851851851853
B_improved,5,500000,False,002700:2023-02-02,002700,2023-02-03,2023-02-10,2100.0,2110.0,228.0,478800.0,481728.095,0.32619047619047375
B_improved,5,500000,False,094280:2023-02-09,094280,2023-02-10,2023-02-17,15010.0,14300.0,32.0,480320.0,458287.615,-4.880179880079942
B_improved,5,500000,False,006800:2023-02-16,006800,2023-02-17,2023-02-24,7298.0,7079.0,62.0,452476.0,444030.901,-3.1508221430528867
B_improved,5,500000,False,000850:2023-02-23,000850,2023-02-24,2023-03-06,33650.0,35500.0,13.0,437450.0,467424.726,5.347771173848442
B_improved,5,500000,False,001130:2023-03-07,001130,2023-03-08,2023-03-15,15570.0,14330.0,30.0,467100.0,429524.076,-8.114033397559414
B_improved,5,500000,False,000850:2023-03-17,000850,2023-03-20,2023-03-27,37600.0,37350.0,11.0,413600.0,426153.676,-0.8148936170212822
B_improved,5,500000,False,265520:2023-03-28,265520,2023-03-29,2023-04-05,23000.0,22650.0,18.0,414000.0,419232.676,-1.6717391304347826
B_improved,5,500000,False,004100:2023-04-04,004100,2023-04-05,2023-04-12,1810.0,1836.0,231.0,418110.0,424611.511,1.286464088397795
B_improved,5,500000,False,126640:2023-04-11,126640,2023-04-12,2023-04-19,1765.0,1792.0,240.0,423600.0,430456.111,1.3797450424929125
B_improved,5,500000,False,344820:2023-04-19,344820,2023-04-20,2023-04-27,44850.0,44200.0,9.0,403650.0,424000.636,-1.5992753623188347
B_improved,5,500000,False,064850:2023-04-26,064850,2023-04-27,2023-05-08,8200.0,8070.0,51.0,418200.0,416743.336,-1.735365853658534
B_improved,5,500000,False,000430:2023-05-10,000430,2023-05-11,2023-05-18,4510.0,4700.0,92.0,414920.0,433600.956,4.062860310421285
B_improved,5,500000,False,088980:2023-05-30,088980,2023-05-31,2023-06-08,13166.0,13315.0,32.0,421312.0,437736.988,0.9817028710314462
B_improved,5,500000,False,126640:2023-06-07,126640,2023-06-08,2023-06-15,2090.0,1951.0,209.0,436810.0,408030.773,-6.800717703349288
B_improved,5,500000,False,204320:2023-06-15,204320,2023-06-16,2023-06-23,49400.0,50900.0,8.0,395200.0,419437.973,2.8864372469635655
B_improved,5,500000,False,026890:2023-06-26,026890,2023-06-27,2023-07-04,6860.0,6880.0,61.0,418460.0,420030.283,0.14154518950437261
B_improved,5,500000,False,001740:2023-07-12,001740,2023-07-13,2023-07-20,5450.0,5810.0,77.0,419650.0,447120.808,6.4555045871559695
B_improved,5,500000,False,001740:2023-07-19,001740,2023-07-20,2023-07-27,5810.0,5930.0,76.0,441560.0,455578.468,1.9154044750430235
B_improved,5,500000,False,326030:2023-08-01,326030,2023-08-02,2023-08-09,90000.0,92200.0,5.0,450000.0,465903.468,2.2944444444444443
B_improved,5,500000,False,001740:2023-08-09,001740,2023-08-10,2023-08-18,6500.0,6320.0,71.0,461500.0,452431.218,-2.919230769230769
B_improved,5,500000,False,026890:2023-08-21,026890,2023-08-22,2023-08-29,7260.0,7740.0,62.0,450120.0,481516.038,6.461570247933886
B_improved,5,500000,False,026890:2023-08-29,026890,2023-08-30,2023-09-06,7850.0,7370.0,61.0,478850.0,451517.763,-6.264649681528667
B_improved,5,500000,False,003570:2023-09-06,003570,2023-09-07,2023-09-14,11400.0,11920.0,39.0,444600.0,471130.86299999995,4.411403508771924
B_improved,5,500000,False,016360:2023-09-13,016360,2023-09-14,2023-09-21,38300.0,38300.0,12.0,459600.0,470441.46299999993,-0.15000000000000505
B_improved,5,500000,False,105630:2023-10-31,105630,2023-11-01,2023-11-08,23000.0,22750.0,20.0,460000.0,464751.46299999993,-1.2369565217391303
B_improved,5,500000,False,105630:2023-11-09,105630,2023-11-10,2023-11-17,23700.0,23650.0,19.0,450300.0,463126.0129999999,-0.3609704641350237
B_improved,5,500000,False,279600:2023-12-11,279600,2023-12-12,2023-12-19,16221.0,16137.0,28.0,454188.0,460092.7309999999,-0.6678472350656571
B_improved,5,500000,False,279600:2023-12-19,279600,2023-12-20,2023-12-28,17190.0,22201.0,26.0,446940.0,589708.3209999999,29.000668993600925
B_improved,5,500000,False,326030:2024-01-02,326030,2024-01-03,2024-01-10,103300.0,97300.0,5.0,516500.0,558933.5709999999,-5.958325266214908
B_improved,5,500000,False,089850:2024-01-11,089850,2024-01-12,2024-01-19,8708.0,8504.0,64.0,557312.0,545041.6029999999,-2.4926734037666503
B_improved,5,500000,False,003830:2024-01-29,003830,2024-01-30,2024-02-06,114600.0,120900.0,4.0,458400.0,569554.0029999999,5.347382198952885
B_improved,5,500000,False,163560:2024-02-05,163560,2024-02-06,2024-02-15,6650.0,6670.0,85.0,565250.0,570406.1279999999,0.1507518796992481
B_improved,5,500000,False,006800:2024-02-16,006800,2024-02-19,2024-02-26,8911.0,8911.0,64.0,570304.0,569550.6719999999,-0.15000000000000097
B_improved,5,500000,False,001130:2024-02-23,001130,2024-02-26,2024-03-05,14220.0,13800.0,40.0,568800.0,551897.472,-3.103586497890287
B_improved,5,500000,False,088980:2024-03-06,088980,2024-03-07,2024-03-14,12927.0,12877.0,42.0,542934.0,548983.071,-0.5367873443180855
B_improved,5,500000,False,015860:2024-03-18,015860,2024-03-19,2024-03-26,4520.0,4350.0,121.0,546920.0,527592.691,-3.911061946902656
B_improved,5,500000,False,015360:2024-03-25,015360,2024-03-26,2024-04-02,8280.0,7700.0,63.0,521640.0,490270.23099999997,-7.154830917874399
B_improved,5,500000,False,014830:2024-04-03,014830,2024-04-04,2024-04-12,85400.0,86300.0,5.0,427000.0,494129.73099999997,0.903864168618267
B_improved,5,500000,False,026890:2024-04-16,026890,2024-04-17,2024-04-24,8490.0,8850.0,58.0,492420.0,514271.10099999997,4.090282685512366
B_improved,5,500000,False,026890:2024-04-23,026890,2024-04-24,2024-05-02,8850.0,8770.0,58.0,513300.0,508861.15099999995,-1.0539548022598892
B_improved,5,500000,False,015360:2024-05-08,015360,2024-05-09,2024-05-17,8300.0,8490.0,61.0,506300.0,519691.70099999994,2.1391566265060216
B_improved,5,500000,False,001130:2024-05-16,001130,2024-05-17,2024-05-24,14100.0,14030.0,36.0,507600.0,516410.3009999999,-0.6464539007092245
B_improved,5,500000,False,094280:2024-05-23,094280,2024-05-24,2024-05-31,13470.0,13300.0,38.0,511860.0,509182.51099999994,-1.4120638455827723
B_improved,5,500000,False,051630:2024-06-07,051630,2024-06-10,2024-06-17,3366.0,3283.0,151.0,508266.0,495887.11199999996,-2.6158348187759906
B_improved,5,500000,False,003570:2024-06-20,003570,2024-06-21,2024-06-28,20450.0,21900.0,24.0,490800.0,529950.912,6.94046454767727
B_improved,5,500000,False,270870:2024-06-27,270870,2024-06-28,2024-07-05,10910.0,9600.0,48.0,523680.0,466285.392,-12.157332722273148
B_improved,5,500000,False,011780:2024-07-11,011780,2024-07-12,2024-07-19,164200.0,155100.0,2.0,328400.0,447592.792,-5.692021924482331
B_improved,5,500000,False,053350:2024-08-02,053350,2024-08-05,2024-08-12,3975.0,3505.0,112.0,445200.0,394284.992,-11.97389937106918
B_improved,5,500000,False,000080:2024-08-19,000080,2024-08-20,2024-08-27,22250.0,21450.0,17.0,378250.0,380117.617,-3.745505617977528
B_improved,5,500000,False,064850:2024-08-26,064850,2024-08-27,2024-09-03,8680.0,11290.0,43.0,373240.0,491787.75700000004,29.91912442396314
B_improved,5,500000,False,081580:2024-09-24,081580,2024-09-25,2024-10-04,4345.0,4595.0,113.0,490985.0,519301.27950000006,5.6037399309551255
B_improved,5,500000,False,326030:2024-10-11,326030,2024-10-14,2024-10-21,120000.0,124000.0,4.0,480000.0,534581.2795000001,3.183333333333333
B_improved,5,500000,False,015360:2024-10-18,015360,2024-10-21,2024-10-28,9590.0,10200.0,55.0,527450.0,567340.1045,6.210792492179345
B_improved,5,500000,False,006800:2024-10-25,006800,2024-10-28,2024-11-04,9120.0,8722.0,62.0,565440.0,541815.9445,-4.5140350877193045
B_improved,5,500000,False,127120:2024-11-12,127120,2024-11-13,2024-11-20,3965.0,3780.0,136.0,539240.0,515847.0845,-4.815825977301384
B_improved,5,500000,False,016090:2024-11-20,016090,2024-11-21,2024-11-28,2185.0,2170.0,236.0,515660.0,511533.5945,-0.8364988558352385
B_improved,5,500000,False,127120:2024-11-27,127120,2024-11-28,2024-12-05,4100.0,4290.0,124.0,508400.0,534330.9945,4.484146341463419
B_improved,5,500000,False,016090:2024-12-11,016090,2024-12-12,2024-12-19,2225.0,2330.0,240.0,534000.0,558729.9945,4.569101123595506
B_improved,5,500000,False,015360:2024-12-18,015360,2024-12-19,2024-12-27,11060.0,10760.0,50.0,553000.0,542900.4945,-2.8624773960217
B_improved,5,500000,False,015360:2024-12-26,015360,2024-12-27,2025-01-07,10760.0,9880.0,50.0,538000.0,498093.49450000003,-8.328438661710038
B_improved,5,500000,False,319400:2025-01-06,319400,2025-01-07,2025-01-14,3660.0,3985.0,136.0,497760.0,541546.8545,8.729781420765024
B_improved,5,500000,False,204320:2025-01-14,204320,2025-01-15,2025-01-22,45000.0,45150.0,12.0,540000.0,542536.8545,0.18333333333333332
B_improved,5,500000,False,136480:2025-01-21,136480,2025-01-22,2025-02-04,2910.0,2880.0,186.0,541260.0,536144.9645,-1.1809278350515489
B_improved,5,500000,False,136480:2025-02-04,136480,2025-02-05,2025-02-12,2955.0,2905.0,181.0,534855.0,526292.682,-1.84204737732656
B_improved,5,500000,False,204320:2025-02-13,204320,2025-02-14,2025-02-21,46650.0,45100.0,11.0,513150.0,508472.95700000005,-3.472615219721324
B_improved,5,500000,False,053350:2025-02-27,053350,2025-02-28,2025-03-10,4615.0,5390.0,110.0,507650.0,592961.4820000001,16.64306608884074
B_improved,5,500000,False,011230:2025-03-19,011230,2025-03-20,2025-03-27,3730.0,4500.0,158.0,589340.0,713737.4720000001,20.49343163538874
B_improved,5,500000,False,036620:2025-03-26,036620,2025-03-27,2025-04-03,3875.0,3810.0,184.0,713000.0,700707.9720000001,-1.8274193548387097
B_improved,5,500000,False,310200:2025-04-02,310200,2025-04-03,2025-04-10,3250.0,3040.0,215.0,698750.0,654509.8470000001,-6.611538461538462
B_improved,5,500000,False,127120:2025-04-09,127120,2025-04-10,2025-04-17,8020.0,9730.0,81.0,649620.0,792045.417,21.171695760598496
B_improved,5,500000,False,128540:2025-04-16,128540,2025-04-17,2025-04-24,1832.0,1854.0,432.0,791424.0,800362.281,1.0508733624454076
B_improved,5,500000,False,014830:2025-04-23,014830,2025-04-24,2025-05-02,89700.0,87600.0,8.0,717600.0,782485.8809999999,-2.4911371237458226
B_improved,5,500000,False,088980:2025-05-02,088980,2025-05-07,2025-05-14,11600.0,11540.0,67.0,777200.0,777300.0809999999,-0.6672413793103509
B_improved,5,500000,False,114090:2025-05-13,114090,2025-05-14,2025-05-21,12740.0,13550.0,61.0,777140.0,825544.3709999999,6.20792778649922
B_improved,5,500000,False,003570:2025-05-20,003570,2025-05-21,2025-05-28,39000.0,41150.0,21.0,819000.0,869465.8709999999,5.362820512820512
B_improved,5,500000,False,001130:2025-05-29,001130,2025-05-30,2025-06-10,14100.0,15360.0,61.0,860100.0,945035.7209999999,8.786170212765954
B_improved,5,500000,False,000850:2025-06-09,000850,2025-06-10,2025-06-17,33000.0,32900.0,28.0,924000.0,940849.7209999999,-0.453030303030303
B_improved,5,500000,False,003080:2025-06-16,003080,2025-06-17,2025-06-24,2755.0,2820.0,341.0,939455.0,961605.5384999999,2.20934664246824
B_improved,5,500000,False,415380:2025-06-23,415380,2025-06-24,2025-07-01,3229.0,3243.0,297.0,959013.0,964325.0189999999,0.28357076494270117
B_improved,5,500000,False,015860:2025-06-30,015860,2025-07-01,2025-07-08,5620.0,5780.0,171.0,961020.0,990243.4889999998,2.6969750889679687
B_improved,5,500000,False,000080:2025-07-07,000080,2025-07-08,2025-07-15,21800.0,21900.0,45.0,981000.0,993271.9889999998,0.30871559633027523
B_improved,5,500000,False,028670:2025-07-14,028670,2025-07-15,2025-07-22,4155.0,4175.0,239.0,993045.0,996562.4214999998,0.3313477737665459
B_improved,5,500000,False,415380:2025-08-11,415380,2025-08-12,2025-08-20,3211.0,3250.0,310.0,995410.0,1007159.3064999998,1.064574898785426
B_improved,5,500000,False,415380:2025-08-19,415380,2025-08-20,2025-08-27,3250.0,3656.0,309.0,1004250.0,1131106.9315,12.342307692307692
B_improved,5,500000,False,003570:2025-08-26,003570,2025-08-27,2025-09-03,64000.0,64500.0,17.0,1088000.0,1137974.9315,0.6312500000000001
B_improved,5,500000,False,170920:2025-09-08,170920,2025-09-09,2025-09-16,12990.0,16350.0,87.0,1130130.0,1428599.7364999999,25.716050808314083
B_improved,5,500000,False,265520:2025-09-18,265520,2025-09-19,2025-09-26,19480.0,18870.0,73.0,1422040.0,1381936.6764999998,-3.281416837782345
B_improved,5,500000,False,265520:2025-10-10,265520,2025-10-13,2025-10-20,20350.0,19980.0,67.0,1363450.0,1355101.5014999998,-1.9681818181818218
B_improved,5,500000,False,011170:2025-10-17,011170,2025-10-20,2025-10-27,72000.0,77500.0,18.0,1296000.0,1452157.5014999998,7.488888888888889
B_improved,5,500000,False,015860:2025-10-24,015860,2025-10-27,2025-11-03,6590.0,7080.0,220.0,1449800.0,1557782.8014999998,7.285508345978759
B_improved,5,500000,False,326030:2025-11-04,326030,2025-11-05,2025-11-12,123500.0,123000.0,12.0,1482000.0,1549559.8014999998,-0.5548582995951417
B_improved,5,500000,False,016360:2025-11-12,016360,2025-11-13,2025-11-20,82800.0,79500.0,18.0,1490400.0,1487924.2014999997,-4.135507246376817
B_improved,5,500000,False,138360:2025-11-25,138360,2025-11-26,2025-12-03,1079.0,1249.0,1378.0,1486862.0,1719953.9084999997,15.605329008341052
B_improved,5,500000,False,051630:2025-12-05,051630,2025-12-08,2025-12-15,2915.0,3000.0,590.0,1719850.0,1767524.1334999998,2.7659519725557513
B_improved,5,500000,False,015360:2025-12-12,015360,2025-12-15,2025-12-22,13940.0,13600.0,126.0,1756440.0,1722049.4734999998,-2.589024390243898
B_improved,5,500000,False,011780:2025-12-19,011780,2025-12-22,2025-12-30,126400.0,121000.0,13.0,1643200.0,1649384.6734999998,-4.42215189873418
A_baseline,5,1000000,False,114090:2023-01-02,114090,2023-01-03,2023-01-10,18750.0,19050.0,53.0,993750.0,1014409.375,1.4500000000000002
A_baseline,5,1000000,False,004100:2023-01-09,004100,2023-01-10,2023-01-17,1585.0,1630.0,640.0,1014400.0,1041687.775,2.6891167192429046
A_baseline,5,1000000,False,011170:2023-01-16,011170,2023-01-17,2023-01-26,184000.0,184400.0,5.0,920000.0,1042307.775,0.06739130434782609
A_baseline,5,1000000,False,003830:2023-01-25,003830,2023-01-26,2023-02-02,130100.0,133800.0,8.0,1040800.0,1070346.5750000002,2.693966179861649
A_baseline,5,1000000,False,006800:2023-02-01,006800,2023-02-02,2023-02-09,6969.0,6989.0,153.0,1066257.0,1071807.1895,0.13698522026114798
A_baseline,5,1000000,False,006800:2023-02-08,006800,2023-02-09,2023-02-16,6989.0,6989.0,153.0,1069317.0,1070203.2140000002,-0.1499999999999946
A_baseline,5,1000000,False,073640:2023-02-15,073640,2023-02-16,2023-02-23,2360.0,2295.0,453.0,1069080.0,1039154.5940000002,-2.904237288135593
A_baseline,5,1000000,False,001130:2023-02-22,001130,2023-02-23,2023-03-03,15140.0,15440.0,68.0,1029520.0,1058010.3140000002,1.831505944517831
A_baseline,5,1000000,False,000430:2023-03-02,000430,2023-03-03,2023-03-10,3435.0,3460.0,308.0,1057980.0,1064123.3440000003,0.5778020378457086
A_baseline,5,1000000,False,000430:2023-03-09,000430,2023-03-10,2023-03-17,3460.0,3400.0,307.0,1062220.0,1044110.0140000003,-1.8841040462427707
A_baseline,5,1000000,False,000850:2023-03-16,000850,2023-03-17,2023-03-24,36000.0,36000.0,29.0,1044000.0,1042544.0140000003,-0.15
A_baseline,5,1000000,False,030210:2023-03-23,030210,2023-03-24,2023-03-31,5290.0,5270.0,197.0,1042130.0,1037040.8190000004,-0.5280718336483883
A_baseline,5,1000000,False,000430:2023-03-30,000430,2023-03-31,2023-04-07,3500.0,3535.0,296.0,1036000.0,1045846.8190000004,0.8500000000000001
A_baseline,5,1000000,False,004360:2023-04-06,004360,2023-04-07,2023-04-14,45800.0,45300.0,22.0,1007600.0,1033335.4190000003,-1.2417030567685612
A_baseline,5,1000000,False,001460:2023-04-13,001460,2023-04-14,2023-04-21,49000.0,47200.0,21.0,1029000.0,993991.9190000003,-3.823469387755102
A_baseline,5,1000000,False,053350:2023-04-20,053350,2023-04-21,2023-04-28,4700.0,4160.0,211.0,991700.0,878564.3690000003,-11.639361702127664
A_baseline,5,1000000,False,011230:2023-04-27,011230,2023-04-28,2023-05-10,7328.0,8354.0,119.0,872032.0,999350.3210000003,13.851091703056776
A_baseline,5,1000000,False,067570:2023-05-09,067570,2023-05-10,2023-05-17,3954.0,3558.0,252.0,996408.0,898063.7090000004,-10.165174506828524
A_baseline,5,1000000,False,000850:2023-05-16,000850,2023-05-17,2023-05-24,38650.0,39350.0,23.0,888950.0,912830.2840000003,1.6611254851228927
A_baseline,5,1000000,False,001740:2023-05-23,001740,2023-05-24,2023-06-01,4800.0,4890.0,190.0,912000.0,928562.2840000003,1.725
A_baseline,5,1000000,False,004870:2023-05-31,004870,2023-06-01,2023-06-09,3120.0,3020.0,297.0,926640.0,897472.3240000004,-3.3551282051282008
A_baseline,5,1000000,False,008260:2023-06-08,008260,2023-06-09,2023-06-16,6720.0,6790.0,133.0,893760.0,905441.6840000004,0.891666666666665
A_baseline,5,1000000,False,085310:2023-06-15,085310,2023-06-16,2023-06-23,9720.0,9970.0,93.0,903960.0,927335.7440000004,2.422016460905356
A_baseline,5,1000000,False,319400:2023-06-22,319400,2023-06-23,2023-06-30,4690.0,4430.0,197.0,923930.0,874729.8490000004,-5.693710021321963
A_baseline,5,1000000,False,003030:2023-06-29,003030,2023-06-30,2023-07-07,204000.0,193700.0,4.0,816000.0,832305.8490000004,-5.199019607843137
A_baseline,5,1000000,False,011230:2023-07-06,011230,2023-07-07,2023-07-14,7988.0,9572.0,104.0,830752.0,995795.7210000004,19.679744616925383
A_baseline,5,1000000,False,001740:2023-07-13,001740,2023-07-14,2023-07-21,5510.0,5880.0,180.0,991800.0,1060908.0210000004,6.565063520871147
A_baseline,5,1000000,False,016360:2023-07-20,016360,2023-07-21,2023-07-28,36000.0,35450.0,29.0,1044000.0,1043392.0210000004,-1.6777777777777776
A_baseline,5,1000000,False,220100:2023-08-01,220100,2023-08-02,2023-08-09,8703.0,10042.0,119.0,1035657.0,1201179.5355000005,15.23549925313111
A_baseline,5,1000000,False,043910:2023-08-08,043910,2023-08-09,2023-08-17,12870.0,10810.0,93.0,1196910.0,1007804.1705000005,-16.156216006216006
A_baseline,5,1000000,False,089850:2023-08-17,089850,2023-08-18,2023-08-25,7471.0,8074.0,134.0,1001114.0,1087104.4995000004,7.92120867353767
A_baseline,5,1000000,False,085310:2023-08-24,085310,2023-08-25,2023-09-01,10720.0,10630.0,101.0,1082720.0,1076390.4195000003,-0.9895522388059771
A_baseline,5,1000000,False,105560:2023-08-31,105560,2023-09-01,2023-09-08,54200.0,54200.0,19.0,1029800.0,1074845.7195000004,-0.14999999999999547
A_baseline,5,1000000,False,016360:2023-09-07,016360,2023-09-08,2023-09-15,36800.0,38400.0,29.0,1067200.0,1119644.9195000003,4.197826086956518
A_baseline,5,1000000,False,246250:2023-09-14,246250,2023-09-15,2023-09-22,5000.0,4815.0,223.0,1115000.0,1076717.4195000003,-3.85
A_baseline,5,1000000,False,089850:2023-09-21,089850,2023-09-22,2023-10-05,9159.0,8085.0,117.0,1071603.0,949452.0150000004,-11.876170979364554
A_baseline,5,1000000,False,004270:2023-10-06,004270,2023-10-10,2023-10-17,18285.0,17132.0,51.0,932535.0,889250.2125000004,-6.455715066994803
A_baseline,5,1000000,False,004100:2023-10-16,004100,2023-10-17,2023-10-24,3880.0,3255.0,229.0,888520.0,744792.4325000003,-16.258247422680416
A_baseline,5,1000000,False,003570:2023-10-23,003570,2023-10-24,2023-10-31,11990.0,13600.0,62.0,743380.0,843497.3625000004,13.27785654712261
A_baseline,5,1000000,False,015360:2023-10-30,015360,2023-10-31,2023-11-07,6630.0,6770.0,127.0,842010.0,860014.3475000004,1.961613876319757
A_baseline,5,1000000,False,015360:2023-11-06,015360,2023-11-07,2023-11-14,6770.0,6950.0,127.0,859790.0,881584.6625000003,2.508788774002948
A_baseline,5,1000000,False,015360:2023-11-13,015360,2023-11-14,2023-11-21,6950.0,6990.0,126.0,875700.0,885311.1125000003,0.4255395683453184
A_baseline,5,1000000,False,215200:2023-11-24,215200,2023-11-27,2023-12-04,61400.0,59700.0,14.0,859600.0,860221.7125000003,-2.918729641693814
A_baseline,5,1000000,False,015360:2023-12-05,015360,2023-12-06,2023-12-13,7070.0,7040.0,121.0,855470.0,855308.5075000003,-0.5743281471004195
A_baseline,5,1000000,False,015360:2023-12-12,015360,2023-12-13,2023-12-20,7040.0,6960.0,121.0,851840.0,844350.7475000003,-1.2863636363636375
A_baseline,5,1000000,False,016450:2023-12-19,016450,2023-12-20,2023-12-28,5080.0,4925.0,166.0,843280.0,817355.8275000002,-3.20118110236221
A_baseline,5,1000000,False,006800:2023-12-28,006800,2024-01-02,2024-01-09,7477.0,7119.0,109.0,814993.0,777111.3380000002,-4.938016584191524
A_baseline,5,1000000,False,003530:2024-01-10,003530,2024-01-11,2024-01-18,3800.0,3485.0,204.0,775200.0,711688.5380000002,-8.439473684210533
A_baseline,5,1000000,False,003530:2024-01-18,003530,2024-01-19,2024-01-26,3615.0,3500.0,196.0,708540.0,688085.7280000001,-3.331189488243438
A_baseline,5,1000000,False,170920:2024-01-25,170920,2024-01-26,2024-02-02,17700.0,14510.0,38.0,672600.0,565856.8280000001,-18.1725988700565
A_baseline,5,1000000,False,003030:2024-02-01,003030,2024-02-02,2024-02-13,223500.0,212000.0,2.0,447000.0,542186.3280000001,-5.295413870246085
A_baseline,5,1000000,False,043650:2024-02-13,043650,2024-02-14,2024-02-21,6420.0,6480.0,84.0,539280.0,546417.408,0.7845794392523286
A_baseline,5,1000000,False,014160:2024-02-20,014160,2024-02-21,2024-02-28,1258.0,1190.0,434.0,545972.0,516086.45000000007,-5.555405405405402
A_baseline,5,1000000,False,163560:2024-02-27,163560,2024-02-28,2024-03-07,9320.0,8620.0,55.0,512600.0,476817.55000000005,-7.660729613733911
A_baseline,5,1000000,False,001460:2024-03-06,001460,2024-03-07,2024-03-14,49950.0,47500.0,9.0,449550.0,454093.22500000003,-5.054904904904908
A_baseline,5,1000000,False,006220:2024-03-13,006220,2024-03-14,2024-03-21,14300.0,12530.0,31.0,443300.0,398558.275,-12.52762237762238
A_baseline,5,1000000,False,014160:2024-03-20,014160,2024-03-21,2024-03-28,1866.0,1677.0,213.0,397458.0,357705.08800000005,-10.278617363344047
A_baseline,5,1000000,False,014830:2024-03-27,014830,2024-03-28,2024-04-04,78100.0,85400.0,4.0,312400.0,386436.48800000007,9.19699103713189
A_baseline,5,1000000,False,006360:2024-04-03,006360,2024-04-04,2024-04-12,15760.0,14580.0,24.0,378240.0,357549.1280000001,-7.637309644670047
A_baseline,5,1000000,False,003030:2024-04-11,003030,2024-04-12,2024-04-19,233500.0,216000.0,1.0,233500.0,339698.8780000001,-7.644646680942184
A_baseline,5,1000000,False,265520:2024-04-18,265520,2024-04-19,2024-04-26,32500.0,33500.0,10.0,325000.0,349211.3780000001,2.926923076923077
A_baseline,5,1000000,False,014830:2024-04-25,014830,2024-04-26,2024-05-07,93700.0,98400.0,3.0,281100.0,362889.72800000006,4.866008537886865
A_baseline,5,1000000,False,094280:2024-05-03,094280,2024-05-07,2024-05-14,12730.0,12890.0,28.0,356440.0,366835.0680000001,1.1068735271013426
A_baseline,5,1000000,False,036620:2024-05-13,036620,2024-05-14,2024-05-22,3840.0,4220.0,95.0,364800.0,402387.8680000001,9.74583333333333
A_baseline,5,1000000,False,001130:2024-05-21,001130,2024-05-22,2024-05-29,14050.0,13800.0,28.0,393400.0,394797.7680000001,-1.9293594306049762
A_baseline,5,1000000,False,051630:2024-05-28,051630,2024-05-29,2024-06-05,3206.0,3320.0,123.0,394338.0,408228.2610000001,3.4058328134747393
A_baseline,5,1000000,False,014830:2024-06-04,014830,2024-06-05,2024-06-13,111700.0,112500.0,3.0,335100.0,410125.6110000001,0.5662041181736726
A_baseline,5,1000000,False,051630:2024-06-12,051630,2024-06-13,2024-06-20,3343.0,3343.0,122.0,407846.0,409513.8420000001,-0.14999999999999292
A_baseline,5,1000000,False,011780:2024-06-19,011780,2024-06-20,2024-06-27,150200.0,146100.0,2.0,300400.0,400863.24200000014,-2.8796937416777553
A_baseline,5,1000000,False,094280:2024-06-27,094280,2024-06-28,2024-07-05,13400.0,13600.0,29.0,388600.0,406080.3420000001,1.3425373134328298
A_baseline,5,1000000,False,003570:2024-07-04,003570,2024-07-05,2024-07-12,20300.0,19880.0,20.0,406000.0,397071.3420000001,-2.2189655172413794
A_baseline,5,1000000,False,011780:2024-07-11,011780,2024-07-12,2024-07-19,164200.0,155100.0,2.0,328400.0,378378.74200000014,-5.692021924482331
A_baseline,5,1000000,False,003570:2024-07-18,003570,2024-07-19,2024-07-26,21100.0,20800.0,17.0,358700.0,372740.69200000016,-1.5718009478672954
A_baseline,5,1000000,False,053350:2024-07-25,053350,2024-07-26,2024-08-02,3705.0,3910.0,100.0,370500.0,392684.94200000016,5.38306342780027
A_baseline,5,1000000,False,003570:2024-08-01,003570,2024-08-02,2024-08-09,21200.0,23950.0,18.0,381600.0,441612.54200000013,12.82169811320754
A_baseline,5,1000000,False,006360:2024-08-08,006360,2024-08-09,2024-08-19,18860.0,19310.0,23.0,433780.0,451311.87200000015,2.236002120890778
A_baseline,5,1000000,False,000080:2024-08-19,000080,2024-08-20,2024-08-27,22250.0,21450.0,20.0,445000.0,434644.37200000015,-3.745505617977528
A_baseline,5,1000000,False,004100:2024-08-26,004100,2024-08-27,2024-09-03,3120.0,3030.0,139.0,433680.0,421483.85200000013,-3.034615384615389
A_baseline,5,1000000,False,064850:2024-09-02,064850,2024-09-03,2024-09-10,11290.0,14900.0,37.0,417730.0,554427.2570000002,31.825199291408335
A_baseline,5,1000000,False,006800:2024-09-09,006800,2024-09-10,2024-09-20,8333.0,8851.0,66.0,549978.0,587790.2900000003,6.066248649946008
A_baseline,5,1000000,False,004100:2024-09-20,004100,2024-09-23,2024-09-30,3075.0,3200.0,191.0,587325.0,610784.3025000002,3.915040650406496
A_baseline,5,1000000,False,015360:2024-09-30,015360,2024-10-02,2024-10-11,9130.0,9350.0,66.0,602580.0,624400.4325000002,2.259638554216868
A_baseline,5,1000000,False,015360:2024-10-10,015360,2024-10-11,2024-10-18,9350.0,9460.0,66.0,617100.0,630734.7825000002,1.0264705882352902
A_baseline,5,1000000,False,015360:2024-10-18,015360,2024-10-21,2024-10-28,9590.0,10200.0,65.0,623350.0,669449.7575000002,6.210792492179349
A_baseline,5,1000000,False,004100:2024-10-25,004100,2024-10-28,2024-11-04,3225.0,3410.0,207.0,667575.0,706743.3950000001,5.586434108527125
A_baseline,5,1000000,False,001740:2024-11-01,001740,2024-11-04,2024-11-11,5260.0,4975.0,134.0,704840.0,667496.1350000001,-5.568250950570343
A_baseline,5,1000000,False,003570:2024-11-08,003570,2024-11-11,2024-11-18,26300.0,24700.0,25.0,657500.0,626509.8850000001,-6.233650190114068
A_baseline,5,1000000,False,016090:2024-11-15,016090,2024-11-18,2024-11-25,2135.0,2180.0,293.0,625555.0,638756.5525000001,1.957728337236531
A_baseline,5,1000000,False,127120:2024-11-25,127120,2024-11-26,2024-12-03,3710.0,4130.0,172.0,638120.0,710039.3725,11.170754716981124
A_baseline,5,1000000,False,003830:2024-12-02,003830,2024-12-03,2024-12-10,117200.0,113800.0,6.0,703200.0,688584.5725,-3.0510238907849896
A_baseline,5,1000000,False,015020:2024-12-09,015020,2024-12-10,2024-12-18,4390.0,3070.0,156.0,684840.0,481637.3125,-30.21833712984055
A_baseline,5,1000000,False,015360:2024-12-17,015360,2024-12-18,2024-12-26,10640.0,10960.0,45.0,478800.0,495319.1125,2.857518796992479
A_baseline,5,1000000,False,015360:2024-12-26,015360,2024-12-27,2025-01-07,10760.0,9880.0,46.0,494960.0,454096.6725,-8.328438661710038
A_baseline,5,1000000,False,058860:2025-01-06,058860,2025-01-07,2025-01-14,2720.0,2660.0,166.0,451520.0,443459.39249999996,-2.3558823529411828
A_baseline,5,1000000,False,025980:2025-01-13,025980,2025-01-14,2025-01-21,5570.0,5650.0,79.0,440030.0,449119.3475,1.2862657091561975
A_baseline,5,1000000,False,003030:2025-01-20,003030,2025-01-21,2025-02-03,218500.0,205500.0,2.0,437000.0,422463.8475,-6.099656750572082
A_baseline,5,1000000,False,016090:2025-01-31,016090,2025-02-03,2025-02-10,2305.0,2280.0,183.0,421815.0,417256.125,-1.2345986984815558
A_baseline,5,1000000,False,016090:2025-02-07,016090,2025-02-10,2025-02-17,2280.0,2150.0,183.0,417240.0,392840.265,-5.851754385964909
A_baseline,5,1000000,False,025980:2025-02-14,025980,2025-02-17,2025-02-24,6090.0,6020.0,64.0,389760.0,387775.625,-1.2994252873563255
A_baseline,5,1000000,False,015360:2025-02-21,015360,2025-02-24,2025-03-04,10760.0,9780.0,36.0,387360.0,351914.585,-9.257806691449808
A_baseline,5,1000000,False,136480:2025-02-28,136480,2025-03-04,2025-03-11,2925.0,3140.0,120.0,351000.0,377188.085,7.200427350427351
A_baseline,5,1000000,False,014830:2025-03-10,014830,2025-03-11,2025-03-18,81000.0,78300.0,4.0,324000.0,365902.085,-3.4833333333333334
A_baseline,5,1000000,False,006040:2025-03-17,006040,2025-03-18,2025-03-25,36400.0,37800.0,10.0,364000.0,379356.085,3.6961538461538463
A_baseline,5,1000000,False,030210:2025-03-25,030210,2025-03-26,2025-04-02,3340.0,3060.0,113.0,377420.0,347149.955,-8.533233532934133
A_baseline,5,1000000,False,015020:2025-04-01,015020,2025-04-02,2025-04-09,3998.0,4150.0,86.0,343828.0,359706.213,3.6519009504752296
A_baseline,5,1000000,False,096870:2025-04-08,096870,2025-04-09,2025-04-16,2650.0,2700.0,135.0,357750.0,365919.588,1.7367924528301888
A_baseline,5,1000000,False,002700:2025-04-15,002700,2025-04-16,2025-04-23,1515.0,1555.0,241.0,365115.0,375011.9155,2.490264026402644
A_baseline,5,1000000,False,002700:2025-04-22,002700,2025-04-23,2025-04-30,1555.0,1525.0,241.0,374755.0,367219.783,-2.0792604501607737
A_baseline,5,1000000,False,006800:2025-04-29,006800,2025-04-30,2025-05-12,10833.0,11938.0,33.0,357489.0,403148.5495,10.050313855810955
A_baseline,5,1000000,False,000850:2025-05-09,000850,2025-05-12,2025-05-19,29200.0,29400.0,13.0,379600.0,405179.1495,0.5349315068493089
A_baseline,5,1000000,False,003570:2025-05-16,003570,2025-05-19,2025-05-26,34850.0,39700.0,11.0,383350.0,457954.1245,13.76678622668579
A_baseline,5,1000000,False,000850:2025-05-23,000850,2025-05-26,2025-06-02,29800.0,31500.0,15.0,447000.0,482783.6245,5.554697986577181
A_baseline,5,1000000,False,001130:2025-05-30,001130,2025-06-02,2025-06-11,14260.0,15400.0,33.0,470580.0,519697.7545,7.844389901823283
A_baseline,5,1000000,False,088980:2025-06-10,088980,2025-06-11,2025-06-18,11830.0,11750.0,43.0,508690.0,515494.7195,-0.8262468300929788
A_baseline,5,1000000,False,000080:2025-06-17,000080,2025-06-18,2025-06-25,19990.0,20450.0,25.0,499750.0,526245.0945,2.1511505752876436
A_baseline,5,1000000,False,001130:2025-06-24,001130,2025-06-25,2025-07-02,14960.0,15400.0,35.0,523600.0,540859.6945,2.791176470588231
A_baseline,5,1000000,False,000080:2025-07-01,000080,2025-07-02,2025-07-09,20850.0,21550.0,25.0,521250.0,557577.8195,3.207314148681055
A_baseline,5,1000000,False,000850:2025-07-08,000850,2025-07-09,2025-07-16,33400.0,34300.0,16.0,534400.0,571176.2195,2.5446107784431184
A_baseline,5,1000000,False,000850:2025-07-15,000850,2025-07-16,2025-07-23,34300.0,33100.0,16.0,548800.0,551153.0195,-3.6485422740524696
A_baseline,5,1000000,False,015360:2025-07-22,015360,2025-07-23,2025-07-30,12540.0,11920.0,43.0,539220.0,523684.18950000004,-5.094178628389158
A_baseline,5,1000000,False,003570:2025-07-29,003570,2025-07-30,2025-08-06,55000.0,58800.0,9.0,495000.0,557141.6895000001,6.759090909090909
A_baseline,5,1000000,False,064850:2025-08-05,064850,2025-08-06,2025-08-13,8420.0,8300.0,66.0,555720.0,548388.1095000001,-1.575178147268401
A_baseline,5,1000000,False,015360:2025-08-12,015360,2025-08-13,2025-08-21,12760.0,12800.0,42.0,535920.0,549264.2295000001,0.16347962382445055
A_baseline,5,1000000,False,001740:2025-08-20,001740,2025-08-21,2025-08-28,4530.0,4420.0,121.0,548130.0,535132.0345000002,-2.578256070640167
A_baseline,5,1000000,False,014680:2025-08-27,014680,2025-08-28,2025-09-04,173900.0,162500.0,3.0,521700.0,500149.4845000002,-6.705491661874638
A_baseline,5,1000000,False,319400:2025-09-03,319400,2025-09-04,2025-09-11,6530.0,8520.0,76.0,496280.0,650645.0645000001,30.324732006125565
A_baseline,5,1000000,False,003570:2025-09-15,003570,2025-09-16,2025-09-23,64200.0,72400.0,10.0,642000.0,731682.0645000001,12.622585669781932
A_baseline,5,1000000,False,168360:2025-09-22,168360,2025-09-23,2025-09-30,21300.0,21600.0,34.0,724200.0,740795.7645,1.2584507042253457
A_baseline,5,1000000,False,006800:2025-09-29,006800,2025-09-30,2025-10-14,21954.0,21407.0,33.0,724482.0,721658.0415,-2.641573289605539
A_baseline,5,1000000,False,001740:2025-10-14,001740,2025-10-15,2025-10-22,4755.0,4610.0,151.0,718005.0,698686.0340000001,-3.199421661409036
A_baseline,5,1000000,False,085310:2025-10-21,085310,2025-10-22,2025-10-29,17220.0,14900.0,40.0,688800.0,604852.8340000001,-13.622706155632978
A_baseline,5,1000000,False,019170:2025-10-28,019170,2025-10-29,2025-11-05,15720.0,14890.0,38.0,597360.0,572416.7940000001,-5.429898218829523
A_baseline,5,1000000,False,011170:2025-11-04,011170,2025-11-05,2025-11-12,72200.0,73900.0,7.0,505400.0,583558.6940000001,2.204570637119118
A_baseline,5,1000000,False,011170:2025-11-11,011170,2025-11-12,2025-11-19,73900.0,82000.0,7.0,517300.0,639482.7440000002,10.810757780784854
A_baseline,5,1000000,False,016360:2025-11-20,016360,2025-11-21,2025-11-28,78500.0,80100.0,8.0,628000.0,651340.7440000002,1.8882165605095542
A_baseline,5,1000000,False,003080:2025-11-27,003080,2025-11-28,2025-12-05,2885.0,2940.0,225.0,649125.0,662742.0565000002,1.7564124783362218
A_baseline,5,1000000,False,051630:2025-12-05,051630,2025-12-08,2025-12-15,2915.0,3000.0,227.0,661705.0,681044.4990000002,2.765951972555747
A_baseline,5,1000000,False,015360:2025-12-12,015360,2025-12-15,2025-12-22,13940.0,13600.0,48.0,669120.0,663720.8190000001,-2.58902439024391
A_baseline,5,1000000,False,001740:2025-12-19,001740,2025-12-22,2025-12-30,4665.0,4480.0,142.0,662430.0,636457.1740000001,-4.115702036441589
A_baseline,5,1000000,False,048770:2025-12-29,048770,2025-12-30,2026-01-08,3365.0,3200.0,189.0,635985.0,604318.1965000001,-5.053417533432398
B_improved,5,1000000,False,105560:2023-01-10,105560,2023-01-11,2023-01-18,57700.0,58900.0,17.0,980900.0,1018928.65,1.9297227036395173
B_improved,5,1000000,False,004100:2023-01-17,004100,2023-01-18,2023-01-27,1710.0,1634.0,595.0,1017450.0,972182.475,-4.5944444444444485
B_improved,5,1000000,False,003830:2023-01-26,003830,2023-01-27,2023-02-03,135000.0,133400.0,7.0,945000.0,959564.975,-1.3351851851851853
B_improved,5,1000000,False,002700:2023-02-02,002700,2023-02-03,2023-02-10,2100.0,2110.0,456.0,957600.0,962688.575,0.32619047619047375
B_improved,5,1000000,False,094280:2023-02-09,094280,2023-02-10,2023-02-17,15010.0,14300.0,64.0,960640.0,915807.615,-4.880179880079942
B_improved,5,1000000,False,006800:2023-02-16,006800,2023-02-17,2023-02-24,7298.0,7079.0,125.0,912250.0,887064.24,-3.1508221430528915
B_improved,5,1000000,False,000850:2023-02-23,000850,2023-02-24,2023-03-06,33650.0,35500.0,26.0,874900.0,933851.89,5.347771173848442
B_improved,5,1000000,False,001130:2023-03-07,001130,2023-03-08,2023-03-15,15570.0,14330.0,59.0,918630.0,859313.9450000001,-8.114033397559403
B_improved,5,1000000,False,000850:2023-03-17,000850,2023-03-20,2023-03-27,37600.0,37350.0,22.0,827200.0,852573.145,-0.8148936170212822
B_improved,5,1000000,False,265520:2023-03-28,265520,2023-03-29,2023-04-05,23000.0,22650.0,37.0,851000.0,838346.645,-1.6717391304347826
B_improved,5,1000000,False,004100:2023-04-04,004100,2023-04-05,2023-04-12,1810.0,1836.0,463.0,838030.0,849127.6,1.2864640883977851
B_improved,5,1000000,False,126640:2023-04-11,126640,2023-04-12,2023-04-19,1765.0,1792.0,481.0,848965.0,860841.1525,1.3797450424929167
B_improved,5,1000000,False,344820:2023-04-19,344820,2023-04-20,2023-04-27,44850.0,44200.0,19.0,852150.0,847212.9275,-1.5992753623188378
B_improved,5,1000000,False,064850:2023-04-26,064850,2023-04-27,2023-05-08,8200.0,8070.0,103.0,844600.0,832556.0275,-1.7353658536585395
B_improved,5,1000000,False,000430:2023-05-10,000430,2023-05-11,2023-05-18,4510.0,4700.0,184.0,829840.0,866271.2675,4.062860310421285
B_improved,5,1000000,False,088980:2023-05-30,088980,2023-05-31,2023-06-08,13166.0,13315.0,65.0,855790.0,874672.5824999999,0.981702871031438
B_improved,5,1000000,False,126640:2023-06-07,126640,2023-06-08,2023-06-15,2090.0,1951.0,418.0,873620.0,815260.1524999999,-6.800717703349288
B_improved,5,1000000,False,204320:2023-06-15,204320,2023-06-16,2023-06-23,49400.0,50900.0,16.0,790400.0,838074.5524999999,2.8864372469635655
B_improved,5,1000000,False,026890:2023-06-26,026890,2023-06-27,2023-07-04,6860.0,6880.0,122.0,836920.0,839259.1724999999,0.14154518950437261
B_improved,5,1000000,False,001740:2023-07-12,001740,2023-07-13,2023-07-20,5450.0,5810.0,153.0,833850.0,893088.3974999998,6.455504587155961
B_improved,5,1000000,False,001740:2023-07-19,001740,2023-07-20,2023-07-27,5810.0,5930.0,153.0,888930.0,910115.0024999998,1.9154044750430272
B_improved,5,1000000,False,326030:2023-08-01,326030,2023-08-02,2023-08-09,90000.0,92200.0,10.0,900000.0,930765.0024999998,2.2944444444444443
B_improved,5,1000000,False,001740:2023-08-09,001740,2023-08-10,2023-08-18,6500.0,6320.0,143.0,929500.0,903630.7524999998,-2.919230769230769
B_improved,5,1000000,False,026890:2023-08-21,026890,2023-08-22,2023-08-29,7260.0,7740.0,124.0,900240.0,961800.3924999998,6.461570247933886
B_improved,5,1000000,False,026890:2023-08-29,026890,2023-08-30,2023-09-06,7850.0,7370.0,122.0,957700.0,901803.8424999998,-6.264649681528667
B_improved,5,1000000,False,003570:2023-09-06,003570,2023-09-07,2023-09-14,11400.0,11920.0,79.0,900600.0,941532.9424999998,4.411403508771928
B_improved,5,1000000,False,016360:2023-09-13,016360,2023-09-14,2023-09-21,38300.0,38300.0,24.0,919200.0,940154.1424999997,-0.15000000000000505
B_improved,5,1000000,False,105630:2023-10-31,105630,2023-11-01,2023-11-08,23000.0,22750.0,40.0,920000.0,928774.1424999997,-1.2369565217391303
B_improved,5,1000000,False,105630:2023-11-09,105630,2023-11-10,2023-11-17,23700.0,23650.0,39.0,924300.0,925437.6924999998,-0.36097046413501604
B_improved,5,1000000,False,279600:2023-12-11,279600,2023-12-12,2023-12-19,16221.0,16137.0,57.0,924597.0,919262.7969999998,-0.6678472350656539
B_improved,5,1000000,False,279600:2023-12-19,279600,2023-12-20,2023-12-28,17190.0,22201.0,53.0,911070.0,1183479.1919999998,29.000668993600932
B_improved,5,1000000,False,326030:2024-01-02,326030,2024-01-03,2024-01-10,103300.0,97300.0,11.0,1136300.0,1115774.7419999999,-5.958325266214904
B_improved,5,1000000,False,089850:2024-01-11,089850,2024-01-12,2024-01-19,8708.0,8504.0,128.0,1114624.0,1087990.8059999999,-2.4926734037666503
B_improved,5,1000000,False,003830:2024-01-29,003830,2024-01-30,2024-02-06,114600.0,120900.0,9.0,1031400.0,1143143.7059999998,5.347382198952871
B_improved,5,1000000,False,163560:2024-02-05,163560,2024-02-06,2024-02-15,6650.0,6670.0,171.0,1137150.0,1144857.9809999997,0.15075187969923995
B_improved,5,1000000,False,006800:2024-02-16,006800,2024-02-19,2024-02-26,8911.0,8911.0,128.0,1140608.0,1143147.0689999997,-0.15000000000000097
B_improved,5,1000000,False,001130:2024-02-23,001130,2024-02-26,2024-03-05,14220.0,13800.0,80.0,1137600.0,1107840.6689999998,-3.103586497890287
B_improved,5,1000000,False,088980:2024-03-06,088980,2024-03-07,2024-03-14,12927.0,12877.0,85.0,1098795.0,1101942.4764999999,-0.5367873443180837
B_improved,5,1000000,False,015860:2024-03-18,015860,2024-03-19,2024-03-26,4520.0,4350.0,243.0,1098360.0,1058984.9364999998,-3.911061946902658
B_improved,5,1000000,False,015360:2024-03-25,015360,2024-03-26,2024-04-02,8280.0,7700.0,127.0,1051560.0,983747.5964999999,-7.154830917874393
B_improved,5,1000000,False,014830:2024-04-03,014830,2024-04-04,2024-04-12,85400.0,86300.0,11.0,939400.0,992238.4964999999,0.9038641686182693
B_improved,5,1000000,False,026890:2024-04-16,026890,2024-04-17,2024-04-24,8490.0,8850.0,116.0,984840.0,1032521.2364999999,4.090282685512366
B_improved,5,1000000,False,026890:2024-04-23,026890,2024-04-24,2024-05-02,8850.0,8770.0,116.0,1026600.0,1021701.3364999999,-1.0539548022598892
B_improved,5,1000000,False,015360:2024-05-08,015360,2024-05-09,2024-05-17,8300.0,8490.0,123.0,1020900.0,1043539.9864999999,2.1391566265060264
B_improved,5,1000000,False,001130:2024-05-16,001130,2024-05-17,2024-05-24,14100.0,14030.0,74.0,1043400.0,1036794.8864999999,-0.6464539007092176
B_improved,5,1000000,False,094280:2024-05-23,094280,2024-05-24,2024-05-31,13470.0,13300.0,76.0,1023720.0,1022339.3065,-1.4120638455827723
B_improved,5,1000000,False,051630:2024-06-07,051630,2024-06-10,2024-06-17,3366.0,3283.0,303.0,1019898.0,995660.4595,-2.61583481877599
B_improved,5,1000000,False,003570:2024-06-20,003570,2024-06-21,2024-06-28,20450.0,21900.0,48.0,981600.0,1063788.0595,6.94046454767727
B_improved,5,1000000,False,270870:2024-06-27,270870,2024-06-28,2024-07-05,10910.0,9600.0,97.0,1058270.0,935130.6545,-12.157332722273146
B_improved,5,1000000,False,011780:2024-07-11,011780,2024-07-12,2024-07-19,164200.0,155100.0,5.0,821000.0,888399.1545,-5.692021924482338
B_improved,5,1000000,False,053350:2024-08-02,053350,2024-08-05,2024-08-12,3975.0,3505.0,223.0,886425.0,782259.517,-11.973899371069177
B_improved,5,1000000,False,000080:2024-08-19,000080,2024-08-20,2024-08-27,22250.0,21450.0,35.0,778750.0,753091.392,-3.745505617977528
B_improved,5,1000000,False,064850:2024-08-26,064850,2024-08-27,2024-09-03,8680.0,11290.0,86.0,746480.0,976431.672,29.91912442396314
B_improved,5,1000000,False,081580:2024-09-24,081580,2024-09-25,2024-10-04,4345.0,4595.0,224.0,973280.0,1030971.752,5.603739930955117
B_improved,5,1000000,False,326030:2024-10-11,326030,2024-10-14,2024-10-21,120000.0,124000.0,8.0,960000.0,1061531.7519999999,3.183333333333333
B_improved,5,1000000,False,015360:2024-10-18,015360,2024-10-21,2024-10-28,9590.0,10200.0,110.0,1054900.0,1127049.4019999998,6.210792492179345
B_improved,5,1000000,False,006800:2024-10-25,006800,2024-10-28,2024-11-04,9120.0,8722.0,123.0,1121760.0,1076412.7619999999,-4.514035087719289
B_improved,5,1000000,False,127120:2024-11-12,127120,2024-11-13,2024-11-20,3965.0,3780.0,271.0,1074515.0,1024665.9894999999,-4.815825977301383
B_improved,5,1000000,False,016090:2024-11-20,016090,2024-11-21,2024-11-28,2185.0,2170.0,468.0,1022580.0,1016112.1194999999,-0.8364988558352398
B_improved,5,1000000,False,127120:2024-11-27,127120,2024-11-28,2024-12-05,4100.0,4290.0,247.0,1012700.0,1061523.0694999998,4.48414634146341
B_improved,5,1000000,False,016090:2024-12-11,016090,2024-12-12,2024-12-19,2225.0,2330.0,477.0,1061325.0,1110016.0819999997,4.569101123595501
B_improved,5,1000000,False,015360:2024-12-18,015360,2024-12-19,2024-12-27,11060.0,10760.0,100.0,1106000.0,1078357.0819999997,-2.8624773960217
B_improved,5,1000000,False,015360:2024-12-26,015360,2024-12-27,2025-01-07,10760.0,9880.0,100.0,1076000.0,988743.0819999997,-8.328438661710038
B_improved,5,1000000,False,319400:2025-01-06,319400,2025-01-07,2025-01-14,3660.0,3985.0,270.0,988200.0,1075010.7819999997,8.729781420765024
B_improved,5,1000000,False,204320:2025-01-14,204320,2025-01-15,2025-01-22,45000.0,45150.0,23.0,1035000.0,1076908.2819999997,0.18333333333333332
B_improved,5,1000000,False,136480:2025-01-21,136480,2025-01-22,2025-02-04,2910.0,2880.0,370.0,1076700.0,1064193.2319999996,-1.1809278350515506
B_improved,5,1000000,False,136480:2025-02-04,136480,2025-02-05,2025-02-12,2955.0,2905.0,360.0,1063800.0,1044597.5319999997,-1.8420473773265607
B_improved,5,1000000,False,204320:2025-02-13,204320,2025-02-14,2025-02-21,46650.0,45100.0,22.0,1026300.0,1008958.0819999997,-3.472615219721324
B_improved,5,1000000,False,053350:2025-02-27,053350,2025-02-28,2025-03-10,4615.0,5390.0,218.0,1006070.0,1176398.9769999997,16.643066088840737
B_improved,5,1000000,False,011230:2025-03-19,011230,2025-03-20,2025-03-27,3730.0,4500.0,315.0,1174950.0,1417186.5519999997,20.49343163538874
B_improved,5,1000000,False,036620:2025-03-26,036620,2025-03-27,2025-04-03,3875.0,3810.0,365.0,1414375.0,1391339.9894999997,-1.8274193548387097
B_improved,5,1000000,False,310200:2025-04-02,310200,2025-04-03,2025-04-10,3250.0,3040.0,428.0,1391000.0,1299373.4894999997,-6.611538461538462
B_improved,5,1000000,False,127120:2025-04-09,127120,2025-04-10,2025-04-17,8020.0,9730.0,162.0,1299240.0,1574444.6294999996,21.171695760598496
B_improved,5,1000000,False,128540:2025-04-16,128540,2025-04-17,2025-04-24,1832.0,1854.0,859.0,1573688.0,1590982.0974999997,1.0508733624454218
B_improved,5,1000000,False,014830:2025-04-23,014830,2025-04-24,2025-05-02,89700.0,87600.0,17.0,1524900.0,1552994.7474999996,-2.4911371237458257
B_improved,5,1000000,False,088980:2025-05-02,088980,2025-05-07,2025-05-14,11600.0,11540.0,133.0,1542800.0,1542700.5474999996,-0.6672413793103418
B_improved,5,1000000,False,114090:2025-05-13,114090,2025-05-14,2025-05-21,12740.0,13550.0,121.0,1541540.0,1638398.2374999996,6.207927786499211
B_improved,5,1000000,False,003570:2025-05-20,003570,2025-05-21,2025-05-28,39000.0,41150.0,42.0,1638000.0,1726241.2374999996,5.362820512820512
B_improved,5,1000000,False,001130:2025-05-29,001130,2025-05-30,2025-06-10,14100.0,15360.0,122.0,1720200.0,1877380.9374999995,8.786170212765954
B_improved,5,1000000,False,000850:2025-06-09,000850,2025-06-10,2025-06-17,33000.0,32900.0,56.0,1848000.0,1869008.9374999995,-0.453030303030303
B_improved,5,1000000,False,003080:2025-06-16,003080,2025-06-17,2025-06-24,2755.0,2820.0,678.0,1867890.0,1910277.1024999996,2.2093466424682418
B_improved,5,1000000,False,415380:2025-06-23,415380,2025-06-24,2025-07-01,3229.0,3243.0,591.0,1908339.0,1915688.5939999996,0.28357076494270694
B_improved,5,1000000,False,015860:2025-06-30,015860,2025-07-01,2025-07-08,5620.0,5780.0,340.0,1910800.0,1967222.3939999996,2.696975088967974
B_improved,5,1000000,False,000080:2025-07-07,000080,2025-07-08,2025-07-15,21800.0,21900.0,90.0,1962000.0,1973279.3939999996,0.30871559633027523
B_improved,5,1000000,False,028670:2025-07-14,028670,2025-07-15,2025-07-22,4155.0,4175.0,474.0,1969470.0,1979805.1889999995,0.3313477737665425
B_improved,5,1000000,False,415380:2025-08-11,415380,2025-08-12,2025-08-20,3211.0,3250.0,616.0,1977976.0,2000862.2249999996,1.064574898785429
B_improved,5,1000000,False,415380:2025-08-19,415380,2025-08-20,2025-08-27,3250.0,3656.0,615.0,1998750.0,2247554.0999999996,12.342307692307692
B_improved,5,1000000,False,003570:2025-08-26,003570,2025-08-27,2025-09-03,64000.0,64500.0,35.0,2240000.0,2261694.0999999996,0.6312500000000001
B_improved,5,1000000,False,170920:2025-09-08,170920,2025-09-09,2025-09-16,12990.0,16350.0,174.0,2260260.0,2842943.7099999995,25.716050808314083
B_improved,5,1000000,False,265520:2025-09-18,265520,2025-09-19,2025-09-26,19480.0,18870.0,145.0,2824600.0,2750256.8099999996,-3.2814168377823374
B_improved,5,1000000,False,265520:2025-10-10,265520,2025-10-13,2025-10-20,20350.0,19980.0,135.0,2747250.0,2696185.9349999996,-1.9681818181818183
B_improved,5,1000000,False,011170:2025-10-17,011170,2025-10-20,2025-10-27,72000.0,77500.0,37.0,2664000.0,2895689.9349999996,7.488888888888889
B_improved,5,1000000,False,015860:2025-10-24,015860,2025-10-27,2025-11-03,6590.0,7080.0,439.0,2893010.0,3106460.4199999995,7.2855083459787515
B_improved,5,1000000,False,326030:2025-11-04,326030,2025-11-05,2025-11-12,123500.0,123000.0,25.0,3087500.0,3089329.1699999995,-0.5548582995951417
B_improved,5,1000000,False,016360:2025-11-12,016360,2025-11-13,2025-11-20,82800.0,79500.0,37.0,3063600.0,2962633.7699999996,-4.135507246376808
B_improved,5,1000000,False,138360:2025-11-25,138360,2025-11-26,2025-12-03,1079.0,1249.0,2745.0,2961855.0,3424840.9874999993,15.605329008341048
B_improved,5,1000000,False,051630:2025-12-05,051630,2025-12-08,2025-12-15,2915.0,3000.0,1174.0,3422210.0,3519497.6724999994,2.7659519725557478
B_improved,5,1000000,False,015360:2025-12-12,015360,2025-12-15,2025-12-22,13940.0,13600.0,252.0,3512880.0,3428548.3524999996,-2.589024390243898
B_improved,5,1000000,False,011780:2025-12-19,011780,2025-12-22,2025-12-30,126400.0,121000.0,27.0,3412800.0,3277629.1524999994,-4.422151898734183
A_baseline,5,3000000,False,114090:2023-01-02,114090,2023-01-03,2023-01-10,18750.0,19050.0,160.0,3000000.0,3043500.0,1.4500000000000002
A_baseline,5,3000000,False,004100:2023-01-09,004100,2023-01-10,2023-01-17,1585.0,1630.0,1920.0,3043200.0,3125335.2,2.689116719242908
A_baseline,5,3000000,False,011170:2023-01-16,011170,2023-01-17,2023-01-26,184000.0,184400.0,16.0,2944000.0,3127319.2,0.06739130434782609
A_baseline,5,3000000,False,003830:2023-01-25,003830,2023-01-26,2023-02-02,130100.0,133800.0,24.0,3122400.0,3211435.6,2.693966179861642
A_baseline,5,3000000,False,006800:2023-02-01,006800,2023-02-02,2023-02-09,6969.0,6989.0,460.0,3205740.0,3215826.99,0.13698522026116064
A_baseline,5,3000000,False,006800:2023-02-08,006800,2023-02-09,2023-02-16,6989.0,6989.0,460.0,3214940.0,3211004.58,-0.15000000000000463
A_baseline,5,3000000,False,073640:2023-02-15,073640,2023-02-16,2023-02-23,2360.0,2295.0,1360.0,3209600.0,3117790.18,-2.9042372881355902
A_baseline,5,3000000,False,001130:2023-02-22,001130,2023-02-23,2023-03-03,15140.0,15440.0,205.0,3103700.0,3174634.6300000004,1.8315059445178397
A_baseline,5,3000000,False,000430:2023-03-02,000430,2023-03-03,2023-03-10,3435.0,3460.0,924.0,3173940.0,3192973.72,0.5778020378457013
A_baseline,5,3000000,False,000430:2023-03-09,000430,2023-03-10,2023-03-17,3460.0,3400.0,922.0,3190120.0,3132868.54,-1.8841040462427798
A_baseline,5,3000000,False,000850:2023-03-16,000850,2023-03-17,2023-03-24,36000.0,36000.0,87.0,3132000.0,3128170.54,-0.15
A_baseline,5,3000000,False,030210:2023-03-23,030210,2023-03-24,2023-03-31,5290.0,5270.0,591.0,3126390.0,3111660.955,-0.5280718336483919
A_baseline,5,3000000,False,000430:2023-03-30,000430,2023-03-31,2023-04-07,3500.0,3535.0,889.0,3111500.0,3138108.705,0.8500000000000001
A_baseline,5,3000000,False,004360:2023-04-06,004360,2023-04-07,2023-04-14,45800.0,45300.0,68.0,3114400.0,3099437.105,-1.241703056768562
A_baseline,5,3000000,False,001460:2023-04-13,001460,2023-04-14,2023-04-21,49000.0,47200.0,63.0,3087000.0,2981406.605,-3.823469387755102
A_baseline,5,3000000,False,053350:2023-04-20,053350,2023-04-21,2023-04-28,4700.0,4160.0,634.0,2979800.0,2634576.905,-11.639361702127665
A_baseline,5,3000000,False,011230:2023-04-27,011230,2023-04-28,2023-05-10,7328.0,8354.0,359.0,2630752.0,2998964.777,13.851091703056767
A_baseline,5,3000000,False,067570:2023-05-09,067570,2023-05-10,2023-05-17,3954.0,3558.0,758.0,2997132.0,2694301.079,-10.165174506828524
A_baseline,5,3000000,False,000850:2023-05-16,000850,2023-05-17,2023-05-24,38650.0,39350.0,69.0,2666850.0,2738600.804,1.6611254851229014
A_baseline,5,3000000,False,001740:2023-05-23,001740,2023-05-24,2023-06-01,4800.0,4890.0,570.0,2736000.0,2785796.804,1.725
A_baseline,5,3000000,False,004870:2023-05-31,004870,2023-06-01,2023-06-09,3120.0,3020.0,892.0,2783040.0,2692422.244,-3.355128205128207
A_baseline,5,3000000,False,008260:2023-06-08,008260,2023-06-09,2023-06-16,6720.0,6790.0,400.0,2688000.0,2716390.244,0.8916666666666666
A_baseline,5,3000000,False,085310:2023-06-15,085310,2023-06-16,2023-06-23,9720.0,9970.0,279.0,2711880.0,2782072.424,2.422016460905356
A_baseline,5,3000000,False,319400:2023-06-22,319400,2023-06-23,2023-06-30,4690.0,4430.0,593.0,2781170.0,2623720.669,-5.693710021321958
A_baseline,5,3000000,False,003030:2023-06-29,003030,2023-06-30,2023-07-07,204000.0,193700.0,12.0,2448000.0,2496448.669,-5.199019607843137
A_baseline,5,3000000,False,011230:2023-07-06,011230,2023-07-07,2023-07-14,7988.0,9572.0,312.0,2492256.0,2986918.285,19.679744616925383
A_baseline,5,3000000,False,001740:2023-07-13,001740,2023-07-14,2023-07-21,5510.0,5880.0,542.0,2986420.0,3182978.6550000003,6.565063520871147
A_baseline,5,3000000,False,016360:2023-07-20,016360,2023-07-21,2023-07-28,36000.0,35450.0,88.0,3168000.0,3129826.6550000003,-1.6777777777777776
A_baseline,5,3000000,False,220100:2023-08-01,220100,2023-08-02,2023-08-09,8703.0,10042.0,359.0,3124377.0,3605841.0895000002,15.235499253131104
A_baseline,5,3000000,False,043910:2023-08-08,043910,2023-08-09,2023-08-17,12870.0,10810.0,280.0,3603600.0,3023635.6895000003,-16.156216006216003
A_baseline,5,3000000,False,089850:2023-08-17,089850,2023-08-18,2023-08-25,7471.0,8074.0,404.0,3018284.0,3262720.2635000004,7.92120867353768
A_baseline,5,3000000,False,085310:2023-08-24,085310,2023-08-25,2023-09-01,10720.0,10630.0,304.0,3258880.0,3230471.9435000005,-0.9895522388059651
A_baseline,5,3000000,False,105560:2023-08-31,105560,2023-09-01,2023-09-08,54200.0,54200.0,59.0,3197800.0,3225675.2435000003,-0.15000000000000582
A_baseline,5,3000000,False,016360:2023-09-07,016360,2023-09-08,2023-09-15,36800.0,38400.0,87.0,3201600.0,3360072.8435000004,4.197826086956525
A_baseline,5,3000000,False,246250:2023-09-14,246250,2023-09-15,2023-09-22,5000.0,4815.0,672.0,3360000.0,3230712.8435000004,-3.85
A_baseline,5,3000000,False,089850:2023-09-21,089850,2023-09-22,2023-10-05,9159.0,8085.0,352.0,3223968.0,2847828.8915000004,-11.876170979364561
A_baseline,5,3000000,False,004270:2023-10-06,004270,2023-10-10,2023-10-17,18285.0,17132.0,155.0,2834175.0,2664862.629,-6.45571506699481
A_baseline,5,3000000,False,004100:2023-10-16,004100,2023-10-17,2023-10-24,3880.0,3255.0,686.0,2661680.0,2232120.109,-16.258247422680412
A_baseline,5,3000000,False,003570:2023-10-23,003570,2023-10-24,2023-10-31,11990.0,13600.0,186.0,2230140.0,2528234.899,13.277856547122605
A_baseline,5,3000000,False,015360:2023-10-30,015360,2023-10-31,2023-11-07,6630.0,6770.0,381.0,2526030.0,2577785.8540000003,1.9616138763197617
A_baseline,5,3000000,False,015360:2023-11-06,015360,2023-11-07,2023-11-14,6770.0,6950.0,380.0,2572600.0,2642326.9540000004,2.5087887740029577
A_baseline,5,3000000,False,015360:2023-11-13,015360,2023-11-14,2023-11-21,6950.0,6990.0,380.0,2641000.0,2653565.4540000004,0.4255395683453237
A_baseline,5,3000000,False,215200:2023-11-24,215200,2023-11-27,2023-12-04,61400.0,59700.0,43.0,2640200.0,2576505.1540000006,-2.9187296416938042
A_baseline,5,3000000,False,015360:2023-12-05,015360,2023-12-06,2023-12-13,7070.0,7040.0,364.0,2573480.0,2561724.9340000004,-0.5743281471004322
A_baseline,5,3000000,False,015360:2023-12-12,015360,2023-12-13,2023-12-20,7040.0,6960.0,363.0,2555520.0,2528851.6540000006,-1.2863636363636284
A_baseline,5,3000000,False,016450:2023-12-19,016450,2023-12-20,2023-12-28,5080.0,4925.0,497.0,2524760.0,2448029.5140000004,-3.20118110236221
A_baseline,5,3000000,False,006800:2023-12-28,006800,2024-01-02,2024-01-09,7477.0,7119.0,327.0,2444979.0,2327296.0455000005,-4.9380165841915185
A_baseline,5,3000000,False,003530:2024-01-10,003530,2024-01-11,2024-01-18,3800.0,3485.0,612.0,2325600.0,2131027.6455000006,-8.439473684210522
A_baseline,5,3000000,False,003530:2024-01-18,003530,2024-01-19,2024-01-26,3615.0,3500.0,589.0,2129235.0,2060098.7930000005,-3.331189488243432
A_baseline,5,3000000,False,170920:2024-01-25,170920,2024-01-26,2024-02-02,17700.0,14510.0,116.0,2053200.0,1686978.9930000005,-18.1725988700565
A_baseline,5,3000000,False,003030:2024-02-01,003030,2024-02-02,2024-02-13,223500.0,212000.0,7.0,1564500.0,1604132.2430000005,-5.295413870246085
A_baseline,5,3000000,False,043650:2024-02-13,043650,2024-02-14,2024-02-21,6420.0,6480.0,249.0,1598580.0,1616674.3730000004,0.7845794392523295
A_baseline,5,3000000,False,014160:2024-02-20,014160,2024-02-21,2024-02-28,1258.0,1190.0,1285.0,1616530.0,1526869.5780000004,-5.555405405405401
A_baseline,5,3000000,False,163560:2024-02-27,163560,2024-02-28,2024-03-07,9320.0,8620.0,163.0,1519160.0,1410490.8380000005,-7.6607296137339045
A_baseline,5,3000000,False,001460:2024-03-06,001460,2024-03-07,2024-03-14,49950.0,47500.0,28.0,1398600.0,1339792.9380000005,-5.054904904904898
A_baseline,5,3000000,False,006220:2024-03-13,006220,2024-03-14,2024-03-21,14300.0,12530.0,93.0,1329900.0,1173188.0880000005,-12.527622377622386
A_baseline,5,3000000,False,014160:2024-03-20,014160,2024-03-21,2024-03-28,1866.0,1677.0,628.0,1171848.0,1052738.3160000003,-10.278617363344061
A_baseline,5,3000000,False,014830:2024-03-27,014830,2024-03-28,2024-04-04,78100.0,85400.0,13.0,1015300.0,1146115.3660000004,9.196991037131887
A_baseline,5,3000000,False,006360:2024-04-03,006360,2024-04-04,2024-04-12,15760.0,14580.0,72.0,1134720.0,1059453.2860000003,-7.637309644670047
A_baseline,5,3000000,False,003030:2024-04-11,003030,2024-04-12,2024-04-19,233500.0,216000.0,4.0,934000.0,988052.2860000003,-7.644646680942184
A_baseline,5,3000000,False,265520:2024-04-18,265520,2024-04-19,2024-04-26,32500.0,33500.0,30.0,975000.0,1016589.7860000003,2.926923076923077
A_baseline,5,3000000,False,014830:2024-04-25,014830,2024-04-26,2024-05-07,93700.0,98400.0,10.0,937000.0,1062184.2860000003,4.866008537886873
A_baseline,5,3000000,False,094280:2024-05-03,094280,2024-05-07,2024-05-14,12730.0,12890.0,83.0,1056590.0,1073879.4010000003,1.1068735271013346
A_baseline,5,3000000,False,036620:2024-05-13,036620,2024-05-14,2024-05-22,3840.0,4220.0,279.0,1071360.0,1178292.3610000003,9.74583333333333
A_baseline,5,3000000,False,001130:2024-05-21,001130,2024-05-22,2024-05-29,14050.0,13800.0,83.0,1166150.0,1155793.1360000002,-1.9293594306049902
A_baseline,5,3000000,False,051630:2024-05-28,051630,2024-05-29,2024-06-05,3206.0,3320.0,360.0,1154160.0,1195101.8960000002,3.4058328134747358
A_baseline,5,3000000,False,014830:2024-06-04,014830,2024-06-05,2024-06-13,111700.0,112500.0,10.0,1117000.0,1201426.3960000002,0.5662041181736795
A_baseline,5,3000000,False,051630:2024-06-12,051630,2024-06-13,2024-06-20,3343.0,3343.0,359.0,1200137.0,1199626.1905000003,-0.14999999999999364
A_baseline,5,3000000,False,011780:2024-06-19,011780,2024-06-20,2024-06-27,150200.0,146100.0,7.0,1051400.0,1169349.0905000004,-2.8796937416777606
A_baseline,5,3000000,False,010130:2024-06-26,010130,2024-06-27,2024-07-04,517000.0,524000.0,2.0,1034000.0,1181798.0905000004,1.203965183752418
A_baseline,5,3000000,False,003570:2024-07-04,003570,2024-07-05,2024-07-12,20300.0,19880.0,58.0,1177400.0,1155671.9905000003,-2.218965517241387
A_baseline,5,3000000,False,011780:2024-07-11,011780,2024-07-12,2024-07-19,164200.0,155100.0,7.0,1149400.0,1090247.8905000002,-5.692021924482347
A_baseline,5,3000000,False,003570:2024-07-18,003570,2024-07-19,2024-07-26,21100.0,20800.0,51.0,1076100.0,1073333.7405000003,-1.5718009478672899
A_baseline,5,3000000,False,053350:2024-07-25,053350,2024-07-26,2024-08-02,3705.0,3910.0,289.0,1070745.0,1130972.6230000004,5.383063427800276
A_baseline,5,3000000,False,003570:2024-08-01,003570,2024-08-02,2024-08-09,21200.0,23950.0,53.0,1123600.0,1275037.2230000005,12.821698113207555
A_baseline,5,3000000,False,006360:2024-08-08,006360,2024-08-09,2024-08-19,18860.0,19310.0,67.0,1263620.0,1303291.7930000005,2.236002120890779
A_baseline,5,3000000,False,000080:2024-08-19,000080,2024-08-20,2024-08-27,22250.0,21450.0,58.0,1290500.0,1254956.0430000005,-3.745505617977528
A_baseline,5,3000000,False,004100:2024-08-26,004100,2024-08-27,2024-09-03,3120.0,3030.0,402.0,1254240.0,1216894.6830000004,-3.034615384615393
A_baseline,5,3000000,False,064850:2024-09-02,064850,2024-09-03,2024-09-10,11290.0,14900.0,107.0,1208030.0,1601352.6380000005,31.825199291408335
A_baseline,5,3000000,False,006800:2024-09-09,006800,2024-09-10,2024-09-20,8333.0,8851.0,192.0,1599936.0,1698408.7340000004,6.066248649945992
A_baseline,5,3000000,False,010130:2024-09-19,010130,2024-09-20,2024-09-27,720000.0,718000.0,2.0,1440000.0,1692248.7340000004,-0.4277777777777778
A_baseline,5,3000000,False,006800:2024-09-26,006800,2024-09-27,2024-10-08,8662.0,8572.0,195.0,1689090.0,1672165.0990000004,-1.189021011313785
A_baseline,5,3000000,False,081580:2024-10-07,081580,2024-10-08,2024-10-16,5070.0,4750.0,329.0,1668030.0,1564383.0540000005,-6.461637080867845
A_baseline,5,3000000,False,015360:2024-10-15,015360,2024-10-16,2024-10-23,9400.0,10040.0,166.0,1560400.0,1668282.4540000004,6.658510638297867
A_baseline,5,3000000,False,004870:2024-10-22,004870,2024-10-23,2024-10-30,2782.0,3291.0,599.0,1666418.0,1970673.8270000003,18.14618979151689
A_baseline,5,3000000,False,001740:2024-10-29,001740,2024-10-30,2024-11-06,5210.0,5160.0,378.0,1969380.0,1948819.7570000002,-1.1096928982725562
A_baseline,5,3000000,False,016360:2024-11-05,016360,2024-11-06,2024-11-13,46650.0,45200.0,41.0,1912650.0,1886500.7820000001,-3.258252947481248
A_baseline,5,3000000,False,127120:2024-11-12,127120,2024-11-13,2024-11-20,3965.0,3780.0,475.0,1883375.0,1795800.7195000001,-4.815825977301387
A_baseline,5,3000000,False,000080:2024-11-19,000080,2024-11-20,2024-11-27,20750.0,20700.0,86.0,1784500.0,1788823.9695000001,-0.39096385542168677
A_baseline,5,3000000,False,016090:2024-11-26,016090,2024-11-27,2024-12-04,2145.0,2125.0,833.0,1786785.0,1769483.7920000001,-1.0824009324009318
A_baseline,5,3000000,False,003530:2024-12-03,003530,2024-12-04,2024-12-11,3745.0,3650.0,472.0,1767640.0,1721992.3320000002,-2.6867156208277683
A_baseline,5,3000000,False,006040:2024-12-10,006040,2024-12-11,2024-12-18,32507.0,35553.0,52.0,1690364.0,1877848.786,9.220289476112832
A_baseline,5,3000000,False,015360:2024-12-17,015360,2024-12-18,2024-12-26,10640.0,10960.0,176.0,1872640.0,1931359.8260000001,2.8575187969924833
A_baseline,5,3000000,False,015360:2024-12-26,015360,2024-12-27,2025-01-07,10760.0,9880.0,179.0,1926040.0,1770950.766,-8.32843866171004
A_baseline,5,3000000,False,058860:2025-01-06,058860,2025-01-07,2025-01-14,2720.0,2660.0,651.0,1770720.0,1729234.686,-2.3558823529411805
A_baseline,5,3000000,False,025980:2025-01-13,025980,2025-01-14,2025-01-21,5570.0,5650.0,310.0,1726700.0,1751444.636,1.2862657091561913
A_baseline,5,3000000,False,003030:2025-01-20,003030,2025-01-21,2025-02-03,218500.0,205500.0,8.0,1748000.0,1644822.636,-6.099656750572082
A_baseline,5,3000000,False,016090:2025-01-31,016090,2025-02-03,2025-02-10,2305.0,2280.0,713.0,1643465.0,1624532.4385,-1.2345986984815625
A_baseline,5,3000000,False,016090:2025-02-07,016090,2025-02-10,2025-02-17,2280.0,2150.0,712.0,1623360.0,1529537.3985,-5.851754385964915
A_baseline,5,3000000,False,025980:2025-02-14,025980,2025-02-17,2025-02-24,6090.0,6020.0,251.0,1528590.0,1509674.5135,-1.2994252873563226
A_baseline,5,3000000,False,015360:2025-02-21,015360,2025-02-24,2025-03-04,10760.0,9780.0,140.0,1506400.0,1370214.9134999998,-9.25780669144982
A_baseline,5,3000000,False,136480:2025-02-28,136480,2025-03-04,2025-03-11,2925.0,3140.0,468.0,1368900.0,1468781.5634999997,7.2004273504273435
A_baseline,5,3000000,False,014830:2025-03-10,014830,2025-03-11,2025-03-18,81000.0,78300.0,18.0,1458000.0,1417994.5634999997,-3.4833333333333334
A_baseline,5,3000000,False,006040:2025-03-17,006040,2025-03-18,2025-03-25,36400.0,37800.0,38.0,1383200.0,1469119.7634999997,3.696153846153843
A_baseline,5,3000000,False,030210:2025-03-25,030210,2025-03-26,2025-04-02,3340.0,3060.0,439.0,1466260.0,1344000.3734999998,-8.533233532934124
A_baseline,5,3000000,False,015020:2025-04-01,015020,2025-04-02,2025-04-09,3998.0,4150.0,336.0,1343328.0,1393057.3814999997,3.6519009504752313
A_baseline,5,3000000,False,096870:2025-04-08,096870,2025-04-09,2025-04-16,2650.0,2700.0,525.0,1391250.0,1417220.5064999997,1.7367924528301888
A_baseline,5,3000000,False,002700:2025-04-15,002700,2025-04-16,2025-04-23,1515.0,1555.0,935.0,1416525.0,1452495.7189999996,2.4902640264026337
A_baseline,5,3000000,False,002700:2025-04-22,002700,2025-04-23,2025-04-30,1555.0,1525.0,934.0,1452370.0,1422297.1639999996,-2.079260450160767
A_baseline,5,3000000,False,006800:2025-04-29,006800,2025-04-30,2025-05-12,10833.0,11938.0,131.0,1419123.0,1564923.4794999997,10.05031385581095
A_baseline,5,3000000,False,000850:2025-05-09,000850,2025-05-12,2025-05-19,29200.0,29400.0,53.0,1547600.0,1573202.0794999998,0.534931506849321
A_baseline,5,3000000,False,003570:2025-05-16,003570,2025-05-19,2025-05-26,34850.0,39700.0,45.0,1568250.0,1789099.7044999998,13.766786226685795
A_baseline,5,3000000,False,000850:2025-05-23,000850,2025-05-26,2025-06-02,29800.0,31500.0,60.0,1788000.0,1888417.7044999998,5.554697986577181
A_baseline,5,3000000,False,001130:2025-05-30,001130,2025-06-02,2025-06-11,14260.0,15400.0,132.0,1882320.0,2036074.2244999998,7.844389901823283
A_baseline,5,3000000,False,088980:2025-06-10,088980,2025-06-11,2025-06-18,11830.0,11750.0,172.0,2034760.0,2019262.0844999999,-0.8262468300929788
A_baseline,5,3000000,False,000080:2025-06-17,000080,2025-06-18,2025-06-25,19990.0,20450.0,101.0,2018990.0,2062693.5994999998,2.1511505752876388
A_baseline,5,3000000,False,001130:2025-06-24,001130,2025-06-25,2025-07-02,14960.0,15400.0,137.0,2049520.0,2119899.3195,2.7911764705882454
A_baseline,5,3000000,False,000080:2025-07-01,000080,2025-07-02,2025-07-09,20850.0,21550.0,101.0,2105850.0,2187440.5445000003,3.2073141486810597
A_baseline,5,3000000,False,000850:2025-07-08,000850,2025-07-09,2025-07-16,33400.0,34300.0,65.0,2171000.0,2242684.0445000003,2.5446107784431136
A_baseline,5,3000000,False,000850:2025-07-15,000850,2025-07-16,2025-07-23,34300.0,33100.0,65.0,2229500.0,2161339.7945000003,-3.6485422740524784
A_baseline,5,3000000,False,015360:2025-07-22,015360,2025-07-23,2025-07-30,12540.0,11920.0,172.0,2156880.0,2051464.4745000002,-5.094178628389158
A_baseline,5,3000000,False,003570:2025-07-29,003570,2025-07-30,2025-08-06,55000.0,58800.0,37.0,2035000.0,2189011.9745000005,6.759090909090909
A_baseline,5,3000000,False,064850:2025-08-05,064850,2025-08-06,2025-08-13,8420.0,8300.0,259.0,2180780.0,2154660.8045000006,-1.5751781472684052
A_baseline,5,3000000,False,015360:2025-08-12,015360,2025-08-13,2025-08-21,12760.0,12800.0,168.0,2143680.0,2158165.2845000005,0.16347962382445055
A_baseline,5,3000000,False,001740:2025-08-20,001740,2025-08-21,2025-08-28,4530.0,4420.0,476.0,2156280.0,2102570.8645000006,-2.5782560706401734
A_baseline,5,3000000,False,014680:2025-08-27,014680,2025-08-28,2025-09-04,173900.0,162500.0,12.0,2086800.0,1962640.6645000007,-6.705491661874638
A_baseline,5,3000000,False,319400:2025-09-03,319400,2025-09-04,2025-09-11,6530.0,8520.0,300.0,1959000.0,2556702.164500001,30.324732006125576
A_baseline,5,3000000,False,010130:2025-09-11,010130,2025-09-12,2025-09-19,925000.0,973000.0,2.0,1850000.0,2649927.164500001,5.039189189189189
A_baseline,5,3000000,False,011170:2025-09-18,011170,2025-09-19,2025-09-26,67300.0,64100.0,39.0,2624700.0,2521190.114500001,-4.904829123328374
A_baseline,5,3000000,False,064850:2025-09-25,064850,2025-09-26,2025-10-10,8610.0,8650.0,292.0,2514120.0,2529098.934500001,0.3145760743321652
A_baseline,5,3000000,False,006800:2025-10-02,006800,2025-10-10,2025-10-17,22203.0,21705.0,113.0,2508939.0,2469061.526000001,-2.392940143223885
A_baseline,5,3000000,False,006800:2025-10-16,006800,2025-10-17,2025-10-24,21705.0,23647.0,113.0,2452665.0,2684828.528500001,8.797247178069567
A_baseline,5,3000000,False,014680:2025-10-24,014680,2025-10-27,2025-11-03,215000.0,232500.0,12.0,2580000.0,2890958.528500001,7.989534883720931
A_baseline,5,3000000,False,064850:2025-10-31,064850,2025-11-03,2025-11-10,8970.0,8530.0,322.0,2888340.0,2744946.018500001,-5.055239687848376
A_baseline,5,3000000,False,309960:2025-11-07,309960,2025-11-10,2025-11-17,5580.0,5310.0,491.0,2739780.0,2608266.3485000012,-4.988709677419352
A_baseline,5,3000000,False,014680:2025-11-14,014680,2025-11-17,2025-11-24,222000.0,211500.0,11.0,2442000.0,2489103.3485000012,-4.879729729729729
A_baseline,5,3000000,False,064850:2025-11-21,064850,2025-11-24,2025-12-01,8700.0,8690.0,286.0,2488200.0,2482511.0485000014,-0.2649425287356247
A_baseline,5,3000000,False,056080:2025-11-28,056080,2025-12-01,2025-12-08,12700.0,12560.0,195.0,2476500.0,2451496.2985000014,-1.2523622047244094
A_baseline,5,3000000,False,051630:2025-12-05,051630,2025-12-08,2025-12-15,2915.0,3000.0,840.0,2448600.0,2519223.3985000015,2.76595197255575
A_baseline,5,3000000,False,015360:2025-12-12,015360,2025-12-15,2025-12-22,13940.0,13600.0,180.0,2509200.0,2454259.5985000017,-2.589024390243895
A_baseline,5,3000000,False,001740:2025-12-19,001740,2025-12-22,2025-12-30,4665.0,4480.0,526.0,2453790.0,2353268.9135000017,-4.115702036441589
A_baseline,5,3000000,False,048770:2025-12-29,048770,2025-12-30,2026-01-08,3365.0,3200.0,699.0,2352135.0,2234405.7110000015,-5.053417533432398
B_improved,5,3000000,False,105560:2023-01-10,105560,2023-01-11,2023-01-18,57700.0,58900.0,51.0,2942700.0,3056785.95,1.929722703639521
B_improved,5,3000000,False,004100:2023-01-17,004100,2023-01-18,2023-01-27,1710.0,1634.0,1787.0,3055770.0,2916390.2950000004,-4.594444444444438
B_improved,5,3000000,False,003830:2023-01-26,003830,2023-01-27,2023-02-03,135000.0,133400.0,21.0,2835000.0,2878537.7950000004,-1.3351851851851853
B_improved,5,3000000,False,002700:2023-02-02,002700,2023-02-03,2023-02-10,2100.0,2110.0,1370.0,2877000.0,2887922.2950000004,0.3261904761904762
B_improved,5,3000000,False,094280:2023-02-09,094280,2023-02-10,2023-02-17,15010.0,14300.0,192.0,2881920.0,2747279.4150000005,-4.880179880079942
B_improved,5,3000000,False,006800:2023-02-16,006800,2023-02-17,2023-02-24,7298.0,7079.0,376.0,2744048.0,2660819.3430000003,-3.150822143052897
B_improved,5,3000000,False,000850:2023-02-23,000850,2023-02-24,2023-03-06,33650.0,35500.0,79.0,2658350.0,2802981.8180000004,5.347771173848443
B_improved,5,3000000,False,001130:2023-03-07,001130,2023-03-08,2023-03-15,15570.0,14330.0,180.0,2802600.0,2575577.9180000005,-8.114033397559407
B_improved,5,3000000,False,000850:2023-03-17,000850,2023-03-20,2023-03-27,37600.0,37350.0,68.0,2556800.0,2554742.7180000003,-0.8148936170212839
B_improved,5,3000000,False,265520:2023-03-28,265520,2023-03-29,2023-04-05,23000.0,22650.0,111.0,2553000.0,2512063.2180000003,-1.6717391304347826
B_improved,5,3000000,False,004100:2023-04-04,004100,2023-04-05,2023-04-12,1810.0,1836.0,1387.0,2510470.0,2544359.5130000003,1.286464088397787
B_improved,5,3000000,False,126640:2023-04-11,126640,2023-04-12,2023-04-19,1765.0,1792.0,1441.0,2543365.0,2579451.4655000004,1.379745042492923
B_improved,5,3000000,False,344820:2023-04-19,344820,2023-04-20,2023-04-27,44850.0,44200.0,57.0,2556450.0,2538566.7905000006,-1.5992753623188332
B_improved,5,3000000,False,064850:2023-04-26,064850,2023-04-27,2023-05-08,8200.0,8070.0,309.0,2533800.0,2494596.0905000004,-1.7353658536585441
B_improved,5,3000000,False,000430:2023-05-10,000430,2023-05-11,2023-05-18,4510.0,4700.0,553.0,2494030.0,2595925.0455000005,4.062860310421288
B_improved,5,3000000,False,088980:2023-05-30,088980,2023-05-31,2023-06-08,13166.0,13315.0,197.0,2593702.0,2621387.4925000006,0.9817028710314509
B_improved,5,3000000,False,126640:2023-06-07,126640,2023-06-08,2023-06-15,2090.0,1951.0,1254.0,2620860.0,2443150.2025000006,-6.800717703349283
B_improved,5,3000000,False,204320:2023-06-15,204320,2023-06-16,2023-06-23,49400.0,50900.0,49.0,2420600.0,2513019.3025000007,2.886437246963567
B_improved,5,3000000,False,026890:2023-06-26,026890,2023-06-27,2023-07-04,6860.0,6880.0,366.0,2510760.0,2516573.1625000006,0.14154518950436798
B_improved,5,3000000,False,001740:2023-07-12,001740,2023-07-13,2023-07-20,5450.0,5810.0,461.0,2512450.0,2678764.4875000007,6.45550458715597
B_improved,5,3000000,False,001740:2023-07-19,001740,2023-07-20,2023-07-27,5810.0,5930.0,461.0,2678410.0,2730066.8725000005,1.915404475043021
B_improved,5,3000000,False,326030:2023-08-01,326030,2023-08-02,2023-08-09,90000.0,92200.0,30.0,2700000.0,2792016.8725000005,2.2944444444444443
B_improved,5,3000000,False,001740:2023-08-09,001740,2023-08-10,2023-08-18,6500.0,6320.0,429.0,2788500.0,2710614.1225000005,-2.919230769230769
B_improved,5,3000000,False,026890:2023-08-21,026890,2023-08-22,2023-08-29,7260.0,7740.0,373.0,2707980.0,2885592.1525000003,6.461570247933877
B_improved,5,3000000,False,026890:2023-08-29,026890,2023-08-30,2023-09-06,7850.0,7370.0,367.0,2880950.0,2705110.7275000005,-6.264649681528656
B_improved,5,3000000,False,003570:2023-09-06,003570,2023-09-07,2023-09-14,11400.0,11920.0,237.0,2701800.0,2824298.0275000003,4.411403508771923
B_improved,5,3000000,False,016360:2023-09-13,016360,2023-09-14,2023-09-21,38300.0,38300.0,73.0,2795900.0,2820104.1775,-0.15000000000000333
B_improved,5,3000000,False,105630:2023-10-31,105630,2023-11-01,2023-11-08,23000.0,22750.0,122.0,2806000.0,2785395.1775,-1.2369565217391303
B_improved,5,3000000,False,105630:2023-11-09,105630,2023-11-10,2023-11-17,23700.0,23650.0,117.0,2772900.0,2775385.8275,-0.3609704641350245
B_improved,5,3000000,False,279600:2023-12-11,279600,2023-12-12,2023-12-19,16221.0,16137.0,171.0,2773791.0,2756861.1410000003,-0.6678472350656497
B_improved,5,3000000,False,279600:2023-12-19,279600,2023-12-20,2023-12-28,17190.0,22201.0,160.0,2750400.0,3554495.541,29.000668993600925
B_improved,5,3000000,False,326030:2024-01-02,326030,2024-01-03,2024-01-10,103300.0,97300.0,34.0,3512200.0,3345227.2410000004,-5.958325266214903
B_improved,5,3000000,False,089850:2024-01-11,089850,2024-01-12,2024-01-19,8708.0,8504.0,384.0,3343872.0,3261875.433,-2.492673403766657
B_improved,5,3000000,False,003830:2024-01-29,003830,2024-01-30,2024-02-06,114600.0,120900.0,28.0,3208800.0,3433462.233,5.347382198952873
B_improved,5,3000000,False,163560:2024-02-05,163560,2024-02-06,2024-02-15,6650.0,6670.0,516.0,3431400.0,3438635.133,0.15075187969924542
B_improved,5,3000000,False,006800:2024-02-16,006800,2024-02-19,2024-02-26,8911.0,8911.0,385.0,3430735.0,3433489.0305,-0.15000000000000108
B_improved,5,3000000,False,001130:2024-02-23,001130,2024-02-26,2024-03-05,14220.0,13800.0,241.0,3427020.0,3327128.5005,-3.1035864978902894
B_improved,5,3000000,False,088980:2024-03-06,088980,2024-03-07,2024-03-14,12927.0,12877.0,257.0,3322239.0,3309295.142,-0.5367873443180966
B_improved,5,3000000,False,015860:2024-03-18,015860,2024-03-19,2024-03-26,4520.0,4350.0,732.0,3308640.0,3179892.182,-3.9110619469026537
B_improved,5,3000000,False,015360:2024-03-25,015360,2024-03-26,2024-04-02,8280.0,7700.0,384.0,3179520.0,2952402.9020000002,-7.15483091787439
B_improved,5,3000000,False,014830:2024-04-03,014830,2024-04-04,2024-04-12,85400.0,86300.0,34.0,2903600.0,2978647.5020000003,0.9038641686182702
B_improved,5,3000000,False,026890:2024-04-16,026890,2024-04-17,2024-04-24,8490.0,8850.0,350.0,2971500.0,3100190.2520000003,4.090282685512368
B_improved,5,3000000,False,026890:2024-04-23,026890,2024-04-24,2024-05-02,8850.0,8770.0,350.0,3097500.0,3067544.0020000003,-1.053954802259887
B_improved,5,3000000,False,015360:2024-05-08,015360,2024-05-09,2024-05-17,8300.0,8490.0,369.0,3062700.0,3133059.9520000005,2.13915662650603
B_improved,5,3000000,False,001130:2024-05-16,001130,2024-05-17,2024-05-24,14100.0,14030.0,222.0,3130200.0,3112824.6520000007,-0.6464539007092139
B_improved,5,3000000,False,094280:2024-05-23,094280,2024-05-24,2024-05-31,13470.0,13300.0,231.0,3111570.0,3068887.2970000007,-1.4120638455827759
B_improved,5,3000000,False,051630:2024-06-07,051630,2024-06-10,2024-06-17,3366.0,3283.0,911.0,3066426.0,2988674.6580000008,-2.615834818775994
B_improved,5,3000000,False,003570:2024-06-20,003570,2024-06-21,2024-06-28,20450.0,21900.0,146.0,2985700.0,3195896.108000001,6.9404645476772675
B_improved,5,3000000,False,270870:2024-06-27,270870,2024-06-28,2024-07-05,10910.0,9600.0,292.0,3185720.0,2808597.528000001,-12.157332722273146
B_improved,5,3000000,False,011780:2024-07-11,011780,2024-07-12,2024-07-19,164200.0,155100.0,17.0,2791400.0,2649710.428000001,-5.692021924482342
B_improved,5,3000000,False,053350:2024-08-02,053350,2024-08-05,2024-08-12,3975.0,3505.0,666.0,2647350.0,2332719.403000001,-11.973899371069178
B_improved,5,3000000,False,000080:2024-08-19,000080,2024-08-20,2024-08-27,22250.0,21450.0,104.0,2314000.0,2246048.403000001,-3.745505617977528
B_improved,5,3000000,False,064850:2024-08-26,064850,2024-08-27,2024-09-03,8680.0,11290.0,258.0,2239440.0,2916069.2430000007,29.91912442396313
B_improved,5,3000000,False,081580:2024-09-24,081580,2024-09-25,2024-10-04,4345.0,4595.0,671.0,2915495.0,3079446.0005000005,5.603739930955115
B_improved,5,3000000,False,326030:2024-10-11,326030,2024-10-14,2024-10-21,120000.0,124000.0,25.0,3000000.0,3174946.0005000005,3.183333333333333
B_improved,5,3000000,False,015360:2024-10-18,015360,2024-10-21,2024-10-28,9590.0,10200.0,331.0,3174290.0,3372094.5655000005,6.210792492179352
B_improved,5,3000000,False,006800:2024-10-25,006800,2024-10-28,2024-11-04,9120.0,8722.0,369.0,3365280.0,3220184.6455000006,-4.514035087719296
B_improved,5,3000000,False,127120:2024-11-12,127120,2024-11-13,2024-11-20,3965.0,3780.0,812.0,3219580.0,3065135.2755000005,-4.81582597730139
B_improved,5,3000000,False,016090:2024-11-20,016090,2024-11-21,2024-11-28,2185.0,2170.0,1402.0,3063370.0,3039510.2205000003,-0.8364988558352459
B_improved,5,3000000,False,127120:2024-11-27,127120,2024-11-28,2024-12-05,4100.0,4290.0,741.0,3038100.0,3175743.0705000004,4.4841463414634175
B_improved,5,3000000,False,016090:2024-12-11,016090,2024-12-12,2024-12-19,2225.0,2330.0,1427.0,3175075.0,3320815.4580000006,4.5691011235955115
B_improved,5,3000000,False,015360:2024-12-18,015360,2024-12-19,2024-12-27,11060.0,10760.0,300.0,3318000.0,3225838.4580000006,-2.8624773960217
B_improved,5,3000000,False,015360:2024-12-26,015360,2024-12-27,2025-01-07,10760.0,9880.0,299.0,3217240.0,2957892.5980000007,-8.328438661710033
B_improved,5,3000000,False,319400:2025-01-06,319400,2025-01-07,2025-01-14,3660.0,3985.0,808.0,2957280.0,3216056.678000001,8.72978142076503
B_improved,5,3000000,False,204320:2025-01-14,204320,2025-01-15,2025-01-22,45000.0,45150.0,71.0,3195000.0,3221914.178000001,0.18333333333333332
B_improved,5,3000000,False,136480:2025-01-21,136480,2025-01-22,2025-02-04,2910.0,2880.0,1107.0,3221370.0,3183872.1230000006,-1.1809278350515515
B_improved,5,3000000,False,136480:2025-02-04,136480,2025-02-05,2025-02-12,2955.0,2905.0,1077.0,3182535.0,3125248.3205000004,-1.8420473773265722
B_improved,5,3000000,False,204320:2025-02-13,204320,2025-02-14,2025-02-21,46650.0,45100.0,66.0,3078900.0,3018329.9705000003,-3.472615219721332
B_improved,5,3000000,False,053350:2025-02-27,053350,2025-02-28,2025-03-10,4615.0,5390.0,654.0,3018210.0,3520652.6555000003,16.643066088840737
B_improved,5,3000000,False,011230:2025-03-19,011230,2025-03-20,2025-03-27,3730.0,4500.0,943.0,3517390.0,4241486.5705,20.49343163538874
B_improved,5,3000000,False,036620:2025-03-26,036620,2025-03-27,2025-04-03,3875.0,3810.0,1094.0,4239250.0,4164017.6955000004,-1.8274193548387097
B_improved,5,3000000,False,310200:2025-04-02,310200,2025-04-03,2025-04-10,3250.0,3040.0,1281.0,4163250.0,3888762.8205000004,-6.611538461538462
B_improved,5,3000000,False,127120:2025-04-09,127120,2025-04-10,2025-04-17,8020.0,9730.0,484.0,3881680.0,4710580.300500001,21.171695760598517
B_improved,5,3000000,False,128540:2025-04-16,128540,2025-04-17,2025-04-24,1832.0,1854.0,2571.0,4710072.0,4760077.192500001,1.0508733624454147
B_improved,5,3000000,False,014830:2025-04-23,014830,2025-04-24,2025-05-02,89700.0,87600.0,53.0,4754100.0,4641646.0425,-2.4911371237458275
B_improved,5,3000000,False,088980:2025-05-02,088980,2025-05-07,2025-05-14,11600.0,11540.0,400.0,4640000.0,4610686.0425,-0.6672413793103449
B_improved,5,3000000,False,114090:2025-05-13,114090,2025-05-14,2025-05-21,12740.0,13550.0,361.0,4599140.0,4896197.3325000005,6.207927786499216
B_improved,5,3000000,False,003570:2025-05-20,003570,2025-05-21,2025-05-28,39000.0,41150.0,125.0,4875000.0,5157634.8325000005,5.362820512820512
B_improved,5,3000000,False,001130:2025-05-29,001130,2025-05-30,2025-06-10,14100.0,15360.0,365.0,5146500.0,5609815.0825000005,8.786170212765958
B_improved,5,3000000,False,000850:2025-06-09,000850,2025-06-10,2025-06-17,33000.0,32900.0,169.0,5577000.0,5584549.5825000005,-0.453030303030303
B_improved,5,3000000,False,003080:2025-06-16,003080,2025-06-17,2025-06-24,2755.0,2820.0,2027.0,5584385.0,5707928.005000001,2.2093466424682453
B_improved,5,3000000,False,415380:2025-06-23,415380,2025-06-24,2025-07-01,3229.0,3243.0,1767.0,5705643.0,5724107.540500001,0.2835707649427108
B_improved,5,3000000,False,015860:2025-06-30,015860,2025-07-01,2025-07-08,5620.0,5780.0,1018.0,5721160.0,5878405.800500001,2.696975088967968
B_improved,5,3000000,False,000080:2025-07-07,000080,2025-07-08,2025-07-15,21800.0,21900.0,269.0,5864200.0,5896509.500500001,0.3087155963302784
B_improved,5,3000000,False,028670:2025-07-14,028670,2025-07-15,2025-07-22,4155.0,4175.0,1419.0,5895945.0,5916045.583000001,0.33134777376653873
B_improved,5,3000000,False,415380:2025-08-11,415380,2025-08-12,2025-08-20,3211.0,3250.0,1842.0,5914662.0,5979011.590000001,1.0645748987854289
B_improved,5,3000000,False,415380:2025-08-19,415380,2025-08-20,2025-08-27,3250.0,3656.0,1839.0,5976750.0,6716680.465000001,12.342307692307692
B_improved,5,3000000,False,003570:2025-08-26,003570,2025-08-27,2025-09-03,64000.0,64500.0,104.0,6656000.0,6758696.465000001,0.6312500000000001
B_improved,5,3000000,False,170920:2025-09-08,170920,2025-09-09,2025-09-16,12990.0,16350.0,520.0,6754800.0,8495764.265,25.7160508083141
B_improved,5,3000000,False,265520:2025-09-18,265520,2025-09-19,2025-09-26,19480.0,18870.0,436.0,8493280.0,8217064.345000001,-3.28141683778234
B_improved,5,3000000,False,265520:2025-10-10,265520,2025-10-13,2025-10-20,20350.0,19980.0,403.0,8201050.0,8055652.7700000005,-1.9681818181818203
B_improved,5,3000000,False,011170:2025-10-17,011170,2025-10-20,2025-10-27,72000.0,77500.0,111.0,7992000.0,8654164.77,7.488888888888889
B_improved,5,3000000,False,015860:2025-10-24,015860,2025-10-27,2025-11-03,6590.0,7080.0,1313.0,8652670.0,9284555.764999999,7.285508345978746
B_improved,5,3000000,False,326030:2025-11-04,326030,2025-11-05,2025-11-12,123500.0,123000.0,75.0,9262500.0,9233162.014999999,-0.5548582995951417
B_improved,5,3000000,False,016360:2025-11-12,016360,2025-11-13,2025-11-20,82800.0,79500.0,111.0,9190800.0,8853075.815,-4.135507246376804
B_improved,5,3000000,False,138360:2025-11-25,138360,2025-11-26,2025-12-03,1079.0,1249.0,8204.0,8852116.0,10234477.640999999,15.605329008341052
B_improved,5,3000000,False,051630:2025-12-05,051630,2025-12-08,2025-12-15,2915.0,3000.0,3510.0,10231650.0,10517480.166,2.7659519725557495
B_improved,5,3000000,False,015360:2025-12-12,015360,2025-12-15,2025-12-22,13940.0,13600.0,754.0,10510760.0,10245354.025999999,-2.589024390243908
B_improved,5,3000000,False,011780:2025-12-19,011780,2025-12-22,2025-12-30,126400.0,121000.0,81.0,10238400.0,9792596.425999999,-4.422151898734174
A_baseline,5,10000000,False,114090:2023-01-02,114090,2023-01-03,2023-01-10,18750.0,19050.0,533.0,9993750.0,10144909.375,1.4500000000000002
A_baseline,5,10000000,False,004100:2023-01-09,004100,2023-01-10,2023-01-17,1585.0,1630.0,6400.0,10144000.0,10417693.375,2.689116719242902
A_baseline,5,10000000,False,011170:2023-01-16,011170,2023-01-17,2023-01-26,184000.0,184400.0,56.0,10304000.0,10424637.375,0.06739130434782609
A_baseline,5,10000000,False,003830:2023-01-25,003830,2023-01-26,2023-02-02,130100.0,133800.0,80.0,10408000.0,10705025.375,2.6939661798616448
A_baseline,5,10000000,False,006800:2023-02-01,006800,2023-02-02,2023-02-09,6969.0,6989.0,1536.0,10704384.0,10719688.799,0.13698522026116197
A_baseline,5,10000000,False,006800:2023-02-08,006800,2023-02-09,2023-02-16,6989.0,6989.0,1533.0,10714137.0,10703617.593500001,-0.14999999999999275
A_baseline,5,10000000,False,073640:2023-02-15,073640,2023-02-16,2023-02-23,2360.0,2295.0,4535.0,10702600.0,10392788.693500001,-2.904237288135597
A_baseline,5,10000000,False,001130:2023-02-22,001130,2023-02-23,2023-03-03,15140.0,15440.0,686.0,10386040.0,10583009.6335,1.8315059445178286
A_baseline,5,10000000,False,000430:2023-03-02,000430,2023-03-03,2023-03-10,3435.0,3460.0,3080.0,10579800.0,10644139.933500001,0.577802037845713
A_baseline,5,10000000,False,000430:2023-03-09,000430,2023-03-10,2023-03-17,3460.0,3400.0,3076.0,10642960.0,10443615.493500002,-1.8841040462427696
A_baseline,5,10000000,False,000850:2023-03-16,000850,2023-03-17,2023-03-24,36000.0,36000.0,290.0,10440000.0,10427955.493500002,-0.15
A_baseline,5,10000000,False,030210:2023-03-23,030210,2023-03-24,2023-03-31,5290.0,5270.0,1971.0,10426590.0,10372895.608500002,-0.528071833648391
A_baseline,5,10000000,False,000430:2023-03-30,000430,2023-03-31,2023-04-07,3500.0,3535.0,2963.0,10370500.0,10461044.858500002,0.8500000000000001
A_baseline,5,10000000,False,004360:2023-04-06,004360,2023-04-07,2023-04-14,45800.0,45300.0,228.0,10442400.0,10331381.258500002,-1.2417030567685554
A_baseline,5,10000000,False,001460:2023-04-13,001460,2023-04-14,2023-04-21,49000.0,47200.0,210.0,10290000.0,9937946.258500002,-3.823469387755102
A_baseline,5,10000000,False,053350:2023-04-20,053350,2023-04-21,2023-04-28,4700.0,4160.0,2114.0,9935800.0,8781482.558500003,-11.639361702127653
A_baseline,5,10000000,False,011230:2023-04-27,011230,2023-04-28,2023-05-10,7328.0,8354.0,1198.0,8778944.0,9997462.142500004,13.851091703056778
A_baseline,5,10000000,False,067570:2023-05-09,067570,2023-05-10,2023-05-17,3954.0,3558.0,2528.0,9995712.0,8981380.574500004,-10.165174506828528
A_baseline,5,10000000,False,000850:2023-05-16,000850,2023-05-17,2023-05-24,38650.0,39350.0,232.0,8966800.0,9130330.374500005,1.6611254851229063
A_baseline,5,10000000,False,001740:2023-05-23,001740,2023-05-24,2023-06-01,4800.0,4890.0,1902.0,9129600.0,9287815.974500004,1.724999999999996
A_baseline,5,10000000,False,004870:2023-05-31,004870,2023-06-01,2023-06-09,3120.0,3020.0,2976.0,9285120.0,8976288.294500005,-3.355128205128202
A_baseline,5,10000000,False,008260:2023-06-08,008260,2023-06-09,2023-06-16,6720.0,6790.0,1335.0,8971200.0,9056281.494500004,0.8916666666666583
A_baseline,5,10000000,False,085310:2023-06-15,085310,2023-06-16,2023-06-23,9720.0,9970.0,931.0,9049320.0,9275457.514500003,2.4220164609053447
A_baseline,5,10000000,False,319400:2023-06-22,319400,2023-06-23,2023-06-30,4690.0,4430.0,1977.0,9272130.0,8747529.319500003,-5.693710021321965
A_baseline,5,10000000,False,003030:2023-06-29,003030,2023-06-30,2023-07-07,204000.0,193700.0,42.0,8568000.0,8302077.319500003,-5.199019607843137
A_baseline,5,10000000,False,011230:2023-07-06,011230,2023-07-07,2023-07-14,7988.0,9572.0,1039.0,8299532.0,9935404.021500003,19.679744616925383
A_baseline,5,10000000,False,001740:2023-07-13,001740,2023-07-14,2023-07-21,5510.0,5880.0,1803.0,9934530.0,10587612.226500003,6.565063520871144
A_baseline,5,10000000,False,016360:2023-07-20,016360,2023-07-21,2023-07-28,36000.0,35450.0,294.0,10584000.0,10410036.226500003,-1.6777777777777776
A_baseline,5,10000000,False,220100:2023-08-01,220100,2023-08-02,2023-08-09,8703.0,10042.0,1196.0,10408788.0,11995867.044500003,15.235499253131104
A_baseline,5,10000000,False,043910:2023-08-08,043910,2023-08-09,2023-08-17,12870.0,10810.0,932.0,11994840.0,10057954.784500003,-16.156216006216003
A_baseline,5,10000000,False,089850:2023-08-17,089850,2023-08-18,2023-08-25,7471.0,8074.0,1346.0,10055966.0,10854508.835500004,7.921208673537689
A_baseline,5,10000000,False,085310:2023-08-24,085310,2023-08-25,2023-09-01,10720.0,10630.0,1012.0,10848640.0,10747155.875500003,-0.9895522388059784
A_baseline,5,10000000,False,105560:2023-08-31,105560,2023-09-01,2023-09-08,54200.0,54200.0,198.0,10731600.0,10731058.475500003,-0.15000000000000346
A_baseline,5,10000000,False,016360:2023-09-07,016360,2023-09-08,2023-09-15,36800.0,38400.0,291.0,10708800.0,11180595.275500003,4.197826086956528
A_baseline,5,10000000,False,246250:2023-09-14,246250,2023-09-15,2023-09-22,5000.0,4815.0,2236.0,11180000.0,10750165.275500003,-3.85
A_baseline,5,10000000,False,089850:2023-09-21,089850,2023-09-22,2023-10-05,9159.0,8085.0,1173.0,10743507.0,9474248.015000002,-11.876170979364566
A_baseline,5,10000000,False,004270:2023-10-06,004270,2023-10-10,2023-10-17,18285.0,17132.0,518.0,9471630.0,8862786.570000002,-6.455715066994808
A_baseline,5,10000000,False,004100:2023-10-16,004100,2023-10-17,2023-10-24,3880.0,3255.0,2284.0,8861920.0,7421993.690000002,-16.258247422680412
A_baseline,5,10000000,False,003570:2023-10-23,003570,2023-10-24,2023-10-31,11990.0,13600.0,619.0,7421810.0,8407450.975000001,13.277856547122605
A_baseline,5,10000000,False,015360:2023-10-30,015360,2023-10-31,2023-11-07,6630.0,6770.0,1268.0,8406840.0,8572360.715000002,1.9616138763197615
A_baseline,5,10000000,False,015360:2023-11-06,015360,2023-11-07,2023-11-14,6770.0,6950.0,1266.0,8570820.0,8787384.485000001,2.508788774002949
A_baseline,5,10000000,False,015360:2023-11-13,015360,2023-11-14,2023-11-21,6950.0,6990.0,1264.0,8784800.0,8824767.285000002,0.4255395683453322
A_baseline,5,10000000,False,215200:2023-11-24,215200,2023-11-27,2023-12-04,61400.0,59700.0,143.0,8780200.0,8568496.985000001,-2.9187296416938198
A_baseline,5,10000000,False,015360:2023-12-05,015360,2023-12-06,2023-12-13,7070.0,7040.0,1211.0,8561770.0,8519324.330000002,-0.5743281471004165
A_baseline,5,10000000,False,015360:2023-12-12,015360,2023-12-13,2023-12-20,7040.0,6960.0,1210.0,8518400.0,8409746.730000002,-1.286363636363632
A_baseline,5,10000000,False,016450:2023-12-19,016450,2023-12-20,2023-12-28,5080.0,4925.0,1655.0,8407400.0,8140610.630000003,-3.2011811023622
A_baseline,5,10000000,False,006800:2023-12-28,006800,2024-01-02,2024-01-09,7477.0,7119.0,1088.0,8134976.0,7738904.166000003,-4.938016584191517
A_baseline,5,10000000,False,003530:2024-01-10,003530,2024-01-11,2024-01-18,3800.0,3485.0,2036.0,7736800.0,7085958.966000003,-8.439473684210528
A_baseline,5,10000000,False,003530:2024-01-18,003530,2024-01-19,2024-01-26,3615.0,3500.0,1960.0,7085400.0,6849930.866000003,-3.3311894882434254
A_baseline,5,10000000,False,170920:2024-01-25,170920,2024-01-26,2024-02-02,17700.0,14510.0,387.0,6849900.0,5605126.016000004,-18.172598870056493
A_baseline,5,10000000,False,003030:2024-02-01,003030,2024-02-02,2024-02-13,223500.0,212000.0,25.0,5587500.0,5309244.766000004,-5.295413870246085
A_baseline,5,10000000,False,043650:2024-02-13,043650,2024-02-14,2024-02-21,6420.0,6480.0,826.0,5302920.0,5350850.386000004,0.7845794392523385
A_baseline,5,10000000,False,014160:2024-02-20,014160,2024-02-21,2024-02-28,1258.0,1190.0,4253.0,5350274.0,5053620.975000003,-5.555405405405411
A_baseline,5,10000000,False,163560:2024-02-27,163560,2024-02-28,2024-03-07,9320.0,8620.0,542.0,5051440.0,4666643.815000003,-7.660729613733909
A_baseline,5,10000000,False,001460:2024-03-06,001460,2024-03-07,2024-03-14,49950.0,47500.0,93.0,4645350.0,4431825.790000003,-5.054904904904913
A_baseline,5,10000000,False,006220:2024-03-13,006220,2024-03-14,2024-03-21,14300.0,12530.0,309.0,4418700.0,3878267.740000003,-12.527622377622375
A_baseline,5,10000000,False,014160:2024-03-20,014160,2024-03-21,2024-03-28,1866.0,1677.0,2078.0,3877548.0,3479709.418000003,-10.278617363344056
A_baseline,5,10000000,False,014830:2024-03-27,014830,2024-03-28,2024-04-04,78100.0,85400.0,44.0,3436400.0,3795754.8180000028,9.19699103713188
A_baseline,5,10000000,False,006360:2024-04-03,006360,2024-04-04,2024-04-12,15760.0,14580.0,240.0,3782400.0,3506881.2180000027,-7.637309644670054
A_baseline,5,10000000,False,003030:2024-04-11,003030,2024-04-12,2024-04-19,233500.0,216000.0,15.0,3502500.0,3239127.4680000027,-7.644646680942184
A_baseline,5,10000000,False,265520:2024-04-18,265520,2024-04-19,2024-04-26,32500.0,33500.0,99.0,3217500.0,3333301.2180000027,2.926923076923077
A_baseline,5,10000000,False,014830:2024-04-25,014830,2024-04-26,2024-05-07,93700.0,98400.0,35.0,3279500.0,3492881.9680000027,4.866008537886873
A_baseline,5,10000000,False,094280:2024-05-03,094280,2024-05-07,2024-05-14,12730.0,12890.0,274.0,3488020.0,3531489.938000003,1.1068735271013412
A_baseline,5,10000000,False,036620:2024-05-13,036620,2024-05-14,2024-05-22,3840.0,4220.0,919.0,3528960.0,3875416.498000003,9.745833333333335
A_baseline,5,10000000,False,001130:2024-05-21,001130,2024-05-22,2024-05-29,14050.0,13800.0,275.0,3863750.0,3800870.873000003,-1.9293594306049822
A_baseline,5,10000000,False,051630:2024-05-28,051630,2024-05-29,2024-06-05,3206.0,3320.0,1185.0,3799110.0,3930262.208000003,3.4058328134747335
A_baseline,5,10000000,False,014830:2024-06-04,014830,2024-06-05,2024-06-13,111700.0,112500.0,35.0,3909500.0,3952397.958000003,0.5662041181736795
A_baseline,5,10000000,False,051630:2024-06-12,051630,2024-06-13,2024-06-20,3343.0,3343.0,1182.0,3951426.0,3946470.819000003,-0.14999999999999916
A_baseline,5,10000000,False,011780:2024-06-19,011780,2024-06-20,2024-06-27,150200.0,146100.0,26.0,3905200.0,3834013.019000003,-2.8796937416777584
A_baseline,5,10000000,False,010130:2024-06-26,010130,2024-06-27,2024-07-04,517000.0,524000.0,7.0,3619000.0,3877584.519000003,1.203965183752418
A_baseline,5,10000000,False,003570:2024-07-04,003570,2024-07-05,2024-07-12,20300.0,19880.0,191.0,3877300.0,3791548.569000003,-2.2189655172413842
A_baseline,5,10000000,False,011780:2024-07-11,011780,2024-07-12,2024-07-19,164200.0,155100.0,23.0,3776600.0,3576583.669000003,-5.6920219244823365
A_baseline,5,10000000,False,003570:2024-07-18,003570,2024-07-19,2024-07-26,21100.0,20800.0,169.0,3565900.0,3520534.819000003,-1.5718009478673012
A_baseline,5,10000000,False,053350:2024-07-25,053350,2024-07-26,2024-08-02,3705.0,3910.0,950.0,3519750.0,3710005.194000003,5.38306342780027
A_baseline,5,10000000,False,003570:2024-08-01,003570,2024-08-02,2024-08-09,21200.0,23950.0,175.0,3710000.0,4185690.194000003,12.821698113207546
A_baseline,5,10000000,False,006360:2024-08-08,006360,2024-08-09,2024-08-19,18860.0,19310.0,221.0,4168060.0,4278888.104000003,2.236002120890778
A_baseline,5,10000000,False,000080:2024-08-19,000080,2024-08-20,2024-08-27,22250.0,21450.0,192.0,4272000.0,4118880.104000003,-3.745505617977528
A_baseline,5,10000000,False,004100:2024-08-26,004100,2024-08-27,2024-09-03,3120.0,3030.0,1320.0,4118400.0,3993902.504000003,-3.034615384615387
A_baseline,5,10000000,False,064850:2024-09-02,064850,2024-09-03,2024-09-10,11290.0,14900.0,353.0,3985370.0,5262254.449000003,31.825199291408335
A_baseline,5,10000000,False,006800:2024-09-09,006800,2024-09-10,2024-09-20,8333.0,8851.0,631.0,5258123.0,5581225.264500002,6.066248649945989
A_baseline,5,10000000,False,010130:2024-09-19,010130,2024-09-20,2024-09-27,720000.0,718000.0,7.0,5040000.0,5559665.264500002,-0.4277777777777778
A_baseline,5,10000000,False,006800:2024-09-26,006800,2024-09-27,2024-10-08,8662.0,8572.0,641.0,5552342.0,5493646.751500002,-1.1890210113137891
A_baseline,5,10000000,False,081580:2024-10-07,081580,2024-10-08,2024-10-16,5070.0,4750.0,1083.0,5490810.0,5138850.536500002,-6.461637080867848
A_baseline,5,10000000,False,015360:2024-10-15,015360,2024-10-16,2024-10-23,9400.0,10040.0,546.0,5132400.0,5480591.936500003,6.658510638297879
A_baseline,5,10000000,False,004870:2024-10-22,004870,2024-10-23,2024-10-30,2782.0,3291.0,1970.0,5480540.0,6475101.126500003,18.1461897915169
A_baseline,5,10000000,False,001740:2024-10-29,001740,2024-10-30,2024-11-06,5210.0,5160.0,1242.0,6470820.0,6403294.896500003,-1.1096928982725598
A_baseline,5,10000000,False,016360:2024-11-05,016360,2024-11-06,2024-11-13,46650.0,45200.0,137.0,6391050.0,6195058.321500002,-3.258252947481246
A_baseline,5,10000000,False,127120:2024-11-12,127120,2024-11-13,2024-11-20,3965.0,3780.0,1562.0,6193330.0,5896798.326500002,-4.815825977301389
A_baseline,5,10000000,False,000080:2024-11-19,000080,2024-11-20,2024-11-27,20750.0,20700.0,284.0,5893000.0,5873758.826500002,-0.39096385542168677
A_baseline,5,10000000,False,016090:2024-11-26,016090,2024-11-27,2024-12-04,2145.0,2125.0,2738.0,5873010.0,5810189.311500003,-1.0824009324009267
A_baseline,5,10000000,False,003530:2024-12-03,003530,2024-12-04,2024-12-11,3745.0,3650.0,1551.0,5808495.0,5654131.569000003,-2.686715620827765
A_baseline,5,10000000,False,006040:2024-12-10,006040,2024-12-11,2024-12-18,32507.0,35553.0,173.0,5623711.0,6172654.002500003,9.220289476112843
A_baseline,5,10000000,False,015360:2024-12-17,015360,2024-12-18,2024-12-26,10640.0,10960.0,580.0,6171200.0,6348997.202500003,2.8575187969924842
A_baseline,5,10000000,False,015360:2024-12-26,015360,2024-12-27,2025-01-07,10760.0,9880.0,590.0,6348400.0,5820274.602500004,-8.328438661710031
A_baseline,5,10000000,False,058860:2025-01-06,058860,2025-01-07,2025-01-14,2720.0,2660.0,2139.0,5818080.0,5683207.482500004,-2.3558823529411783
A_baseline,5,10000000,False,025980:2025-01-13,025980,2025-01-14,2025-01-21,5570.0,5650.0,1020.0,5681400.0,5756285.382500004,1.2862657091562004
A_baseline,5,10000000,False,003030:2025-01-20,003030,2025-01-21,2025-02-03,218500.0,205500.0,26.0,5681000.0,5409763.882500004,-6.099656750572082
A_baseline,5,10000000,False,016090:2025-01-31,016090,2025-02-03,2025-02-10,2305.0,2280.0,2346.0,5407530.0,5343002.587500004,-1.2345986984815605
A_baseline,5,10000000,False,016090:2025-02-07,016090,2025-02-10,2025-02-17,2280.0,2150.0,2343.0,5342040.0,5030399.5275000045,-5.851754385964904
A_baseline,5,10000000,False,025980:2025-02-14,025980,2025-02-17,2025-02-24,6090.0,6020.0,826.0,5030340.0,4965034.017500005,-1.2994252873563175
A_baseline,5,10000000,False,015360:2025-02-21,015360,2025-02-24,2025-03-04,10760.0,9780.0,461.0,4960360.0,4505813.477500005,-9.257806691449815
A_baseline,5,10000000,False,136480:2025-02-28,136480,2025-03-04,2025-03-11,2925.0,3140.0,1540.0,4504500.0,4830156.727500005,7.200427350427351
A_baseline,5,10000000,False,014830:2025-03-10,014830,2025-03-11,2025-03-18,81000.0,78300.0,59.0,4779000.0,4663688.227500005,-3.4833333333333334
A_baseline,5,10000000,False,006040:2025-03-17,006040,2025-03-18,2025-03-25,36400.0,37800.0,128.0,4659200.0,4835899.427500005,3.6961538461538503
A_baseline,5,10000000,False,030210:2025-03-25,030210,2025-03-26,2025-04-02,3340.0,3060.0,1447.0,4832980.0,4423489.957500005,-8.533233532934126
A_baseline,5,10000000,False,015020:2025-04-01,015020,2025-04-02,2025-04-09,3998.0,4150.0,1106.0,4421788.0,4584969.275500005,3.651900950475237
A_baseline,5,10000000,False,096870:2025-04-08,096870,2025-04-09,2025-04-16,2650.0,2700.0,1730.0,4584500.0,4664592.525500005,1.7367924528301888
A_baseline,5,10000000,False,002700:2025-04-15,002700,2025-04-16,2025-04-23,1515.0,1555.0,3078.0,4663170.0,4780717.770500005,2.4902640264026425
A_baseline,5,10000000,False,002700:2025-04-22,002700,2025-04-23,2025-04-30,1555.0,1525.0,3074.0,4780070.0,4681327.665500005,-2.079260450160781
A_baseline,5,10000000,False,006800:2025-04-29,006800,2025-04-30,2025-05-12,10833.0,11938.0,432.0,4679856.0,5151667.881500005,10.050313855810948
A_baseline,5,10000000,False,000850:2025-05-09,000850,2025-05-12,2025-05-19,29200.0,29400.0,176.0,5139200.0,5179159.081500005,0.5349315068493187
A_baseline,5,10000000,False,003570:2025-05-16,003570,2025-05-19,2025-05-26,34850.0,39700.0,148.0,5157800.0,5889222.381500005,13.766786226685793
A_baseline,5,10000000,False,000850:2025-05-23,000850,2025-05-26,2025-06-02,29800.0,31500.0,197.0,5870600.0,6215316.481500004,5.554697986577175
A_baseline,5,10000000,False,001130:2025-05-30,001130,2025-06-02,2025-06-11,14260.0,15400.0,435.0,6203100.0,6701911.831500004,7.844389901823276
A_baseline,5,10000000,False,088980:2025-06-10,088980,2025-06-11,2025-06-18,11830.0,11750.0,566.0,6695780.0,6646588.161500004,-0.8262468300929828
A_baseline,5,10000000,False,000080:2025-06-17,000080,2025-06-18,2025-06-25,19990.0,20450.0,332.0,6636680.0,6789353.141500005,2.1511505752876503
A_baseline,5,10000000,False,001130:2025-06-24,001130,2025-06-25,2025-07-02,14960.0,15400.0,453.0,6776880.0,6978507.821500004,2.791176470588231
A_baseline,5,10000000,False,000080:2025-07-01,000080,2025-07-02,2025-07-09,20850.0,21550.0,334.0,6963900.0,7201861.971500005,3.2073141486810606
A_baseline,5,10000000,False,000850:2025-07-08,000850,2025-07-09,2025-07-16,33400.0,34300.0,215.0,7181000.0,7384590.471500005,2.5446107784431136
A_baseline,5,10000000,False,000850:2025-07-15,000850,2025-07-16,2025-07-23,34300.0,33100.0,215.0,7374500.0,7115528.721500005,-3.6485422740524784
A_baseline,5,10000000,False,015360:2025-07-22,015360,2025-07-23,2025-07-30,12540.0,11920.0,567.0,7110180.0,6753323.451500005,-5.094178628389148
A_baseline,5,10000000,False,003570:2025-07-29,003570,2025-07-30,2025-08-06,55000.0,58800.0,122.0,6710000.0,7206858.451500005,6.759090909090909
A_baseline,5,10000000,False,064850:2025-08-05,064850,2025-08-06,2025-08-13,8420.0,8300.0,855.0,7199100.0,7093459.801500005,-1.5751781472684139
A_baseline,5,10000000,False,015360:2025-08-12,015360,2025-08-13,2025-08-21,12760.0,12800.0,555.0,7081800.0,7105037.1015000045,0.16347962382444878
A_baseline,5,10000000,False,001740:2025-08-20,001740,2025-08-21,2025-08-28,4530.0,4420.0,1568.0,7103040.0,6921902.541500005,-2.5782560706401707
A_baseline,5,10000000,False,014680:2025-08-27,014680,2025-08-28,2025-09-04,173900.0,162500.0,39.0,6782100.0,6467129.391500005,-6.705491661874646
A_baseline,5,10000000,False,319400:2025-09-03,319400,2025-09-04,2025-09-11,6530.0,8520.0,990.0,6464700.0,8427532.341500003,30.324732006125565
A_baseline,5,10000000,False,010130:2025-09-11,010130,2025-09-12,2025-09-19,925000.0,973000.0,9.0,8325000.0,8847044.841500003,5.039189189189189
A_baseline,5,10000000,False,011170:2025-09-18,011170,2025-09-19,2025-09-26,67300.0,64100.0,131.0,8816300.0,8414620.391500004,-4.9048291233283825
A_baseline,5,10000000,False,064850:2025-09-25,064850,2025-09-26,2025-10-10,8610.0,8650.0,977.0,8411970.0,8441082.436500004,0.314576074332171
A_baseline,5,10000000,False,006800:2025-10-02,006800,2025-10-10,2025-10-17,22203.0,21705.0,380.0,8437140.0,8239186.726500004,-2.392940143223888
A_baseline,5,10000000,False,006800:2025-10-16,006800,2025-10-17,2025-10-24,21705.0,23647.0,379.0,8226195.0,8962865.434000004,8.797247178069565
A_baseline,5,10000000,False,014680:2025-10-24,014680,2025-10-27,2025-11-03,215000.0,232500.0,41.0,8815000.0,9667142.934000004,7.989534883720931
A_baseline,5,10000000,False,064850:2025-10-31,064850,2025-11-03,2025-11-10,8970.0,8530.0,1077.0,9660690.0,9178771.899000004,-5.055239687848385
A_baseline,5,10000000,False,309960:2025-11-07,309960,2025-11-10,2025-11-17,5580.0,5310.0,1644.0,9173520.0,8721131.619000005,-4.988709677419347
A_baseline,5,10000000,False,014680:2025-11-14,014680,2025-11-17,2025-11-24,222000.0,211500.0,39.0,8658000.0,8298644.619000005,-4.879729729729729
A_baseline,5,10000000,False,064850:2025-11-21,064850,2025-11-24,2025-12-01,8700.0,8690.0,953.0,8291100.0,8276677.969000004,-0.2649425287356367
A_baseline,5,10000000,False,056080:2025-11-28,056080,2025-12-01,2025-12-08,12700.0,12560.0,651.0,8267700.0,8173136.419000004,-1.2523622047244072
A_baseline,5,10000000,False,051630:2025-12-05,051630,2025-12-08,2025-12-15,2915.0,3000.0,2803.0,8170745.0,8399135.301500004,2.7659519725557495
A_baseline,5,10000000,False,015360:2025-12-12,015360,2025-12-15,2025-12-22,13940.0,13600.0,602.0,8391880.0,8181867.4815000035,-2.5890243902439063
A_baseline,5,10000000,False,001740:2025-12-19,001740,2025-12-22,2025-12-30,4665.0,4480.0,1753.0,8177745.0,7845295.864000004,-4.115702036441583
A_baseline,5,10000000,False,048770:2025-12-29,048770,2025-12-30,2026-01-08,3365.0,3200.0,2331.0,7843815.0,7448915.141500004,-5.053417533432395
B_improved,5,10000000,False,105560:2023-01-10,105560,2023-01-11,2023-01-18,57700.0,58900.0,173.0,9982100.0,10192626.85,1.929722703639511
B_improved,5,10000000,False,004100:2023-01-17,004100,2023-01-18,2023-01-27,1710.0,1634.0,5960.0,10191600.0,9724379.45,-4.5944444444444485
B_improved,5,10000000,False,003830:2023-01-26,003830,2023-01-27,2023-02-03,135000.0,133400.0,72.0,9720000.0,9594599.45,-1.3351851851851853
B_improved,5,10000000,False,002700:2023-02-02,002700,2023-02-03,2023-02-10,2100.0,2110.0,4568.0,9592800.0,9625890.25,0.32619047619048397
B_improved,5,10000000,False,094280:2023-02-09,094280,2023-02-10,2023-02-17,15010.0,14300.0,641.0,9621410.0,9156348.135,-4.8801798800799485
B_improved,5,10000000,False,006800:2023-02-16,006800,2023-02-17,2023-02-24,7298.0,7079.0,1254.0,9151692.0,8867994.597,-3.150822143052898
B_improved,5,10000000,False,000850:2023-02-23,000850,2023-02-24,2023-03-06,33650.0,35500.0,263.0,8849950.0,9341269.671999998,5.3477711738484315
B_improved,5,10000000,False,001130:2023-03-07,001130,2023-03-08,2023-03-15,15570.0,14330.0,599.0,9326430.0,8584520.026999999,-8.114033397559405
B_improved,5,10000000,False,000850:2023-03-17,000850,2023-03-20,2023-03-27,37600.0,37350.0,228.0,8572800.0,8514660.827,-0.814893617021268
B_improved,5,10000000,False,265520:2023-03-28,265520,2023-03-29,2023-04-05,23000.0,22650.0,370.0,8510000.0,8372395.827,-1.6717391304347826
B_improved,5,10000000,False,004100:2023-04-04,004100,2023-04-05,2023-04-12,1810.0,1836.0,4625.0,8371250.0,8480088.952,1.28646408839779
B_improved,5,10000000,False,126640:2023-04-11,126640,2023-04-12,2023-04-19,1765.0,1792.0,4804.0,8479060.0,8597078.362,1.3797450424929196
B_improved,5,10000000,False,344820:2023-04-19,344820,2023-04-20,2023-04-27,44850.0,44200.0,191.0,8566350.0,8460078.837,-1.5992753623188452
B_improved,5,10000000,False,064850:2023-04-26,064850,2023-04-27,2023-05-08,8200.0,8070.0,1031.0,8454200.0,8313367.537,-1.7353658536585344
B_improved,5,10000000,False,000430:2023-05-10,000430,2023-05-11,2023-05-18,4510.0,4700.0,1843.0,8311930.0,8651069.642,4.062860310421292
B_improved,5,10000000,False,088980:2023-05-30,088980,2023-05-31,2023-06-08,13166.0,13315.0,657.0,8650062.0,8735987.549,0.9817028710314406
B_improved,5,10000000,False,126640:2023-06-07,126640,2023-06-08,2023-06-15,2090.0,1951.0,4179.0,8734110.0,8142005.384000001,-6.8007177033492825
B_improved,5,10000000,False,204320:2023-06-15,204320,2023-06-16,2023-06-23,49400.0,50900.0,164.0,8101600.0,8375852.984,2.8864372469635584
B_improved,5,10000000,False,026890:2023-06-26,026890,2023-06-27,2023-07-04,6860.0,6880.0,1220.0,8369200.0,8387699.184,0.1415451895043754
B_improved,5,10000000,False,001740:2023-07-12,001740,2023-07-13,2023-07-20,5450.0,5810.0,1539.0,8387550.0,8929157.859000001,6.455504587155972
B_improved,5,10000000,False,001740:2023-07-19,001740,2023-07-20,2023-07-27,5810.0,5930.0,1536.0,8924160.0,9100091.619,1.9154044750430268
B_improved,5,10000000,False,326030:2023-08-01,326030,2023-08-02,2023-08-09,90000.0,92200.0,101.0,9090000.0,9308656.619,2.2944444444444443
B_improved,5,10000000,False,001740:2023-08-09,001740,2023-08-10,2023-08-18,6500.0,6320.0,1432.0,9308000.0,9036934.619,-2.919230769230769
B_improved,5,10000000,False,026890:2023-08-21,026890,2023-08-22,2023-08-29,7260.0,7740.0,1244.0,9031440.0,9620507.459,6.461570247933883
B_improved,5,10000000,False,026890:2023-08-29,026890,2023-08-30,2023-09-06,7850.0,7370.0,1225.0,9616250.0,9018083.084,-6.264649681528662
B_improved,5,10000000,False,003570:2023-09-06,003570,2023-09-07,2023-09-14,11400.0,11920.0,791.0,9017400.0,9415876.984000001,4.411403508771934
B_improved,5,10000000,False,016360:2023-09-13,016360,2023-09-14,2023-09-21,38300.0,38300.0,245.0,9383500.0,9401801.734000001,-0.15
B_improved,5,10000000,False,105630:2023-10-31,105630,2023-11-01,2023-11-08,23000.0,22750.0,408.0,9384000.0,9285725.734000001,-1.2369565217391303
B_improved,5,10000000,False,105630:2023-11-09,105630,2023-11-10,2023-11-17,23700.0,23650.0,391.0,9266700.0,9252275.684,-0.36097046413502915
B_improved,5,10000000,False,279600:2023-12-11,279600,2023-12-12,2023-12-19,16221.0,16137.0,570.0,9245970.0,9190526.729,-0.6678472350656564
B_improved,5,10000000,False,279600:2023-12-19,279600,2023-12-20,2023-12-28,17190.0,22201.0,534.0,9179460.0,11852631.539,29.000668993600936
B_improved,5,10000000,False,326030:2024-01-02,326030,2024-01-03,2024-01-10,103300.0,97300.0,114.0,11776200.0,11150967.239,-5.958325266214914
B_improved,5,10000000,False,089850:2024-01-11,089850,2024-01-12,2024-01-19,8708.0,8504.0,1280.0,11146240.0,10873127.879,-2.492673403766646
B_improved,5,10000000,False,003830:2024-01-29,003830,2024-01-30,2024-02-06,114600.0,120900.0,94.0,10772400.0,11449169.279000001,5.347382198952883
B_improved,5,10000000,False,163560:2024-02-05,163560,2024-02-06,2024-02-15,6650.0,6670.0,1721.0,11444650.0,11466422.304000001,0.15075187969925136
B_improved,5,10000000,False,006800:2024-02-16,006800,2024-02-19,2024-02-26,8911.0,8911.0,1286.0,11459546.0,11449232.985000001,-0.1500000000000012
B_improved,5,10000000,False,001130:2024-02-23,001130,2024-02-26,2024-03-05,14220.0,13800.0,805.0,11447100.0,11093962.335,-3.1035864978902987
B_improved,5,10000000,False,088980:2024-03-06,088980,2024-03-07,2024-03-14,12927.0,12877.0,858.0,11091366.0,11034425.286,-0.5367873443180992
B_improved,5,10000000,False,015860:2024-03-18,015860,2024-03-19,2024-03-26,4520.0,4350.0,2441.0,11033320.0,10602905.306,-3.9110619469026586
B_improved,5,10000000,False,015360:2024-03-25,015360,2024-03-26,2024-04-02,8280.0,7700.0,1280.0,10598400.0,9844607.706,-7.154830917874393
B_improved,5,10000000,False,014830:2024-04-03,014830,2024-04-04,2024-04-12,85400.0,86300.0,115.0,9821000.0,9933376.206,0.903864168618267
B_improved,5,10000000,False,026890:2024-04-16,026890,2024-04-17,2024-04-24,8490.0,8850.0,1170.0,9933300.0,10339676.256000001,4.090282685512375
B_improved,5,10000000,False,026890:2024-04-23,026890,2024-04-24,2024-05-02,8850.0,8770.0,1168.0,10336800.0,10230731.056000002,-1.0539548022598797
B_improved,5,10000000,False,015360:2024-05-08,015360,2024-05-09,2024-05-17,8300.0,8490.0,1232.0,10225600.0,10449472.656000001,2.1391566265060202
B_improved,5,10000000,False,001130:2024-05-16,001130,2024-05-17,2024-05-24,14100.0,14030.0,741.0,10448100.0,10381930.506000001,-0.6464539007092234
B_improved,5,10000000,False,094280:2024-05-23,094280,2024-05-24,2024-05-31,13470.0,13300.0,770.0,10371900.0,10235472.656000001,-1.412063845582773
B_improved,5,10000000,False,051630:2024-06-07,051630,2024-06-10,2024-06-17,3366.0,3283.0,3040.0,10232640.0,9967803.696,-2.6158348187760043
B_improved,5,10000000,False,003570:2024-06-20,003570,2024-06-21,2024-06-28,20450.0,21900.0,487.0,9959150.0,10659014.971,6.940464547677265
B_improved,5,10000000,False,270870:2024-06-27,270870,2024-06-28,2024-07-05,10910.0,9600.0,976.0,10648160.0,9364482.731,-12.157332722273145
B_improved,5,10000000,False,011780:2024-07-11,011780,2024-07-12,2024-07-19,164200.0,155100.0,57.0,9359400.0,8831743.631000001,-5.692021924482335
B_improved,5,10000000,False,053350:2024-08-02,053350,2024-08-05,2024-08-12,3975.0,3505.0,2221.0,8828475.0,7774630.918500001,-11.973899371069187
B_improved,5,10000000,False,000080:2024-08-19,000080,2024-08-20,2024-08-27,22250.0,21450.0,349.0,7765250.0,7483783.043500001,-3.745505617977528
B_improved,5,10000000,False,064850:2024-08-26,064850,2024-08-27,2024-09-03,8680.0,11290.0,862.0,7482160.0,9722379.8035,29.91912442396313
B_improved,5,10000000,False,081580:2024-09-24,081580,2024-09-25,2024-10-04,4345.0,4595.0,2237.0,9719765.0,10267050.156,5.603739930955111
B_improved,5,10000000,False,326030:2024-10-11,326030,2024-10-14,2024-10-21,120000.0,124000.0,85.0,10200000.0,10591750.156,3.183333333333333
B_improved,5,10000000,False,015360:2024-10-18,015360,2024-10-21,2024-10-28,9590.0,10200.0,1104.0,10587360.0,11249309.116,6.210792492179362
B_improved,5,10000000,False,006800:2024-10-25,006800,2024-10-28,2024-11-04,9120.0,8722.0,1233.0,11244960.0,10741707.676,-4.514035087719294
B_improved,5,10000000,False,127120:2024-11-12,127120,2024-11-13,2024-11-20,3965.0,3780.0,2709.0,10741185.0,10224430.898500001,-4.815825977301386
B_improved,5,10000000,False,016090:2024-11-20,016090,2024-11-21,2024-11-28,2185.0,2170.0,4679.0,10223615.0,10138910.476000002,-0.8364988558352344
B_improved,5,10000000,False,127120:2024-11-27,127120,2024-11-28,2024-12-05,4100.0,4290.0,2472.0,10135200.0,10593387.676,4.484146341463408
B_improved,5,10000000,False,016090:2024-12-11,016090,2024-12-12,2024-12-19,2225.0,2330.0,4761.0,10593225.0,11077402.8385,4.569101123595503
B_improved,5,10000000,False,015360:2024-12-18,015360,2024-12-19,2024-12-27,11060.0,10760.0,1001.0,11071060.0,10760496.2485,-2.8624773960216987
B_improved,5,10000000,False,015360:2024-12-26,015360,2024-12-27,2025-01-07,10760.0,9880.0,1000.0,10760000.0,9864356.2485,-8.328438661710038
B_improved,5,10000000,False,319400:2025-01-06,319400,2025-01-07,2025-01-14,3660.0,3985.0,2695.0,9863700.0,10725435.6985,8.72978142076502
B_improved,5,10000000,False,204320:2025-01-14,204320,2025-01-15,2025-01-22,45000.0,45150.0,238.0,10710000.0,10745070.6985,0.18333333333333332
B_improved,5,10000000,False,136480:2025-01-21,136480,2025-01-22,2025-02-04,2910.0,2880.0,3692.0,10743720.0,10618195.1185,-1.180927835051547
B_improved,5,10000000,False,136480:2025-02-04,136480,2025-02-05,2025-02-12,2955.0,2905.0,3593.0,10617315.0,10422619.146,-1.8420473773265666
B_improved,5,10000000,False,204320:2025-02-13,204320,2025-02-14,2025-02-21,46650.0,45100.0,223.0,10402950.0,10061364.720999999,-3.472615219721336
B_improved,5,10000000,False,053350:2025-02-27,053350,2025-02-28,2025-03-10,4615.0,5390.0,2180.0,10060700.0,11735773.670999998,16.64306608884073
B_improved,5,10000000,False,011230:2025-03-19,011230,2025-03-20,2025-03-27,3730.0,4500.0,3146.0,11734580.0,14140591.800999999,20.49343163538875
B_improved,5,10000000,False,036620:2025-03-26,036620,2025-03-27,2025-04-03,3875.0,3810.0,3649.0,14139875.0,13882196.988499999,-1.8274193548387097
B_improved,5,10000000,False,310200:2025-04-02,310200,2025-04-03,2025-04-10,3250.0,3040.0,4271.0,13880750.0,12964465.863499999,-6.611538461538462
B_improved,5,10000000,False,127120:2025-04-09,127120,2025-04-10,2025-04-17,8020.0,9730.0,1616.0,12960320.0,15708385.383499999,21.1716957605985
B_improved,5,10000000,False,128540:2025-04-16,128540,2025-04-17,2025-04-24,1832.0,1854.0,8574.0,15707568.0,15873452.031499999,1.0508733624454152
B_improved,5,10000000,False,014830:2025-04-23,014830,2025-04-24,2025-05-02,89700.0,87600.0,176.0,15787200.0,15480171.231499998,-2.4911371237458244
B_improved,5,10000000,False,088980:2025-05-02,088980,2025-05-07,2025-05-14,11600.0,11540.0,1334.0,15474400.0,15376919.631499998,-0.6672413793103424
B_improved,5,10000000,False,114090:2025-05-13,114090,2025-05-14,2025-05-21,12740.0,13550.0,1206.0,15364440.0,16330732.971499998,6.207927786499214
B_improved,5,10000000,False,003570:2025-05-20,003570,2025-05-21,2025-05-28,39000.0,41150.0,418.0,16302000.0,17204979.971499998,5.362820512820512
B_improved,5,10000000,False,001130:2025-05-29,001130,2025-05-30,2025-06-10,14100.0,15360.0,1220.0,17202000.0,18716376.971499998,8.786170212765958
B_improved,5,10000000,False,000850:2025-06-09,000850,2025-06-10,2025-06-17,33000.0,32900.0,567.0,18711000.0,18631610.471499998,-0.453030303030303
B_improved,5,10000000,False,003080:2025-06-16,003080,2025-06-17,2025-06-24,2755.0,2820.0,6762.0,18629310.0,19043196.5065,2.2093466424682404
B_improved,5,10000000,False,415380:2025-06-23,415380,2025-06-24,2025-07-01,3229.0,3243.0,5897.0,19041413.0,19097192.387,0.28357076494270655
B_improved,5,10000000,False,015860:2025-06-30,015860,2025-07-01,2025-07-08,5620.0,5780.0,3398.0,19096760.0,19612227.246999998,2.6969750889679687
B_improved,5,10000000,False,000080:2025-07-07,000080,2025-07-08,2025-07-15,21800.0,21900.0,899.0,19598200.0,19672729.946999997,0.30871559633027146
B_improved,5,10000000,False,028670:2025-07-14,028670,2025-07-15,2025-07-22,4155.0,4175.0,4734.0,19669770.0,19737905.291999996,0.3313477737665403
B_improved,5,10000000,False,415380:2025-08-11,415380,2025-08-12,2025-08-20,3211.0,3250.0,6146.0,19734806.0,19947997.082999997,1.0645748987854309
B_improved,5,10000000,False,415380:2025-08-19,415380,2025-08-20,2025-08-27,3250.0,3656.0,6137.0,19945250.0,22409701.207999997,12.342307692307692
B_improved,5,10000000,False,003570:2025-08-26,003570,2025-08-27,2025-09-03,64000.0,64500.0,350.0,22400000.0,22551101.207999997,0.6312500000000001
B_improved,5,10000000,False,170920:2025-09-08,170920,2025-09-09,2025-09-16,12990.0,16350.0,1736.0,22550640.0,28350235.247999996,25.716050808314083
B_improved,5,10000000,False,265520:2025-09-18,265520,2025-09-19,2025-09-26,19480.0,18870.0,1455.0,28343400.0,27420170.147999994,-3.281416837782346
B_improved,5,10000000,False,265520:2025-10-10,265520,2025-10-13,2025-10-20,20350.0,19980.0,1347.0,27411450.0,26880662.972999994,-1.968181818181821
B_improved,5,10000000,False,011170:2025-10-17,011170,2025-10-20,2025-10-27,72000.0,77500.0,373.0,26856000.0,28891878.972999994,7.488888888888889
B_improved,5,10000000,False,015860:2025-10-24,015860,2025-10-27,2025-11-03,6590.0,7080.0,4384.0,28890560.0,30996703.132999994,7.285508345978756
B_improved,5,10000000,False,326030:2025-11-04,326030,2025-11-05,2025-11-12,123500.0,123000.0,250.0,30875000.0,30825390.632999994,-0.5548582995951417
B_improved,5,10000000,False,016360:2025-11-12,016360,2025-11-13,2025-11-20,82800.0,79500.0,372.0,30801600.0,29551588.232999995,-4.135507246376807
B_improved,5,10000000,False,138360:2025-11-25,138360,2025-11-26,2025-12-03,1079.0,1249.0,27387.0,29550573.0,34163052.3735,15.605329008341062
B_improved,5,10000000,False,051630:2025-12-05,051630,2025-12-08,2025-12-15,2915.0,3000.0,11719.0,34160885.0,35107926.046,2.7659519725557447
B_improved,5,10000000,False,015360:2025-12-12,015360,2025-12-15,2025-12-22,13940.0,13600.0,2518.0,35100920.0,34199154.66599999,-2.58902439024391
B_improved,5,10000000,False,011780:2025-12-19,011780,2025-12-22,2025-12-30,126400.0,121000.0,270.0,34128000.0,32689962.665999994,-4.422151898734177
A_baseline,5,1000000,True,114090:2023-01-02,114090,2023-01-03,2023-01-10,18750.0,19050.0,53.333333333333336,1000000.0,1014500.0,1.4500000000000002
A_baseline,5,1000000,True,004100:2023-01-09,004100,2023-01-10,2023-01-17,1585.0,1630.0,640.0630914826498,1014500.0,1041781.0891167192,2.6891167192428984
A_baseline,5,1000000,True,011170:2023-01-16,011170,2023-01-17,2023-01-26,184000.0,184400.0,5.6618537451995605,1041781.0891167191,1042483.1589811239,0.06739130434782527
A_baseline,5,1000000,True,003830:2023-01-25,003830,2023-01-26,2023-02-02,130100.0,133800.0,8.01293742491256,1042483.1589811239,1070567.3027148289,2.693966179861659
A_baseline,5,1000000,True,006800:2023-02-01,006800,2023-02-02,2023-02-09,6969.0,6989.0,153.6184965870037,1070567.3027148289,1072033.8216924965,0.1369852202611416
A_baseline,5,1000000,True,006800:2023-02-08,006800,2023-02-09,2023-02-16,6989.0,6989.0,153.38872824331042,1072033.8216924965,1070425.7709599577,-0.15000000000000538
A_baseline,5,1000000,True,073640:2023-02-15,073640,2023-02-16,2023-02-23,2360.0,2295.0,453.57024193218547,1070425.7709599577,1039338.0665779257,-2.9042372881355973
A_baseline,5,1000000,True,001130:2023-02-22,001130,2023-02-23,2023-03-03,15140.0,15440.0,68.64848524292772,1039338.0665779257,1058373.605050937,1.8315059445178254
A_baseline,5,1000000,True,000430:2023-03-02,000430,2023-03-03,2023-03-10,3435.0,3460.0,308.11458662327135,1058373.605050937,1064488.9093089425,0.5778020378457138
A_baseline,5,1000000,True,000430:2023-03-09,000430,2023-03-10,2023-03-17,3460.0,3400.0,307.6557541355325,1064488.9093089425,1044432.830696847,-1.8841040462427818
A_baseline,5,1000000,True,000850:2023-03-16,000850,2023-03-17,2023-03-24,36000.0,36000.0,29.012023074912417,1044432.830696847,1042866.1814508018,-0.15000000000000013
A_baseline,5,1000000,True,030210:2023-03-23,030210,2023-03-24,2023-03-31,5290.0,5270.0,197.13916473550128,1042866.1814508018,1037359.0988839156,-0.5280718336483913
A_baseline,5,1000000,True,000430:2023-03-30,000430,2023-03-31,2023-04-07,3500.0,3535.0,296.38831396683304,1037359.0988839157,1046176.6512244288,0.8499999999999931
A_baseline,5,1000000,True,004360:2023-04-06,004360,2023-04-07,2023-04-14,45800.0,45300.0,22.84228496123207,1046176.6512244289,1033186.243766976,-1.241703056768564
A_baseline,5,1000000,True,001460:2023-04-13,001460,2023-04-14,2023-04-21,49000.0,47200.0,21.085433546264817,1033186.243766976,993682.6840180488,-3.8234693877551127
A_baseline,5,1000000,True,053350:2023-04-20,053350,2023-04-21,2023-04-28,4700.0,4160.0,211.42184766341464,993682.6840180488,878024.3622537778,-11.639361702127662
A_baseline,5,1000000,True,011230:2023-04-27,011230,2023-04-28,2023-05-10,7328.0,8354.0,119.81773502371422,878024.3622537778,999640.3218447278,13.851091703056762
A_baseline,5,1000000,True,067570:2023-05-09,067570,2023-05-10,2023-05-17,3954.0,3558.0,252.8174814984137,999640.3218447278,898025.1386885889,-10.165174506828533
A_baseline,5,1000000,True,000850:2023-05-16,000850,2023-05-17,2023-05-24,38650.0,39350.0,23.234803070856117,898025.1386885889,912942.4631301553,1.6611254851229071
A_baseline,5,1000000,True,001740:2023-05-23,001740,2023-05-24,2023-06-01,4800.0,4890.0,190.19634648544903,912942.4631301553,928690.7206191506,1.7250000000000032
A_baseline,5,1000000,True,004870:2023-05-31,004870,2023-06-01,2023-06-09,3120.0,3020.0,297.65728224972776,928690.7206191506,897531.9563132491,-3.355128205128203
A_baseline,5,1000000,True,008260:2023-06-08,008260,2023-06-09,2023-06-16,6720.0,6790.0,133.56130302280494,897531.9563132492,905534.9495903755,0.891666666666665
A_baseline,5,1000000,True,085310:2023-06-15,085310,2023-06-16,2023-06-23,9720.0,9970.0,93.16203185086168,905534.9495903755,927467.1551287054,2.4220164609053545
A_baseline,5,1000000,True,319400:2023-06-22,319400,2023-06-23,2023-06-30,4690.0,4430.0,197.75419085899904,927467.1551287055,874659.8647726725,-5.693710021321971
A_baseline,5,1000000,True,003030:2023-06-29,003030,2023-06-30,2023-07-07,204000.0,193700.0,4.287548356728787,874659.8647726725,829186.126901207,-5.199019607843136
A_baseline,5,1000000,True,011230:2023-07-06,011230,2023-07-07,2023-07-14,7988.0,9572.0,103.80397182038145,829186.126901207,992367.8390743394,19.67974461692538
A_baseline,5,1000000,True,001740:2023-07-13,001740,2023-07-14,2023-07-21,5510.0,5880.0,180.10305609334654,992367.8390743394,1057517.418070266,6.565063520871138
A_baseline,5,1000000,True,016360:2023-07-20,016360,2023-07-21,2023-07-28,36000.0,35450.0,29.375483835285166,1057517.418070266,1039774.6258337538,-1.6777777777777718
A_baseline,5,1000000,True,220100:2023-08-01,220100,2023-08-02,2023-08-09,8703.0,10042.0,119.47312717841594,1039774.6258337538,1198189.4811869022,15.235499253131104
A_baseline,5,1000000,True,043910:2023-08-08,043910,2023-08-09,2023-08-17,12870.0,10810.0,93.09941578763808,1198189.4811869022,1004607.4004425873,-16.156216006216006
A_baseline,5,1000000,True,089850:2023-08-17,089850,2023-08-18,2023-08-25,7471.0,8074.0,134.46759475874546,1004607.4004425873,1084184.448981447,7.9212086735376745
A_baseline,5,1000000,True,085310:2023-08-24,085310,2023-08-25,2023-09-01,10720.0,10630.0,101.13660904677677,1084184.448981447,1073455.8774937647,-0.9895522388059788
A_baseline,5,1000000,True,105560:2023-08-31,105560,2023-09-01,2023-09-08,54200.0,54200.0,19.8054589943499,1073455.8774937647,1071845.693677524,-0.14999999999999886
A_baseline,5,1000000,True,016360:2023-09-07,016360,2023-09-08,2023-09-15,36800.0,38400.0,29.126241676019678,1071845.693677524,1116839.9118186394,4.197826086956528
A_baseline,5,1000000,True,246250:2023-09-14,246250,2023-09-15,2023-09-22,5000.0,4815.0,223.36798236372786,1116839.9118186394,1073841.5752136216,-3.850000000000014
A_baseline,5,1000000,True,089850:2023-09-21,089850,2023-09-22,2023-10-05,9159.0,8085.0,117.24441262295247,1073841.5752136216,946310.3136937503,-11.876170979364552
A_baseline,5,1000000,True,004270:2023-10-06,004270,2023-10-10,2023-10-17,18285.0,17132.0,51.75336689602135,946310.3136937503,885219.2161920972,-6.455715066994793
A_baseline,5,1000000,True,004100:2023-10-16,004100,2023-10-17,2023-10-24,3880.0,3255.0,228.1492825237364,885219.2161920972,741298.0857904739,-16.258247422680405
A_baseline,5,1000000,True,003570:2023-10-23,003570,2023-10-24,2023-10-31,11990.0,13600.0,61.82636245124886,741298.0857904739,839726.5822082988,13.277856547122607
A_baseline,5,1000000,True,015360:2023-10-30,015360,2023-10-31,2023-11-07,6630.0,6770.0,126.65559309325775,839726.5822082988,856198.7753680425,1.9616138763197635
A_baseline,5,1000000,True,015360:2023-11-06,015360,2023-11-07,2023-11-14,6770.0,6950.0,126.46953845909047,856198.7753680425,877678.9941276268,2.5087887740029564
A_baseline,5,1000000,True,015360:2023-11-13,015360,2023-11-14,2023-11-21,6950.0,6990.0,126.28474735649306,877678.9941276268,881413.8655306951,0.42553956834532625
A_baseline,5,1000000,True,215200:2023-11-24,215200,2023-11-27,2023-12-04,61400.0,59700.0,14.355274682910343,881413.8655306951,855687.7777714514,-2.9187296416938167
A_baseline,5,1000000,True,015360:2023-12-05,015360,2023-12-06,2023-12-13,7070.0,7040.0,121.0308030794132,855687.7777714514,850773.3220124118,-0.5743281471004291
A_baseline,5,1000000,True,015360:2023-12-12,015360,2023-12-13,2023-12-20,7040.0,6960.0,120.8484832403994,850773.3220124118,839829.2833701612,-1.286363636363638
A_baseline,5,1000000,True,016450:2023-12-19,016450,2023-12-20,2023-12-28,5080.0,4925.0,165.32072507286637,839829.2833701612,812944.8270588116,-3.2011811023622183
A_baseline,5,1000000,True,006800:2023-12-28,006800,2024-01-02,2024-01-09,7477.0,7119.0,108.72607022319266,812944.8270588116,772801.4766783203,-4.938016584191526
A_baseline,5,1000000,True,003530:2024-01-10,003530,2024-01-11,2024-01-18,3800.0,3485.0,203.36880965218955,772801.4766783203,707581.0994228631,-8.43947368421053
A_baseline,5,1000000,True,003530:2024-01-18,003530,2024-01-19,2024-01-26,3615.0,3500.0,195.73474396206447,707581.0994228631,684010.2322180914,-3.331189488243432
A_baseline,5,1000000,True,170920:2024-01-25,170920,2024-01-26,2024-02-02,17700.0,14510.0,38.64464588802776,684010.2322180914,559707.7964869557,-18.172598870056493
A_baseline,5,1000000,True,003030:2024-02-01,003030,2024-02-02,2024-02-13,223500.0,212000.0,2.5042854428946564,559707.7964869557,530068.9521989367,-5.295413870246088
A_baseline,5,1000000,True,043650:2024-02-13,043650,2024-02-14,2024-02-21,6420.0,6480.0,82.5652573518593,530068.9521989367,534227.7642117499,0.7845794392523397
A_baseline,5,1000000,True,014160:2024-02-20,014160,2024-02-21,2024-02-28,1258.0,1190.0,424.6643594687996,534227.7642117499,504549.2461215539,-5.555405405405408
A_baseline,5,1000000,True,163560:2024-02-27,163560,2024-02-28,2024-03-07,9320.0,8620.0,54.136185206175305,504549.2461215538,465897.0926080489,-7.660729613733898
A_baseline,5,1000000,True,001460:2024-03-06,001460,2024-03-07,2024-03-14,49950.0,47500.0,9.32726912128226,465897.0926080489,442346.4376219953,-5.054904904904901
A_baseline,5,1000000,True,006220:2024-03-13,006220,2024-03-14,2024-03-21,14300.0,12530.0,30.933317316223448,442346.4376219953,386930.9463158468,-12.527622377622372
A_baseline,5,1000000,True,014160:2024-03-20,014160,2024-03-21,2024-03-28,1866.0,1677.0,207.35849213067888,386930.9463158468,347159.7948836747,-10.278617363344058
A_baseline,5,1000000,True,014830:2024-03-27,014830,2024-03-28,2024-04-04,78100.0,85400.0,4.445067796205822,347159.7948836747,379088.05010365165,9.196991037131868
A_baseline,5,1000000,True,006360:2024-04-03,006360,2024-04-04,2024-04-12,15760.0,14580.0,24.053810285764698,379088.05010365165,350135.9218912938,-7.637309644670063
A_baseline,5,1000000,True,003030:2024-04-11,003030,2024-04-12,2024-04-19,233500.0,216000.0,1.4995114427892666,350135.9218912938,323369.2677596446,-7.644646680942205
A_baseline,5,1000000,True,265520:2024-04-18,265520,2024-04-19,2024-04-26,32500.0,33500.0,9.94982362337368,323369.2677596446,332834.0374813788,2.9269230769230794
A_baseline,5,1000000,True,014830:2024-04-25,014830,2024-04-26,2024-05-07,93700.0,98400.0,3.552124199374374,332834.0374813788,349029.77016221633,4.866008537886879
A_baseline,5,1000000,True,094280:2024-05-03,094280,2024-05-07,2024-05-14,12730.0,12890.0,27.41789239294708,349029.77016221633,352893.0882898445,1.1068735271013281
A_baseline,5,1000000,True,036620:2024-05-13,036620,2024-05-14,2024-05-22,3840.0,4220.0,91.89924174214701,352893.0882898445,387285.46051942563,9.745833333333339
A_baseline,5,1000000,True,001130:2024-05-21,001130,2024-05-22,2024-05-29,14050.0,13800.0,27.56480146045734,387285.46051942563,379813.33196353214,-1.9293594306049866
A_baseline,5,1000000,True,051630:2024-05-28,051630,2024-05-29,2024-06-05,3206.0,3320.0,118.46953585886841,379813.33196353214,392749.1390534978,3.4058328134747273
A_baseline,5,1000000,True,014830:2024-06-04,014830,2024-06-05,2024-06-13,111700.0,112500.0,3.5161068849910277,392749.1390534978,394972.90085291036,0.5662041181736721
A_baseline,5,1000000,True,051630:2024-06-12,051630,2024-06-13,2024-06-20,3343.0,3343.0,118.14923746721817,394972.90085291036,394380.441501631,-0.14999999999999997
A_baseline,5,1000000,True,011780:2024-06-19,011780,2024-06-20,2024-06-27,150200.0,146100.0,2.6257020073344273,394380.441501631,383023.4926093074,-2.879693741677761
A_baseline,5,1000000,True,010130:2024-06-26,010130,2024-06-27,2024-07-04,517000.0,524000.0,0.7408578193603624,383023.4926093074,387634.96210591594,1.2039651837524077
A_baseline,5,1000000,True,003570:2024-07-04,003570,2024-07-05,2024-07-12,20300.0,19880.0,19.095318330340685,387634.96210591594,379033.47596401395,-2.2189655172413856
A_baseline,5,1000000,True,011780:2024-07-11,011780,2024-07-12,2024-07-19,164200.0,155100.0,2.308364652643203,379033.47596401395,357458.8074110148,-5.692021924482335
A_baseline,5,1000000,True,003570:2024-07-18,003570,2024-07-19,2024-07-26,21100.0,20800.0,16.941175706683165,357458.8074110148,351840.2664878933,-1.5718009478673067
A_baseline,5,1000000,True,053350:2024-07-25,053350,2024-07-26,2024-08-02,3705.0,3910.0,94.96363467959333,351840.2664878933,370780.051197478,5.38306342780025
A_baseline,5,1000000,True,003570:2024-08-01,003570,2024-08-02,2024-08-09,21200.0,23950.0,17.48962505648481,370780.051197478,418320.350026015,12.82169811320754
A_baseline,5,1000000,True,006360:2024-08-08,006360,2024-08-09,2024-08-19,18860.0,19310.0,22.180294274974287,418320.3500260151,427674.0019247144,2.2360021208907734
A_baseline,5,1000000,True,000080:2024-08-19,000080,2024-08-20,2024-08-27,22250.0,21450.0,19.221303457290535,427674.0019247144,411655.4481559949,-3.745505617977539
A_baseline,5,1000000,True,004100:2024-08-26,004100,2024-08-27,2024-09-03,3120.0,3030.0,131.94084876794707,411655.4481559949,399163.2885946457,-3.0346153846153765
A_baseline,5,1000000,True,064850:2024-09-02,064850,2024-09-03,2024-09-10,11290.0,14900.0,35.35547286046463,399163.2885946457,526197.800688031,31.825199291408325
A_baseline,5,1000000,True,006800:2024-09-09,006800,2024-09-10,2024-09-20,8333.0,8851.0,63.146261933041046,526197.800688031,558118.2676683142,6.066248649945986
A_baseline,5,1000000,True,010130:2024-09-19,010130,2024-09-20,2024-09-27,720000.0,718000.0,0.7751642606504363,558118.2676683142,555730.7617455107,-0.42777777777779186
A_baseline,5,1000000,True,006800:2024-09-26,006800,2024-09-27,2024-10-08,8662.0,8572.0,64.15732645411114,555730.7617455107,549123.0062220225,-1.1890210113137853
A_baseline,5,1000000,True,081580:2024-10-07,081580,2024-10-08,2024-10-16,5070.0,4750.0,108.308285250892,549123.0062220225,513640.6704324039,-6.461637080867863
A_baseline,5,1000000,True,015360:2024-10-15,015360,2024-10-16,2024-10-23,9400.0,10040.0,54.642624514085526,513640.6704324039,547841.4891157701,6.658510638297881
A_baseline,5,1000000,True,004870:2024-10-22,004870,2024-10-23,2024-10-30,2782.0,3291.0,196.9236121911467,547841.4891157701,647253.8454873901,18.146189791516885
A_baseline,5,1000000,True,001740:2024-10-29,001740,2024-10-30,2024-11-06,5210.0,5160.0,124.23298377876968,647253.8454873901,640071.3155302204,-1.109692898272568
A_baseline,5,1000000,True,016360:2024-11-05,016360,2024-11-06,2024-11-13,46650.0,45200.0,13.720714159275893,640071.3155302204,619216.173025975,-3.258252947481246
A_baseline,5,1000000,True,127120:2024-11-12,127120,2024-11-13,2024-11-20,3965.0,3780.0,156.17053544160783,619216.173025975,589395.7997097386,-4.815825977301389
A_baseline,5,1000000,True,000080:2024-11-19,000080,2024-11-20,2024-11-27,20750.0,20700.0,28.40461685348138,589395.7997097386,587091.4751675,-0.3909638554216754
A_baseline,5,1000000,True,016090:2024-11-26,016090,2024-11-27,2024-12-04,2145.0,2125.0,273.7023194254079,587091.4751675,580736.7915662406,-1.082400932400926
A_baseline,5,1000000,True,003530:2024-12-03,003530,2024-12-04,2024-12-11,3745.0,3650.0,155.06990429005089,580736.7915662406,565134.0454713363,-2.686715620827781
A_baseline,5,1000000,True,006040:2024-12-10,006040,2024-12-11,2024-12-18,32507.0,35553.0,17.38499540010879,565134.0454713363,617241.0403918608,9.220289476112848
A_baseline,5,1000000,True,015360:2024-12-17,015360,2024-12-18,2024-12-26,10640.0,10960.0,58.01137597667864,617241.0403918608,634878.8191438102,2.8575187969924905
A_baseline,5,1000000,True,015360:2024-12-26,015360,2024-12-27,2025-01-07,10760.0,9880.0,59.003607727119906,634878.8191438102,582003.3261152289,-8.328438661710042
A_baseline,5,1000000,True,058860:2025-01-06,058860,2025-01-07,2025-01-14,2720.0,2660.0,213.97181107177533,582003.3261152289,568292.0124617496,-2.3558823529411703
A_baseline,5,1000000,True,025980:2025-01-13,025980,2025-01-14,2025-01-21,5570.0,5650.0,102.02729128577192,568292.0124617496,575601.7577459187,1.2862657091561882
A_baseline,5,1000000,True,003030:2025-01-20,003030,2025-01-21,2025-02-03,218500.0,205500.0,2.634332987395509,575601.7577459187,540492.0262731581,-6.099656750572093
A_baseline,5,1000000,True,016090:2025-01-31,016090,2025-02-03,2025-02-10,2305.0,2280.0,234.48677929421177,540492.0262731581,533819.118751393,-1.234598698481574
A_baseline,5,1000000,True,016090:2025-02-07,016090,2025-02-10,2025-02-17,2280.0,2150.0,234.13119243482151,533819.118751393,502581.33505673916,-5.851754385964913
A_baseline,5,1000000,True,025980:2025-02-14,025980,2025-02-17,2025-02-24,6090.0,6020.0,82.52567078107376,502581.33505673916,496050.6660994789,-1.2994252873563201
A_baseline,5,1000000,True,015360:2025-02-21,015360,2025-02-24,2025-03-04,10760.0,9780.0,46.10136302039767,496050.66609947896,450127.2543403399,-9.257806691449822
A_baseline,5,1000000,True,136480:2025-02-28,136480,2025-03-04,2025-03-11,2925.0,3140.0,153.88965960353502,450127.2543403399,482538.3402735895,7.20042735042736
A_baseline,5,1000000,True,014830:2025-03-10,014830,2025-03-11,2025-03-18,81000.0,78300.0,5.957263460167772,482538.3402735895,465729.92142072617,-3.483333333333322
A_baseline,5,1000000,True,006040:2025-03-17,006040,2025-03-18,2025-03-25,36400.0,37800.0,12.79477806100896,465729.92142072617,482944.0158240076,3.696153846153847
A_baseline,5,1000000,True,030210:2025-03-25,030210,2025-03-26,2025-04-02,3340.0,3060.0,144.59401671377475,482944.0158240077,441733.2751204147,-8.533233532934133
A_baseline,5,1000000,True,015020:2025-04-01,015020,2025-04-02,2025-04-09,3998.0,4150.0,110.48856306163448,441733.2751204147,457864.9367931025,3.6519009504752327
A_baseline,5,1000000,True,096870:2025-04-08,096870,2025-04-09,2025-04-16,2650.0,2700.0,172.77922143135942,457864.9367931025,465817.1004594808,1.7367924528301846
A_baseline,5,1000000,True,002700:2025-04-15,002700,2025-04-16,2025-04-23,1515.0,1555.0,307.470033306588,465817.10045948083,477417.17614105507,2.490264026402639
A_baseline,5,1000000,True,002700:2025-04-22,002700,2025-04-23,2025-04-30,1555.0,1525.0,307.02069205212547,477417.1761410551,467490.4296152797,-2.0792604501607723
A_baseline,5,1000000,True,006800:2025-04-29,006800,2025-04-30,2025-05-12,10833.0,11938.0,43.15429055804299,467490.42961527966,514474.6850374943,10.050313855810947
A_baseline,5,1000000,True,000850:2025-05-09,000850,2025-05-12,2025-05-19,29200.0,29400.0,17.618996062927888,514474.68503749435,517226.7722225236,0.534931506849306
A_baseline,5,1000000,True,003570:2025-05-16,003570,2025-05-19,2025-05-26,34850.0,39700.0,14.841514267504264,517226.7722225236,588432.2762615855,13.76678622668581
A_baseline,5,1000000,True,000850:2025-05-23,000850,2025-05-26,2025-06-02,29800.0,31500.0,19.74604953897938,588432.2762615855,621117.9120634581,5.554697986577184
A_baseline,5,1000000,True,001130:2025-05-30,001130,2025-06-02,2025-06-11,14260.0,15400.0,43.556655824926935,621117.9120634581,669840.8228357796,7.8443899018232806
A_baseline,5,1000000,True,088980:2025-06-10,088980,2025-06-11,2025-06-18,11830.0,11750.0,56.6222166386965,669840.8228357796,664306.2842704302,-0.8262468300929878
A_baseline,5,1000000,True,000080:2025-06-17,000080,2025-06-18,2025-06-25,19990.0,20450.0,33.23193017861082,664306.2842704302,678596.5127261856,2.1511505752876534
A_baseline,5,1000000,True,001130:2025-06-24,001130,2025-06-25,2025-07-02,14960.0,15400.0,45.36072946030652,678596.5127261856,697537.3389196312,2.791176470588236
A_baseline,5,1000000,True,000080:2025-07-01,000080,2025-07-02,2025-07-09,20850.0,21550.0,33.45502824554586,697537.3389196312,719909.5526831339,3.2073141486810557
A_baseline,5,1000000,True,000850:2025-07-08,000850,2025-07-09,2025-07-16,33400.0,34300.0,21.554178224045923,719909.5526831339,738228.4487557504,2.544610778443105
A_baseline,5,1000000,True,000850:2025-07-15,000850,2025-07-16,2025-07-23,34300.0,33100.0,21.52269529900147,738228.4487557504,711293.8717238151,-3.64854227405247
A_baseline,5,1000000,True,015360:2025-07-22,015360,2025-07-23,2025-07-30,12540.0,11920.0,56.721999340017156,711293.8717238151,675059.2913254187,-5.094178628389154
A_baseline,5,1000000,True,003570:2025-07-29,003570,2025-07-30,2025-08-06,55000.0,58800.0,12.273805296825795,675059.2913254187,720687.1625163687,6.759090909090913
A_baseline,5,1000000,True,064850:2025-08-05,064850,2025-08-06,2025-08-13,8420.0,8300.0,85.59229958626706,720687.1625163687,709335.0558222419,-1.5751781472684274
A_baseline,5,1000000,True,015360:2025-08-12,015360,2025-08-13,2025-08-21,12760.0,12800.0,55.59052161616316,709335.0558222419,710494.674103155,0.16347962382444226
A_baseline,5,1000000,True,001740:2025-08-20,001740,2025-08-21,2025-08-28,4530.0,4420.0,156.84209141350001,710494.674103155,692176.3020365153,-2.578256070640174
A_baseline,5,1000000,True,014680:2025-08-27,014680,2025-08-28,2025-09-04,173900.0,162500.0,3.9803122601294727,692176.3020365153,645762.4778179845,-6.705491661874645
A_baseline,5,1000000,True,319400:2025-09-03,319400,2025-09-04,2025-09-11,6530.0,8520.0,98.89165050811401,645762.4778179845,841588.2186124043,30.324732006125554
A_baseline,5,1000000,True,010130:2025-09-11,010130,2025-09-12,2025-09-19,925000.0,973000.0,0.9098251012025993,841588.2186124043,883997.4411422105,5.039189189189194
A_baseline,5,1000000,True,011170:2025-09-18,011170,2025-09-19,2025-09-26,67300.0,64100.0,13.135177431533588,883997.4411422105,840638.8771995897,-4.904829123328376
A_baseline,5,1000000,True,064850:2025-09-25,064850,2025-09-26,2025-10-10,8610.0,8650.0,97.63517737509753,840638.8771995897,843283.3259787943,0.3145760743321712
A_baseline,5,1000000,True,006800:2025-10-02,006800,2025-10-10,2025-10-17,22203.0,21705.0,37.980602890546066,843283.3259787944,823104.060750334,-2.3929401432238957
A_baseline,5,1000000,True,006800:2025-10-16,006800,2025-10-17,2025-10-24,21705.0,23647.0,37.92232484452126,823104.060750334,895514.5595072688,8.797247178069565
A_baseline,5,1000000,True,014680:2025-10-24,014680,2025-10-27,2025-11-03,215000.0,232500.0,4.165183997708227,895514.5595072688,967062.0076279019,7.989534883720925
A_baseline,5,1000000,True,064850:2025-10-31,064850,2025-11-03,2025-11-10,8970.0,8530.0,107.81070319151637,967062.0076279019,918174.7052121927,-5.055239687848391
A_baseline,5,1000000,True,309960:2025-11-07,309960,2025-11-10,2025-11-17,5580.0,5310.0,164.54743821007037,918174.7052121926,872369.6348376556,-4.988709677419339
A_baseline,5,1000000,True,014680:2025-11-14,014680,2025-11-17,2025-11-24,222000.0,211500.0,3.9295929497191695,872369.6348376556,829800.3544133478,-4.879729729729735
A_baseline,5,1000000,True,064850:2025-11-21,064850,2025-11-24,2025-12-01,8700.0,8690.0,95.379351081994,829800.3544133478,827601.8603709078,-0.26494252873563295
A_baseline,5,1000000,True,056080:2025-11-28,056080,2025-12-01,2025-12-08,12700.0,12560.0,65.16550081660691,827601.8603709077,817237.2874660266,-1.2523622047243947
A_baseline,5,1000000,True,051630:2025-12-05,051630,2025-12-08,2025-12-15,2915.0,3000.0,280.35584475678445,817237.2874660267,839841.6783391542,2.7659519725557433
A_baseline,5,1000000,True,015360:2025-12-12,015360,2025-12-15,2025-12-22,13940.0,13600.0,60.246892276840335,839841.6783391542,818097.9724475199,-2.58902439024389
A_baseline,5,1000000,True,001740:2025-12-19,001740,2025-12-22,2025-12-30,4665.0,4480.0,175.36934028885742,818097.9724475199,784427.49753541,-4.115702036441586
A_baseline,5,1000000,True,048770:2025-12-29,048770,2025-12-30,2026-01-08,3365.0,3200.0,233.11366940131055,784427.49753541,744787.1008378906,-5.053417533432391
B_improved,5,1000000,True,105560:2023-01-10,105560,2023-01-11,2023-01-18,57700.0,58900.0,17.33102253032929,1000000.0,1019297.2270363951,1.929722703639511
B_improved,5,1000000,True,004100:2023-01-17,004100,2023-01-18,2023-01-27,1710.0,1634.0,596.080249728886,1019297.227036395,972466.1822164452,-4.5944444444444414
B_improved,5,1000000,True,003830:2023-01-26,003830,2023-01-27,2023-02-03,135000.0,133400.0,7.203453201603298,972466.1822164452,959481.9578205553,-1.335185185185181
B_improved,5,1000000,True,002700:2023-02-02,002700,2023-02-03,2023-02-10,2100.0,2110.0,456.8961703907406,959481.9578205553,962611.6965877318,0.32619047619047037
B_improved,5,1000000,True,094280:2023-02-09,094280,2023-02-10,2023-02-17,15010.0,14300.0,64.13135886660439,962611.6965877318,915634.5142475611,-4.880179880079948
B_improved,5,1000000,True,006800:2023-02-16,006800,2023-02-17,2023-02-24,7298.0,7079.0,125.46375914600728,915634.5142475611,886784.4992232142,-3.1508221430528853
B_improved,5,1000000,True,000850:2023-02-23,000850,2023-02-24,2023-03-06,33650.0,35500.0,26.353179768891952,886784.4992232142,934207.7050468295,5.347771173848441
B_improved,5,1000000,True,001130:2023-03-07,001130,2023-03-08,2023-03-15,15570.0,14330.0,60.00049486492161,934207.7050468295,858405.7798567564,-8.114033397559414
B_improved,5,1000000,True,000850:2023-03-17,000850,2023-03-20,2023-03-27,37600.0,37350.0,22.829940953637138,858405.7798567563,851410.6859485621,-0.814893617021267
B_improved,5,1000000,True,265520:2023-03-28,265520,2023-03-29,2023-04-05,23000.0,22650.0,37.01785591080705,851410.6859485621,837177.3203508569,-1.6717391304347744
B_improved,5,1000000,True,004100:2023-04-04,004100,2023-04-05,2023-04-12,1810.0,1836.0,462.52890627119166,837177.3203508569,847947.3059333815,1.2864640883977878
B_improved,5,1000000,True,126640:2023-04-11,126640,2023-04-12,2023-04-19,1765.0,1792.0,480.423402795117,847947.3059333815,859646.8168499495,1.3797450424929063
B_improved,5,1000000,True,344820:2023-04-19,344820,2023-04-20,2023-04-27,44850.0,44200.0,19.167153107022287,859646.8168499495,845898.6971051102,-1.5992753623188372
B_improved,5,1000000,True,064850:2023-04-26,064850,2023-04-27,2023-05-08,8200.0,8070.0,103.15837769574514,845898.6971051102,831219.2599590058,-1.7353658536585215
B_improved,5,1000000,True,000430:2023-05-10,000430,2023-05-11,2023-05-18,4510.0,4700.0,184.30582260731836,831219.2599590059,864990.5373644576,4.062860310421272
B_improved,5,1000000,True,088980:2023-05-30,088980,2023-05-31,2023-06-08,13166.0,13315.0,65.69881037250931,864990.5373644576,873482.1743039149,0.9817028710314525
B_improved,5,1000000,True,126640:2023-06-07,126640,2023-06-08,2023-06-15,2090.0,1951.0,417.9340546908684,873482.1743039149,814079.1174404284,-6.800717703349278
B_improved,5,1000000,True,204320:2023-06-15,204320,2023-06-16,2023-06-23,49400.0,50900.0,16.479334361142275,814079.1174404284,837577.0003059811,2.886437246963565
B_improved,5,1000000,True,026890:2023-06-26,026890,2023-06-27,2023-07-04,6860.0,6880.0,122.09577263935586,837577.0003059811,838762.5502583093,0.14154518950438033
B_improved,5,1000000,True,001740:2023-07-12,001740,2023-07-13,2023-07-20,5450.0,5810.0,153.90138536849713,838762.5502583093,892908.9051655809,6.455504587155972
B_improved,5,1000000,True,001740:2023-07-19,001740,2023-07-20,2023-07-27,5810.0,5930.0,153.68483737789688,892908.9051655809,910011.7222931802,1.9154044750430304
B_improved,5,1000000,True,326030:2023-08-01,326030,2023-08-02,2023-08-09,90000.0,92200.0,10.111241358813112,910011.7222931801,930891.4356991292,2.294444444444443
B_improved,5,1000000,True,001740:2023-08-09,001740,2023-08-10,2023-08-18,6500.0,6320.0,143.21406703063528,930891.4356991294,903716.5664800662,-2.919230769230773
B_improved,5,1000000,True,026890:2023-08-21,026890,2023-08-22,2023-08-29,7260.0,7740.0,124.4788659063452,903716.5664800662,962110.8472653917,6.461570247933881
B_improved,5,1000000,True,026890:2023-08-29,026890,2023-08-30,2023-09-06,7850.0,7370.0,122.56189137138747,962110.8472653917,901837.9731362276,-6.264649681528669
B_improved,5,1000000,True,003570:2023-09-06,003570,2023-09-07,2023-09-14,11400.0,11920.0,79.1085941347568,901837.9731362275,941621.6851265968,4.4114035087719365
B_improved,5,1000000,True,016360:2023-09-13,016360,2023-09-14,2023-09-21,38300.0,38300.0,24.585422588161798,941621.6851265968,940209.252598907,-0.1499999999999947
B_improved,5,1000000,True,105630:2023-10-31,105630,2023-11-01,2023-11-08,23000.0,22750.0,40.87866315647422,940209.252598907,928579.2729308901,-1.2369565217391283
B_improved,5,1000000,True,105630:2023-11-09,105630,2023-11-10,2023-11-17,23700.0,23650.0,39.18056003927806,928579.2729308901,925227.3760195299,-0.36097046413501777
B_improved,5,1000000,True,279600:2023-12-11,279600,2023-12-12,2023-12-19,16221.0,16137.0,57.03886172366253,925227.3760195299,919048.270570713,-0.6678472350656508
B_improved,5,1000000,True,279600:2023-12-19,279600,2023-12-20,2023-12-28,17190.0,22201.0,53.46412277898272,919048.270570713,1185578.4174103392,29.000668993600918
B_improved,5,1000000,True,326030:2024-01-02,326030,2024-01-03,2024-01-10,103300.0,97300.0,11.477041794872596,1185578.4174103392,1114937.7990149881,-5.95832526621491
B_improved,5,1000000,True,089850:2024-01-11,089850,2024-01-12,2024-01-19,8708.0,8504.0,128.0360357160069,1114937.7990149881,1087146.0410304002,-2.4926734037666542
B_improved,5,1000000,True,003830:2024-01-29,003830,2024-01-30,2024-02-06,114600.0,120900.0,9.48644014860733,1087146.0410304002,1145279.8949050808,5.347382198952879
B_improved,5,1000000,True,163560:2024-02-05,163560,2024-02-06,2024-02-15,6650.0,6670.0,172.22254058723018,1145279.8949050808,1147006.4258744677,0.15075187969924267
B_improved,5,1000000,True,006800:2024-02-16,006800,2024-02-19,2024-02-26,8911.0,8911.0,128.71803679435166,1147006.4258744677,1145285.916235656,-0.14999999999999938
B_improved,5,1000000,True,001130:2024-02-23,001130,2024-02-26,2024-03-05,14220.0,13800.0,80.54050043851308,1145285.916235656,1109740.977177127,-3.1035864978902956
B_improved,5,1000000,True,088980:2024-03-06,088980,2024-03-07,2024-03-14,12927.0,12877.0,85.84675308866149,1109740.977177127,1103784.0280569284,-0.5367873443180798
B_improved,5,1000000,True,015860:2024-03-18,015860,2024-03-19,2024-03-26,4520.0,4350.0,244.20000620728504,1103784.0280569284,1060614.3509596046,-3.911061946902652
B_improved,5,1000000,True,015360:2024-03-25,015360,2024-03-26,2024-04-02,8280.0,7700.0,128.09352064729524,1060614.3509596046,984729.1874577339,-7.154830917874401
B_improved,5,1000000,True,014830:2024-04-03,014830,2024-04-04,2024-04-12,85400.0,86300.0,11.530786738380959,984729.1874577339,993629.8017410901,0.903864168618264
B_improved,5,1000000,True,026890:2024-04-16,026890,2024-04-17,2024-04-24,8490.0,8850.0,117.0353123369953,993629.8017410901,1034272.0694797968,4.090282685512366
B_improved,5,1000000,True,026890:2024-04-23,026890,2024-04-24,2024-05-02,8850.0,8770.0,116.86690050619173,1034272.0694797968,1023371.3093350817,-1.0539548022598915
B_improved,5,1000000,True,015360:2024-05-08,015360,2024-05-09,2024-05-17,8300.0,8490.0,123.29774811266044,1023371.3093350817,1045262.8245124845,2.139156626506014
B_improved,5,1000000,True,001130:2024-05-16,001130,2024-05-17,2024-05-24,14100.0,14030.0,74.13211521365139,1045262.8245124846,1038505.6822107602,-0.6464539007092168
B_improved,5,1000000,True,094280:2024-05-23,094280,2024-05-24,2024-05-31,13470.0,13300.0,77.09767499708687,1038505.6822107602,1023841.3189379392,-1.4120638455827803
B_improved,5,1000000,True,051630:2024-06-07,051630,2024-06-10,2024-06-17,3366.0,3283.0,304.17151483598906,1023841.3189379391,997059.3212281453,-2.6158348187759923
B_improved,5,1000000,True,003570:2024-06-20,003570,2024-06-21,2024-06-28,20450.0,21900.0,48.75595702827116,997059.3212281453,1066259.8699372963,6.940464547677264
B_improved,5,1000000,True,270870:2024-06-27,270870,2024-06-28,2024-07-05,10910.0,9600.0,97.73234371560919,1066259.8699372963,936631.1098649423,-12.157332722273145
B_improved,5,1000000,True,011780:2024-07-11,011780,2024-07-12,2024-07-19,164200.0,155100.0,5.704208951674436,936631.1098649424,883317.8617399075,-5.692021924482334
B_improved,5,1000000,True,053350:2024-08-02,053350,2024-08-05,2024-08-12,3975.0,3505.0,222.218329997461,883317.8617399075,777550.269848491,-11.973899371069187
B_improved,5,1000000,True,000080:2024-08-19,000080,2024-08-20,2024-08-27,22250.0,21450.0,34.946079543752404,777550.269848491,748427.0808087162,-3.745505617977534
B_improved,5,1000000,True,064850:2024-08-26,064850,2024-08-27,2024-09-03,8680.0,11290.0,86.22431806552031,748427.0808087162,972349.9103385111,29.91912442396313
B_improved,5,1000000,True,081580:2024-09-24,081580,2024-09-25,2024-10-04,4345.0,4595.0,223.78594023901292,972349.9103385111,1026837.8705327567,5.603739930955131
B_improved,5,1000000,True,326030:2024-10-11,326030,2024-10-14,2024-10-21,120000.0,124000.0,8.556982254439639,1026837.8705327567,1059525.542744716,3.183333333333318
B_improved,5,1000000,True,015360:2024-10-18,015360,2024-10-21,2024-10-28,9590.0,10200.0,110.4823297961122,1059525.542744716,1125330.4756062273,6.210792492179353
B_improved,5,1000000,True,006800:2024-10-25,006800,2024-10-28,2024-11-04,9120.0,8722.0,123.39149951822668,1125330.4756062273,1074532.6630845638,-4.514035087719293
B_improved,5,1000000,True,127120:2024-11-12,127120,2024-11-13,2024-11-20,3965.0,3780.0,271.00445475020524,1074532.6630845638,1022785.039961149,-4.815825977301387
B_improved,5,1000000,True,016090:2024-11-20,016090,2024-11-21,2024-11-28,2185.0,2170.0,468.0938397991529,1022785.039961149,1014229.45480422,-0.8364988558352369
B_improved,5,1000000,True,127120:2024-11-27,127120,2024-11-28,2024-12-05,4100.0,4290.0,247.37303775712684,1014229.45480422,1059708.9877958677,4.48414634146341
B_improved,5,1000000,True,016090:2024-12-11,016090,2024-12-12,2024-12-19,2225.0,2330.0,476.2737023801653,1059708.9877958677,1108128.1630640912,4.569101123595502
B_improved,5,1000000,True,015360:2024-12-18,015360,2024-12-19,2024-12-27,11060.0,10760.0,100.19241980687985,1108128.1630640912,1076408.244877431,-2.8624773960217054
B_improved,5,1000000,True,015360:2024-12-26,015360,2024-12-27,2025-01-07,10760.0,9880.0,100.03794097373894,1076408.244877431,986760.2444532246,-8.328438661710043
B_improved,5,1000000,True,319400:2025-01-06,319400,2025-01-07,2025-01-14,3660.0,3985.0,269.6066241675477,986760.2444532246,1072902.256940998,8.729781420765043
B_improved,5,1000000,True,204320:2025-01-14,204320,2025-01-15,2025-01-22,45000.0,45150.0,23.84227237646662,1072902.256940998,1074869.2444120564,0.18333333333333363
B_improved,5,1000000,True,136480:2025-01-21,136480,2025-01-22,2025-02-04,2910.0,2880.0,369.37087436840426,1074869.2444120564,1062175.814314386,-1.180927835051554
B_improved,5,1000000,True,136480:2025-02-04,136480,2025-02-05,2025-02-12,2955.0,2905.0,359.4503601740731,1062175.814314386,1042610.0325842109,-1.8420473773265666
B_improved,5,1000000,True,204320:2025-02-13,204320,2025-02-14,2025-02-21,46650.0,45100.0,22.349625564506127,1042610.0325842109,1006404.19791035,-3.4726152197213285
B_improved,5,1000000,True,053350:2025-02-27,053350,2025-02-28,2025-03-10,4615.0,5390.0,218.07241558187434,1006404.19791035,1173900.7136894371,16.643066088840737
B_improved,5,1000000,True,011230:2025-03-19,011230,2025-03-20,2025-03-27,3730.0,4500.0,314.71868999716816,1173900.7136894371,1414473.2539167225,20.493431635388745
B_improved,5,1000000,True,036620:2025-03-26,036620,2025-03-27,2025-04-03,3875.0,3810.0,365.0253558494768,1414473.2539167225,1388624.8959056314,-1.8274193548387134
B_improved,5,1000000,True,310200:2025-04-02,310200,2025-04-03,2025-04-10,3250.0,3040.0,427.26919874019427,1388624.8959056314,1296815.4268263322,-6.611538461538453
B_improved,5,1000000,True,127120:2025-04-09,127120,2025-04-10,2025-04-17,8020.0,9730.0,161.6976841429342,1296815.4268263322,1571373.2435705103,21.17169576059851
B_improved,5,1000000,True,128540:2025-04-16,128540,2025-04-17,2025-04-24,1832.0,1854.0,857.7364866651257,1571373.2435705103,1587886.3864117872,1.0508733624454114
B_improved,5,1000000,True,014830:2025-04-23,014830,2025-04-24,2025-05-02,89700.0,87600.0,17.702189369139212,1587886.3864117872,1548329.9591569775,-2.491137123745803
B_improved,5,1000000,True,088980:2025-05-02,088980,2025-05-07,2025-05-14,11600.0,11540.0,133.47672061698083,1548329.9591569777,1537998.8609812232,-0.6672413793103441
B_improved,5,1000000,True,114090:2025-05-13,114090,2025-05-14,2025-05-21,12740.0,13550.0,120.72204560292175,1537998.8609812232,1633476.719628118,6.207927786499217
B_improved,5,1000000,True,003570:2025-05-20,003570,2025-05-21,2025-05-28,39000.0,41150.0,41.884018452003026,1633476.719628118,1721077.1442204823,5.362820512820514
B_improved,5,1000000,True,001130:2025-05-29,001130,2025-05-30,2025-06-10,14100.0,15360.0,122.06220880996328,1721077.1442204823,1872293.9116047053,8.786170212765953
B_improved,5,1000000,True,000850:2025-06-09,000850,2025-06-10,2025-06-17,33000.0,32900.0,56.736179139536524,1872293.9116047053,1863811.8528233445,-0.45303030303030467
B_improved,5,1000000,True,003080:2025-06-16,003080,2025-06-17,2025-06-24,2755.0,2820.0,676.5197287925025,1863811.8528233445,1904989.9174156222,2.2093466424682386
B_improved,5,1000000,True,415380:2025-06-23,415380,2025-06-24,2025-07-01,3229.0,3243.0,589.9628112157393,1904989.9174156222,1910391.9118965191,0.2835707649427097
B_improved,5,1000000,True,015860:2025-06-30,015860,2025-07-01,2025-07-08,5620.0,5780.0,339.9273864584554,1910391.9118965191,1961914.7058620271,2.696975088967967
B_improved,5,1000000,True,000080:2025-07-07,000080,2025-07-08,2025-07-15,21800.0,21900.0,89.99608742486363,1961914.7058620271,1967971.4425457206,0.30871559633028334
B_improved,5,1000000,True,028670:2025-07-14,028670,2025-07-15,2025-07-22,4155.0,4175.0,473.63933635276067,1967971.4425457206,1974492.2721089572,0.3313477737665428
B_improved,5,1000000,True,415380:2025-08-11,415380,2025-08-12,2025-08-20,3211.0,3250.0,614.9150644998309,1974492.2721089572,1995512.221216287,1.0645748987854178
B_improved,5,1000000,True,415380:2025-08-19,415380,2025-08-20,2025-08-27,3250.0,3656.0,614.0037603742421,1995512.221216287,2241804.479596405,12.34230769230769
B_improved,5,1000000,True,003570:2025-08-26,003570,2025-08-27,2025-09-03,64000.0,64500.0,35.02819499369382,2241804.479596405,2255955.8703738567,0.6312499999999827
B_improved,5,1000000,True,170920:2025-09-08,170920,2025-09-09,2025-09-16,12990.0,16350.0,173.66865822739467,2255955.8703738567,2836098.628212342,25.71605080831409
B_improved,5,1000000,True,265520:2025-09-18,265520,2025-09-19,2025-09-26,19480.0,18870.0,145.59027865566438,2836098.628212342,2743034.410290068,-3.2814168377823494
B_improved,5,1000000,True,265520:2025-10-10,265520,2025-10-13,2025-10-20,20350.0,19980.0,134.79284571449966,2743034.410290068,2689046.5057602683,-1.9681818181818085
B_improved,5,1000000,True,011170:2025-10-17,011170,2025-10-20,2025-10-27,72000.0,77500.0,37.34786813555928,2689046.5057602683,2890426.210747204,7.488888888888883
B_improved,5,1000000,True,015860:2025-10-24,015860,2025-10-27,2025-11-03,6590.0,7080.0,438.60792272339967,2890426.210747204,3101008.453565549,7.285508345978766
B_improved,5,1000000,True,326030:2025-11-04,326030,2025-11-05,2025-11-12,123500.0,123000.0,25.109380190814164,3101008.453565549,3083802.2507897937,-0.5548582995951425
B_improved,5,1000000,True,016360:2025-11-12,016360,2025-11-13,2025-11-20,82800.0,79500.0,37.24398853610862,3083802.2507897937,2956271.3852444505,-4.135507246376812
B_improved,5,1000000,True,138360:2025-11-25,138360,2025-11-26,2025-12-03,1079.0,1249.0,2739.825194851205,2956271.3852444505,3417607.261291289,15.605329008341057
B_improved,5,1000000,True,051630:2025-12-05,051630,2025-12-08,2025-12-15,2915.0,3000.0,1172.4210158803735,3417607.261291289,3512136.6367491833,2.7659519725557375
B_improved,5,1000000,True,015360:2025-12-12,015360,2025-12-15,2025-12-22,13940.0,13600.0,251.94667408530728,3512136.6367491833,3421206.562605055,-2.5890243902439023
B_improved,5,1000000,True,011780:2025-12-19,011780,2025-12-22,2025-12-30,126400.0,121000.0,27.06650761554632,3421206.562605055,3269915.6116371974,-4.422151898734175
A_baseline,10,300000,False,114090:2023-01-02,114090,2023-01-03,2023-01-17,18750.0,19200.0,16.0,300000.0,306750.0,2.25
A_baseline,10,300000,False,011170:2023-01-16,011170,2023-01-17,2023-02-02,184000.0,180000.0,1.0,184000.0,302474.0,-2.323913043478261
A_baseline,10,300000,False,006800:2023-02-01,006800,2023-02-02,2023-02-16,6969.0,6989.0,43.0,299667.0,302884.4995,0.13698522026114865
A_baseline,10,300000,False,073640:2023-02-15,073640,2023-02-16,2023-03-03,2360.0,2315.0,128.0,302080.0,296671.3795,-2.0567796610169475
A_baseline,10,300000,False,000430:2023-03-02,000430,2023-03-03,2023-03-17,3435.0,3400.0,86.0,295410.0,293218.2645,-1.1689228529839852
A_baseline,10,300000,False,000850:2023-03-16,000850,2023-03-17,2023-03-31,36000.0,36700.0,8.0,288000.0,298386.2645,1.7944444444444443
A_baseline,10,300000,False,000430:2023-03-30,000430,2023-03-31,2023-04-14,3500.0,3905.0,85.0,297500.0,332365.0145,11.42142857142857
A_baseline,10,300000,False,001460:2023-04-13,001460,2023-04-14,2023-04-28,49000.0,47000.0,6.0,294000.0,319924.0145,-4.231632653061224
A_baseline,10,300000,False,011230:2023-04-27,011230,2023-04-28,2023-05-17,7328.0,7603.0,43.0,315104.0,331276.3585,3.602729257641916
A_baseline,10,300000,False,000850:2023-05-16,000850,2023-05-17,2023-06-01,38650.0,37650.0,8.0,309200.0,322812.5585,-2.737322121604136
A_baseline,10,300000,False,004870:2023-05-31,004870,2023-06-01,2023-06-16,3120.0,3092.0,103.0,321360.0,319446.5185,-1.0474358974358908
A_baseline,10,300000,False,085310:2023-06-15,085310,2023-06-16,2023-06-30,9720.0,9910.0,32.0,311040.0,325059.9585,1.8047325102880665
A_baseline,10,300000,False,003030:2023-06-29,003030,2023-06-30,2023-07-14,204000.0,200500.0,1.0,204000.0,321253.9585,-1.865686274509804
A_baseline,10,300000,False,001740:2023-07-13,001740,2023-07-14,2023-07-28,5510.0,5870.0,58.0,319580.0,341654.5885,6.3835753176043575
A_baseline,10,300000,False,220100:2023-08-01,220100,2023-08-02,2023-08-17,8703.0,11276.0,39.0,339417.0,441492.463,29.414517982304943
A_baseline,10,300000,False,089850:2023-08-17,089850,2023-08-18,2023-09-01,7471.0,9112.0,59.0,440789.0,537650.2795,21.814931066791583
A_baseline,10,300000,False,105560:2023-08-31,105560,2023-09-01,2023-09-15,54200.0,56200.0,9.0,487800.0,554918.5795,3.5400369003690013
A_baseline,10,300000,False,246250:2023-09-14,246250,2023-09-15,2023-10-05,5000.0,4150.0,110.0,550000.0,460593.5795,-17.150000000000002
A_baseline,10,300000,False,004270:2023-10-06,004270,2023-10-10,2023-10-24,18285.0,16298.0,25.0,457125.0,410232.892,-11.016830735575608
A_baseline,10,300000,False,003570:2023-10-23,003570,2023-10-24,2023-11-07,11990.0,13920.0,34.0,407660.0,475241.402,15.946747289407842
A_baseline,10,300000,False,015360:2023-11-06,015360,2023-11-07,2023-11-21,6770.0,6990.0,70.0,473900.0,489930.552,3.0996307237813934
A_baseline,10,300000,False,215200:2023-11-24,215200,2023-11-27,2023-12-11,61400.0,61900.0,7.0,429800.0,492785.852,0.6643322475570005
A_baseline,10,300000,False,016450:2023-12-11,016450,2023-12-12,2023-12-27,4990.0,5040.0,98.0,489020.0,496952.322,0.8520040080160264
A_baseline,10,300000,False,000080:2023-12-26,000080,2023-12-27,2024-01-12,22500.0,21400.0,22.0,495000.0,472009.822,-5.038888888888889
A_baseline,10,300000,False,003530:2024-01-11,003530,2024-01-12,2024-01-26,4160.0,3500.0,113.0,470080.0,396724.702,-16.015384615384615
A_baseline,10,300000,False,170920:2024-01-25,170920,2024-01-26,2024-02-13,17700.0,15850.0,22.0,389400.0,355440.602,-10.601977401129938
A_baseline,10,300000,False,043650:2024-02-13,043650,2024-02-14,2024-02-28,6420.0,6050.0,55.0,353100.0,334560.952,-5.913239875389414
A_baseline,10,300000,False,163560:2024-02-27,163560,2024-02-28,2024-03-14,9320.0,9570.0,35.0,326200.0,342821.652,2.5324034334763983
A_baseline,10,300000,False,006220:2024-03-13,006220,2024-03-14,2024-03-28,14300.0,12590.0,23.0,328900.0,302998.302,-12.108041958041952
A_baseline,10,300000,False,014830:2024-03-27,014830,2024-03-28,2024-04-12,78100.0,86300.0,3.0,234300.0,327246.852,10.349359795134438
A_baseline,10,300000,False,003030:2024-04-11,003030,2024-04-12,2024-04-26,233500.0,220500.0,1.0,233500.0,313896.602,-5.717451820128479
A_baseline,10,300000,False,014830:2024-04-25,014830,2024-04-26,2024-05-14,93700.0,101300.0,3.0,281100.0,336274.952,7.960992529348977
A_baseline,10,300000,False,036620:2024-05-13,036620,2024-05-14,2024-05-29,3840.0,4350.0,87.0,334080.0,380143.832,13.131250000000003
A_baseline,10,300000,False,051630:2024-05-28,051630,2024-05-29,2024-06-13,3206.0,3343.0,118.0,378308.0,395742.37,4.123237679351217
A_baseline,10,300000,False,051630:2024-06-12,051630,2024-06-13,2024-06-27,3343.0,3320.0,118.0,394474.0,392436.659,-0.8380047861202538
A_baseline,10,300000,False,094280:2024-06-27,094280,2024-06-28,2024-07-12,13400.0,13500.0,29.0,388600.0,394753.75899999996,0.5962686567164119
A_baseline,10,300000,False,011780:2024-07-11,011780,2024-07-12,2024-07-26,164200.0,149900.0,2.0,328400.0,365661.159,-8.858891595615097
A_baseline,10,300000,False,053350:2024-07-25,053350,2024-07-26,2024-08-09,3705.0,3570.0,98.0,363090.0,351886.524,-3.793724696356278
A_baseline,10,300000,False,006360:2024-08-08,006360,2024-08-09,2024-08-26,18860.0,21000.0,18.0,339480.0,389897.304,11.196765641569467
A_baseline,10,300000,False,105560:2024-08-23,105560,2024-08-26,2024-09-09,86800.0,83300.0,4.0,347200.0,375376.504,-4.182258064516126
A_baseline,10,300000,False,015360:2024-09-06,015360,2024-09-09,2024-09-26,9020.0,8900.0,41.0,369820.0,369901.77400000003,-1.4803769401330327
A_baseline,10,300000,False,064850:2024-09-24,064850,2024-09-26,2024-10-15,27600.0,13210.0,13.0,358800.0,182293.57400000002,-52.287681159420295
A_baseline,10,300000,False,015360:2024-10-14,015360,2024-10-15,2024-10-29,9290.0,10460.0,19.0,176510.0,204258.809,12.444187298170068
A_baseline,10,300000,False,004100:2024-10-28,004100,2024-10-29,2024-11-12,3440.0,3245.0,59.0,202960.0,192449.369,-5.818604651162792
A_baseline,10,300000,False,003530:2024-11-11,003530,2024-11-12,2024-11-26,4620.0,3630.0,41.0,189420.0,151575.239,-21.57857142857143
A_baseline,10,300000,False,127120:2024-11-25,127120,2024-11-26,2024-12-10,3710.0,4015.0,40.0,148400.0,163552.639,8.071024258760104
A_baseline,10,300000,False,015020:2024-12-09,015020,2024-12-10,2024-12-26,4390.0,3030.0,37.0,162430.0,112988.99399999999,-31.12949886104784
A_baseline,10,300000,False,015360:2024-12-26,015360,2024-12-27,2025-01-14,10760.0,9850.0,10.0,107600.0,103727.594,-8.607249070631964
A_baseline,10,300000,False,025980:2025-01-13,025980,2025-01-14,2025-02-03,5570.0,5700.0,18.0,100260.0,105917.204,2.1839317773788154
A_baseline,10,300000,False,016090:2025-01-31,016090,2025-02-03,2025-02-17,2305.0,2150.0,45.0,103725.0,98786.6165,-6.874511930585678
A_baseline,10,300000,False,025980:2025-02-14,025980,2025-02-17,2025-03-04,6090.0,5830.0,16.0,97440.0,94480.4565,-4.419293924466341
A_baseline,10,300000,False,136480:2025-02-28,136480,2025-03-04,2025-03-18,2925.0,3075.0,32.0,93600.0,99140.0565,4.9782051282051345
A_baseline,10,300000,False,006040:2025-03-17,006040,2025-03-18,2025-04-01,36400.0,34700.0,2.0,72800.0,95630.85650000001,-4.8203296703296665
A_baseline,10,300000,False,015020:2025-04-01,015020,2025-04-02,2025-04-16,3998.0,3708.0,23.0,91954.0,88822.92550000001,-7.403626813406699
A_baseline,10,300000,False,002700:2025-04-15,002700,2025-04-16,2025-04-30,1515.0,1525.0,58.0,87870.0,89271.12050000002,0.510066006600668
A_baseline,10,300000,False,006800:2025-04-29,006800,2025-04-30,2025-05-19,10833.0,13003.0,8.0,86664.0,106501.12450000002,19.881385581094804
A_baseline,10,300000,False,003570:2025-05-16,003570,2025-05-19,2025-06-02,34850.0,42200.0,3.0,104550.0,128394.29950000002,20.940387374461984
A_baseline,10,300000,False,001130:2025-05-30,001130,2025-06-02,2025-06-18,14260.0,15500.0,9.0,128340.0,139361.7895,8.545652173913036
A_baseline,10,300000,False,000080:2025-06-17,000080,2025-06-18,2025-07-02,19990.0,20850.0,6.0,119940.0,144341.8795,4.152151075537766
A_baseline,10,300000,False,000080:2025-07-01,000080,2025-07-02,2025-07-16,20850.0,21850.0,6.0,125100.0,150154.22950000002,4.646163069544369
A_baseline,10,300000,False,000850:2025-07-15,000850,2025-07-16,2025-07-30,34300.0,32450.0,4.0,137200.0,142548.42950000003,-5.543586005830906
A_baseline,10,300000,False,003570:2025-07-29,003570,2025-07-30,2025-08-13,55000.0,51500.0,2.0,110000.0,135383.42950000003,-6.513636363636363
A_baseline,10,300000,False,015360:2025-08-12,015360,2025-08-13,2025-08-28,12760.0,12240.0,10.0,127600.0,129992.02950000003,-4.225235109717864
A_baseline,10,300000,False,006220:2025-08-28,006220,2025-08-29,2025-09-12,14700.0,14590.0,8.0,117600.0,128935.62950000004,-0.8982993197278861
A_baseline,10,300000,False,003570:2025-09-15,003570,2025-09-16,2025-09-30,64200.0,74300.0,2.0,128400.0,148943.02950000003,15.582087227414327
A_baseline,10,300000,False,006800:2025-09-29,006800,2025-09-30,2025-10-21,21954.0,25340.0,6.0,131724.0,169061.44350000002,15.27315751115969
A_baseline,10,300000,False,000850:2025-10-20,000850,2025-10-21,2025-11-04,32700.0,31000.0,5.0,163500.0,160316.19350000002,-5.348776758409786
A_baseline,10,300000,False,011170:2025-11-03,011170,2025-11-04,2025-11-18,71500.0,84700.0,2.0,143000.0,186501.69350000002,18.31153846153846
A_baseline,10,300000,False,016360:2025-11-20,016360,2025-11-21,2025-12-05,78500.0,80700.0,2.0,157000.0,190666.19350000002,2.652547770700637
A_baseline,10,300000,False,051630:2025-12-05,051630,2025-12-08,2025-12-22,2915.0,2720.0,65.0,189475.0,177706.98100000003,-6.839536878216121
A_baseline,10,300000,False,001740:2025-12-19,001740,2025-12-22,2026-01-08,4665.0,4365.0,38.0,177270.0,166041.07600000003,-6.580868167202572
B_improved,10,300000,False,105560:2023-01-10,105560,2023-01-11,2023-01-27,57700.0,57700.0,5.0,288500.0,299567.25,-0.15
B_improved,10,300000,False,003830:2023-01-26,003830,2023-01-27,2023-02-10,135000.0,131200.0,2.0,270000.0,291562.25,-2.964814814814815
B_improved,10,300000,False,094280:2023-02-09,094280,2023-02-10,2023-02-24,15010.0,14490.0,19.0,285190.0,281254.465,-3.6143570952698116
B_improved,10,300000,False,000850:2023-02-23,000850,2023-02-24,2023-03-13,33650.0,35000.0,8.0,269200.0,291650.66500000004,3.8618870728083254
B_improved,10,300000,False,000850:2023-03-17,000850,2023-03-20,2023-04-03,37600.0,37800.0,7.0,263200.0,292655.86500000005,0.3819148936170257
B_improved,10,300000,False,000850:2023-04-03,000850,2023-04-04,2023-04-18,38500.0,39300.0,7.0,269500.0,297851.61500000005,1.9279220779220778
B_improved,10,300000,False,344820:2023-04-19,344820,2023-04-20,2023-05-08,44850.0,43900.0,6.0,269100.0,291747.965,-2.2681716833890833
B_improved,10,300000,False,000430:2023-05-10,000430,2023-05-11,2023-05-25,4510.0,4465.0,64.0,288640.0,288435.005,-1.1477827050997855
B_improved,10,300000,False,088980:2023-05-30,088980,2023-05-31,2023-06-15,13166.0,13096.0,21.0,276486.0,286550.276,-0.6816724897463133
B_improved,10,300000,False,204320:2023-06-15,204320,2023-06-16,2023-06-30,49400.0,52500.0,5.0,247000.0,301679.776,6.125303643724696
B_improved,10,300000,False,003030:2023-06-29,003030,2023-06-30,2023-07-14,204000.0,200500.0,1.0,204000.0,297873.776,-1.865686274509804
B_improved,10,300000,False,001740:2023-07-13,001740,2023-07-14,2023-07-28,5510.0,5870.0,54.0,297540.0,316867.466,6.383575317604357
B_improved,10,300000,False,326030:2023-08-01,326030,2023-08-02,2023-08-17,90000.0,93000.0,3.0,270000.0,325462.466,3.183333333333333
B_improved,10,300000,False,026890:2023-08-21,026890,2023-08-22,2023-09-05,7260.0,7410.0,44.0,319440.0,331583.30600000004,1.9161157024793467
B_improved,10,300000,False,003570:2023-09-06,003570,2023-09-07,2023-09-21,11400.0,11450.0,29.0,330600.0,332537.406,0.28859649122806313
B_improved,10,300000,False,105630:2023-10-31,105630,2023-11-01,2023-11-15,23000.0,22600.0,14.0,322000.0,326454.406,-1.8891304347826088
B_improved,10,300000,False,279600:2023-12-11,279600,2023-12-12,2023-12-27,16221.0,22032.0,20.0,324420.0,442187.776,35.67393194007767
B_improved,10,300000,False,326030:2024-01-02,326030,2024-01-03,2024-01-17,103300.0,93900.0,4.0,413200.0,403967.976,-9.249709583736685
B_improved,10,300000,False,003830:2024-01-29,003830,2024-01-30,2024-02-15,114600.0,115900.0,3.0,343800.0,407352.276,0.9843804537521782
B_improved,10,300000,False,006800:2024-02-16,006800,2024-02-19,2024-03-05,8911.0,8941.0,45.0,400995.0,408100.7835,0.18666255190214517
B_improved,10,300000,False,088980:2024-03-06,088980,2024-03-07,2024-03-21,12927.0,12747.0,31.0,400737.0,401919.678,-1.5424344395451393
B_improved,10,300000,False,015360:2024-03-25,015360,2024-03-26,2024-04-09,8280.0,7690.0,48.0,397440.0,373003.51800000004,-7.275603864734292
B_improved,10,300000,False,026890:2024-04-16,026890,2024-04-17,2024-05-02,8490.0,8770.0,43.0,365070.0,384495.91300000006,3.1479976442874023
B_improved,10,300000,False,015360:2024-05-08,015360,2024-05-09,2024-05-24,8300.0,8600.0,46.0,381800.0,397723.21300000005,3.4644578313252983
B_improved,10,300000,False,094280:2024-05-23,094280,2024-05-24,2024-06-10,13470.0,13230.0,29.0,390630.0,390177.26800000004,-1.9317371937639216
B_improved,10,300000,False,051630:2024-06-07,051630,2024-06-10,2024-06-24,3366.0,3297.0,115.0,387090.0,381661.63300000003,-2.1999108734402877
B_improved,10,300000,False,003570:2024-06-24,003570,2024-06-25,2024-07-09,22000.0,20800.0,17.0,374000.0,360700.63300000003,-5.6045454545454545
B_improved,10,300000,False,011780:2024-07-11,011780,2024-07-12,2024-07-26,164200.0,149900.0,2.0,328400.0,331608.03300000005,-8.858891595615097
B_improved,10,300000,False,053350:2024-08-02,053350,2024-08-05,2024-08-20,3975.0,3195.0,83.0,329925.0,266373.14550000004,-19.772641509433967
B_improved,10,300000,False,000080:2024-08-19,000080,2024-08-20,2024-09-03,22250.0,20600.0,11.0,244750.0,247856.02050000004,-7.565730337078652
B_improved,10,300000,False,081580:2024-09-24,081580,2024-09-25,2024-10-14,4345.0,4825.0,57.0,247665.0,274844.52300000004,10.897180667433833
B_improved,10,300000,False,326030:2024-10-11,326030,2024-10-14,2024-10-28,120000.0,119300.0,2.0,240000.0,273084.52300000004,-0.7333333333333333
B_improved,10,300000,False,006800:2024-10-25,006800,2024-10-28,2024-11-11,9120.0,8682.0,29.0,264480.0,259985.80300000004,-4.9526315789473685
B_improved,10,300000,False,127120:2024-11-12,127120,2024-11-13,2024-11-27,3965.0,3870.0,65.0,257725.0,253424.21550000005,-2.545964691046656
B_improved,10,300000,False,127120:2024-11-27,127120,2024-11-28,2024-12-12,4100.0,4080.0,61.0,250100.0,251829.06550000006,-0.6378048780487782
B_improved,10,300000,False,016090:2024-12-11,016090,2024-12-12,2024-12-27,2225.0,2270.0,113.0,251425.0,256536.92800000004,1.8724719101123548
B_improved,10,300000,False,015360:2024-12-26,015360,2024-12-27,2025-01-14,10760.0,9850.0,23.0,247480.0,235235.70800000004,-8.60724907063197
B_improved,10,300000,False,204320:2025-01-14,204320,2025-01-15,2025-02-04,45000.0,41900.0,5.0,225000.0,219398.20800000004,-7.038888888888889
B_improved,10,300000,False,136480:2025-02-04,136480,2025-02-05,2025-02-19,2955.0,2955.0,74.0,218670.0,219070.20300000004,-0.15000000000000213
B_improved,10,300000,False,053350:2025-02-27,053350,2025-02-28,2025-03-17,4615.0,6110.0,47.0,216905.0,289009.84550000005,32.244366197183105
B_improved,10,300000,False,011230:2025-03-19,011230,2025-03-20,2025-04-03,3730.0,4140.0,77.0,287210.0,320149.03050000005,10.84195710455764
B_improved,10,300000,False,310200:2025-04-02,310200,2025-04-03,2025-04-17,3250.0,3255.0,98.0,318500.0,320161.28050000005,0.0038461538461538464
B_improved,10,300000,False,128540:2025-04-16,128540,2025-04-17,2025-05-02,1832.0,1881.0,174.0,318768.0,328209.12850000005,2.524672489082969
B_improved,10,300000,False,088980:2025-05-02,088980,2025-05-07,2025-05-21,11600.0,11510.0,28.0,324800.0,325201.92850000004,-0.9258620689655208
B_improved,10,300000,False,003570:2025-05-20,003570,2025-05-21,2025-06-05,39000.0,47300.0,8.0,312000.0,391133.92850000004,21.132051282051282
B_improved,10,300000,False,001130:2025-06-04,001130,2025-06-05,2025-06-20,14960.0,15600.0,26.0,388960.0,407190.48850000004,4.12807486631016
B_improved,10,300000,False,088980:2025-06-19,088980,2025-06-20,2025-07-04,11920.0,11350.0,34.0,405280.0,387202.56850000005,-4.931879194630868
B_improved,10,300000,False,081150:2025-07-03,081150,2025-07-04,2025-07-18,3420.0,3310.0,113.0,386460.0,374192.87850000005,-3.3663742690058487
B_improved,10,300000,False,415380:2025-08-11,415380,2025-08-12,2025-08-27,3211.0,3656.0,116.0,372476.0,425254.1645000001,13.708611024602934
B_improved,10,300000,False,003570:2025-08-26,003570,2025-08-27,2025-09-10,64000.0,58900.0,6.0,384000.0,394078.1645000001,-8.11875
B_improved,10,300000,False,064850:2025-09-12,064850,2025-09-15,2025-09-29,8930.0,8560.0,44.0,392920.0,377208.78450000007,-4.29333706606943
B_improved,10,300000,False,265520:2025-10-10,265520,2025-10-13,2025-10-27,20350.0,21300.0,18.0,366300.0,393759.33450000006,4.5183046683046655
B_improved,10,300000,False,015860:2025-10-24,015860,2025-10-27,2025-11-10,6590.0,7270.0,59.0,388810.0,433296.11950000003,10.168664643399083
B_improved,10,300000,False,105560:2025-11-10,105560,2025-11-11,2025-11-25,130000.0,122500.0,3.0,390000.0,410211.11950000003,-5.919230769230769
B_improved,10,300000,False,138360:2025-11-25,138360,2025-11-26,2025-12-10,1079.0,1069.0,380.0,410020.0,405796.0895,-1.0767840593141866
B_improved,10,300000,False,051630:2025-12-11,051630,2025-12-12,2025-12-29,3120.0,2545.0,130.0,405600.0,330437.6895,-18.579487179487188
A_baseline,10,500000,False,114090:2023-01-02,114090,2023-01-03,2023-01-17,18750.0,19200.0,26.0,487500.0,510968.75,2.25
A_baseline,10,500000,False,011170:2023-01-16,011170,2023-01-17,2023-02-02,184000.0,180000.0,2.0,368000.0,502416.75,-2.323913043478261
A_baseline,10,500000,False,006800:2023-02-01,006800,2023-02-02,2023-02-16,6969.0,6989.0,72.0,501768.0,503104.098,0.13698522026115617
A_baseline,10,500000,False,073640:2023-02-15,073640,2023-02-16,2023-03-03,2360.0,2315.0,213.0,502680.0,492765.078,-2.056779661016953
A_baseline,10,500000,False,000430:2023-03-02,000430,2023-03-03,2023-03-17,3435.0,3400.0,143.0,491205.0,487023.2705,-1.1689228529839875
A_baseline,10,500000,False,000850:2023-03-16,000850,2023-03-17,2023-03-31,36000.0,36700.0,13.0,468000.0,495421.2705,1.7944444444444443
A_baseline,10,500000,False,000430:2023-03-30,000430,2023-03-31,2023-04-14,3500.0,3905.0,141.0,493500.0,551786.0205,11.42142857142857
A_baseline,10,500000,False,001460:2023-04-13,001460,2023-04-14,2023-04-28,49000.0,47000.0,11.0,539000.0,528977.5205,-4.231632653061224
A_baseline,10,500000,False,011230:2023-04-27,011230,2023-04-28,2023-05-17,7328.0,7603.0,72.0,527616.0,547986.0965,3.602729257641921
A_baseline,10,500000,False,000850:2023-05-16,000850,2023-05-17,2023-06-01,38650.0,37650.0,14.0,541100.0,533174.4465,-2.7373221216041443
A_baseline,10,500000,False,004870:2023-05-31,004870,2023-06-01,2023-06-16,3120.0,3092.0,170.0,530400.0,527618.8465,-1.047435897435893
A_baseline,10,500000,False,085310:2023-06-15,085310,2023-06-16,2023-06-30,9720.0,9910.0,54.0,524880.0,537091.5265,1.8047325102880756
A_baseline,10,500000,False,003030:2023-06-29,003030,2023-06-30,2023-07-14,204000.0,200500.0,2.0,408000.0,529479.5265,-1.865686274509804
A_baseline,10,500000,False,001740:2023-07-13,001740,2023-07-14,2023-07-28,5510.0,5870.0,96.0,528960.0,563246.0865000001,6.383575317604366
A_baseline,10,500000,False,220100:2023-08-01,220100,2023-08-02,2023-08-17,8703.0,11276.0,64.0,556992.0,727082.5985000001,29.41451798230495
A_baseline,10,500000,False,089850:2023-08-17,089850,2023-08-18,2023-09-01,7471.0,9112.0,97.0,724687.0,885172.5680000001,21.814931066791594
A_baseline,10,500000,False,105560:2023-08-31,105560,2023-09-01,2023-09-15,54200.0,56200.0,16.0,867200.0,915871.768,3.5400369003689978
A_baseline,10,500000,False,246250:2023-09-14,246250,2023-09-15,2023-10-05,5000.0,4150.0,183.0,915000.0,758949.268,-17.150000000000002
A_baseline,10,500000,False,004270:2023-10-06,004270,2023-10-10,2023-10-24,18285.0,16298.0,41.0,749685.0,676357.7405000001,-11.016830735575605
A_baseline,10,500000,False,003570:2023-10-23,003570,2023-10-24,2023-11-07,11990.0,13920.0,56.0,671440.0,783430.5805,15.946747289407833
A_baseline,10,500000,False,015360:2023-11-06,015360,2023-11-07,2023-11-21,6770.0,6990.0,115.0,778550.0,807562.7555000001,3.0996307237813943
A_baseline,10,500000,False,215200:2023-11-24,215200,2023-11-27,2023-12-11,61400.0,61900.0,13.0,798200.0,812865.4555,0.6643322475569974
A_baseline,10,500000,False,016450:2023-12-11,016450,2023-12-12,2023-12-27,4990.0,5040.0,162.0,808380.0,819752.8855000001,0.8520040080160385
A_baseline,10,500000,False,000080:2023-12-26,000080,2023-12-27,2024-01-12,22500.0,21400.0,36.0,810000.0,778937.8855000001,-5.038888888888889
A_baseline,10,500000,False,003530:2024-01-11,003530,2024-01-12,2024-01-26,4160.0,3500.0,187.0,777920.0,654351.0055000001,-16.015384615384615
A_baseline,10,500000,False,170920:2024-01-25,170920,2024-01-26,2024-02-13,17700.0,15850.0,36.0,637200.0,586795.2055,-10.601977401129952
A_baseline,10,500000,False,043650:2024-02-13,043650,2024-02-14,2024-02-28,6420.0,6050.0,91.0,584220.0,552248.8755000001,-5.913239875389401
A_baseline,10,500000,False,163560:2024-02-27,163560,2024-02-28,2024-03-14,9320.0,9570.0,59.0,549880.0,566174.0555000001,2.532403433476404
A_baseline,10,500000,False,006220:2024-03-13,006220,2024-03-14,2024-03-28,14300.0,12590.0,39.0,557700.0,498647.50550000014,-12.108041958041955
A_baseline,10,500000,False,014830:2024-03-27,014830,2024-03-28,2024-04-12,78100.0,86300.0,6.0,468600.0,547144.6055000001,10.349359795134438
A_baseline,10,500000,False,003030:2024-04-11,003030,2024-04-12,2024-04-26,233500.0,220500.0,2.0,467000.0,520444.10550000006,-5.717451820128479
A_baseline,10,500000,False,014830:2024-04-25,014830,2024-04-26,2024-05-14,93700.0,101300.0,5.0,468500.0,557741.3555000001,7.960992529348985
A_baseline,10,500000,False,036620:2024-05-13,036620,2024-05-14,2024-05-29,3840.0,4350.0,145.0,556800.0,630856.1555000001,13.131250000000009
A_baseline,10,500000,False,051630:2024-05-28,051630,2024-05-29,2024-06-13,3206.0,3343.0,196.0,628376.0,656765.5915000001,4.123237679351215
A_baseline,10,500000,False,051630:2024-06-12,051630,2024-06-13,2024-06-27,3343.0,3320.0,196.0,655228.0,651274.7495000002,-0.8380047861202431
A_baseline,10,500000,False,010130:2024-06-26,010130,2024-06-27,2024-07-11,517000.0,534000.0,1.0,517000.0,667499.2495000002,3.138201160541586
A_baseline,10,500000,False,009300:2024-07-10,009300,2024-07-11,2024-07-25,26700.0,32050.0,24.0,640800.0,794938.0495000002,19.887453183520606
A_baseline,10,500000,False,053350:2024-07-25,053350,2024-07-26,2024-08-09,3705.0,3570.0,214.0,792870.0,764858.7445000001,-3.793724696356282
A_baseline,10,500000,False,006360:2024-08-08,006360,2024-08-09,2024-08-26,18860.0,21000.0,40.0,754400.0,849327.1445000002,11.196765641569462
A_baseline,10,500000,False,105560:2024-08-23,105560,2024-08-26,2024-09-09,86800.0,83300.0,9.0,781200.0,816655.3445000001,-4.182258064516136
A_baseline,10,500000,False,015360:2024-09-06,015360,2024-09-09,2024-09-26,9020.0,8900.0,90.0,811800.0,804637.6445000002,-1.480376940133032
A_baseline,10,500000,False,064850:2024-09-24,064850,2024-09-26,2024-10-15,27600.0,13210.0,29.0,800400.0,386127.0445000002,-52.28768115942029
A_baseline,10,500000,False,015360:2024-10-14,015360,2024-10-15,2024-10-29,9290.0,10460.0,41.0,380890.0,433525.7095000002,12.44418729817007
A_baseline,10,500000,False,004100:2024-10-28,004100,2024-10-29,2024-11-12,3440.0,3245.0,126.0,433440.0,408305.5495000002,-5.818604651162785
A_baseline,10,500000,False,003530:2024-11-11,003530,2024-11-12,2024-11-26,4620.0,3630.0,88.0,406560.0,320575.7095000002,-21.578571428571436
A_baseline,10,500000,False,127120:2024-11-25,127120,2024-11-26,2024-12-10,3710.0,4015.0,86.0,319060.0,346327.11950000015,8.071024258760099
A_baseline,10,500000,False,015020:2024-12-09,015020,2024-12-10,2024-12-26,4390.0,3030.0,78.0,342420.0,239733.48950000014,-31.12949886104784
A_baseline,10,500000,False,015360:2024-12-26,015360,2024-12-27,2025-01-14,10760.0,9850.0,22.0,236720.0,219358.40950000015,-8.607249070631964
A_baseline,10,500000,False,025980:2025-01-13,025980,2025-01-14,2025-02-03,5570.0,5700.0,39.0,217230.0,224102.56450000015,2.1839317773788145
A_baseline,10,500000,False,016090:2025-01-31,016090,2025-02-03,2025-02-17,2305.0,2150.0,97.0,223585.0,208732.18700000015,-6.874511930585685
A_baseline,10,500000,False,025980:2025-02-14,025980,2025-02-17,2025-03-04,6090.0,5830.0,34.0,207060.0,199581.59700000015,-4.419293924466337
A_baseline,10,500000,False,136480:2025-02-28,136480,2025-03-04,2025-03-18,2925.0,3075.0,68.0,198900.0,209483.24700000015,4.978205128205125
A_baseline,10,500000,False,006040:2025-03-17,006040,2025-03-18,2025-04-01,36400.0,34700.0,5.0,182000.0,200710.24700000015,-4.82032967032967
A_baseline,10,500000,False,015020:2025-04-01,015020,2025-04-02,2025-04-16,3998.0,3708.0,50.0,199900.0,185910.39700000014,-7.4036268134067065
A_baseline,10,500000,False,002700:2025-04-15,002700,2025-04-16,2025-04-30,1515.0,1525.0,122.0,184830.0,186853.15200000015,0.5100660066006626
A_baseline,10,500000,False,006800:2025-04-29,006800,2025-04-30,2025-05-19,10833.0,13003.0,17.0,184161.0,223466.91050000014,19.8813855810948
A_baseline,10,500000,False,003570:2025-05-16,003570,2025-05-19,2025-06-02,34850.0,42200.0,6.0,209100.0,267253.26050000015,20.940387374461984
A_baseline,10,500000,False,001130:2025-05-30,001130,2025-06-02,2025-06-18,14260.0,15500.0,18.0,256680.0,289188.24050000013,8.545652173913036
A_baseline,10,500000,False,000080:2025-06-17,000080,2025-06-18,2025-07-02,19990.0,20850.0,14.0,279860.0,300808.45050000015,4.152151075537777
A_baseline,10,500000,False,000080:2025-07-01,000080,2025-07-02,2025-07-16,20850.0,21850.0,14.0,291900.0,314370.6005000002,4.6461630695443725
A_baseline,10,500000,False,000850:2025-07-15,000850,2025-07-16,2025-07-30,34300.0,32450.0,9.0,308700.0,297257.5505000002,-5.5435860058309
A_baseline,10,500000,False,003570:2025-07-29,003570,2025-07-30,2025-08-13,55000.0,51500.0,5.0,275000.0,279345.0505000002,-6.513636363636363
A_baseline,10,500000,False,015360:2025-08-12,015360,2025-08-13,2025-08-28,12760.0,12240.0,21.0,267960.0,268023.1105000002,-4.225235109717869
A_baseline,10,500000,False,014680:2025-08-27,014680,2025-08-28,2025-09-11,173900.0,174200.0,1.0,173900.0,268062.2605000002,0.022512938470381934
A_baseline,10,500000,False,003570:2025-09-15,003570,2025-09-16,2025-09-30,64200.0,74300.0,4.0,256800.0,308077.0605000002,15.582087227414327
A_baseline,10,500000,False,006800:2025-09-29,006800,2025-09-30,2025-10-21,21954.0,25340.0,14.0,307356.0,355020.0265000002,15.273157511159702
A_baseline,10,500000,False,000850:2025-10-20,000850,2025-10-21,2025-11-04,32700.0,31000.0,10.0,327000.0,337529.5265000002,-5.348776758409786
A_baseline,10,500000,False,011170:2025-11-03,011170,2025-11-04,2025-11-18,71500.0,84700.0,4.0,286000.0,389900.5265000002,18.31153846153846
A_baseline,10,500000,False,014680:2025-11-17,014680,2025-11-18,2025-12-02,233000.0,251000.0,1.0,233000.0,407551.0265000002,7.5753218884120175
A_baseline,10,500000,False,001740:2025-12-01,001740,2025-12-02,2025-12-16,4705.0,4740.0,86.0,404630.0,409954.0815000002,0.5938894792773628
A_baseline,10,500000,False,064850:2025-12-16,064850,2025-12-17,2026-01-05,8970.0,8690.0,45.0,403650.0,396748.6065000002,-3.27151616499442
B_improved,10,500000,False,105560:2023-01-10,105560,2023-01-11,2023-01-27,57700.0,57700.0,8.0,461600.0,499307.6,-0.15000000000000505
B_improved,10,500000,False,003830:2023-01-26,003830,2023-01-27,2023-02-10,135000.0,131200.0,3.0,405000.0,487300.1,-2.964814814814815
B_improved,10,500000,False,094280:2023-02-09,094280,2023-02-10,2023-02-24,15010.0,14490.0,32.0,480320.0,469939.62,-3.6143570952698165
B_improved,10,500000,False,000850:2023-02-23,000850,2023-02-24,2023-03-13,33650.0,35000.0,13.0,437450.0,486833.445,3.861887072808324
B_improved,10,500000,False,000850:2023-03-17,000850,2023-03-20,2023-04-03,37600.0,37800.0,12.0,451200.0,488556.645,0.38191489361702385
B_improved,10,500000,False,000850:2023-04-03,000850,2023-04-04,2023-04-18,38500.0,39300.0,12.0,462000.0,497463.645,1.9279220779220778
B_improved,10,500000,False,344820:2023-04-19,344820,2023-04-20,2023-05-08,44850.0,43900.0,11.0,493350.0,486273.62,-2.2681716833890793
B_improved,10,500000,False,000430:2023-05-10,000430,2023-05-11,2023-05-25,4510.0,4465.0,107.0,482570.0,480734.765,-1.1477827050997744
B_improved,10,500000,False,088980:2023-05-30,088980,2023-05-31,2023-06-15,13166.0,13096.0,36.0,473976.0,477503.80100000004,-0.6816724897463117
B_improved,10,500000,False,204320:2023-06-15,204320,2023-06-16,2023-06-30,49400.0,52500.0,9.0,444600.0,504736.901,6.125303643724691
B_improved,10,500000,False,003030:2023-06-29,003030,2023-06-30,2023-07-14,204000.0,200500.0,2.0,408000.0,497124.901,-1.865686274509804
B_improved,10,500000,False,001740:2023-07-13,001740,2023-07-14,2023-07-28,5510.0,5870.0,90.0,495900.0,528781.051,6.38357531760436
B_improved,10,500000,False,326030:2023-08-01,326030,2023-08-02,2023-08-17,90000.0,93000.0,5.0,450000.0,543106.051,3.183333333333333
B_improved,10,500000,False,026890:2023-08-21,026890,2023-08-22,2023-09-05,7260.0,7410.0,74.0,537240.0,553400.191,1.9161157024793416
B_improved,10,500000,False,003570:2023-09-06,003570,2023-09-07,2023-09-21,11400.0,11450.0,48.0,547200.0,554979.391,0.28859649122806164
B_improved,10,500000,False,105630:2023-10-31,105630,2023-11-01,2023-11-15,23000.0,22600.0,24.0,552000.0,544551.391,-1.8891304347826088
B_improved,10,500000,False,279600:2023-12-11,279600,2023-12-12,2023-12-27,16221.0,22032.0,33.0,535293.0,735511.4515,35.67393194007768
B_improved,10,500000,False,326030:2024-01-02,326030,2024-01-03,2024-01-17,103300.0,93900.0,7.0,723100.0,668626.8015,-9.249709583736692
B_improved,10,500000,False,003830:2024-01-29,003830,2024-01-30,2024-02-15,114600.0,115900.0,5.0,573000.0,674267.3015,0.9843804537521814
B_improved,10,500000,False,006800:2024-02-16,006800,2024-02-19,2024-03-05,8911.0,8941.0,75.0,668325.0,675514.8139999999,0.18666255190213646
B_improved,10,500000,False,088980:2024-03-06,088980,2024-03-07,2024-03-21,12927.0,12747.0,52.0,672204.0,665146.5079999999,-1.5424344395451355
B_improved,10,500000,False,015360:2024-03-25,015360,2024-03-26,2024-04-09,8280.0,7690.0,80.0,662400.0,616952.9079999999,-7.275603864734297
B_improved,10,500000,False,026890:2024-04-16,026890,2024-04-17,2024-05-02,8490.0,8770.0,72.0,611280.0,636195.9879999999,3.1479976442873903
B_improved,10,500000,False,015360:2024-05-08,015360,2024-05-09,2024-05-24,8300.0,8600.0,76.0,630800.0,658049.788,3.4644578313253085
B_improved,10,500000,False,094280:2024-05-23,094280,2024-05-24,2024-06-10,13470.0,13230.0,48.0,646560.0,645559.948,-1.9317371937639147
B_improved,10,500000,False,051630:2024-06-07,051630,2024-06-10,2024-06-24,3366.0,3297.0,191.0,642906.0,631416.5889999999,-2.199910873440294
B_improved,10,500000,False,003570:2024-06-24,003570,2024-06-25,2024-07-09,22000.0,20800.0,28.0,616000.0,596892.5889999999,-5.6045454545454545
B_improved,10,500000,False,011780:2024-07-11,011780,2024-07-12,2024-07-26,164200.0,149900.0,3.0,492600.0,553253.6889999999,-8.858891595615107
B_improved,10,500000,False,053350:2024-08-02,053350,2024-08-05,2024-08-20,3975.0,3195.0,139.0,552525.0,444004.9014999999,-19.772641509433956
B_improved,10,500000,False,000080:2024-08-19,000080,2024-08-20,2024-09-03,22250.0,20600.0,19.0,422750.0,412020.7764999999,-7.565730337078652
B_improved,10,500000,False,081580:2024-09-24,081580,2024-09-25,2024-10-14,4345.0,4825.0,94.0,408430.0,456528.1314999999,10.897180667433828
B_improved,10,500000,False,326030:2024-10-11,326030,2024-10-14,2024-10-28,120000.0,119300.0,3.0,360000.0,453888.1314999999,-0.7333333333333333
B_improved,10,500000,False,006800:2024-10-25,006800,2024-10-28,2024-11-11,9120.0,8682.0,49.0,446880.0,431755.8114999999,-4.95263157894737
B_improved,10,500000,False,127120:2024-11-12,127120,2024-11-13,2024-11-27,3965.0,3870.0,108.0,428220.0,420853.4814999999,-2.5459646910466622
B_improved,10,500000,False,127120:2024-11-27,127120,2024-11-28,2024-12-12,4100.0,4080.0,102.0,418200.0,418186.1814999999,-0.6378048780487777
B_improved,10,500000,False,016090:2024-12-11,016090,2024-12-12,2024-12-27,2225.0,2270.0,187.0,416075.0,425977.0689999999,1.8724719101123624
B_improved,10,500000,False,015360:2024-12-26,015360,2024-12-27,2025-01-14,10760.0,9850.0,39.0,419640.0,389857.6089999999,-8.607249070631976
B_improved,10,500000,False,204320:2025-01-14,204320,2025-01-15,2025-02-04,45000.0,41900.0,8.0,360000.0,364517.6089999999,-7.038888888888889
B_improved,10,500000,False,136480:2025-02-04,136480,2025-02-05,2025-02-19,2955.0,2955.0,123.0,363465.0,363972.4114999999,-0.15000000000000258
B_improved,10,500000,False,053350:2025-02-27,053350,2025-02-28,2025-03-17,4615.0,6110.0,78.0,359970.0,480042.45649999985,32.2443661971831
B_improved,10,500000,False,011230:2025-03-19,011230,2025-03-20,2025-04-03,3730.0,4140.0,128.0,477440.0,531806.2964999998,10.841957104557634
B_improved,10,500000,False,310200:2025-04-02,310200,2025-04-03,2025-04-17,3250.0,3255.0,163.0,529750.0,531826.6714999998,0.0038461538461538464
B_improved,10,500000,False,128540:2025-04-16,128540,2025-04-17,2025-05-02,1832.0,1881.0,290.0,531280.0,545239.7514999998,2.5246724890829615
B_improved,10,500000,False,088980:2025-05-02,088980,2025-05-07,2025-05-21,11600.0,11510.0,47.0,545200.0,540191.9514999997,-0.9258620689655259
B_improved,10,500000,False,003570:2025-05-20,003570,2025-05-21,2025-06-05,39000.0,47300.0,13.0,507000.0,647331.4514999997,21.132051282051282
B_improved,10,500000,False,001130:2025-06-04,001130,2025-06-05,2025-06-20,14960.0,15600.0,43.0,643280.0,673886.5314999997,4.128074866310154
B_improved,10,500000,False,088980:2025-06-19,088980,2025-06-20,2025-07-04,11920.0,11350.0,56.0,667520.0,640965.2514999997,-4.931879194630877
B_improved,10,500000,False,081150:2025-07-03,081150,2025-07-04,2025-07-18,3420.0,3310.0,187.0,639540.0,619435.9414999996,-3.366374269005857
B_improved,10,500000,False,415380:2025-08-11,415380,2025-08-12,2025-08-27,3211.0,3656.0,192.0,616512.0,703951.1734999996,13.70861102460292
B_improved,10,500000,False,003570:2025-08-26,003570,2025-08-27,2025-09-10,64000.0,58900.0,10.0,640000.0,651991.1734999996,-8.11875
B_improved,10,500000,False,064850:2025-09-12,064850,2025-09-15,2025-09-29,8930.0,8560.0,73.0,651890.0,624003.3384999996,-4.293337066069423
B_improved,10,500000,False,265520:2025-10-10,265520,2025-10-13,2025-10-27,20350.0,21300.0,30.0,610500.0,651587.5884999996,4.518304668304669
B_improved,10,500000,False,015860:2025-10-24,015860,2025-10-27,2025-11-10,6590.0,7270.0,98.0,645820.0,717258.8584999996,10.168664643399092
B_improved,10,500000,False,105560:2025-11-10,105560,2025-11-11,2025-11-25,130000.0,122500.0,5.0,650000.0,678783.8584999996,-5.919230769230769
B_improved,10,500000,False,138360:2025-11-25,138360,2025-11-26,2025-12-10,1079.0,1069.0,629.0,678691.0,671475.8219999996,-1.0767840593141864
B_improved,10,500000,False,051630:2025-12-11,051630,2025-12-12,2025-12-29,3120.0,2545.0,215.0,670800.0,546844.6219999996,-18.579487179487174
A_baseline,10,1000000,False,114090:2023-01-02,114090,2023-01-03,2023-01-17,18750.0,19200.0,53.0,993750.0,1022359.375,2.25
A_baseline,10,1000000,False,011170:2023-01-16,011170,2023-01-17,2023-02-02,184000.0,180000.0,5.0,920000.0,1000979.375,-2.323913043478261
A_baseline,10,1000000,False,006800:2023-02-01,006800,2023-02-02,2023-02-16,6969.0,6989.0,143.0,996567.0,1002344.5245,0.13698522026116233
A_baseline,10,1000000,False,073640:2023-02-15,073640,2023-02-16,2023-03-03,2360.0,2315.0,424.0,1000640.0,981763.5645000001,-2.0567796610169458
A_baseline,10,1000000,False,000430:2023-03-02,000430,2023-03-03,2023-03-17,3435.0,3400.0,285.0,978975.0,970320.1020000001,-1.1689228529839908
A_baseline,10,1000000,False,000850:2023-03-16,000850,2023-03-17,2023-03-31,36000.0,36700.0,26.0,936000.0,987116.1020000001,1.7944444444444443
A_baseline,10,1000000,False,000430:2023-03-30,000430,2023-03-31,2023-04-14,3500.0,3905.0,282.0,987000.0,1099845.602,11.42142857142857
A_baseline,10,1000000,False,001460:2023-04-13,001460,2023-04-14,2023-04-28,49000.0,47000.0,22.0,1078000.0,1054228.602,-4.231632653061224
A_baseline,10,1000000,False,011230:2023-04-27,011230,2023-04-28,2023-05-17,7328.0,7603.0,143.0,1047904.0,1091981.746,3.6027292576419296
A_baseline,10,1000000,False,000850:2023-05-16,000850,2023-05-17,2023-06-01,38650.0,37650.0,28.0,1082200.0,1062358.446,-2.7373221216041443
A_baseline,10,1000000,False,004870:2023-05-31,004870,2023-06-01,2023-06-16,3120.0,3092.0,340.0,1060800.0,1051247.246,-1.047435897435893
A_baseline,10,1000000,False,085310:2023-06-15,085310,2023-06-16,2023-06-30,9720.0,9910.0,108.0,1049760.0,1070192.6060000001,1.8047325102880756
A_baseline,10,1000000,False,003030:2023-06-29,003030,2023-06-30,2023-07-14,204000.0,200500.0,5.0,1020000.0,1051162.6060000001,-1.865686274509804
A_baseline,10,1000000,False,001740:2023-07-13,001740,2023-07-14,2023-07-28,5510.0,5870.0,190.0,1046900.0,1117992.256,6.383575317604347
A_baseline,10,1000000,False,220100:2023-08-01,220100,2023-08-02,2023-08-17,8703.0,11276.0,128.0,1113984.0,1445665.28,29.41451798230495
A_baseline,10,1000000,False,089850:2023-08-17,089850,2023-08-18,2023-09-01,7471.0,9112.0,193.0,1441903.0,1760215.4255000001,21.8149310667916
A_baseline,10,1000000,False,105560:2023-08-31,105560,2023-09-01,2023-09-15,54200.0,56200.0,32.0,1734400.0,1821613.8255,3.5400369003689978
A_baseline,10,1000000,False,246250:2023-09-14,246250,2023-09-15,2023-10-05,5000.0,4150.0,364.0,1820000.0,1509483.8255,-17.150000000000002
A_baseline,10,1000000,False,004270:2023-10-06,004270,2023-10-10,2023-10-24,18285.0,16298.0,82.0,1499370.0,1344300.7705,-11.016830735575605
A_baseline,10,1000000,False,003570:2023-10-23,003570,2023-10-24,2023-11-07,11990.0,13920.0,112.0,1342880.0,1558446.4505,15.946747289407833
A_baseline,10,1000000,False,015360:2023-11-06,015360,2023-11-07,2023-11-21,6770.0,6990.0,230.0,1557100.0,1606710.8005000001,3.0996307237813943
A_baseline,10,1000000,False,215200:2023-11-24,215200,2023-11-27,2023-12-11,61400.0,61900.0,26.0,1596400.0,1617316.2005,0.6643322475569974
A_baseline,10,1000000,False,016450:2023-12-11,016450,2023-12-12,2023-12-27,4990.0,5040.0,324.0,1616760.0,1631091.0605000001,0.8520040080160385
A_baseline,10,1000000,False,000080:2023-12-26,000080,2023-12-27,2024-01-12,22500.0,21400.0,72.0,1620000.0,1549461.0605000001,-5.038888888888889
A_baseline,10,1000000,False,003530:2024-01-11,003530,2024-01-12,2024-01-26,4160.0,3500.0,372.0,1547520.0,1301619.7805,-16.01538461538462
A_baseline,10,1000000,False,170920:2024-01-25,170920,2024-01-26,2024-02-13,17700.0,15850.0,73.0,1292100.0,1164631.6305000002,-10.601977401129936
A_baseline,10,1000000,False,043650:2024-02-13,043650,2024-02-14,2024-02-28,6420.0,6050.0,181.0,1162020.0,1095918.6005000002,-5.913239875389411
A_baseline,10,1000000,False,163560:2024-02-27,163560,2024-02-28,2024-03-14,9320.0,9570.0,117.0,1090440.0,1123532.9405000003,2.5324034334764023
A_baseline,10,1000000,False,006220:2024-03-13,006220,2024-03-14,2024-03-28,14300.0,12590.0,78.0,1115400.0,988479.8405000003,-12.108041958041955
A_baseline,10,1000000,False,014830:2024-03-27,014830,2024-03-28,2024-04-12,78100.0,86300.0,12.0,937200.0,1085474.0405000001,10.349359795134438
A_baseline,10,1000000,False,003030:2024-04-11,003030,2024-04-12,2024-04-26,233500.0,220500.0,4.0,934000.0,1032073.0405000001,-5.717451820128479
A_baseline,10,1000000,False,014830:2024-04-25,014830,2024-04-26,2024-05-14,93700.0,101300.0,11.0,1030700.0,1114126.9905,7.960992529348982
A_baseline,10,1000000,False,036620:2024-05-13,036620,2024-05-14,2024-05-29,3840.0,4350.0,290.0,1113600.0,1260356.5905000002,13.131250000000009
A_baseline,10,1000000,False,051630:2024-05-28,051630,2024-05-29,2024-06-13,3206.0,3343.0,393.0,1259958.0,1312307.6535000002,4.123237679351223
A_baseline,10,1000000,False,051630:2024-06-12,051630,2024-06-13,2024-06-27,3343.0,3320.0,392.0,1310456.0,1301325.9695000004,-0.8380047861202431
A_baseline,10,1000000,False,010130:2024-06-26,010130,2024-06-27,2024-07-11,517000.0,534000.0,2.0,1034000.0,1333774.9695000004,3.138201160541586
A_baseline,10,1000000,False,009300:2024-07-10,009300,2024-07-11,2024-07-25,26700.0,32050.0,49.0,1308300.0,1593962.5195000004,19.887453183520602
A_baseline,10,1000000,False,053350:2024-07-25,053350,2024-07-26,2024-08-09,3705.0,3570.0,430.0,1593150.0,1533522.7945000003,-3.793724696356281
A_baseline,10,1000000,False,006360:2024-08-08,006360,2024-08-09,2024-08-26,18860.0,21000.0,81.0,1527660.0,1704571.3045000003,11.19676564156946
A_baseline,10,1000000,False,105560:2024-08-23,105560,2024-08-26,2024-09-09,86800.0,83300.0,19.0,1649200.0,1635597.5045000003,-4.182258064516132
A_baseline,10,1000000,False,015360:2024-09-06,015360,2024-09-09,2024-09-26,9020.0,8900.0,181.0,1632620.0,1611428.5745000003,-1.4803769401330336
A_baseline,10,1000000,False,064850:2024-09-24,064850,2024-09-26,2024-10-15,27600.0,13210.0,58.0,1600800.0,774407.3745000004,-52.28768115942029
A_baseline,10,1000000,False,015360:2024-10-14,015360,2024-10-15,2024-10-29,9290.0,10460.0,83.0,771070.0,870360.7695000004,12.444187298170077
A_baseline,10,1000000,False,004100:2024-10-28,004100,2024-10-29,2024-11-12,3440.0,3245.0,253.0,870320.0,819720.2895000004,-5.818604651162788
A_baseline,10,1000000,False,003530:2024-11-11,003530,2024-11-12,2024-11-26,4620.0,3630.0,177.0,817740.0,643263.6795000004,-21.57857142857143
A_baseline,10,1000000,False,127120:2024-11-25,127120,2024-11-26,2024-12-10,3710.0,4015.0,173.0,641830.0,695065.9345000004,8.071024258760108
A_baseline,10,1000000,False,015020:2024-12-09,015020,2024-12-10,2024-12-26,4390.0,3030.0,158.0,693620.0,479145.50450000045,-31.129498861047832
A_baseline,10,1000000,False,015360:2024-12-26,015360,2024-12-27,2025-01-14,10760.0,9850.0,44.0,473440.0,438395.3445000005,-8.607249070631964
A_baseline,10,1000000,False,025980:2025-01-13,025980,2025-01-14,2025-02-03,5570.0,5700.0,78.0,434460.0,447883.65450000047,2.1839317773788145
A_baseline,10,1000000,False,016090:2025-01-31,016090,2025-02-03,2025-02-17,2305.0,2150.0,194.0,447170.0,417142.89950000047,-6.874511930585685
A_baseline,10,1000000,False,025980:2025-02-14,025980,2025-02-17,2025-03-04,6090.0,5830.0,68.0,414120.0,398841.7195000005,-4.419293924466337
A_baseline,10,1000000,False,136480:2025-02-28,136480,2025-03-04,2025-03-18,2925.0,3075.0,136.0,397800.0,418645.01950000046,4.978205128205125
A_baseline,10,1000000,False,006040:2025-03-17,006040,2025-03-18,2025-04-01,36400.0,34700.0,11.0,400400.0,399344.4195000005,-4.820329670329664
A_baseline,10,1000000,False,015020:2025-04-01,015020,2025-04-02,2025-04-16,3998.0,3708.0,99.0,395802.0,370040.7165000005,-7.4036268134066985
A_baseline,10,1000000,False,002700:2025-04-15,002700,2025-04-16,2025-04-30,1515.0,1525.0,244.0,369660.0,371926.2265000005,0.5100660066006626
A_baseline,10,1000000,False,006800:2025-04-29,006800,2025-04-30,2025-05-19,10833.0,13003.0,34.0,368322.0,445153.7435000005,19.8813855810948
A_baseline,10,1000000,False,003570:2025-05-16,003570,2025-05-19,2025-06-02,34850.0,42200.0,12.0,418200.0,532726.4435000005,20.940387374461984
A_baseline,10,1000000,False,001130:2025-05-30,001130,2025-06-02,2025-06-18,14260.0,15500.0,37.0,527620.0,577815.0135000005,8.545652173913034
A_baseline,10,1000000,False,000080:2025-06-17,000080,2025-06-18,2025-07-02,19990.0,20850.0,28.0,559720.0,601055.4335000005,4.152151075537777
A_baseline,10,1000000,False,000080:2025-07-01,000080,2025-07-02,2025-07-16,20850.0,21850.0,28.0,583800.0,628179.7335000006,4.6461630695443725
A_baseline,10,1000000,False,000850:2025-07-15,000850,2025-07-16,2025-07-30,34300.0,32450.0,18.0,617400.0,593953.6335000006,-5.5435860058309
A_baseline,10,1000000,False,003570:2025-07-29,003570,2025-07-30,2025-08-13,55000.0,51500.0,10.0,550000.0,558128.6335000006,-6.513636363636363
A_baseline,10,1000000,False,015360:2025-08-12,015360,2025-08-13,2025-08-28,12760.0,12240.0,43.0,548680.0,534945.6135000006,-4.225235109717872
A_baseline,10,1000000,False,014680:2025-08-27,014680,2025-08-28,2025-09-11,173900.0,174200.0,3.0,521700.0,535063.0635000006,0.02251293847038751
A_baseline,10,1000000,False,003570:2025-09-15,003570,2025-09-16,2025-09-30,64200.0,74300.0,8.0,513600.0,615092.6635000006,15.582087227414327
A_baseline,10,1000000,False,006800:2025-09-29,006800,2025-09-30,2025-10-21,21954.0,25340.0,28.0,614712.0,708978.5955000006,15.273157511159702
A_baseline,10,1000000,False,000850:2025-10-20,000850,2025-10-21,2025-11-04,32700.0,31000.0,21.0,686700.0,672248.5455000006,-5.348776758409793
A_baseline,10,1000000,False,011170:2025-11-03,011170,2025-11-04,2025-11-18,71500.0,84700.0,9.0,643500.0,790083.2955000006,18.31153846153846
A_baseline,10,1000000,False,014680:2025-11-17,014680,2025-11-18,2025-12-02,233000.0,251000.0,3.0,699000.0,843034.7955000006,7.5753218884120175
A_baseline,10,1000000,False,001740:2025-12-01,001740,2025-12-02,2025-12-16,4705.0,4740.0,179.0,842195.0,848036.5030000006,0.5938894792773667
A_baseline,10,1000000,False,064850:2025-12-16,064850,2025-12-17,2026-01-05,8970.0,8690.0,94.0,843180.0,820451.7330000006,-3.271516164994428
B_improved,10,1000000,False,105560:2023-01-10,105560,2023-01-11,2023-01-27,57700.0,57700.0,17.0,980900.0,998528.65,-0.1499999999999976
B_improved,10,1000000,False,003830:2023-01-26,003830,2023-01-27,2023-02-10,135000.0,131200.0,7.0,945000.0,970511.15,-2.964814814814815
B_improved,10,1000000,False,094280:2023-02-09,094280,2023-02-10,2023-02-24,15010.0,14490.0,64.0,960640.0,935790.1900000001,-3.6143570952698165
B_improved,10,1000000,False,000850:2023-02-23,000850,2023-02-24,2023-03-13,33650.0,35000.0,27.0,908550.0,970877.3650000001,3.861887072808326
B_improved,10,1000000,False,000850:2023-03-17,000850,2023-03-20,2023-04-03,37600.0,37800.0,25.0,940000.0,974467.3650000001,0.38191489361702124
B_improved,10,1000000,False,000850:2023-04-03,000850,2023-04-04,2023-04-18,38500.0,39300.0,25.0,962500.0,993023.6150000001,1.9279220779220778
B_improved,10,1000000,False,344820:2023-04-19,344820,2023-04-20,2023-05-08,44850.0,43900.0,22.0,986700.0,970643.5650000001,-2.2681716833890793
B_improved,10,1000000,False,000430:2023-05-10,000430,2023-05-11,2023-05-25,4510.0,4465.0,215.0,969650.0,959514.0900000001,-1.147782705099776
B_improved,10,1000000,False,088980:2023-05-30,088980,2023-05-31,2023-06-15,13166.0,13096.0,72.0,947952.0,953052.1620000001,-0.6816724897463117
B_improved,10,1000000,False,204320:2023-06-15,204320,2023-06-16,2023-06-30,49400.0,52500.0,19.0,938600.0,1010544.2620000001,6.125303643724694
B_improved,10,1000000,False,003030:2023-06-29,003030,2023-06-30,2023-07-14,204000.0,200500.0,4.0,816000.0,995320.2620000001,-1.865686274509804
B_improved,10,1000000,False,001740:2023-07-13,001740,2023-07-14,2023-07-28,5510.0,5870.0,180.0,991800.0,1058632.5620000002,6.38357531760436
B_improved,10,1000000,False,326030:2023-08-01,326030,2023-08-02,2023-08-17,90000.0,93000.0,11.0,990000.0,1090147.5620000002,3.183333333333333
B_improved,10,1000000,False,026890:2023-08-21,026890,2023-08-22,2023-09-05,7260.0,7410.0,150.0,1089000.0,1111014.0620000002,1.9161157024793387
B_improved,10,1000000,False,003570:2023-09-06,003570,2023-09-07,2023-09-21,11400.0,11450.0,97.0,1105800.0,1114205.3620000002,0.2885964912280744
B_improved,10,1000000,False,105630:2023-10-31,105630,2023-11-01,2023-11-15,23000.0,22600.0,48.0,1104000.0,1093349.3620000002,-1.8891304347826088
B_improved,10,1000000,False,279600:2023-12-11,279600,2023-12-12,2023-12-27,16221.0,22032.0,67.0,1086807.0,1481056.1515000002,35.67393194007767
B_improved,10,1000000,False,326030:2024-01-02,326030,2024-01-03,2024-01-17,103300.0,93900.0,14.0,1446200.0,1347286.8515,-9.249709583736692
B_improved,10,1000000,False,003830:2024-01-29,003830,2024-01-30,2024-02-15,114600.0,115900.0,11.0,1260600.0,1359695.9515000002,0.984380453752189
B_improved,10,1000000,False,006800:2024-02-16,006800,2024-02-19,2024-03-05,8911.0,8941.0,152.0,1354472.0,1362224.2435,0.186662551902136
B_improved,10,1000000,False,088980:2024-03-06,088980,2024-03-07,2024-03-21,12927.0,12747.0,105.0,1357335.0,1341288.2410000002,-1.542434439545134
B_improved,10,1000000,False,015360:2024-03-25,015360,2024-03-26,2024-04-09,8280.0,7690.0,161.0,1333080.0,1244298.621,-7.2756038647343075
B_improved,10,1000000,False,026890:2024-04-16,026890,2024-04-17,2024-05-02,8490.0,8770.0,146.0,1239540.0,1283319.311,3.1479976442873925
B_improved,10,1000000,False,015360:2024-05-08,015360,2024-05-09,2024-05-24,8300.0,8600.0,154.0,1278200.0,1327602.011,3.4644578313252974
B_improved,10,1000000,False,094280:2024-05-23,094280,2024-05-24,2024-06-10,13470.0,13230.0,98.0,1320060.0,1302101.9209999999,-1.931737193763926
B_improved,10,1000000,False,051630:2024-06-07,051630,2024-06-10,2024-06-24,3366.0,3297.0,386.0,1299276.0,1273519.0069999998,-2.1999108734402935
B_improved,10,1000000,False,003570:2024-06-24,003570,2024-06-25,2024-07-09,22000.0,20800.0,57.0,1254000.0,1203238.0069999998,-5.6045454545454545
B_improved,10,1000000,False,011780:2024-07-11,011780,2024-07-12,2024-07-26,164200.0,149900.0,7.0,1149400.0,1101413.9069999997,-8.8588915956151
B_improved,10,1000000,False,053350:2024-08-02,053350,2024-08-05,2024-08-20,3975.0,3195.0,277.0,1101075.0,883702.2944999996,-19.772641509433967
B_improved,10,1000000,False,000080:2024-08-19,000080,2024-08-20,2024-09-03,22250.0,20600.0,39.0,867750.0,818050.6694999996,-7.565730337078652
B_improved,10,1000000,False,081580:2024-09-24,081580,2024-09-25,2024-10-14,4345.0,4825.0,188.0,816860.0,907065.3794999996,10.897180667433828
B_improved,10,1000000,False,326030:2024-10-11,326030,2024-10-14,2024-10-28,120000.0,119300.0,7.0,840000.0,900905.3794999996,-0.7333333333333333
B_improved,10,1000000,False,006800:2024-10-25,006800,2024-10-28,2024-11-11,9120.0,8682.0,98.0,893760.0,856640.7394999996,-4.95263157894737
B_improved,10,1000000,False,127120:2024-11-12,127120,2024-11-13,2024-11-27,3965.0,3870.0,216.0,856440.0,834836.0794999995,-2.5459646910466622
B_improved,10,1000000,False,127120:2024-11-27,127120,2024-11-28,2024-12-12,4100.0,4080.0,203.0,832300.0,829527.6294999996,-0.637804878048775
B_improved,10,1000000,False,016090:2024-12-11,016090,2024-12-12,2024-12-27,2225.0,2270.0,372.0,827700.0,845026.0794999995,1.8724719101123541
B_improved,10,1000000,False,015360:2024-12-26,015360,2024-12-27,2025-01-14,10760.0,9850.0,78.0,839280.0,772787.1594999995,-8.607249070631976
B_improved,10,1000000,False,204320:2025-01-14,204320,2025-01-15,2025-02-04,45000.0,41900.0,17.0,765000.0,718939.6594999995,-7.038888888888889
B_improved,10,1000000,False,136480:2025-02-04,136480,2025-02-05,2025-02-19,2955.0,2955.0,243.0,718065.0,717862.5619999995,-0.15000000000000455
B_improved,10,1000000,False,053350:2025-02-27,053350,2025-02-28,2025-03-17,4615.0,6110.0,155.0,715325.0,948514.5744999994,32.2443661971831
B_improved,10,1000000,False,011230:2025-03-19,011230,2025-03-20,2025-04-03,3730.0,4140.0,254.0,947420.0,1051233.4444999995,10.841957104557652
B_improved,10,1000000,False,310200:2025-04-02,310200,2025-04-03,2025-04-17,3250.0,3255.0,323.0,1049750.0,1051273.8194999995,0.0038461538461538464
B_improved,10,1000000,False,128540:2025-04-16,128540,2025-04-17,2025-05-02,1832.0,1881.0,573.0,1049736.0,1077776.2154999995,2.5246724890829646
B_improved,10,1000000,False,088980:2025-05-02,088980,2025-05-07,2025-05-21,11600.0,11510.0,92.0,1067200.0,1067895.4154999994,-0.9258620689655215
B_improved,10,1000000,False,003570:2025-05-20,003570,2025-05-21,2025-06-05,39000.0,47300.0,27.0,1053000.0,1290415.9154999994,21.132051282051282
B_improved,10,1000000,False,001130:2025-06-04,001130,2025-06-05,2025-06-20,14960.0,15600.0,86.0,1286560.0,1343526.0754999993,4.128074866310154
B_improved,10,1000000,False,088980:2025-06-19,088980,2025-06-20,2025-07-04,11920.0,11350.0,112.0,1335040.0,1277683.5154999993,-4.931879194630877
B_improved,10,1000000,False,081150:2025-07-03,081150,2025-07-04,2025-07-18,3420.0,3310.0,373.0,1275660.0,1234740.0254999993,-3.3663742690058474
B_improved,10,1000000,False,415380:2025-08-11,415380,2025-08-12,2025-08-27,3211.0,3656.0,384.0,1233024.0,1403770.4894999992,13.70861102460292
B_improved,10,1000000,False,003570:2025-08-26,003570,2025-08-27,2025-09-10,64000.0,58900.0,21.0,1344000.0,1294654.4894999992,-8.11875
B_improved,10,1000000,False,010130:2025-09-11,010130,2025-09-12,2025-09-26,925000.0,935000.0,1.0,925000.0,1303266.9894999992,0.931081081081081
B_improved,10,1000000,False,265520:2025-10-10,265520,2025-10-13,2025-10-27,20350.0,21300.0,64.0,1302400.0,1362113.3894999991,4.518304668304661
B_improved,10,1000000,False,015860:2025-10-24,015860,2025-10-27,2025-11-10,6590.0,7270.0,206.0,1357540.0,1500157.079499999,10.168664643399085
B_improved,10,1000000,False,105560:2025-11-10,105560,2025-11-11,2025-11-25,130000.0,122500.0,11.0,1430000.0,1415512.079499999,-5.919230769230769
B_improved,10,1000000,False,138360:2025-11-25,138360,2025-11-26,2025-12-10,1079.0,1069.0,1311.0,1414569.0,1400280.225999999,-1.0767840593141775
B_improved,10,1000000,False,051630:2025-12-11,051630,2025-12-12,2025-12-29,3120.0,2545.0,448.0,1397760.0,1140583.5859999992,-18.579487179487174
A_baseline,10,3000000,False,114090:2023-01-02,114090,2023-01-03,2023-01-17,18750.0,19200.0,160.0,3000000.0,3067500.0,2.25
A_baseline,10,3000000,False,011170:2023-01-16,011170,2023-01-17,2023-02-02,184000.0,180000.0,16.0,2944000.0,2999084.0,-2.323913043478261
A_baseline,10,3000000,False,006800:2023-02-01,006800,2023-02-02,2023-02-16,6969.0,6989.0,430.0,2996670.0,3003188.995,0.13698522026116028
A_baseline,10,3000000,False,073640:2023-02-15,073640,2023-02-16,2023-03-03,2360.0,2315.0,1272.0,3001920.0,2941446.115,-2.0567796610169458
A_baseline,10,3000000,False,000430:2023-03-02,000430,2023-03-03,2023-03-17,3435.0,3400.0,856.0,2940360.0,2907075.575,-1.1689228529839897
A_baseline,10,3000000,False,000850:2023-03-16,000850,2023-03-17,2023-03-31,36000.0,36700.0,80.0,2880000.0,2958755.575,1.7944444444444443
A_baseline,10,3000000,False,000430:2023-03-30,000430,2023-03-31,2023-04-14,3500.0,3905.0,845.0,2957500.0,3296544.325,11.42142857142857
A_baseline,10,3000000,False,001460:2023-04-13,001460,2023-04-14,2023-04-28,49000.0,47000.0,67.0,3283000.0,3157619.825,-4.231632653061224
A_baseline,10,3000000,False,011230:2023-04-27,011230,2023-04-28,2023-05-17,7328.0,7603.0,430.0,3151040.0,3271143.265,3.60272925764192
A_baseline,10,3000000,False,000850:2023-05-16,000850,2023-05-17,2023-06-01,38650.0,37650.0,84.0,3246600.0,3182273.365,-2.737322121604137
A_baseline,10,3000000,False,004870:2023-05-31,004870,2023-06-01,2023-06-16,3120.0,3092.0,1019.0,3179280.0,3148972.4450000003,-1.047435897435895
A_baseline,10,3000000,False,085310:2023-06-15,085310,2023-06-16,2023-06-30,9720.0,9910.0,323.0,3139560.0,3205633.1050000004,1.8047325102880707
A_baseline,10,3000000,False,003030:2023-06-29,003030,2023-06-30,2023-07-14,204000.0,200500.0,15.0,3060000.0,3148543.1050000004,-1.865686274509804
A_baseline,10,3000000,False,001740:2023-07-13,001740,2023-07-14,2023-07-28,5510.0,5870.0,571.0,3146210.0,3349383.7900000005,6.3835753176043575
A_baseline,10,3000000,False,220100:2023-08-01,220100,2023-08-02,2023-08-17,8703.0,11276.0,384.0,3341952.0,4332402.862,29.414517982304943
A_baseline,10,3000000,False,089850:2023-08-17,089850,2023-08-18,2023-09-01,7471.0,9112.0,579.0,4325709.0,5276053.2985,21.81493106679159
A_baseline,10,3000000,False,105560:2023-08-31,105560,2023-09-01,2023-09-15,54200.0,56200.0,97.0,5257400.0,5462167.1985,3.5400369003690106
A_baseline,10,3000000,False,246250:2023-09-14,246250,2023-09-15,2023-10-05,5000.0,4150.0,1092.0,5460000.0,4525777.1985,-17.150000000000002
A_baseline,10,3000000,False,004270:2023-10-06,004270,2023-10-10,2023-10-24,18285.0,16298.0,247.0,4516395.0,4028213.606,-11.016830735575605
A_baseline,10,3000000,False,003570:2023-10-23,003570,2023-10-24,2023-11-07,11990.0,13920.0,335.0,4016650.0,4668738.631000001,15.94674728940785
A_baseline,10,3000000,False,015360:2023-11-06,015360,2023-11-07,2023-11-21,6770.0,6990.0,689.0,4664530.0,4813321.836000001,3.0996307237813903
A_baseline,10,3000000,False,215200:2023-11-24,215200,2023-11-27,2023-12-11,61400.0,61900.0,78.0,4789200.0,4845138.036000001,0.6643322475570071
A_baseline,10,3000000,False,016450:2023-12-11,016450,2023-12-12,2023-12-27,4990.0,5040.0,970.0,4840300.0,4886377.586000001,0.8520040080160283
A_baseline,10,3000000,False,000080:2023-12-26,000080,2023-12-27,2024-01-12,22500.0,21400.0,217.0,4882500.0,4640353.836000001,-5.038888888888889
A_baseline,10,3000000,False,003530:2024-01-11,003530,2024-01-12,2024-01-26,4160.0,3500.0,1115.0,4638400.0,3897496.236000001,-16.01538461538462
A_baseline,10,3000000,False,170920:2024-01-25,170920,2024-01-26,2024-02-13,17700.0,15850.0,220.0,3894000.0,3484655.236000001,-10.601977401129943
A_baseline,10,3000000,False,043650:2024-02-13,043650,2024-02-14,2024-02-28,6420.0,6050.0,542.0,3479640.0,3278895.776000001,-5.913239875389407
A_baseline,10,3000000,False,163560:2024-02-27,163560,2024-02-28,2024-03-14,9320.0,9570.0,351.0,3271320.0,3361738.796000001,2.5324034334763956
A_baseline,10,3000000,False,006220:2024-03-13,006220,2024-03-14,2024-03-28,14300.0,12590.0,235.0,3360500.0,2954848.046000001,-12.108041958041959
A_baseline,10,3000000,False,014830:2024-03-27,014830,2024-03-28,2024-04-12,78100.0,86300.0,37.0,2889700.0,3253913.496000001,10.34935979513445
A_baseline,10,3000000,False,003030:2024-04-11,003030,2024-04-12,2024-04-26,233500.0,220500.0,13.0,3035500.0,3080360.246000001,-5.717451820128479
A_baseline,10,3000000,False,014830:2024-04-25,014830,2024-04-26,2024-05-14,93700.0,101300.0,32.0,2998400.0,3319062.646000001,7.9609925293489825
A_baseline,10,3000000,False,036620:2024-05-13,036620,2024-05-14,2024-05-29,3840.0,4350.0,864.0,3317760.0,3754726.006000001,13.131249999999998
A_baseline,10,3000000,False,051630:2024-05-28,051630,2024-05-29,2024-06-13,3206.0,3343.0,1171.0,3754226.0,3909521.667000001,4.123237679351212
A_baseline,10,3000000,False,051630:2024-06-12,051630,2024-06-13,2024-06-27,3343.0,3320.0,1169.0,3907967.0,3876772.716500001,-0.8380047861202462
A_baseline,10,3000000,False,010130:2024-06-26,010130,2024-06-27,2024-07-11,517000.0,534000.0,7.0,3619000.0,3990344.216500001,3.138201160541586
A_baseline,10,3000000,False,009300:2024-07-10,009300,2024-07-11,2024-07-25,26700.0,32050.0,149.0,3978300.0,4781526.766500001,19.887453183520595
A_baseline,10,3000000,False,053350:2024-07-25,053350,2024-07-26,2024-08-09,3705.0,3570.0,1290.0,4779450.0,4600207.591500001,-3.793724696356272
A_baseline,10,3000000,False,006360:2024-08-08,006360,2024-08-09,2024-08-26,18860.0,21000.0,243.0,4582980.0,5113353.121500001,11.196765641569465
A_baseline,10,3000000,False,105560:2024-08-23,105560,2024-08-26,2024-09-09,86800.0,83300.0,58.0,5034400.0,4902801.521500002,-4.182258064516121
A_baseline,10,3000000,False,015360:2024-09-06,015360,2024-09-09,2024-09-26,9020.0,8900.0,543.0,4897860.0,4830294.731500002,-1.4803769401330384
A_baseline,10,3000000,False,064850:2024-09-24,064850,2024-09-26,2024-10-15,27600.0,13210.0,175.0,4830000.0,2304799.7315000016,-52.28768115942029
A_baseline,10,3000000,False,015360:2024-10-14,015360,2024-10-15,2024-10-29,9290.0,10460.0,248.0,2303920.0,2591503.8515000017,12.44418729817008
A_baseline,10,3000000,False,004100:2024-10-28,004100,2024-10-29,2024-11-12,3440.0,3245.0,753.0,2590320.0,2440783.3715000018,-5.81860465116279
A_baseline,10,3000000,False,003530:2024-11-11,003530,2024-11-12,2024-11-26,4620.0,3630.0,528.0,2439360.0,1914404.3315000017,-21.57857142857143
A_baseline,10,3000000,False,127120:2024-11-25,127120,2024-11-26,2024-12-10,3710.0,4015.0,516.0,1914360.0,2068912.7915000017,8.071024258760104
A_baseline,10,3000000,False,015020:2024-12-09,015020,2024-12-10,2024-12-26,4390.0,3030.0,471.0,2067690.0,1425251.2565000018,-31.129498861047832
A_baseline,10,3000000,False,015360:2024-12-26,015360,2024-12-27,2025-01-14,10760.0,9850.0,132.0,1420320.0,1303000.7765000018,-8.607249070631969
A_baseline,10,3000000,False,025980:2025-01-13,025980,2025-01-14,2025-02-03,5570.0,5700.0,233.0,1297810.0,1331344.0615000017,2.1839317773788087
A_baseline,10,3000000,False,016090:2025-01-31,016090,2025-02-03,2025-02-17,2305.0,2150.0,577.0,1329985.0,1239914.0840000017,-6.874511930585686
A_baseline,10,3000000,False,025980:2025-02-14,025980,2025-02-17,2025-03-04,6090.0,5830.0,203.0,1236270.0,1185279.6790000016,-4.4192939244663405
A_baseline,10,3000000,False,136480:2025-02-28,136480,2025-03-04,2025-03-18,2925.0,3075.0,405.0,1184625.0,1244252.7415000016,4.978205128205128
A_baseline,10,3000000,False,006040:2025-03-17,006040,2025-03-18,2025-04-01,36400.0,34700.0,34.0,1237600.0,1184596.3415000017,-4.820329670329663
A_baseline,10,3000000,False,015020:2025-04-01,015020,2025-04-02,2025-04-16,3998.0,3708.0,296.0,1183408.0,1096981.2295000018,-7.403626813406701
A_baseline,10,3000000,False,002700:2025-04-15,002700,2025-04-16,2025-04-30,1515.0,1525.0,724.0,1096860.0,1102575.9395000017,0.5100660066006566
A_baseline,10,3000000,False,006800:2025-04-29,006800,2025-04-30,2025-05-19,10833.0,13003.0,101.0,1094133.0,1320104.7400000016,19.881385581094793
A_baseline,10,3000000,False,003570:2025-05-16,003570,2025-05-19,2025-06-02,34850.0,42200.0,37.0,1289450.0,1590120.5650000016,20.940387374461977
A_baseline,10,3000000,False,001130:2025-05-30,001130,2025-06-02,2025-06-18,14260.0,15500.0,111.0,1582860.0,1725386.2750000015,8.54565217391304
A_baseline,10,3000000,False,000080:2025-06-17,000080,2025-06-18,2025-07-02,19990.0,20850.0,86.0,1719140.0,1796767.5650000016,4.152151075537771
A_baseline,10,3000000,False,000080:2025-07-01,000080,2025-07-02,2025-07-16,20850.0,21850.0,86.0,1793100.0,1880077.9150000017,4.64616306954437
A_baseline,10,3000000,False,000850:2025-07-15,000850,2025-07-16,2025-07-30,34300.0,32450.0,54.0,1852200.0,1777399.6150000016,-5.543586005830906
A_baseline,10,3000000,False,003570:2025-07-29,003570,2025-07-30,2025-08-13,55000.0,51500.0,32.0,1760000.0,1662759.6150000016,-6.513636363636363
A_baseline,10,3000000,False,015360:2025-08-12,015360,2025-08-13,2025-08-28,12760.0,12240.0,130.0,1658800.0,1592671.4150000017,-4.2252351097178655
A_baseline,10,3000000,False,014680:2025-08-27,014680,2025-08-28,2025-09-11,173900.0,174200.0,9.0,1565100.0,1593023.7650000018,0.02251293847039123
A_baseline,10,3000000,False,010130:2025-09-11,010130,2025-09-12,2025-09-26,925000.0,935000.0,1.0,925000.0,1601636.2650000018,0.931081081081081
A_baseline,10,3000000,False,064850:2025-09-25,064850,2025-09-26,2025-10-17,8610.0,8420.0,186.0,1601460.0,1563894.0750000018,-2.356736353077813
A_baseline,10,3000000,False,006800:2025-10-16,006800,2025-10-17,2025-10-31,21705.0,25589.0,72.0,1562760.0,1841197.935000002,17.744494356139146
A_baseline,10,3000000,False,014680:2025-10-30,014680,2025-10-31,2025-11-14,228000.0,216500.0,8.0,1824000.0,1746461.935000002,-5.193859649122807
A_baseline,10,3000000,False,010130:2025-11-13,010130,2025-11-14,2025-11-28,1168000.0,1297000.0,1.0,1168000.0,1873709.935000002,10.894520547945206
A_baseline,10,3000000,False,003080:2025-11-27,003080,2025-11-28,2025-12-12,2885.0,2845.0,649.0,1872365.0,1844941.3875000018,-1.5364818024263487
A_baseline,10,3000000,False,010130:2025-12-11,010130,2025-12-12,2025-12-29,1557000.0,1276000.0,1.0,1557000.0,1561605.8875000018,-18.197527296082207
A_baseline,10,3000000,False,126640:2025-12-26,126640,2025-12-29,2026-01-14,1313.0,1379.0,1189.0,1561157.0,1637738.1520000019,4.87665651180503
B_improved,10,3000000,False,105560:2023-01-10,105560,2023-01-11,2023-01-27,57700.0,57700.0,51.0,2942700.0,2995585.95,-0.14999999999999367
B_improved,10,3000000,False,003830:2023-01-26,003830,2023-01-27,2023-02-10,135000.0,131200.0,22.0,2970000.0,2907530.95,-2.964814814814815
B_improved,10,3000000,False,094280:2023-02-09,094280,2023-02-10,2023-02-24,15010.0,14490.0,193.0,2896930.0,2802825.555,-3.6143570952698205
B_improved,10,3000000,False,000850:2023-02-23,000850,2023-02-24,2023-03-13,33650.0,35000.0,83.0,2792950.0,2910686.1300000004,3.861887072808327
B_improved,10,3000000,False,000850:2023-03-17,000850,2023-03-20,2023-04-03,37600.0,37800.0,77.0,2895200.0,2921743.3300000005,0.38191489361702774
B_improved,10,3000000,False,000850:2023-04-03,000850,2023-04-04,2023-04-18,38500.0,39300.0,75.0,2887500.0,2977412.0800000005,1.9279220779220778
B_improved,10,3000000,False,344820:2023-04-19,344820,2023-04-20,2023-05-08,44850.0,43900.0,66.0,2960100.0,2910271.9300000006,-2.2681716833890713
B_improved,10,3000000,False,000430:2023-05-10,000430,2023-05-11,2023-05-25,4510.0,4465.0,645.0,2908950.0,2876883.505000001,-1.147782705099772
B_improved,10,3000000,False,088980:2023-05-30,088980,2023-05-31,2023-06-15,13166.0,13096.0,218.0,2870188.0,2857318.2230000007,-0.6816724897463206
B_improved,10,3000000,False,204320:2023-06-15,204320,2023-06-16,2023-06-30,49400.0,52500.0,57.0,2815800.0,3029794.5230000005,6.125303643724689
B_improved,10,3000000,False,003030:2023-06-29,003030,2023-06-30,2023-07-14,204000.0,200500.0,14.0,2856000.0,2976510.5230000005,-1.865686274509804
B_improved,10,3000000,False,001740:2023-07-13,001740,2023-07-14,2023-07-28,5510.0,5870.0,540.0,2975400.0,3166447.4230000004,6.383575317604352
B_improved,10,3000000,False,326030:2023-08-01,326030,2023-08-02,2023-08-17,90000.0,93000.0,35.0,3150000.0,3266722.4230000004,3.183333333333333
B_improved,10,3000000,False,026890:2023-08-21,026890,2023-08-22,2023-09-05,7260.0,7410.0,449.0,3259740.0,3329182.8130000005,1.916115702479343
B_improved,10,3000000,False,003570:2023-09-06,003570,2023-09-07,2023-09-21,11400.0,11450.0,292.0,3328800.0,3338789.6130000004,0.2885964912280646
B_improved,10,3000000,False,105630:2023-10-31,105630,2023-11-01,2023-11-15,23000.0,22600.0,145.0,3335000.0,3275787.1130000004,-1.8891304347826088
B_improved,10,3000000,False,279600:2023-12-11,279600,2023-12-12,2023-12-27,16221.0,22032.0,201.0,3260421.0,4438907.4815,35.67393194007767
B_improved,10,3000000,False,326030:2024-01-02,326030,2024-01-03,2024-01-17,103300.0,93900.0,42.0,4338600.0,4037599.5815,-9.249709583736687
B_improved,10,3000000,False,003830:2024-01-29,003830,2024-01-30,2024-02-15,114600.0,115900.0,35.0,4011000.0,4077083.0815,0.9843804537521814
B_improved,10,3000000,False,006800:2024-02-16,006800,2024-02-19,2024-03-05,8911.0,8941.0,457.0,4072327.0,4084684.591,0.18666255190214737
B_improved,10,3000000,False,088980:2024-03-06,088980,2024-03-07,2024-03-21,12927.0,12747.0,315.0,4072005.0,4021876.5835,-1.542434439545134
B_improved,10,3000000,False,015360:2024-03-25,015360,2024-03-26,2024-04-09,8280.0,7690.0,485.0,4015800.0,3729702.8835,-7.275603864734304
B_improved,10,3000000,False,026890:2024-04-16,026890,2024-04-17,2024-05-02,8490.0,8770.0,439.0,3727110.0,3847032.2185,3.147997644287396
B_improved,10,3000000,False,015360:2024-05-08,015360,2024-05-09,2024-05-24,8300.0,8600.0,463.0,3842900.0,3980167.8685,3.4644578313252987
B_improved,10,3000000,False,094280:2024-05-23,094280,2024-05-24,2024-06-10,13470.0,13230.0,295.0,3973650.0,3903407.3935,-1.9317371937639223
B_improved,10,3000000,False,051630:2024-06-07,051630,2024-06-10,2024-06-24,3366.0,3297.0,1159.0,3901194.0,3817584.6024999996,-2.1999108734402903
B_improved,10,3000000,False,003570:2024-06-24,003570,2024-06-25,2024-07-09,22000.0,20800.0,173.0,3806000.0,3604275.6024999996,-5.6045454545454545
B_improved,10,3000000,False,011780:2024-07-11,011780,2024-07-12,2024-07-26,164200.0,149900.0,21.0,3448200.0,3298803.3024999998,-8.858891595615098
B_improved,10,3000000,False,053350:2024-08-02,053350,2024-08-05,2024-08-20,3975.0,3195.0,829.0,3295275.0,2647240.3899999997,-19.772641509433967
B_improved,10,3000000,False,000080:2024-08-19,000080,2024-08-20,2024-09-03,22250.0,20600.0,118.0,2625500.0,2448602.1399999997,-7.565730337078652
B_improved,10,3000000,False,081580:2024-09-24,081580,2024-09-25,2024-10-14,4345.0,4825.0,563.0,2446235.0,2715172.7874999996,10.89718066743383
B_improved,10,3000000,False,326030:2024-10-11,326030,2024-10-14,2024-10-28,120000.0,119300.0,22.0,2640000.0,2695812.7874999996,-0.7333333333333333
B_improved,10,3000000,False,006800:2024-10-25,006800,2024-10-28,2024-11-11,9120.0,8682.0,295.0,2690400.0,2562567.1874999995,-4.952631578947372
B_improved,10,3000000,False,127120:2024-11-12,127120,2024-11-13,2024-11-27,3965.0,3870.0,646.0,2561390.0,2497355.1024999996,-2.545964691046657
B_improved,10,3000000,False,127120:2024-11-27,127120,2024-11-28,2024-12-12,4100.0,4080.0,609.0,2496900.0,2481429.7524999995,-0.6378048780487842
B_improved,10,3000000,False,016090:2024-12-11,016090,2024-12-12,2024-12-27,2225.0,2270.0,1115.0,2480875.0,2527883.4399999995,1.8724719101123597
B_improved,10,3000000,False,015360:2024-12-26,015360,2024-12-27,2025-01-14,10760.0,9850.0,234.0,2517840.0,2311166.6799999997,-8.607249070631962
B_improved,10,3000000,False,204320:2025-01-14,204320,2025-01-15,2025-02-04,45000.0,41900.0,51.0,2295000.0,2149624.1799999997,-7.038888888888889
B_improved,10,3000000,False,136480:2025-02-04,136480,2025-02-05,2025-02-19,2955.0,2955.0,727.0,2148285.0,2146401.7524999995,-0.1500000000000104
B_improved,10,3000000,False,053350:2025-02-27,053350,2025-02-28,2025-03-17,4615.0,6110.0,465.0,2145975.0,2838357.7899999996,32.244366197183105
B_improved,10,3000000,False,011230:2025-03-19,011230,2025-03-20,2025-04-03,3730.0,4140.0,760.0,2834800.0,3145705.5899999994,10.841957104557634
B_improved,10,3000000,False,310200:2025-04-02,310200,2025-04-03,2025-04-17,3250.0,3255.0,967.0,3142750.0,3145826.4649999994,0.0038461538461538464
B_improved,10,3000000,False,128540:2025-04-16,128540,2025-04-17,2025-05-02,1832.0,1881.0,1717.0,3145544.0,3225241.1489999993,2.5246724890829664
B_improved,10,3000000,False,088980:2025-05-02,088980,2025-05-07,2025-05-21,11600.0,11510.0,278.0,3224800.0,3195383.948999999,-0.925862068965523
B_improved,10,3000000,False,003570:2025-05-20,003570,2025-05-21,2025-06-05,39000.0,47300.0,81.0,3159000.0,3862945.448999999,21.132051282051282
B_improved,10,3000000,False,001130:2025-06-04,001130,2025-06-05,2025-06-20,14960.0,15600.0,258.0,3859680.0,4022275.928999999,4.12807486631016
B_improved,10,3000000,False,088980:2025-06-19,088980,2025-06-20,2025-07-04,11920.0,11350.0,337.0,4017040.0,3824160.368999999,-4.931879194630874
B_improved,10,3000000,False,081150:2025-07-03,081150,2025-07-04,2025-07-18,3420.0,3310.0,1118.0,3823560.0,3695445.028999999,-3.366374269005844
B_improved,10,3000000,False,415380:2025-08-11,415380,2025-08-12,2025-08-27,3211.0,3656.0,1150.0,3692650.0,4201656.054,13.708611024602938
B_improved,10,3000000,False,003570:2025-08-26,003570,2025-08-27,2025-09-10,64000.0,58900.0,65.0,4160000.0,3863916.0539999995,-8.11875
B_improved,10,3000000,False,010130:2025-09-11,010130,2025-09-12,2025-09-26,925000.0,935000.0,4.0,3700000.0,3898366.0539999995,0.931081081081081
B_improved,10,3000000,False,265520:2025-10-10,265520,2025-10-13,2025-10-27,20350.0,21300.0,191.0,3886850.0,4073985.7789999996,4.518304668304671
B_improved,10,3000000,False,015860:2025-10-24,015860,2025-10-27,2025-11-10,6590.0,7270.0,618.0,4072620.0,4488116.848999999,10.168664643399097
B_improved,10,3000000,False,105560:2025-11-10,105560,2025-11-11,2025-11-25,130000.0,122500.0,34.0,4420000.0,4226486.848999999,-5.919230769230769
B_improved,10,3000000,False,138360:2025-11-25,138360,2025-11-26,2025-12-10,1079.0,1069.0,3917.0,4226443.0,4180977.1844999995,-1.0767840593141789
B_improved,10,3000000,False,051630:2025-12-11,051630,2025-12-12,2025-12-29,3120.0,2545.0,1340.0,4180800.0,3404205.9844999993,-18.579487179487185
A_baseline,10,10000000,False,114090:2023-01-02,114090,2023-01-03,2023-01-17,18750.0,19200.0,533.0,9993750.0,10224859.375,2.25
A_baseline,10,10000000,False,011170:2023-01-16,011170,2023-01-17,2023-02-02,184000.0,180000.0,55.0,10120000.0,9989679.375,-2.323913043478261
A_baseline,10,10000000,False,006800:2023-02-01,006800,2023-02-02,2023-02-16,6969.0,6989.0,1433.0,9986577.0,10003359.5095,0.1369852202611628
A_baseline,10,10000000,False,073640:2023-02-15,073640,2023-02-16,2023-03-03,2360.0,2315.0,4238.0,10001680.0,9797646.989500001,-2.0567796610169444
A_baseline,10,10000000,False,000430:2023-03-02,000430,2023-03-03,2023-03-17,3435.0,3400.0,2852.0,9796620.0,9683132.059500001,-1.1689228529839855
A_baseline,10,10000000,False,000850:2023-03-16,000850,2023-03-17,2023-03-31,36000.0,36700.0,268.0,9648000.0,9856260.059500001,1.7944444444444443
A_baseline,10,10000000,False,000430:2023-03-30,000430,2023-03-31,2023-04-14,3500.0,3905.0,2816.0,9856000.0,10981956.059500001,11.42142857142857
A_baseline,10,10000000,False,001460:2023-04-13,001460,2023-04-14,2023-04-28,49000.0,47000.0,224.0,10976000.0,10517492.059500001,-4.231632653061224
A_baseline,10,10000000,False,011230:2023-04-27,011230,2023-04-28,2023-05-17,7328.0,7603.0,1435.0,10515680.0,10896343.539500002,3.6027292576419256
A_baseline,10,10000000,False,000850:2023-05-16,000850,2023-05-17,2023-06-01,38650.0,37650.0,281.0,10860650.0,10599052.564500002,-2.7373221216041363
A_baseline,10,10000000,False,004870:2023-05-31,004870,2023-06-01,2023-06-16,3120.0,3092.0,3397.0,10598640.0,10488038.604500001,-1.047435897435906
A_baseline,10,10000000,False,085310:2023-06-15,085310,2023-06-16,2023-06-30,9720.0,9910.0,1079.0,10487880.0,10677316.784500001,1.8047325102880631
A_baseline,10,10000000,False,003030:2023-06-29,003030,2023-06-30,2023-07-14,204000.0,200500.0,52.0,10608000.0,10479404.784500001,-1.865686274509804
A_baseline,10,10000000,False,001740:2023-07-13,001740,2023-07-14,2023-07-28,5510.0,5870.0,1901.0,10474510.0,11148053.0195,6.3835753176043495
A_baseline,10,10000000,False,220100:2023-08-01,220100,2023-08-02,2023-08-17,8703.0,11276.0,1280.0,11139840.0,14424783.2595,29.414517982304954
A_baseline,10,10000000,False,089850:2023-08-17,089850,2023-08-18,2023-09-01,7471.0,9112.0,1930.0,14419030.0,17570284.7145,21.814931066791583
A_baseline,10,10000000,False,105560:2023-08-31,105560,2023-09-01,2023-09-15,54200.0,56200.0,324.0,17560800.0,18191943.5145,3.5400369003690075
A_baseline,10,10000000,False,246250:2023-09-14,246250,2023-09-15,2023-10-05,5000.0,4150.0,3638.0,18190000.0,15072358.5145,-17.150000000000002
A_baseline,10,10000000,False,004270:2023-10-06,004270,2023-10-10,2023-10-24,18285.0,16298.0,824.0,15066840.0,13412470.2545,-11.016830735575606
A_baseline,10,10000000,False,003570:2023-10-23,003570,2023-10-24,2023-11-07,11990.0,13920.0,1118.0,13404820.0,15550103.0245,15.946747289407837
A_baseline,10,10000000,False,015360:2023-11-06,015360,2023-11-07,2023-11-21,6770.0,6990.0,2296.0,15543920.0,16031907.144499999,3.099630723781383
A_baseline,10,10000000,False,215200:2023-11-24,215200,2023-11-27,2023-12-11,61400.0,61900.0,261.0,16025400.0,16138369.044499999,0.6643322475570056
A_baseline,10,10000000,False,016450:2023-12-11,016450,2023-12-12,2023-12-27,4990.0,5040.0,3234.0,16137660.0,16275862.554499999,0.8520040080160307
A_baseline,10,10000000,False,000080:2023-12-26,000080,2023-12-27,2024-01-12,22500.0,21400.0,723.0,16267500.0,15456161.304499999,-5.038888888888889
A_baseline,10,10000000,False,003530:2024-01-11,003530,2024-01-12,2024-01-26,4160.0,3500.0,3715.0,15454400.0,12981079.704499999,-16.015384615384612
A_baseline,10,10000000,False,170920:2024-01-25,170920,2024-01-26,2024-02-13,17700.0,15850.0,733.0,12974100.0,11605568.554499999,-10.601977401129945
A_baseline,10,10000000,False,043650:2024-02-13,043650,2024-02-14,2024-02-28,6420.0,6050.0,1807.0,11600940.0,10919577.144499999,-5.91323987538941
A_baseline,10,10000000,False,163560:2024-02-27,163560,2024-02-28,2024-03-14,9320.0,9570.0,1171.0,10913720.0,11195956.564499998,2.5324034334763943
A_baseline,10,10000000,False,006220:2024-03-13,006220,2024-03-14,2024-03-28,14300.0,12590.0,782.0,11182600.0,9841962.664499998,-12.10804195804196
A_baseline,10,10000000,False,014830:2024-03-27,014830,2024-03-28,2024-04-12,78100.0,86300.0,126.0,9840600.0,10860401.764499998,10.34935979513444
A_baseline,10,10000000,False,003030:2024-04-11,003030,2024-04-12,2024-04-26,233500.0,220500.0,46.0,10741000.0,10246290.264499998,-5.717451820128479
A_baseline,10,10000000,False,014830:2024-04-25,014830,2024-04-26,2024-05-14,93700.0,101300.0,109.0,10213300.0,11059370.314499998,7.960992529348994
A_baseline,10,10000000,False,036620:2024-05-13,036620,2024-05-14,2024-05-29,3840.0,4350.0,2880.0,11059200.0,12511581.514499998,13.131249999999994
A_baseline,10,10000000,False,051630:2024-05-28,051630,2024-05-29,2024-06-13,3206.0,3343.0,3902.0,12509812.0,13027390.796499997,4.123237679351214
A_baseline,10,10000000,False,051630:2024-06-12,051630,2024-06-13,2024-06-27,3343.0,3320.0,3896.0,13024328.0,12918246.304499997,-0.8380047861202555
A_baseline,10,10000000,False,010130:2024-06-26,010130,2024-06-27,2024-07-11,517000.0,534000.0,24.0,12408000.0,13307634.304499997,3.138201160541586
A_baseline,10,10000000,False,009300:2024-07-10,009300,2024-07-11,2024-07-25,26700.0,32050.0,498.0,13296600.0,15951989.404499996,19.887453183520595
A_baseline,10,10000000,False,053350:2024-07-25,053350,2024-07-26,2024-08-09,3705.0,3570.0,4305.0,15950025.0,15346889.366999997,-3.793724696356273
A_baseline,10,10000000,False,006360:2024-08-08,006360,2024-08-09,2024-08-26,18860.0,21000.0,813.0,15333180.0,17063709.596999995,11.196765641569462
A_baseline,10,10000000,False,105560:2024-08-23,105560,2024-08-26,2024-09-09,86800.0,83300.0,196.0,17012800.0,16352190.396999996,-4.182258064516125
A_baseline,10,10000000,False,015360:2024-09-06,015360,2024-09-09,2024-09-26,9020.0,8900.0,1812.0,16344240.0,16110234.036999997,-1.480376940133034
A_baseline,10,10000000,False,064850:2024-09-24,064850,2024-09-26,2024-10-15,27600.0,13210.0,583.0,16090800.0,7696727.836999997,-52.28768115942029
A_baseline,10,10000000,False,015360:2024-10-14,015360,2024-10-15,2024-10-29,9290.0,10460.0,828.0,7692120.0,8653949.656999998,12.44418729817008
A_baseline,10,10000000,False,004100:2024-10-28,004100,2024-10-29,2024-11-12,3440.0,3245.0,2515.0,8651600.0,8150547.256999997,-5.818604651162795
A_baseline,10,10000000,False,003530:2024-11-11,003530,2024-11-12,2024-11-26,4620.0,3630.0,1764.0,8149680.0,6391962.736999998,-21.578571428571422
A_baseline,10,10000000,False,127120:2024-11-25,127120,2024-11-26,2024-12-10,3710.0,4015.0,1722.0,6388620.0,6907589.806999998,8.071024258760112
A_baseline,10,10000000,False,015020:2024-12-09,015020,2024-12-10,2024-12-26,4390.0,3030.0,1573.0,6905470.0,4757951.601999998,-31.12949886104784
A_baseline,10,10000000,False,015360:2024-12-26,015360,2024-12-27,2025-01-14,10760.0,9850.0,442.0,4755920.0,4348597.721999998,-8.607249070631969
A_baseline,10,10000000,False,025980:2025-01-13,025980,2025-01-14,2025-02-03,5570.0,5700.0,780.0,4344600.0,4443480.821999998,2.1839317773788065
A_baseline,10,10000000,False,016090:2025-01-31,016090,2025-02-03,2025-02-17,2305.0,2150.0,1927.0,4441735.0,4138133.219499998,-6.874511930585685
A_baseline,10,10000000,False,025980:2025-02-14,025980,2025-02-17,2025-03-04,6090.0,5830.0,679.0,4135110.0,3955390.5544999978,-4.41929392446634
A_baseline,10,10000000,False,136480:2025-02-28,136480,2025-03-04,2025-03-18,2925.0,3075.0,1352.0,3954600.0,4152258.654499998,4.978205128205131
A_baseline,10,10000000,False,006040:2025-03-17,006040,2025-03-18,2025-04-01,36400.0,34700.0,114.0,4149600.0,3952234.254499998,-4.820329670329667
A_baseline,10,10000000,False,015020:2025-04-01,015020,2025-04-02,2025-04-16,3998.0,3708.0,988.0,3950024.0,3659789.218499998,-7.403626813406699
A_baseline,10,10000000,False,002700:2025-04-15,002700,2025-04-16,2025-04-30,1515.0,1525.0,2415.0,3658725.0,3678451.130999998,0.5100660066006626
A_baseline,10,10000000,False,006800:2025-04-29,006800,2025-04-30,2025-05-19,10833.0,13003.0,339.0,3672387.0,4408572.550499998,19.881385581094797
A_baseline,10,10000000,False,003570:2025-05-16,003570,2025-05-19,2025-06-02,34850.0,42200.0,126.0,4391100.0,5328085.900499998,20.94038737446197
A_baseline,10,10000000,False,001130:2025-05-30,001130,2025-06-02,2025-06-18,14260.0,15500.0,373.0,5318980.0,5782627.430499998,8.545652173913048
A_baseline,10,10000000,False,000080:2025-06-17,000080,2025-06-18,2025-07-02,19990.0,20850.0,289.0,5777110.0,6022501.765499998,4.152151075537768
A_baseline,10,10000000,False,000080:2025-07-01,000080,2025-07-02,2025-07-16,20850.0,21850.0,288.0,6004800.0,6301494.565499998,4.646163069544362
A_baseline,10,10000000,False,000850:2025-07-15,000850,2025-07-16,2025-07-30,34300.0,32450.0,183.0,6276900.0,5953529.215499998,-5.543586005830898
A_baseline,10,10000000,False,003570:2025-07-29,003570,2025-07-30,2025-08-13,55000.0,51500.0,108.0,5940000.0,5566619.215499998,-6.513636363636363
A_baseline,10,10000000,False,015360:2025-08-12,015360,2025-08-13,2025-08-28,12760.0,12240.0,436.0,5563360.0,5331554.175499998,-4.225235109717869
A_baseline,10,10000000,False,014680:2025-08-27,014680,2025-08-28,2025-09-11,173900.0,174200.0,30.0,5217000.0,5332728.675499998,0.02251293847038528
A_baseline,10,10000000,False,010130:2025-09-11,010130,2025-09-12,2025-09-26,925000.0,935000.0,5.0,4625000.0,5375791.175499998,0.931081081081081
A_baseline,10,10000000,False,064850:2025-09-25,064850,2025-09-26,2025-10-17,8610.0,8420.0,624.0,5372640.0,5249172.215499998,-2.356736353077816
A_baseline,10,10000000,False,006800:2025-10-16,006800,2025-10-17,2025-10-31,21705.0,25589.0,241.0,5230905.0,6177369.857999998,17.74449435613914
A_baseline,10,10000000,False,014680:2025-10-30,014680,2025-10-31,2025-11-14,228000.0,216500.0,27.0,6156000.0,5857635.857999998,-5.193859649122807
A_baseline,10,10000000,False,010130:2025-11-13,010130,2025-11-14,2025-11-28,1168000.0,1297000.0,5.0,5840000.0,6493875.857999998,10.894520547945206
A_baseline,10,10000000,False,003080:2025-11-27,003080,2025-11-28,2025-12-12,2885.0,2845.0,2250.0,6491250.0,6394138.982999998,-1.5364818024263431
A_baseline,10,10000000,False,010130:2025-12-11,010130,2025-12-12,2025-12-29,1557000.0,1276000.0,4.0,6228000.0,5260796.982999998,-18.197527296082207
A_baseline,10,10000000,False,126640:2025-12-26,126640,2025-12-29,2026-01-14,1313.0,1379.0,4006.0,5259878.0,5517303.165999998,4.87665651180503
B_improved,10,10000000,False,105560:2023-01-10,105560,2023-01-11,2023-01-27,57700.0,57700.0,173.0,9982100.0,9985026.85,-0.15000000000000374
B_improved,10,10000000,False,003830:2023-01-26,003830,2023-01-27,2023-02-10,135000.0,131200.0,73.0,9855000.0,9692844.35,-2.964814814814815
B_improved,10,10000000,False,094280:2023-02-09,094280,2023-02-10,2023-02-24,15010.0,14490.0,645.0,9681450.0,9342922.174999999,-3.614357095269828
B_improved,10,10000000,False,000850:2023-02-23,000850,2023-02-24,2023-03-13,33650.0,35000.0,277.0,9321050.0,9702890.6,3.8618870728083285
B_improved,10,10000000,False,000850:2023-03-17,000850,2023-03-20,2023-04-03,37600.0,37800.0,258.0,9700800.0,9739939.4,0.38191489361702896
B_improved,10,10000000,False,000850:2023-04-03,000850,2023-04-04,2023-04-18,38500.0,39300.0,252.0,9702000.0,9926986.4,1.9279220779220778
B_improved,10,10000000,False,344820:2023-04-19,344820,2023-04-20,2023-05-08,44850.0,43900.0,221.0,9911850.0,9702168.625,-2.2681716833890784
B_improved,10,10000000,False,000430:2023-05-10,000430,2023-05-11,2023-05-25,4510.0,4465.0,2151.0,9701010.0,9590822.11,-1.1477827050997844
B_improved,10,10000000,False,088980:2023-05-30,088980,2023-05-31,2023-06-15,13166.0,13096.0,728.0,9584848.0,9525484.838,-0.681672489746315
B_improved,10,10000000,False,204320:2023-06-15,204320,2023-06-16,2023-06-30,49400.0,52500.0,192.0,9484800.0,10106457.638,6.125303643724704
B_improved,10,10000000,False,003030:2023-06-29,003030,2023-06-30,2023-07-14,204000.0,200500.0,49.0,9996000.0,9919963.638,-1.865686274509804
B_improved,10,10000000,False,001740:2023-07-13,001740,2023-07-14,2023-07-28,5510.0,5870.0,1800.0,9918000.0,10553086.638,6.383575317604357
B_improved,10,10000000,False,326030:2023-08-01,326030,2023-08-02,2023-08-17,90000.0,93000.0,117.0,10530000.0,10888291.638,3.183333333333333
B_improved,10,10000000,False,026890:2023-08-21,026890,2023-08-22,2023-09-05,7260.0,7410.0,1499.0,10882740.0,11096817.528,1.9161157024793443
B_improved,10,10000000,False,003570:2023-09-06,003570,2023-09-07,2023-09-21,11400.0,11450.0,973.0,11092200.0,11128829.228,0.28859649122806347
B_improved,10,10000000,False,105630:2023-10-31,105630,2023-11-01,2023-11-15,23000.0,22600.0,483.0,11109000.0,10918965.728,-1.8891304347826088
B_improved,10,10000000,False,279600:2023-12-11,279600,2023-12-12,2023-12-27,16221.0,22032.0,673.0,10916733.0,14813393.6285,35.67393194007767
B_improved,10,10000000,False,326030:2024-01-02,326030,2024-01-03,2024-01-17,103300.0,93900.0,143.0,14771900.0,13447035.7785,-9.249709583736687
B_improved,10,10000000,False,003830:2024-01-29,003830,2024-01-30,2024-02-15,114600.0,115900.0,117.0,13408200.0,13579023.4785,0.9843804537521759
B_improved,10,10000000,False,006800:2024-02-16,006800,2024-02-19,2024-03-05,8911.0,8941.0,1523.0,13571453.0,13604356.298999999,0.18666255190213935
B_improved,10,10000000,False,088980:2024-03-06,088980,2024-03-07,2024-03-21,12927.0,12747.0,1052.0,13599204.0,13394597.492999999,-1.542434439545137
B_improved,10,10000000,False,015360:2024-03-25,015360,2024-03-26,2024-04-09,8280.0,7690.0,1617.0,13388760.0,12420484.352999998,-7.275603864734304
B_improved,10,10000000,False,026890:2024-04-16,026890,2024-04-17,2024-05-02,8490.0,8770.0,1462.0,12412380.0,12811225.782999998,3.1479976442873947
B_improved,10,10000000,False,015360:2024-05-08,015360,2024-05-09,2024-05-24,8300.0,8600.0,1543.0,12806900.0,13254915.432999998,3.4644578313253045
B_improved,10,10000000,False,094280:2024-05-23,094280,2024-05-24,2024-06-10,13470.0,13230.0,984.0,13254480.0,12998873.712999998,-1.9317371937639247
B_improved,10,10000000,False,051630:2024-06-07,051630,2024-06-10,2024-06-24,3366.0,3297.0,3861.0,12996126.0,12712970.523999998,-2.1999108734402797
B_improved,10,10000000,False,003570:2024-06-24,003570,2024-06-25,2024-07-09,22000.0,20800.0,577.0,12694000.0,12001529.523999998,-5.6045454545454545
B_improved,10,10000000,False,011780:2024-07-11,011780,2024-07-12,2024-07-26,164200.0,149900.0,73.0,11986600.0,10939649.623999998,-8.858891595615107
B_improved,10,10000000,False,053350:2024-08-02,053350,2024-08-05,2024-08-20,3975.0,3195.0,2752.0,10939200.0,8776680.823999997,-19.77264150943397
B_improved,10,10000000,False,000080:2024-08-19,000080,2024-08-20,2024-09-03,22250.0,20600.0,394.0,8766500.0,8113431.073999997,-7.565730337078652
B_improved,10,10000000,False,081580:2024-09-24,081580,2024-09-25,2024-10-14,4345.0,4825.0,1867.0,8112115.0,8997422.901499998,10.89718066743384
B_improved,10,10000000,False,326030:2024-10-11,326030,2024-10-14,2024-10-28,120000.0,119300.0,74.0,8880000.0,8932302.901499998,-0.7333333333333333
B_improved,10,10000000,False,006800:2024-10-25,006800,2024-10-28,2024-11-11,9120.0,8682.0,979.0,8928480.0,8490108.181499997,-4.952631578947376
B_improved,10,10000000,False,127120:2024-11-12,127120,2024-11-13,2024-11-27,3965.0,3870.0,2141.0,8489065.0,8273979.583999997,-2.54596469104666
B_improved,10,10000000,False,127120:2024-11-27,127120,2024-11-28,2024-12-12,4100.0,4080.0,2018.0,8273800.0,8221208.883999997,-0.6378048780487827
B_improved,10,10000000,False,016090:2024-12-11,016090,2024-12-12,2024-12-27,2225.0,2270.0,3694.0,8219150.0,8375110.158999997,1.8724719101123641
B_improved,10,10000000,False,015360:2024-12-26,015360,2024-12-27,2025-01-14,10760.0,9850.0,778.0,8371280.0,7654573.238999997,-8.607249070631969
B_improved,10,10000000,False,204320:2025-01-14,204320,2025-01-15,2025-02-04,45000.0,41900.0,170.0,7650000.0,7116098.238999997,-7.038888888888889
B_improved,10,10000000,False,136480:2025-02-04,136480,2025-02-05,2025-02-19,2955.0,2955.0,2408.0,7115640.0,7105424.778999997,-0.1499999999999995
B_improved,10,10000000,False,053350:2025-02-27,053350,2025-02-28,2025-03-17,4615.0,6110.0,1539.0,7102485.0,9395576.051499998,32.24436619718311
B_improved,10,10000000,False,011230:2025-03-19,011230,2025-03-20,2025-04-03,3730.0,4140.0,2518.0,9392140.0,10413867.841499997,10.84195710455763
B_improved,10,10000000,False,310200:2025-04-02,310200,2025-04-03,2025-04-17,3250.0,3255.0,3204.0,10413000.0,10414268.341499997,0.0038461538461538464
B_improved,10,10000000,False,128540:2025-04-16,128540,2025-04-17,2025-05-02,1832.0,1881.0,5684.0,10413088.0,10677164.709499998,2.524672489082976
B_improved,10,10000000,False,088980:2025-05-02,088980,2025-05-07,2025-05-21,11600.0,11510.0,920.0,10672000.0,10578356.709499998,-0.9258620689655171
B_improved,10,10000000,False,003570:2025-05-20,003570,2025-05-21,2025-06-05,39000.0,47300.0,271.0,10569000.0,12811803.209499998,21.132051282051282
B_improved,10,10000000,False,001130:2025-06-04,001130,2025-06-05,2025-06-20,14960.0,15600.0,856.0,12805760.0,13340434.569499997,4.128074866310156
B_improved,10,10000000,False,088980:2025-06-19,088980,2025-06-20,2025-07-04,11920.0,11350.0,1119.0,13338480.0,12682596.849499997,-4.931879194630877
B_improved,10,10000000,False,081150:2025-07-03,081150,2025-07-04,2025-07-18,3420.0,3310.0,3708.0,12681360.0,12255694.809499998,-3.366374269005841
B_improved,10,10000000,False,415380:2025-08-11,415380,2025-08-12,2025-08-27,3211.0,3656.0,3816.0,12253176.0,13935435.045499997,13.708611024602924
B_improved,10,10000000,False,003570:2025-08-26,003570,2025-08-27,2025-09-10,64000.0,58900.0,217.0,13888000.0,12807903.045499997,-8.11875
B_improved,10,10000000,False,010130:2025-09-11,010130,2025-09-12,2025-09-26,925000.0,935000.0,13.0,12025000.0,12919865.545499997,0.931081081081081
B_improved,10,10000000,False,265520:2025-10-10,265520,2025-10-13,2025-10-27,20350.0,21300.0,634.0,12901900.0,13502812.695499998,4.518304668304672
B_improved,10,10000000,False,015860:2025-10-24,015860,2025-10-27,2025-11-10,6590.0,7270.0,2048.0,13496320.0,14875208.215499997,10.168664643399087
B_improved,10,10000000,False,105560:2025-11-10,105560,2025-11-11,2025-11-25,130000.0,122500.0,114.0,14820000.0,13997978.215499997,-5.919230769230769
B_improved,10,10000000,False,138360:2025-11-25,138360,2025-11-26,2025-12-10,1079.0,1069.0,12973.0,13997867.0,13847251.414999997,-1.076784059314179
B_improved,10,10000000,False,051630:2025-12-11,051630,2025-12-12,2025-12-29,3120.0,2545.0,4438.0,13846560.0,11274631.574999997,-18.579487179487177
A_baseline,10,1000000,True,114090:2023-01-02,114090,2023-01-03,2023-01-17,18750.0,19200.0,53.333333333333336,1000000.0,1022500.0,2.25
A_baseline,10,1000000,True,011170:2023-01-16,011170,2023-01-17,2023-02-02,184000.0,180000.0,5.557065217391305,1022500.0,998737.9891304348,-2.323913043478258
A_baseline,10,1000000,True,006800:2023-02-01,006800,2023-02-02,2023-02-16,6969.0,6989.0,143.3115208968912,998737.9891304348,1000106.112564677,0.13698522026116042
A_baseline,10,1000000,True,073640:2023-02-15,073640,2023-02-16,2023-03-03,2360.0,2315.0,423.77377651045634,1000106.112564677,979536.1334528594,-2.0567796610169604
A_baseline,10,1000000,True,000430:2023-03-02,000430,2023-03-03,2023-03-17,3435.0,3400.0,285.1633576281978,979536.1334528594,968086.1117356932,-1.168922852983985
A_baseline,10,1000000,True,000850:2023-03-16,000850,2023-03-17,2023-03-31,36000.0,36700.0,26.891280881547033,968086.1117356932,985457.8791851725,1.7944444444444378
A_baseline,10,1000000,True,000430:2023-03-30,000430,2023-03-31,2023-04-14,3500.0,3905.0,281.55939405290644,985457.8791851725,1098011.2469578218,11.421428571428564
A_baseline,10,1000000,True,001460:2023-04-13,001460,2023-04-14,2023-04-28,49000.0,47000.0,22.408392795057587,1098011.2469578218,1051547.4444972698,-4.231632653061229
A_baseline,10,1000000,True,011230:2023-04-27,011230,2023-04-28,2023-05-17,7328.0,7603.0,143.4971949368545,1051547.4444972698,1089431.851938159,3.602729257641929
A_baseline,10,1000000,True,000850:2023-05-16,000850,2023-05-17,2023-06-01,38650.0,37650.0,28.187111304997646,1089431.851938159,1059610.5928552542,-2.7373221216041306
A_baseline,10,1000000,True,004870:2023-05-31,004870,2023-06-01,2023-06-16,3120.0,3092.0,339.61877976129944,1059610.5928552542,1048511.8511326549,-1.0474358974358964
A_baseline,10,1000000,True,085310:2023-06-15,085310,2023-06-16,2023-06-30,9720.0,9910.0,107.87158962270112,1048511.8511326549,1067434.685384269,1.80473251028806
A_baseline,10,1000000,True,003030:2023-06-29,003030,2023-06-30,2023-07-14,204000.0,200500.0,5.232522967569946,1067434.685384269,1047519.7029696978,-1.865686274509815
A_baseline,10,1000000,True,001740:2023-07-13,001740,2023-07-14,2023-07-28,5510.0,5870.0,190.11246877852955,1047519.7029696978,1114388.9121755138,6.38357531760435
A_baseline,10,1000000,True,220100:2023-08-01,220100,2023-08-02,2023-08-17,8703.0,11276.0,128.04652558606386,1114388.9121755138,1442181.039140193,29.414517982304965
A_baseline,10,1000000,True,089850:2023-08-17,089850,2023-08-18,2023-09-01,7471.0,9112.0,193.03721578639983,1442181.039140193,1756791.838686965,21.8149310667916
A_baseline,10,1000000,True,105560:2023-08-31,105560,2023-09-01,2023-09-15,54200.0,56200.0,32.41313355511006,1756791.8386869652,1818982.9180391547,3.5400369003690106
A_baseline,10,1000000,True,246250:2023-09-14,246250,2023-09-15,2023-10-05,5000.0,4150.0,363.79658360783094,1818982.9180391547,1507027.3475954398,-17.149999999999995
A_baseline,10,1000000,True,004270:2023-10-06,004270,2023-10-10,2023-10-24,18285.0,16298.0,82.41877755512385,1507027.3475954398,1341000.6955720154,-11.016830735575617
A_baseline,10,1000000,True,003570:2023-10-23,003570,2023-10-24,2023-11-07,11990.0,13920.0,111.84326068156925,1341000.6955720154,1554846.6876440858,15.946747289407828
A_baseline,10,1000000,True,015360:2023-11-06,015360,2023-11-07,2023-11-21,6770.0,6990.0,229.66716213354297,1554846.6876440858,1603041.1932819993,3.0996307237813983
A_baseline,10,1000000,True,215200:2023-11-24,215200,2023-11-27,2023-12-11,61400.0,61900.0,26.10816275703582,1603041.1932819993,1613690.712870594,0.6643322475569957
A_baseline,10,1000000,True,016450:2023-12-11,016450,2023-12-12,2023-12-27,4990.0,5040.0,323.38491239891664,1613690.712870594,1627439.422421234,0.8520040080160262
A_baseline,10,1000000,True,000080:2023-12-26,000080,2023-12-27,2024-01-12,22500.0,21400.0,72.33064099649928,1627439.422421234,1545434.5581914529,-5.03888888888889
A_baseline,10,1000000,True,003530:2024-01-11,003530,2024-01-12,2024-01-26,4160.0,3500.0,371.4986918729454,1545434.5581914529,1297927.2697180216,-16.015384615384622
A_baseline,10,1000000,True,170920:2024-01-25,170920,2024-01-26,2024-02-13,17700.0,15850.0,73.32922427785432,1297927.2697180216,1160321.313899414,-10.601977401129956
A_baseline,10,1000000,True,043650:2024-02-13,043650,2024-02-14,2024-02-28,6420.0,6050.0,180.73540714944141,1160321.313899414,1091708.7312832715,-5.91323987538941
A_baseline,10,1000000,True,163560:2024-02-27,163560,2024-02-28,2024-03-14,9320.0,9570.0,117.13612996601626,1091708.7312832715,1119355.2006778507,2.532403433476408
A_baseline,10,1000000,True,006220:2024-03-13,006220,2024-03-14,2024-03-28,14300.0,12590.0,78.27658745998956,1119355.2006778507,983823.2033202517,-12.108041958041973
A_baseline,10,1000000,True,014830:2024-03-27,014830,2024-03-28,2024-04-12,78100.0,86300.0,12.596968032269547,983823.2033202517,1085642.6063798815,10.349359795134436
A_baseline,10,1000000,True,003030:2024-04-11,003030,2024-04-12,2024-04-26,233500.0,220500.0,4.649433003768229,1085642.6063798815,1023571.5134213248,-5.717451820128472
A_baseline,10,1000000,True,014830:2024-04-25,014830,2024-04-26,2024-05-14,93700.0,101300.0,10.923922235019475,1023571.5134213248,1105057.9651373408,7.960992529348989
A_baseline,10,1000000,True,036620:2024-05-13,036620,2024-05-14,2024-05-29,3840.0,4350.0,287.77551175451583,1105057.9651373408,1250165.889184438,13.131250000000003
A_baseline,10,1000000,True,051630:2024-05-28,051630,2024-05-29,2024-06-13,3206.0,3343.0,389.94569219726696,1250165.889184438,1301713.2001816868,4.123237679351212
A_baseline,10,1000000,True,051630:2024-06-12,051630,2024-06-13,2024-06-27,3343.0,3320.0,389.3847442960475,1301713.2001816868,1290804.781262605,-0.8380047861202649
A_baseline,10,1000000,True,010130:2024-06-26,010130,2024-06-27,2024-07-11,517000.0,534000.0,2.4967210469296033,1290804.781262605,1331312.8318885143,3.1382011605415863
A_baseline,10,1000000,True,009300:2024-07-10,009300,2024-07-11,2024-07-25,26700.0,32050.0,49.86190381604923,1331312.8318885143,1596077.0480565452,19.88745318352062
A_baseline,10,1000000,True,053350:2024-07-25,053350,2024-07-26,2024-08-09,3705.0,3570.0,430.7900264660041,1596077.0480565452,1535526.2789115498,-3.793724696356275
A_baseline,10,1000000,True,006360:2024-08-08,006360,2024-08-09,2024-08-26,18860.0,21000.0,81.41708795925503,1535526.2789115498,1707455.557725988,11.196765641569447
A_baseline,10,1000000,True,105560:2024-08-23,105560,2024-08-26,2024-09-09,86800.0,83300.0,19.67114697841,1707455.557725988,1636045.359964964,-4.1822580645161365
A_baseline,10,1000000,True,015360:2024-09-06,015360,2024-09-09,2024-09-26,9020.0,8900.0,181.3797516590869,1636045.359964964,1611825.721725926,-1.4803769401330418
A_baseline,10,1000000,True,064850:2024-09-24,064850,2024-09-26,2024-10-15,27600.0,13210.0,58.3994826712292,1611825.721725926,769039.4275043489,-52.28768115942029
A_baseline,10,1000000,True,015360:2024-10-14,015360,2024-10-15,2024-10-29,9290.0,10460.0,82.7814238433099,769039.4275043489,864740.134259765,12.444187298170084
A_baseline,10,1000000,True,004100:2024-10-28,004100,2024-10-29,2024-11-12,3440.0,3245.0,251.37794600574566,864740.134259765,814424.324587255,-5.818604651162787
A_baseline,10,1000000,True,003530:2024-11-11,003530,2024-11-12,2024-11-26,4620.0,3630.0,176.28232133923268,814424.324587255,638683.1899745337,-21.578571428571433
A_baseline,10,1000000,True,127120:2024-11-25,127120,2024-11-26,2024-12-10,3710.0,4015.0,172.15180322763712,638683.1899745337,690231.4651740012,8.071024258760094
A_baseline,10,1000000,True,015020:2024-12-09,015020,2024-12-10,2024-12-26,4390.0,3030.0,157.22812418542168,690231.4651740012,475365.86908406665,-31.12949886104784
A_baseline,10,1000000,True,015360:2024-12-26,015360,2024-12-27,2025-01-14,10760.0,9850.0,44.17898411561958,475365.86908406665,434449.94473522675,-8.607249070631969
A_baseline,10,1000000,True,025980:2025-01-13,025980,2025-01-14,2025-02-03,5570.0,5700.0,77.99819474600122,434449.9447352268,443938.03513510403,2.1839317773788074
A_baseline,10,1000000,True,016090:2025-01-31,016090,2025-02-03,2025-02-17,2305.0,2150.0,192.5978460455983,443938.03513510403,413419.46194533363,-6.874511930585685
A_baseline,10,1000000,True,025980:2025-02-14,025980,2025-02-17,2025-03-04,6090.0,5830.0,67.88496912074444,413419.46194533363,395149.2407810221,-4.419293924466329
A_baseline,10,1000000,True,136480:2025-02-28,136480,2025-03-04,2025-03-18,2925.0,3075.0,135.09375753197338,395149.2407810221,414820.58054964663,4.978205128205139
A_baseline,10,1000000,True,006040:2025-03-17,006040,2025-03-18,2025-04-01,36400.0,34700.0,11.396169795319963,414820.58054964663,394824.86102677824,-4.820329670329668
A_baseline,10,1000000,True,015020:2025-04-01,015020,2025-04-02,2025-04-16,3998.0,3708.0,98.75559305322118,394824.86102677824,365593.50174980395,-7.403626813406697
A_baseline,10,1000000,True,002700:2025-04-15,002700,2025-04-16,2025-04-30,1515.0,1525.0,241.31584273914453,365593.50174980395,367458.2699245707,0.5100660066006596
A_baseline,10,1000000,True,006800:2025-04-29,006800,2025-04-30,2025-05-19,10833.0,13003.0,33.92026861668704,367458.2699245707,440514.0654178947,19.881385581094797
A_baseline,10,1000000,True,003570:2025-05-16,003570,2025-05-19,2025-06-02,34850.0,42200.0,12.64028882117345,440514.0654178947,532759.4171553927,20.940387374461984
A_baseline,10,1000000,True,001130:2025-05-30,001130,2025-06-02,2025-06-18,14260.0,15500.0,37.36040793516078,532759.4171553927,578287.1838692591,8.545652173913064
A_baseline,10,1000000,True,000080:2025-06-17,000080,2025-06-18,2025-07-02,19990.0,20850.0,28.92882360526559,578287.1838692591,602298.5413939836,4.152151075537777
A_baseline,10,1000000,True,000080:2025-07-01,000080,2025-07-02,2025-07-16,20850.0,21850.0,28.88722021074262,602298.5413939836,630282.3137926352,4.646163069544353
A_baseline,10,1000000,True,000850:2025-07-15,000850,2025-07-16,2025-07-30,34300.0,32450.0,18.375577661592864,630282.3137926352,595342.0716479995,-5.543586005830906
A_baseline,10,1000000,True,003570:2025-07-29,003570,2025-07-30,2025-08-13,55000.0,51500.0,10.8244013026909,595342.0716479995,556563.6539811094,-6.513636363636352
A_baseline,10,1000000,True,015360:2025-08-12,015360,2025-08-13,2025-08-28,12760.0,12240.0,43.617841221090075,556563.6539811094,533047.5310651709,-4.225235109717866
A_baseline,10,1000000,True,014680:2025-08-27,014680,2025-08-28,2025-09-11,173900.0,174200.0,3.065253197614554,533047.5310651709,533167.5357278576,0.0225129384704071
A_baseline,10,1000000,True,010130:2025-09-11,010130,2025-09-12,2025-09-26,925000.0,935000.0,0.5763973359220083,533167.5357278576,538131.7577834859,0.9310810810810844
A_baseline,10,1000000,True,064850:2025-09-25,064850,2025-09-26,2025-10-17,8610.0,8420.0,62.50078487613077,538131.7577834859,525449.4110203459,-2.356736353077813
A_baseline,10,1000000,True,006800:2025-10-16,006800,2025-10-17,2025-10-31,21705.0,25589.0,24.208680535376452,525449.4110203459,618687.7521032174,17.744494356139125
A_baseline,10,1000000,True,014680:2025-10-30,014680,2025-10-31,2025-11-14,228000.0,216500.0,2.7135427723825325,618687.7521032174,586553.9785926635,-5.193859649122795
A_baseline,10,1000000,True,010130:2025-11-13,010130,2025-11-14,2025-11-28,1168000.0,1297000.0,0.5021866255074174,586553.9785926635,650456.2223152313,10.894520547945197
A_baseline,10,1000000,True,003080:2025-11-27,003080,2025-11-28,2025-12-12,2885.0,2845.0,225.46142887876303,650456.2223152313,640462.080826608,-1.5364818024263387
A_baseline,10,1000000,True,010130:2025-12-11,010130,2025-12-12,2025-12-29,1557000.0,1276000.0,0.41134366141721773,640462.080826608,523913.81884712994,-18.197527296082207
A_baseline,10,1000000,True,126640:2025-12-26,126640,2025-12-29,2026-01-14,1313.0,1379.0,399.02042562614616,523913.81884712994,549463.2962101848,4.876656511805011
B_improved,10,1000000,True,105560:2023-01-10,105560,2023-01-11,2023-01-27,57700.0,57700.0,17.33102253032929,1000000.0,998500.0,-0.15
B_improved,10,1000000,True,003830:2023-01-26,003830,2023-01-27,2023-02-10,135000.0,131200.0,7.396296296296296,998500.0,968896.324074074,-2.964814814814818
B_improved,10,1000000,True,094280:2023-02-09,094280,2023-02-10,2023-02-24,15010.0,14490.0,64.55005490167049,968896.324074074,933876.9510390944,-3.6143570952698116
B_improved,10,1000000,True,000850:2023-02-23,000850,2023-02-24,2023-03-13,33650.0,35000.0,27.752658277536238,933876.9510390944,969942.2242872097,3.8618870728083254
B_improved,10,1000000,True,000850:2023-03-17,000850,2023-03-20,2023-04-03,37600.0,37800.0,25.796335752319408,969942.2242872097,973646.5781012428,0.381914893617024
B_improved,10,1000000,True,000850:2023-04-03,000850,2023-04-04,2023-04-18,38500.0,39300.0,25.28952150912319,973646.5781012428,992417.7254413896,1.927922077922092
B_improved,10,1000000,True,344820:2023-04-19,344820,2023-04-20,2023-05-08,44850.0,43900.0,22.12748551708784,992417.7254413897,969907.987611994,-2.2681716833890784
B_improved,10,1000000,True,000430:2023-05-10,000430,2023-05-11,2023-05-25,4510.0,4465.0,215.0572034616395,969907.9876119941,958775.5514748022,-1.147782705099785
B_improved,10,1000000,True,088980:2023-05-30,088980,2023-05-31,2023-06-15,13166.0,13096.0,72.82208350864364,958775.5514748022,952239.8423019849,-0.6816724897463202
B_improved,10,1000000,True,204320:2023-06-15,204320,2023-06-16,2023-06-30,49400.0,52500.0,19.276110168056373,952239.8423019849,1010567.4240595066,6.12530364372469
B_improved,10,1000000,True,003030:2023-06-29,003030,2023-06-30,2023-07-14,204000.0,200500.0,4.95376188264464,1010567.4240595066,991713.4063341611,-1.8656862745098102
B_improved,10,1000000,True,001740:2023-07-13,001740,2023-07-14,2023-07-28,5510.0,5870.0,179.9842842711726,991713.4063341611,1055020.178562282,6.383575317604348
B_improved,10,1000000,True,326030:2023-08-01,326030,2023-08-02,2023-08-17,90000.0,93000.0,11.722446428469798,1055020.178562282,1088604.9875798477,3.183333333333317
B_improved,10,1000000,True,026890:2023-08-21,026890,2023-08-22,2023-09-05,7260.0,7410.0,149.9455905757366,1088604.9875798477,1109463.9186848383,1.916115702479333
B_improved,10,1000000,True,003570:2023-09-06,003570,2023-09-07,2023-09-21,11400.0,11450.0,97.32139637586302,1109463.9186848383,1112665.7926256042,0.28859649122806696
B_improved,10,1000000,True,105630:2023-10-31,105630,2023-11-01,2023-11-15,23000.0,22600.0,48.37677359241757,1112665.7926256042,1091646.0844996988,-1.8891304347826026
B_improved,10,1000000,True,279600:2023-12-11,279600,2023-12-12,2023-12-27,16221.0,22032.0,67.29832220576407,1091646.0844996988,1481079.1657106443,35.673931940077686
B_improved,10,1000000,True,326030:2024-01-02,326030,2024-01-03,2024-01-17,103300.0,93900.0,14.337649232436053,1481079.1657106443,1344083.6441771796,-9.249709583736683
B_improved,10,1000000,True,003830:2024-01-29,003830,2024-01-30,2024-02-15,114600.0,115900.0,11.728478570481498,1344083.6441771796,1357314.54085254,0.9843804537521973
B_improved,10,1000000,True,006800:2024-02-16,006800,2024-02-19,2024-03-05,8911.0,8941.0,152.31899235243407,1357314.54085254,1359848.1388118342,0.18666255190214376
B_improved,10,1000000,True,088980:2024-03-06,088980,2024-03-07,2024-03-21,12927.0,12747.0,105.1944100573864,1359848.1388118342,1338873.3727932868,-1.5424344395451415
B_improved,10,1000000,True,015360:2024-03-25,015360,2024-03-26,2024-04-09,8280.0,7690.0,161.69968270450323,1338873.3727932868,1241462.2499384398,-7.27560386473431
B_improved,10,1000000,True,026890:2024-04-16,026890,2024-04-17,2024-05-02,8490.0,8770.0,146.22641342031093,1241462.2499384398,1280543.4523212193,3.147997644287401
B_improved,10,1000000,True,015360:2024-05-08,015360,2024-05-09,2024-05-24,8300.0,8600.0,154.28234365315896,1280543.4523212193,1324907.3402386853,3.464457831325312
B_improved,10,1000000,True,094280:2024-05-23,094280,2024-05-24,2024-06-10,13470.0,13230.0,98.35986193308725,1324907.3402386853,1299313.6123643862,-1.9317371937639258
B_improved,10,1000000,True,051630:2024-06-07,051630,2024-06-10,2024-06-24,3366.0,3297.0,386.01117420213495,1299313.6123643862,1270729.8709258924,-2.1999108734402806
B_improved,10,1000000,True,003570:2024-06-24,003570,2024-06-25,2024-07-09,22000.0,20800.0,57.760448678449656,1270729.8709258924,1199511.237705364,-5.604545454545459
B_improved,10,1000000,True,011780:2024-07-11,011780,2024-07-12,2024-07-26,164200.0,149900.0,7.305184151677003,1199511.237705364,1093247.8374798247,-8.858891595615107
B_improved,10,1000000,True,053350:2024-08-02,053350,2024-08-05,2024-08-20,3975.0,3195.0,275.0309025106477,1093247.8374798247,877083.8617652997,-19.772641509433964
B_improved,10,1000000,True,000080:2024-08-19,000080,2024-08-20,2024-09-03,22250.0,20600.0,39.41949940518201,877083.8617652997,810726.0619541014,-7.565730337078651
B_improved,10,1000000,True,081580:2024-09-24,081580,2024-09-25,2024-10-14,4345.0,4825.0,186.58827662925233,810726.0619541014,899072.3456432114,10.89718066743383
B_improved,10,1000000,True,326030:2024-10-11,326030,2024-10-14,2024-10-28,120000.0,119300.0,7.492269547026762,899072.3456432114,892479.1484418279,-0.7333333333333314
B_improved,10,1000000,True,006800:2024-10-25,006800,2024-10-28,2024-11-11,9120.0,8682.0,97.85955575020043,892479.1484418279,848277.9443005774,-4.952631578947361
B_improved,10,1000000,True,127120:2024-11-12,127120,2024-11-13,2024-11-27,3965.0,3870.0,213.94147397240286,848277.9443005774,826681.0873567483,-2.545964691046654
B_improved,10,1000000,True,127120:2024-11-27,127120,2024-11-28,2024-12-12,4100.0,4080.0,201.62953350164594,826681.0873567483,821408.4750556803,-0.6378048780487793
B_improved,10,1000000,True,016090:2024-12-11,016090,2024-12-12,2024-12-27,2225.0,2270.0,369.1723483396316,821408.4750556803,836789.1180183801,1.8724719101123561
B_improved,10,1000000,True,015360:2024-12-26,015360,2024-12-27,2025-01-14,10760.0,9850.0,77.76850539204277,836789.1180183802,764764.5944345936,-8.607249070631978
B_improved,10,1000000,True,204320:2025-01-14,204320,2025-01-15,2025-02-04,45000.0,41900.0,16.99476876521319,764764.5944345936,710933.6643707808,-7.038888888888886
B_improved,10,1000000,True,136480:2025-02-04,136480,2025-02-05,2025-02-19,2955.0,2955.0,240.58668845034884,710933.6643707808,709867.2638742246,-0.15000000000000277
B_improved,10,1000000,True,053350:2025-02-27,053350,2025-02-28,2025-03-17,4615.0,6110.0,153.8173919554116,709867.2638742246,938759.4639517537,32.244366197183105
B_improved,10,1000000,True,011230:2025-03-19,011230,2025-03-20,2025-04-03,3730.0,4140.0,251.67814046963906,938759.4639517537,1040539.362348378,10.84195710455764
B_improved,10,1000000,True,310200:2025-04-02,310200,2025-04-03,2025-04-17,3250.0,3255.0,320.16595764565477,1040539.362348378,1040579.3830930837,0.003846153846152144
B_improved,10,1000000,True,128540:2025-04-16,128540,2025-04-17,2025-05-02,1832.0,1881.0,568.0018466665305,1040579.3830930839,1066850.604505104,2.524672489082971
B_improved,10,1000000,True,088980:2025-05-02,088980,2025-05-07,2025-05-21,11600.0,11510.0,91.96987969871586,1066850.604505104,1056973.0394254618,-0.9258620689655307
B_improved,10,1000000,True,003570:2025-05-20,003570,2025-05-21,2025-06-05,39000.0,47300.0,27.10187280578107,1056973.0394254618,1280333.1241543065,21.132051282051282
B_improved,10,1000000,True,001130:2025-06-04,001130,2025-06-05,2025-06-20,14960.0,15600.0,85.58376498357664,1280333.1241543065,1333186.2340575643,4.128074866310177
B_improved,10,1000000,True,088980:2025-06-19,088980,2025-06-20,2025-07-04,11920.0,11350.0,111.84448272295002,1333186.2340575643,1267435.0995543965,-4.93187919463087
B_improved,10,1000000,True,081150:2025-07-03,081150,2025-07-04,2025-07-18,3420.0,3310.0,370.59505834923874,1267435.0995543965,1224768.4904866486,-3.3663742690058465
B_improved,10,1000000,True,415380:2025-08-11,415380,2025-08-12,2025-08-27,3211.0,3656.0,381.42899112010235,1224768.4904866486,1392667.2387993643,13.708611024602934
B_improved,10,1000000,True,003570:2025-08-26,003570,2025-08-27,2025-09-10,64000.0,58900.0,21.760425606240066,1392667.2387993643,1279600.0673493408,-8.118750000000011
B_improved,10,1000000,True,010130:2025-09-11,010130,2025-09-12,2025-09-26,925000.0,935000.0,1.3833514241614495,1279600.0673493408,1291514.1814899314,0.9310810810810943
B_improved,10,1000000,True,265520:2025-10-10,265520,2025-10-13,2025-10-27,20350.0,21300.0,63.46507034348557,1291514.1814899314,1349868.7270440077,4.518304668304662
B_improved,10,1000000,True,015860:2025-10-24,015860,2025-10-27,2025-11-10,6590.0,7270.0,204.83592216145792,1349868.7270440077,1487132.351023233,10.168664643399083
B_improved,10,1000000,True,105560:2025-11-10,105560,2025-11-11,2025-11-25,130000.0,122500.0,11.43947962325564,1487132.351023233,1399105.5553222809,-5.919230769230772
B_improved,10,1000000,True,138360:2025-11-25,138360,2025-11-26,2025-12-10,1079.0,1069.0,1296.6687259706032,1399105.5553222809,1384040.2097295914,-1.0767840593141809
B_improved,10,1000000,True,051630:2025-12-11,051630,2025-12-12,2025-12-29,3120.0,2545.0,443.602631323587,1384040.2097295914,1126892.6364039346,-18.579487179487174
A_baseline,15,300000,False,114090:2023-01-02,114090,2023-01-03,2023-01-26,18750.0,20150.0,16.0,300000.0,321950.0,7.316666666666667
A_baseline,15,300000,False,003830:2023-01-25,003830,2023-01-26,2023-02-16,130100.0,129700.0,2.0,260200.0,320759.7,-0.4574558032282815
A_baseline,15,300000,False,073640:2023-02-15,073640,2023-02-16,2023-03-10,2360.0,2235.0,135.0,318600.0,303406.8,-5.4466101694915325
A_baseline,15,300000,False,000430:2023-03-09,000430,2023-03-10,2023-03-31,3460.0,3500.0,87.0,301020.0,306435.26999999996,1.0060693641618406
A_baseline,15,300000,False,000430:2023-03-30,000430,2023-03-31,2023-04-21,3500.0,4030.0,87.0,304500.0,352088.51999999996,14.992857142857144
A_baseline,15,300000,False,053350:2023-04-20,053350,2023-04-21,2023-05-16,4700.0,3850.0,74.0,347800.0,288666.81999999995,-18.235106382978728
A_baseline,15,300000,False,002700:2023-05-15,002700,2023-05-16,2023-06-08,2235.0,1950.0,129.0,288315.0,251469.34749999995,-12.901677852348994
A_baseline,15,300000,False,126640:2023-06-07,126640,2023-06-08,2023-06-29,2090.0,1920.0,120.0,250800.0,230693.14749999993,-8.283971291866035
A_baseline,15,300000,False,000850:2023-06-28,000850,2023-06-29,2023-07-20,39450.0,35350.0,5.0,197250.0,209897.27249999993,-10.542902408111534
A_baseline,15,300000,False,001740:2023-07-19,001740,2023-07-20,2023-08-10,5810.0,6500.0,36.0,209160.0,234423.53249999994,11.726075731497422
A_baseline,15,300000,False,001740:2023-08-09,001740,2023-08-10,2023-09-01,6500.0,7210.0,36.0,234000.0,259632.53249999994,10.773076923076923
A_baseline,15,300000,False,105560:2023-08-31,105560,2023-09-01,2023-09-22,54200.0,57300.0,4.0,216800.0,271707.3324999999,5.56955719557195
A_baseline,15,300000,False,089850:2023-09-21,089850,2023-09-22,2023-10-20,9159.0,7578.0,29.0,265611.0,225459.9159999999,-17.411709793645592
A_baseline,15,300000,False,105630:2023-10-19,105630,2023-10-20,2023-11-10,21100.0,23700.0,10.0,211000.0,251143.4159999999,12.172274881516588
A_baseline,15,300000,False,105630:2023-11-09,105630,2023-11-10,2023-12-01,23700.0,20700.0,10.0,237000.0,220787.9159999999,-12.808227848101266
A_baseline,15,300000,False,016360:2023-11-30,016360,2023-12-01,2023-12-22,38900.0,40850.0,5.0,194500.0,230246.1659999999,4.8628534704370185
A_baseline,15,300000,False,279600:2023-12-21,279600,2023-12-22,2024-01-17,18982.0,20822.0,12.0,227784.0,251984.4899999999,9.543393741439257
A_baseline,15,300000,False,270870:2024-01-16,270870,2024-01-17,2024-02-07,7090.0,6990.0,35.0,248150.0,248112.2649999999,-1.5604372355430207
A_baseline,15,300000,False,003030:2024-02-07,003030,2024-02-08,2024-03-05,208500.0,217500.0,1.0,208500.0,256799.5149999999,4.166546762589928
A_baseline,15,300000,False,015360:2024-03-04,015360,2024-03-05,2024-03-26,7680.0,8280.0,33.0,253440.0,276219.3549999999,7.662500000000009
A_baseline,15,300000,False,009300:2024-03-25,009300,2024-03-26,2024-04-17,16800.0,15720.0,16.0,268800.0,258536.1549999999,-6.578571428571432
A_baseline,15,300000,False,001460:2024-04-08,001460,2024-04-17,2024-05-10,46250.0,39450.0,5.0,231250.0,224189.2799999999,-14.852702702702702
A_baseline,15,300000,False,015360:2024-05-09,015360,2024-05-10,2024-06-03,8480.0,8900.0,26.0,220480.0,234778.5599999999,4.802830188679245
A_baseline,15,300000,False,011780:2024-05-31,011780,2024-06-03,2024-06-25,148400.0,153000.0,1.0,148400.0,239155.9599999999,2.9497304582210204
A_baseline,15,300000,False,003570:2024-06-24,003570,2024-06-25,2024-07-16,22000.0,20650.0,10.0,220000.0,225325.9599999999,-6.286363636363636
A_baseline,15,300000,False,006360:2024-07-15,006360,2024-07-16,2024-08-06,17260.0,17200.0,13.0,224380.0,224209.3899999999,-0.4976245654692963
A_baseline,15,300000,False,064850:2024-08-06,064850,2024-08-07,2024-08-29,7780.0,9340.0,28.0,217840.0,267562.6299999999,19.901413881748066
A_baseline,15,300000,False,064850:2024-08-28,064850,2024-08-29,2024-09-24,9340.0,38450.0,28.0,261520.0,1082250.3499999999,311.5202355460385
A_baseline,15,300000,False,064850:2024-09-23,064850,2024-09-24,2024-10-21,38450.0,11880.0,28.0,1076600.0,336675.44999999984,-69.25273081924578
A_baseline,15,300000,False,015360:2024-10-18,015360,2024-10-21,2024-11-11,9590.0,10180.0,35.0,335650.0,356821.97499999986,6.002241918665283
A_baseline,15,300000,False,003570:2024-11-08,003570,2024-11-11,2024-12-02,26300.0,19640.0,13.0,341900.0,269729.1249999999,-25.473193916349814
A_baseline,15,300000,False,105560:2024-11-29,105560,2024-12-02,2024-12-23,96800.0,86300.0,2.0,193600.0,248438.7249999999,-10.997107438016526
A_baseline,15,300000,False,127120:2024-12-20,127120,2024-12-23,2025-01-16,5000.0,5250.0,49.0,245000.0,260321.2249999999,4.8500000000000005
A_baseline,15,300000,False,058860:2025-01-15,058860,2025-01-16,2025-02-12,2765.0,2760.0,94.0,259910.0,259461.3599999999,-0.3308318264014431
A_baseline,15,300000,False,016090:2025-02-11,016090,2025-02-12,2025-03-06,2300.0,2300.0,112.0,257600.0,259074.9599999999,-0.14999999999999775
A_baseline,15,300000,False,006040:2025-03-05,006040,2025-03-06,2025-03-27,35850.0,37400.0,7.0,250950.0,269548.5349999999,4.173570432357048
A_baseline,15,300000,False,016920:2025-03-26,016920,2025-03-27,2025-04-17,2330.0,2105.0,115.0,267950.0,243271.60999999993,-9.806652360515017
A_baseline,15,300000,False,006040:2025-04-16,006040,2025-04-17,2025-05-13,41750.0,41650.0,5.0,208750.0,242458.48499999993,-0.38952095808383236
A_baseline,15,300000,False,000850:2025-05-12,000850,2025-05-13,2025-06-04,29500.0,32000.0,8.0,236000.0,262104.48499999993,8.32457627118644
A_baseline,15,300000,False,001130:2025-06-02,001130,2025-06-04,2025-06-26,14520.0,15000.0,18.0,261360.0,270352.44499999995,3.1557851239669503
A_baseline,15,300000,False,001460:2025-06-25,001460,2025-06-26,2025-07-17,39000.0,41500.0,6.0,234000.0,285001.44499999995,6.260256410256411
A_baseline,15,300000,False,000850:2025-07-16,000850,2025-07-17,2025-08-07,34750.0,32200.0,8.0,278000.0,264184.44499999995,-7.488129496402878
A_baseline,15,300000,False,036620:2025-08-06,036620,2025-08-07,2025-08-29,6150.0,5660.0,42.0,258300.0,243216.99499999994,-8.117479674796753
A_baseline,15,300000,False,006220:2025-08-28,006220,2025-08-29,2025-09-19,14700.0,14030.0,16.0,235200.0,232144.19499999995,-4.707823129251696
A_baseline,15,300000,False,011170:2025-09-18,011170,2025-09-19,2025-10-17,67300.0,71500.0,3.0,201900.0,244441.34499999994,6.090713224368496
A_baseline,15,300000,False,006800:2025-10-16,006800,2025-10-17,2025-11-07,21705.0,23050.0,11.0,238755.0,258878.21249999994,6.046728864316975
A_baseline,15,300000,False,001740:2025-11-06,001740,2025-11-07,2025-11-28,4720.0,4535.0,54.0,254880.0,248505.89249999993,-4.069491525423731
A_baseline,15,300000,False,003080:2025-11-27,003080,2025-11-28,2025-12-19,2885.0,2840.0,86.0,248110.0,244263.72749999992,-1.7097920277296392
A_baseline,15,300000,False,309960:2025-12-18,309960,2025-12-19,2026-01-14,5940.0,5100.0,41.0,243540.0,209458.41749999992,-14.29141414141414
B_improved,15,300000,False,105560:2023-01-10,105560,2023-01-11,2023-02-03,57700.0,56000.0,5.0,288500.0,291067.25,-3.096273830155979
B_improved,15,300000,False,002700:2023-02-02,002700,2023-02-03,2023-02-24,2100.0,2115.0,138.0,289800.0,292702.55,0.5642857142857103
B_improved,15,300000,False,000850:2023-02-23,000850,2023-02-24,2023-03-20,33650.0,37600.0,8.0,269200.0,323898.75,11.588484398216943
B_improved,15,300000,False,000850:2023-03-17,000850,2023-03-20,2023-04-10,37600.0,38150.0,8.0,300800.0,327847.55,1.3127659574468047
B_improved,15,300000,False,126640:2023-04-11,126640,2023-04-12,2023-05-04,1765.0,1778.0,185.0,326525.0,329762.7625,0.586543909348449
B_improved,15,300000,False,000430:2023-05-10,000430,2023-05-11,2023-06-02,4510.0,4225.0,73.0,329230.0,308463.91750000004,-6.469290465631921
B_improved,15,300000,False,064850:2023-06-02,064850,2023-06-05,2023-06-27,8920.0,7960.0,34.0,303280.0,275368.99750000006,-10.912331838565018
B_improved,15,300000,False,026890:2023-06-26,026890,2023-06-27,2023-07-18,6860.0,6500.0,40.0,274400.0,260557.39750000005,-5.39781341107872
B_improved,15,300000,False,001740:2023-07-18,001740,2023-07-19,2023-08-09,5690.0,6230.0,45.0,256050.0,284473.3225,9.34033391915641
B_improved,15,300000,False,001740:2023-08-09,001740,2023-08-10,2023-09-01,6500.0,7210.0,43.0,279500.0,314584.0725,10.773076923076923
B_improved,15,300000,False,105560:2023-08-31,105560,2023-09-01,2023-09-22,54200.0,57300.0,5.0,271000.0,329677.5725,5.569557195571956
B_improved,15,300000,False,105630:2023-10-31,105630,2023-11-01,2023-11-22,23000.0,23250.0,14.0,322000.0,332694.5725,0.9369565217391305
B_improved,15,300000,False,279600:2023-12-11,279600,2023-12-12,2024-01-05,16221.0,20918.0,20.0,324420.0,426147.9425,28.806291227421244
B_improved,15,300000,False,089850:2024-01-11,089850,2024-01-12,2024-02-02,8708.0,8009.0,48.0,417984.0,391968.9665,-8.177101515847502
B_improved,15,300000,False,163560:2024-02-05,163560,2024-02-06,2024-02-29,6650.0,9720.0,58.0,385700.0,569450.4164999999,46.015413533834575
B_improved,15,300000,False,088980:2024-02-29,088980,2024-03-04,2024-03-25,12708.0,12748.0,44.0,559152.0,570371.6884999999,0.16476235442241058
B_improved,15,300000,False,015360:2024-03-25,015360,2024-03-26,2024-04-17,8280.0,7680.0,68.0,563040.0,528727.1284999999,-7.396376811594202
B_improved,15,300000,False,026890:2024-04-16,026890,2024-04-17,2024-05-10,8490.0,9190.0,62.0,526380.0,571337.5584999999,8.094994110718503
B_improved,15,300000,False,015360:2024-05-09,015360,2024-05-10,2024-06-03,8480.0,8900.0,67.0,568160.0,598625.3184999999,4.802830188679247
B_improved,15,300000,False,051630:2024-06-07,051630,2024-06-10,2024-07-01,3366.0,3310.0,177.0,595782.0,587819.6455,-1.813695781342832
B_improved,15,300000,False,105560:2024-07-02,105560,2024-07-03,2024-07-24,84300.0,89400.0,6.0,505800.0,617660.9455,5.899822064056949
B_improved,15,300000,False,053350:2024-08-02,053350,2024-08-05,2024-08-27,3975.0,3165.0,155.0,616125.0,491186.75800000003,-20.527358490566037
B_improved,15,300000,False,064850:2024-08-26,064850,2024-08-27,2024-09-20,8680.0,19150.0,56.0,486080.0,1076777.6379999998,120.4721198156682
B_improved,15,300000,False,081580:2024-09-24,081580,2024-09-25,2024-10-21,4345.0,4700.0,247.0,1073215.0,1162852.8154999998,8.020310701956271
B_improved,15,300000,False,015360:2024-10-18,015360,2024-10-21,2024-11-11,9590.0,10180.0,121.0,1160390.0,1232502.2304999998,6.00224191866528
B_improved,15,300000,False,127120:2024-11-12,127120,2024-11-13,2024-12-04,3965.0,4100.0,310.0,1229150.0,1272508.5054999997,3.254791929382086
B_improved,15,300000,False,105560:2024-12-03,105560,2024-12-04,2024-12-26,97300.0,86600.0,13.0,1264900.0,1131511.1554999996,-11.146916752312443
B_improved,15,300000,False,015360:2024-12-26,015360,2024-12-27,2025-01-21,10760.0,10020.0,105.0,1129800.0,1052116.4554999997,-7.027323420074345
B_improved,15,300000,False,136480:2025-01-21,136480,2025-01-22,2025-02-18,2910.0,2950.0,361.0,1050510.0,1064980.6904999998,1.2245704467354048
B_improved,15,300000,False,053350:2025-02-27,053350,2025-02-28,2025-03-24,4615.0,7520.0,230.0,1061450.0,1731538.5154999997,62.796912242686886
B_improved,15,300000,False,030210:2025-03-25,030210,2025-03-26,2025-04-16,3340.0,3440.0,518.0,1730120.0,1780743.3354999998,2.844011976047908
B_improved,15,300000,False,006040:2025-04-15,006040,2025-04-16,2025-05-12,39450.0,42950.0,45.0,1775250.0,1935580.4604999998,8.721989860583017
B_improved,15,300000,False,215200:2025-05-09,215200,2025-05-12,2025-06-02,53600.0,51800.0,36.0,1929600.0,1867886.0605,-3.5082089552238758
B_improved,15,300000,False,001130:2025-05-30,001130,2025-06-02,2025-06-25,14260.0,14960.0,130.0,1853800.0,1956105.3605,4.7588359046283335
B_improved,15,300000,False,003080:2025-06-24,003080,2025-06-25,2025-07-16,2835.0,2900.0,689.0,1953315.0,1997960.388,2.1427689594356303
B_improved,15,300000,False,003080:2025-07-15,003080,2025-07-16,2025-08-06,2900.0,2830.0,688.0,1995200.0,1946807.588,-2.563793103448278
B_improved,15,300000,False,415380:2025-08-11,415380,2025-08-12,2025-09-03,3211.0,4219.0,606.0,1945866.0,2554736.789,31.242089691684825
B_improved,15,300000,False,170920:2025-09-08,170920,2025-09-09,2025-09-30,12990.0,19730.0,196.0,2546040.0,3871957.729,51.736066204772904
B_improved,15,300000,False,265520:2025-10-10,265520,2025-10-13,2025-11-03,20350.0,20000.0,190.0,3866500.0,3799657.979,-1.86990171990172
B_improved,15,300000,False,326030:2025-11-04,326030,2025-11-05,2025-11-26,123500.0,132000.0,30.0,3705000.0,4049100.479,6.732591093117408
B_improved,15,300000,False,138360:2025-11-25,138360,2025-11-26,2025-12-17,1079.0,1008.0,3752.0,4048408.0,3776635.8669999996,-6.730166821130681
B_improved,15,300000,False,064850:2025-12-16,064850,2025-12-17,2026-01-12,8970.0,8820.0,421.0,3776370.0,3707821.3119999995,-1.8222408026755899
A_baseline,15,500000,False,114090:2023-01-02,114090,2023-01-03,2023-01-26,18750.0,20150.0,26.0,487500.0,535668.75,7.316666666666667
A_baseline,15,500000,False,003830:2023-01-25,003830,2023-01-26,2023-02-16,130100.0,129700.0,4.0,520400.0,533288.15,-0.4574558032282815
A_baseline,15,500000,False,073640:2023-02-15,073640,2023-02-16,2023-03-10,2360.0,2235.0,225.0,531000.0,504366.65,-5.446610169491525
A_baseline,15,500000,False,000430:2023-03-09,000430,2023-03-10,2023-03-31,3460.0,3500.0,145.0,501700.0,509414.10000000003,1.0060693641618519
A_baseline,15,500000,False,000430:2023-03-30,000430,2023-03-31,2023-04-21,3500.0,4030.0,145.0,507500.0,585502.8500000001,14.992857142857144
A_baseline,15,500000,False,053350:2023-04-20,053350,2023-04-21,2023-05-16,4700.0,3850.0,124.0,582800.0,479228.6500000001,-18.235106382978724
A_baseline,15,500000,False,002700:2023-05-15,002700,2023-05-16,2023-06-08,2235.0,1950.0,214.0,478290.0,417521.2150000001,-12.901677852348993
A_baseline,15,500000,False,126640:2023-06-07,126640,2023-06-08,2023-06-29,2090.0,1920.0,199.0,415910.0,383067.3500000001,-8.283971291866028
A_baseline,15,500000,False,000850:2023-06-28,000850,2023-06-29,2023-07-20,39450.0,35350.0,9.0,355050.0,345634.7750000001,-10.542902408111537
A_baseline,15,500000,False,001740:2023-07-19,001740,2023-07-20,2023-08-10,5810.0,6500.0,59.0,342790.0,385830.5900000001,11.726075731497419
A_baseline,15,500000,False,001740:2023-08-09,001740,2023-08-10,2023-09-01,6500.0,7210.0,59.0,383500.0,427145.3400000001,10.773076923076923
A_baseline,15,500000,False,105560:2023-08-31,105560,2023-09-01,2023-09-22,54200.0,57300.0,7.0,379400.0,448276.2400000001,5.569557195571962
A_baseline,15,500000,False,089850:2023-09-21,089850,2023-09-22,2023-10-20,9159.0,7578.0,48.0,439632.0,371728.79200000013,-17.41170979364559
A_baseline,15,500000,False,105630:2023-10-19,105630,2023-10-20,2023-11-10,21100.0,23700.0,17.0,358700.0,415390.74200000014,12.172274881516591
A_baseline,15,500000,False,105630:2023-11-09,105630,2023-11-10,2023-12-01,23700.0,20700.0,17.0,402900.0,363786.39200000017,-12.80822784810126
A_baseline,15,500000,False,016360:2023-11-30,016360,2023-12-01,2023-12-22,38900.0,40850.0,9.0,350100.0,380811.24200000014,4.862853470437011
A_baseline,15,500000,False,279600:2023-12-21,279600,2023-12-22,2024-01-17,18982.0,20822.0,20.0,379640.0,417041.7820000001,9.543393741439253
A_baseline,15,500000,False,270870:2024-01-16,270870,2024-01-17,2024-02-07,7090.0,6990.0,58.0,411220.0,410624.9520000001,-1.5604372355430223
A_baseline,15,500000,False,003030:2024-02-07,003030,2024-02-08,2024-03-05,208500.0,217500.0,1.0,208500.0,419312.2020000001,4.166546762589928
A_baseline,15,500000,False,015360:2024-03-04,015360,2024-03-05,2024-03-26,7680.0,8280.0,54.0,414720.0,451090.1220000001,7.662499999999996
A_baseline,15,500000,False,009300:2024-03-25,009300,2024-03-26,2024-04-17,16800.0,15720.0,26.0,436800.0,422354.9220000001,-6.578571428571431
A_baseline,15,500000,False,001460:2024-04-08,001460,2024-04-17,2024-05-10,46250.0,39450.0,9.0,416250.0,360530.5470000001,-14.852702702702702
A_baseline,15,500000,False,015360:2024-05-09,015360,2024-05-10,2024-06-03,8480.0,8900.0,42.0,356160.0,377636.3070000001,4.802830188679248
A_baseline,15,500000,False,011780:2024-05-31,011780,2024-06-03,2024-06-25,148400.0,153000.0,2.0,296800.0,386391.1070000001,2.9497304582210204
A_baseline,15,500000,False,003570:2024-06-24,003570,2024-06-25,2024-07-16,22000.0,20650.0,17.0,374000.0,362880.1070000001,-6.286363636363636
A_baseline,15,500000,False,006360:2024-07-15,006360,2024-07-16,2024-08-06,17260.0,17200.0,21.0,362460.0,361076.4170000001,-0.4976245654692938
A_baseline,15,500000,False,064850:2024-08-06,064850,2024-08-07,2024-08-29,7780.0,9340.0,46.0,357880.0,432299.59700000007,19.90141388174807
A_baseline,15,500000,False,064850:2024-08-28,064850,2024-08-29,2024-09-24,9340.0,38450.0,46.0,429640.0,1770715.137,311.5202355460386
A_baseline,15,500000,False,064850:2024-09-23,064850,2024-09-24,2024-10-21,38450.0,11880.0,46.0,1768700.0,545842.087,-69.25273081924578
A_baseline,15,500000,False,015360:2024-10-18,015360,2024-10-21,2024-11-11,9590.0,10180.0,56.0,537040.0,578076.527,6.002241918665266
A_baseline,15,500000,False,003570:2024-11-08,003570,2024-11-11,2024-12-02,26300.0,19640.0,21.0,552300.0,437388.077,-25.473193916349814
A_baseline,15,500000,False,105560:2024-11-29,105560,2024-12-02,2024-12-23,96800.0,86300.0,4.0,387200.0,394807.277,-10.997107438016526
A_baseline,15,500000,False,127120:2024-12-20,127120,2024-12-23,2025-01-16,5000.0,5250.0,78.0,390000.0,413722.277,4.8500000000000005
A_baseline,15,500000,False,058860:2025-01-15,058860,2025-01-16,2025-02-12,2765.0,2760.0,149.0,411985.0,412359.2995,-0.33083182640144154
A_baseline,15,500000,False,016090:2025-02-11,016090,2025-02-12,2025-03-06,2300.0,2300.0,179.0,411700.0,411741.74950000003,-0.14999999999999716
A_baseline,15,500000,False,006040:2025-03-05,006040,2025-03-06,2025-03-27,35850.0,37400.0,11.0,394350.0,428200.2245,4.173570432357037
A_baseline,15,500000,False,016920:2025-03-26,016920,2025-03-27,2025-04-17,2330.0,2105.0,183.0,426390.0,386385.6395,-9.806652360515027
A_baseline,15,500000,False,006040:2025-04-16,006040,2025-04-17,2025-05-13,41750.0,41650.0,9.0,375750.0,384922.0145,-0.38952095808383236
A_baseline,15,500000,False,000850:2025-05-12,000850,2025-05-13,2025-06-04,29500.0,32000.0,13.0,383500.0,416846.7645,8.32457627118644
A_baseline,15,500000,False,001130:2025-06-02,001130,2025-06-04,2025-06-26,14520.0,15000.0,28.0,406560.0,429676.92449999996,3.1557851239669357
A_baseline,15,500000,False,001460:2025-06-25,001460,2025-06-26,2025-07-17,39000.0,41500.0,11.0,429000.0,456533.42449999996,6.260256410256411
A_baseline,15,500000,False,000850:2025-07-16,000850,2025-07-17,2025-08-07,34750.0,32200.0,13.0,451750.0,422705.79949999996,-7.488129496402878
A_baseline,15,500000,False,036620:2025-08-06,036620,2025-08-07,2025-08-29,6150.0,5660.0,68.0,418200.0,388758.4995,-8.117479674796744
A_baseline,15,500000,False,006220:2025-08-28,006220,2025-08-29,2025-09-19,14700.0,14030.0,26.0,382200.0,370765.1995,-4.707823129251698
A_baseline,15,500000,False,011170:2025-09-18,011170,2025-09-19,2025-10-17,67300.0,71500.0,5.0,336500.0,391260.4495,6.090713224368499
A_baseline,15,500000,False,006800:2025-10-16,006800,2025-10-17,2025-11-07,21705.0,23050.0,18.0,390690.0,414884.4145,6.046728864316984
A_baseline,15,500000,False,001740:2025-11-06,001740,2025-11-07,2025-11-28,4720.0,4535.0,87.0,410640.0,398173.4545,-4.069491525423734
A_baseline,15,500000,False,003080:2025-11-27,003080,2025-11-28,2025-12-19,2885.0,2840.0,138.0,398130.0,391366.2595,-1.709792027729638
A_baseline,15,500000,False,309960:2025-12-18,309960,2025-12-19,2026-01-14,5940.0,5100.0,65.0,386100.0,336187.10949999996,-14.291414141414146
B_improved,15,500000,False,105560:2023-01-10,105560,2023-01-11,2023-02-03,57700.0,56000.0,8.0,461600.0,485707.6,-3.0962738301559845
B_improved,15,500000,False,002700:2023-02-02,002700,2023-02-03,2023-02-24,2100.0,2115.0,231.0,485100.0,488444.94999999995,0.5642857142857094
B_improved,15,500000,False,000850:2023-02-23,000850,2023-02-24,2023-03-20,33650.0,37600.0,14.0,471100.0,543038.2999999999,11.588484398216934
B_improved,15,500000,False,000850:2023-03-17,000850,2023-03-20,2023-04-10,37600.0,38150.0,14.0,526400.0,549948.7,1.312765957446813
B_improved,15,500000,False,126640:2023-04-11,126640,2023-04-12,2023-05-04,1765.0,1778.0,311.0,548915.0,553168.3274999999,0.5865439093484317
B_improved,15,500000,False,000430:2023-05-10,000430,2023-05-11,2023-06-02,4510.0,4225.0,122.0,550220.0,517572.9974999999,-6.469290465631931
B_improved,15,500000,False,064850:2023-06-02,064850,2023-06-05,2023-06-27,8920.0,7960.0,58.0,517360.0,461116.9574999999,-10.912331838565018
B_improved,15,500000,False,026890:2023-06-26,026890,2023-06-27,2023-07-18,6860.0,6500.0,67.0,459620.0,436307.5274999999,-5.397813411078715
B_improved,15,500000,False,001740:2023-07-18,001740,2023-07-19,2023-08-09,5690.0,6230.0,76.0,432440.0,476698.86749999993,9.340333919156421
B_improved,15,500000,False,001740:2023-08-09,001740,2023-08-10,2023-09-01,6500.0,7210.0,73.0,474500.0,527817.1174999999,10.773076923076923
B_improved,15,500000,False,105560:2023-08-31,105560,2023-09-01,2023-09-22,54200.0,57300.0,9.0,487800.0,554985.4175,5.569557195571953
B_improved,15,500000,False,105630:2023-10-31,105630,2023-11-01,2023-11-22,23000.0,23250.0,24.0,552000.0,560157.4175,0.9369565217391305
B_improved,15,500000,False,279600:2023-12-11,279600,2023-12-12,2024-01-05,16221.0,20918.0,34.0,551514.0,719028.1465,28.806291227421255
B_improved,15,500000,False,089850:2024-01-11,089850,2024-01-12,2024-02-02,8708.0,8009.0,82.0,714056.0,660639.0625,-8.177101515847502
B_improved,15,500000,False,163560:2024-02-05,163560,2024-02-06,2024-02-29,6650.0,9720.0,99.0,658350.0,963581.5375,46.01541353383458
B_improved,15,500000,False,088980:2024-02-29,088980,2024-03-04,2024-03-25,12708.0,12748.0,75.0,953100.0,965151.8875,0.16476235442240864
B_improved,15,500000,False,015360:2024-03-25,015360,2024-03-26,2024-04-17,8280.0,7680.0,116.0,960480.0,894111.1675,-7.396376811594201
B_improved,15,500000,False,026890:2024-04-16,026890,2024-04-17,2024-05-10,8490.0,9190.0,105.0,891450.0,966273.9924999999,8.094994110718487
B_improved,15,500000,False,015360:2024-05-09,015360,2024-05-10,2024-06-03,8480.0,8900.0,113.0,958240.0,1012296.6325,4.802830188679247
B_improved,15,500000,False,051630:2024-06-07,051630,2024-06-10,2024-07-01,3366.0,3310.0,300.0,1009800.0,993981.9325,-1.8136957813428354
B_improved,15,500000,False,105560:2024-07-02,105560,2024-07-03,2024-07-24,84300.0,89400.0,11.0,927300.0,1048690.9825,5.899822064056945
B_improved,15,500000,False,053350:2024-08-02,053350,2024-08-05,2024-08-27,3975.0,3165.0,263.0,1045425.0,834092.845,-20.527358490566034
B_improved,15,500000,False,064850:2024-08-26,064850,2024-08-27,2024-09-20,8680.0,19150.0,96.0,833280.0,1837962.925,120.47211981566821
B_improved,15,500000,False,081580:2024-09-24,081580,2024-09-25,2024-10-21,4345.0,4700.0,423.0,1837935.0,1985371.0225,8.020310701956266
B_improved,15,500000,False,015360:2024-10-18,015360,2024-10-21,2024-11-11,9590.0,10180.0,207.0,1985130.0,2104523.3275,6.002241918665285
B_improved,15,500000,False,127120:2024-11-12,127120,2024-11-13,2024-12-04,3965.0,4100.0,530.0,2101450.0,2172921.1525000003,3.2547919293821024
B_improved,15,500000,False,105560:2024-12-03,105560,2024-12-04,2024-12-26,97300.0,86600.0,22.0,2140600.0,1934310.2525000004,-11.146916752312432
B_improved,15,500000,False,015360:2024-12-26,015360,2024-12-27,2025-01-21,10760.0,10020.0,179.0,1926040.0,1798961.1925000004,-7.027323420074352
B_improved,15,500000,False,136480:2025-01-21,136480,2025-01-22,2025-02-18,2910.0,2950.0,618.0,1798380.0,1820983.6225000003,1.2245704467353915
B_improved,15,500000,False,053350:2025-02-27,053350,2025-02-28,2025-03-24,4615.0,7520.0,394.0,1818310.0,2962826.1575000007,62.7969122426869
B_improved,15,500000,False,030210:2025-03-25,030210,2025-03-26,2025-04-16,3340.0,3440.0,887.0,2962580.0,3047082.2875000006,2.8440119760479003
B_improved,15,500000,False,006040:2025-04-15,006040,2025-04-16,2025-05-12,39450.0,42950.0,77.0,3037650.0,3312025.8125000005,8.721989860583014
B_improved,15,500000,False,215200:2025-05-09,215200,2025-05-12,2025-06-02,53600.0,51800.0,61.0,3269600.0,3197321.4125000006,-3.508208955223878
B_improved,15,500000,False,001130:2025-05-30,001130,2025-06-02,2025-06-25,14260.0,14960.0,224.0,3194240.0,3349330.0525000007,4.758835904628335
B_improved,15,500000,False,003080:2025-06-24,003080,2025-06-25,2025-07-16,2835.0,2900.0,1181.0,3348135.0,3421072.8500000006,2.1427689594356223
B_improved,15,500000,False,003080:2025-07-15,003080,2025-07-16,2025-08-06,2900.0,2830.0,1179.0,3419100.0,3333414.2000000007,-2.563793103448273
B_improved,15,500000,False,415380:2025-08-11,415380,2025-08-12,2025-09-03,3211.0,4219.0,1038.0,3333018.0,4374718.673,31.24208969168484
B_improved,15,500000,False,170920:2025-09-08,170920,2025-09-09,2025-09-30,12990.0,19730.0,336.0,4364640.0,6632811.713,51.736066204772904
B_improved,15,500000,False,265520:2025-10-10,265520,2025-10-13,2025-11-03,20350.0,20000.0,325.0,6613750.0,6509141.088,-1.86990171990172
B_improved,15,500000,False,326030:2025-11-04,326030,2025-11-05,2025-11-26,123500.0,132000.0,52.0,6422000.0,6941508.088,6.732591093117408
B_improved,15,500000,False,138360:2025-11-25,138360,2025-11-26,2025-12-17,1079.0,1008.0,6433.0,6941207.0,6474353.277500001,-6.7301668211306716
B_improved,15,500000,False,064850:2025-12-16,064850,2025-12-17,2026-01-12,8970.0,8820.0,721.0,6467370.0,6356502.222500001,-1.8222408026755808
A_baseline,15,1000000,False,114090:2023-01-02,114090,2023-01-03,2023-01-26,18750.0,20150.0,53.0,993750.0,1072709.375,7.316666666666667
A_baseline,15,1000000,False,003830:2023-01-25,003830,2023-01-26,2023-02-16,130100.0,129700.0,8.0,1040800.0,1067948.175,-0.4574558032282815
A_baseline,15,1000000,False,073640:2023-02-15,073640,2023-02-16,2023-03-10,2360.0,2235.0,452.0,1066720.0,1009848.0950000001,-5.446610169491521
A_baseline,15,1000000,False,000430:2023-03-09,000430,2023-03-10,2023-03-31,3460.0,3500.0,291.0,1006860.0,1019977.805,1.0060693641618461
A_baseline,15,1000000,False,000430:2023-03-30,000430,2023-03-31,2023-04-21,3500.0,4030.0,291.0,1018500.0,1172680.0550000002,14.992857142857144
A_baseline,15,1000000,False,053350:2023-04-20,053350,2023-04-21,2023-05-16,4700.0,3850.0,249.0,1170300.0,959274.6050000002,-18.23510638297872
A_baseline,15,1000000,False,002700:2023-05-15,002700,2023-05-16,2023-06-08,2235.0,1950.0,429.0,958815.0,835571.3825000002,-12.901677852348998
A_baseline,15,1000000,False,126640:2023-06-07,126640,2023-06-08,2023-06-29,2090.0,1920.0,399.0,833910.0,766490.5175000002,-8.283971291866028
A_baseline,15,1000000,False,000850:2023-06-28,000850,2023-06-29,2023-07-20,39450.0,35350.0,19.0,749550.0,687466.1925000002,-10.542902408111528
A_baseline,15,1000000,False,001740:2023-07-19,001740,2023-07-20,2023-08-10,5810.0,6500.0,118.0,685580.0,767857.8225000002,11.726075731497419
A_baseline,15,1000000,False,001740:2023-08-09,001740,2023-08-10,2023-09-01,6500.0,7210.0,118.0,767000.0,850487.3225000002,10.773076923076923
A_baseline,15,1000000,False,105560:2023-08-31,105560,2023-09-01,2023-09-22,54200.0,57300.0,15.0,813000.0,895767.8225000002,5.569557195571956
A_baseline,15,1000000,False,089850:2023-09-21,089850,2023-09-22,2023-10-20,9159.0,7578.0,97.0,888423.0,741078.1880000002,-17.4117097936456
A_baseline,15,1000000,False,105630:2023-10-19,105630,2023-10-20,2023-11-10,21100.0,23700.0,35.0,738500.0,830970.4380000002,12.172274881516588
A_baseline,15,1000000,False,105630:2023-11-09,105630,2023-11-10,2023-12-01,23700.0,20700.0,35.0,829500.0,724726.1880000002,-12.808227848101266
A_baseline,15,1000000,False,016360:2023-11-30,016360,2023-12-01,2023-12-22,38900.0,40850.0,18.0,700200.0,758775.8880000002,4.862853470437011
A_baseline,15,1000000,False,279600:2023-12-21,279600,2023-12-22,2024-01-17,18982.0,20822.0,39.0,740298.0,829425.4410000001,9.543393741439251
A_baseline,15,1000000,False,270870:2024-01-16,270870,2024-01-17,2024-02-07,7090.0,6990.0,116.0,822440.0,816591.7810000001,-1.5604372355430223
A_baseline,15,1000000,False,003030:2024-02-07,003030,2024-02-08,2024-03-05,208500.0,217500.0,3.0,625500.0,842653.5310000001,4.166546762589928
A_baseline,15,1000000,False,015360:2024-03-04,015360,2024-03-05,2024-03-26,7680.0,8280.0,109.0,837120.0,906797.851,7.662499999999994
A_baseline,15,1000000,False,009300:2024-03-25,009300,2024-03-26,2024-04-17,16800.0,15720.0,53.0,890400.0,848222.251,-6.578571428571426
A_baseline,15,1000000,False,001460:2024-04-08,001460,2024-04-17,2024-05-10,46250.0,39450.0,18.0,832500.0,724573.501,-14.852702702702702
A_baseline,15,1000000,False,015360:2024-05-09,015360,2024-05-10,2024-06-03,8480.0,8900.0,85.0,720800.0,759192.3010000001,4.802830188679252
A_baseline,15,1000000,False,011780:2024-05-31,011780,2024-06-03,2024-06-25,148400.0,153000.0,5.0,742000.0,781079.3010000001,2.9497304582210244
A_baseline,15,1000000,False,003570:2024-06-24,003570,2024-06-25,2024-07-16,22000.0,20650.0,35.0,770000.0,732674.3010000001,-6.286363636363636
A_baseline,15,1000000,False,006360:2024-07-15,006360,2024-07-16,2024-08-06,17260.0,17200.0,42.0,724920.0,729066.9210000001,-0.4976245654692938
A_baseline,15,1000000,False,064850:2024-08-06,064850,2024-08-07,2024-08-29,7780.0,9340.0,93.0,723540.0,873061.611,19.901413881748063
A_baseline,15,1000000,False,064850:2024-08-28,064850,2024-08-29,2024-09-24,9340.0,38450.0,93.0,868620.0,3578988.681,311.5202355460385
A_baseline,15,1000000,False,064850:2024-09-23,064850,2024-09-24,2024-10-21,38450.0,11880.0,93.0,3575850.0,1102614.906,-69.25273081924577
A_baseline,15,1000000,False,015360:2024-10-18,015360,2024-10-21,2024-11-11,9590.0,10180.0,114.0,1093260.0,1168235.016,6.002241918665286
A_baseline,15,1000000,False,003570:2024-11-08,003570,2024-11-11,2024-12-02,26300.0,19640.0,44.0,1157200.0,873459.216,-25.473193916349814
A_baseline,15,1000000,False,105560:2024-11-29,105560,2024-12-02,2024-12-23,96800.0,86300.0,9.0,871200.0,777652.416,-10.997107438016535
A_baseline,15,1000000,False,127120:2024-12-20,127120,2024-12-23,2025-01-16,5000.0,5250.0,155.0,775000.0,815239.916,4.8500000000000005
A_baseline,15,1000000,False,058860:2025-01-15,058860,2025-01-16,2025-02-12,2765.0,2760.0,294.0,812910.0,812550.551,-0.3308318264014455
A_baseline,15,1000000,False,016090:2025-02-11,016090,2025-02-12,2025-03-06,2300.0,2300.0,353.0,811900.0,811332.701,-0.14999999999999714
A_baseline,15,1000000,False,006040:2025-03-05,006040,2025-03-06,2025-03-27,35850.0,37400.0,22.0,788700.0,844249.651,4.173570432357037
A_baseline,15,1000000,False,016920:2025-03-26,016920,2025-03-27,2025-04-17,2330.0,2105.0,362.0,843460.0,761534.461,-9.806652360515015
A_baseline,15,1000000,False,006040:2025-04-16,006040,2025-04-17,2025-05-13,41750.0,41650.0,18.0,751500.0,758607.211,-0.38952095808383236
A_baseline,15,1000000,False,000850:2025-05-12,000850,2025-05-13,2025-06-04,29500.0,32000.0,25.0,737500.0,820000.961,8.32457627118644
A_baseline,15,1000000,False,001130:2025-06-02,001130,2025-06-04,2025-06-26,14520.0,15000.0,56.0,813120.0,845661.281,3.1557851239669357
A_baseline,15,1000000,False,001460:2025-06-25,001460,2025-06-26,2025-07-17,39000.0,41500.0,21.0,819000.0,896932.781,6.260256410256411
A_baseline,15,1000000,False,000850:2025-07-16,000850,2025-07-17,2025-08-07,34750.0,32200.0,25.0,868750.0,831879.656,-7.488129496402878
A_baseline,15,1000000,False,036620:2025-08-06,036620,2025-08-07,2025-08-29,6150.0,5660.0,135.0,830250.0,764484.281,-8.117479674796748
A_baseline,15,1000000,False,006220:2025-08-28,006220,2025-08-29,2025-09-19,14700.0,14030.0,52.0,764400.0,728497.681,-4.707823129251698
A_baseline,15,1000000,False,011170:2025-09-18,011170,2025-09-19,2025-10-17,67300.0,71500.0,10.0,673000.0,769488.181,6.090713224368499
A_baseline,15,1000000,False,006800:2025-10-16,006800,2025-10-17,2025-11-07,21705.0,23050.0,35.0,759675.0,815423.6685,6.046728864316984
A_baseline,15,1000000,False,001740:2025-11-06,001740,2025-11-07,2025-11-28,4720.0,4535.0,172.0,811840.0,782385.9085,-4.0694915254237305
A_baseline,15,1000000,False,003080:2025-11-27,003080,2025-11-28,2025-12-19,2885.0,2840.0,271.0,781835.0,769018.1560000001,-1.709792027729629
A_baseline,15,1000000,False,309960:2025-12-18,309960,2025-12-19,2026-01-14,5940.0,5100.0,129.0,766260.0,659508.7660000001,-14.291414141414144
B_improved,15,1000000,False,105560:2023-01-10,105560,2023-01-11,2023-02-03,57700.0,56000.0,17.0,980900.0,969628.65,-3.096273830155977
B_improved,15,1000000,False,002700:2023-02-02,002700,2023-02-03,2023-02-24,2100.0,2115.0,461.0,968100.0,975091.5,0.5642857142857118
B_improved,15,1000000,False,000850:2023-02-23,000850,2023-02-24,2023-03-20,33650.0,37600.0,28.0,942200.0,1084278.2,11.588484398216934
B_improved,15,1000000,False,000850:2023-03-17,000850,2023-03-20,2023-04-10,37600.0,38150.0,28.0,1052800.0,1098099.0,1.312765957446813
B_improved,15,1000000,False,126640:2023-04-11,126640,2023-04-12,2023-05-04,1765.0,1778.0,622.0,1097830.0,1104538.255,0.5865439093484317
B_improved,15,1000000,False,000430:2023-05-10,000430,2023-05-11,2023-06-02,4510.0,4225.0,244.0,1100440.0,1033347.5949999999,-6.469290465631931
B_improved,15,1000000,False,064850:2023-06-02,064850,2023-06-05,2023-06-27,8920.0,7960.0,115.0,1025800.0,921408.8949999999,-10.912331838565018
B_improved,15,1000000,False,026890:2023-06-26,026890,2023-06-27,2023-07-18,6860.0,6500.0,134.0,919240.0,871790.0349999999,-5.397813411078715
B_improved,15,1000000,False,001740:2023-07-18,001740,2023-07-19,2023-08-09,5690.0,6230.0,153.0,870570.0,953104.1799999999,9.340333919156416
B_improved,15,1000000,False,001740:2023-08-09,001740,2023-08-10,2023-09-01,6500.0,7210.0,146.0,949000.0,1055340.68,10.773076923076923
B_improved,15,1000000,False,105560:2023-08-31,105560,2023-09-01,2023-09-22,54200.0,57300.0,19.0,1029800.0,1112695.98,5.56955719557196
B_improved,15,1000000,False,105630:2023-10-31,105630,2023-11-01,2023-11-22,23000.0,23250.0,48.0,1104000.0,1123039.98,0.9369565217391305
B_improved,15,1000000,False,279600:2023-12-11,279600,2023-12-12,2024-01-05,16221.0,20918.0,69.0,1119249.0,1445454.1065,28.806291227421244
B_improved,15,1000000,False,089850:2024-01-11,089850,2024-01-12,2024-02-02,8708.0,8009.0,165.0,1436820.0,1327963.8765,-8.177101515847497
B_improved,15,1000000,False,163560:2024-02-05,163560,2024-02-06,2024-02-29,6650.0,9720.0,199.0,1323350.0,1936908.8515,46.01541353383459
B_improved,15,1000000,False,088980:2024-02-29,088980,2024-03-04,2024-03-25,12708.0,12748.0,152.0,1931616.0,1940091.4275,0.1647623544224051
B_improved,15,1000000,False,015360:2024-03-25,015360,2024-03-26,2024-04-17,8280.0,7680.0,234.0,1937520.0,1796785.1475,-7.396376811594204
B_improved,15,1000000,False,026890:2024-04-16,026890,2024-04-17,2024-05-10,8490.0,9190.0,211.0,1791390.0,1941798.0625,8.094994110718494
B_improved,15,1000000,False,015360:2024-05-09,015360,2024-05-10,2024-06-03,8480.0,8900.0,228.0,1933440.0,2034657.9025,4.802830188679249
B_improved,15,1000000,False,051630:2024-06-07,051630,2024-06-10,2024-07-01,3366.0,3310.0,604.0,2033064.0,1997784.3065000002,-1.8136957813428354
B_improved,15,1000000,False,105560:2024-07-02,105560,2024-07-03,2024-07-24,84300.0,89400.0,23.0,1938900.0,2112175.9565000003,5.899822064056934
B_improved,15,1000000,False,053350:2024-08-02,053350,2024-08-05,2024-08-27,3975.0,3165.0,531.0,2110725.0,1678899.8690000004,-20.527358490566034
B_improved,15,1000000,False,064850:2024-08-26,064850,2024-08-27,2024-09-20,8680.0,19150.0,193.0,1675240.0,3697097.0090000005,120.47211981566821
B_improved,15,1000000,False,081580:2024-09-24,081580,2024-09-25,2024-10-21,4345.0,4700.0,850.0,3693250.0,3993307.1340000005,8.020310701956273
B_improved,15,1000000,False,015360:2024-10-18,015360,2024-10-21,2024-11-11,9590.0,10180.0,416.0,3989440.0,4232762.974,6.0022419186652725
B_improved,15,1000000,False,127120:2024-11-12,127120,2024-11-13,2024-12-04,3965.0,4100.0,1067.0,4230655.0,4370461.9915000005,3.254791929382095
B_improved,15,1000000,False,105560:2024-12-03,105560,2024-12-04,2024-12-26,97300.0,86600.0,44.0,4281200.0,3893240.1915000007,-11.146916752312432
B_improved,15,1000000,False,015360:2024-12-26,015360,2024-12-27,2025-01-21,10760.0,10020.0,361.0,3884360.0,3620273.6515000006,-7.027323420074351
B_improved,15,1000000,False,136480:2025-01-21,136480,2025-01-22,2025-02-18,2910.0,2950.0,1244.0,3620040.0,3664603.5915000006,1.2245704467353937
B_improved,15,1000000,False,053350:2025-02-27,053350,2025-02-28,2025-03-24,4615.0,7520.0,794.0,3664310.0,5965677.126500001,62.7969122426869
B_improved,15,1000000,False,030210:2025-03-25,030210,2025-03-26,2025-04-16,3340.0,3440.0,1786.0,5965240.0,6135329.266500001,2.8440119760478986
B_improved,15,1000000,False,006040:2025-04-15,006040,2025-04-16,2025-05-12,39450.0,42950.0,155.0,6114750.0,6668657.141500001,8.721989860583017
B_improved,15,1000000,False,215200:2025-05-09,215200,2025-05-12,2025-06-02,53600.0,51800.0,124.0,6646400.0,6435487.541500001,-3.5082089552238753
B_improved,15,1000000,False,001130:2025-05-30,001130,2025-06-02,2025-06-25,14260.0,14960.0,451.0,6431260.0,6741540.651500002,4.758835904628336
B_improved,15,1000000,False,003080:2025-06-24,003080,2025-06-25,2025-07-16,2835.0,2900.0,2377.0,6738795.0,6885937.459000002,2.142768959435628
B_improved,15,1000000,False,003080:2025-07-15,003080,2025-07-16,2025-08-06,2900.0,2830.0,2374.0,6884600.0,6709430.559000001,-2.563793103448281
B_improved,15,1000000,False,415380:2025-08-11,415380,2025-08-12,2025-09-03,3211.0,4219.0,2089.0,6707779.0,8805080.890500002,31.242089691684825
B_improved,15,1000000,False,170920:2025-09-08,170920,2025-09-09,2025-09-30,12990.0,19730.0,677.0,8794230.0,13354869.545500001,51.73606620477289
B_improved,15,1000000,False,265520:2025-10-10,265520,2025-10-13,2025-11-03,20350.0,20000.0,656.0,13349600.0,13105245.1455,-1.8699017199017227
B_improved,15,1000000,False,326030:2025-11-04,326030,2025-11-05,2025-11-26,123500.0,132000.0,106.0,13091000.0,13986608.6455,6.732591093117408
B_improved,15,1000000,False,138360:2025-11-25,138360,2025-11-26,2025-12-17,1079.0,1008.0,12962.0,13985998.0,13045327.648500001,-6.730166821130673
B_improved,15,1000000,False,064850:2025-12-16,064850,2025-12-17,2026-01-12,8970.0,8820.0,1454.0,13042380.0,12807664.0785,-1.8222408026755874
A_baseline,15,3000000,False,114090:2023-01-02,114090,2023-01-03,2023-01-26,18750.0,20150.0,160.0,3000000.0,3219500.0,7.316666666666667
A_baseline,15,3000000,False,003830:2023-01-25,003830,2023-01-26,2023-02-16,130100.0,129700.0,24.0,3122400.0,3205216.4,-0.45745580322828894
A_baseline,15,3000000,False,073640:2023-02-15,073640,2023-02-16,2023-03-10,2360.0,2235.0,1358.0,3204880.0,3030659.08,-5.44661016949152
A_baseline,15,3000000,False,000430:2023-03-09,000430,2023-03-10,2023-03-31,3460.0,3500.0,875.0,3027500.0,3061117.83,1.0060693641618497
A_baseline,15,3000000,False,000430:2023-03-30,000430,2023-03-31,2023-04-21,3500.0,4030.0,874.0,3059000.0,3519749.33,14.992857142857144
A_baseline,15,3000000,False,053350:2023-04-20,053350,2023-04-21,2023-05-16,4700.0,3850.0,748.0,3515600.0,2878675.93,-18.23510638297872
A_baseline,15,3000000,False,002700:2023-05-15,002700,2023-05-16,2023-06-08,2235.0,1950.0,1287.0,2876445.0,2507566.2625,-12.901677852348993
A_baseline,15,3000000,False,126640:2023-06-07,126640,2023-06-08,2023-06-29,2090.0,1920.0,1199.0,2505910.0,2299977.3975,-8.283971291866038
A_baseline,15,3000000,False,000850:2023-06-28,000850,2023-06-29,2023-07-20,39450.0,35350.0,58.0,2288100.0,2058745.2475,-10.542902408111528
A_baseline,15,3000000,False,001740:2023-07-19,001740,2023-07-20,2023-08-10,5810.0,6500.0,354.0,2056740.0,2299920.1375,11.726075731497424
A_baseline,15,3000000,False,001740:2023-08-09,001740,2023-08-10,2023-09-01,6500.0,7210.0,353.0,2294500.0,2547108.3875,10.773076923076923
A_baseline,15,3000000,False,105560:2023-08-31,105560,2023-09-01,2023-09-22,54200.0,57300.0,46.0,2493200.0,2685968.5875000004,5.569557195571964
A_baseline,15,3000000,False,089850:2023-09-21,089850,2023-09-22,2023-10-20,9159.0,7578.0,293.0,2683587.0,2218710.2070000004,-17.411709793645596
A_baseline,15,3000000,False,105630:2023-10-19,105630,2023-10-20,2023-11-10,21100.0,23700.0,105.0,2215500.0,2488386.9570000004,12.172274881516588
A_baseline,15,3000000,False,105630:2023-11-09,105630,2023-11-10,2023-12-01,23700.0,20700.0,104.0,2464800.0,2172689.757,-12.808227848101271
A_baseline,15,3000000,False,016360:2023-11-30,016360,2023-12-01,2023-12-22,38900.0,40850.0,55.0,2139500.0,2276730.507,4.8628534704370185
A_baseline,15,3000000,False,279600:2023-12-21,279600,2023-12-22,2024-01-17,18982.0,20822.0,119.0,2258858.0,2492302.22,9.543393741439257
A_baseline,15,3000000,False,270870:2024-01-16,270870,2024-01-17,2024-02-07,7090.0,6990.0,351.0,2488590.0,2453469.3350000004,-1.5604372355430094
A_baseline,15,3000000,False,003030:2024-02-07,003030,2024-02-08,2024-03-05,208500.0,217500.0,11.0,2293500.0,2549029.0850000004,4.166546762589928
A_baseline,15,3000000,False,015360:2024-03-04,015360,2024-03-05,2024-03-26,7680.0,8280.0,331.0,2542080.0,2743815.9650000003,7.662499999999996
A_baseline,15,3000000,False,009300:2024-03-25,009300,2024-03-26,2024-04-17,16800.0,15720.0,163.0,2738400.0,2563668.365,-6.578571428571432
A_baseline,15,3000000,False,001460:2024-04-08,001460,2024-04-17,2024-05-10,46250.0,39450.0,55.0,2543750.0,2185852.74,-14.852702702702702
A_baseline,15,3000000,False,015360:2024-05-09,015360,2024-05-10,2024-06-03,8480.0,8900.0,257.0,2179360.0,2290523.7,4.802830188679243
A_baseline,15,3000000,False,011780:2024-05-31,011780,2024-06-03,2024-06-25,148400.0,153000.0,15.0,2226000.0,2356184.7,2.9497304582210244
A_baseline,15,3000000,False,003570:2024-06-24,003570,2024-06-25,2024-07-16,22000.0,20650.0,107.0,2354000.0,2208203.7,-6.286363636363636
A_baseline,15,3000000,False,006360:2024-07-15,006360,2024-07-16,2024-08-06,17260.0,17200.0,127.0,2192020.0,2197295.6700000004,-0.4976245654692838
A_baseline,15,3000000,False,064850:2024-08-06,064850,2024-08-07,2024-08-29,7780.0,9340.0,282.0,2193960.0,2633924.7300000004,19.901413881748077
A_baseline,15,3000000,False,064850:2024-08-28,064850,2024-08-29,2024-09-24,9340.0,38450.0,282.0,2633880.0,10838993.91,311.5202355460385
A_baseline,15,3000000,False,064850:2024-09-23,064850,2024-09-24,2024-10-21,38450.0,11880.0,281.0,10804450.0,3356617.2350000003,-69.25273081924577
A_baseline,15,3000000,False,015360:2024-10-18,015360,2024-10-21,2024-11-11,9590.0,10180.0,350.0,3356500.0,3558082.4850000003,6.002241918665276
A_baseline,15,3000000,False,003570:2024-11-08,003570,2024-11-11,2024-12-02,26300.0,19640.0,135.0,3550500.0,2653656.7350000003,-25.473193916349814
A_baseline,15,3000000,False,105560:2024-11-29,105560,2024-12-02,2024-12-23,96800.0,86300.0,27.0,2613600.0,2366236.3350000004,-10.997107438016524
A_baseline,15,3000000,False,127120:2024-12-20,127120,2024-12-23,2025-01-16,5000.0,5250.0,473.0,2365000.0,2480938.8350000004,4.8500000000000005
A_baseline,15,3000000,False,058860:2025-01-15,058860,2025-01-16,2025-02-12,2765.0,2760.0,897.0,2480205.0,2472733.5275000003,-0.33083182640145115
A_baseline,15,3000000,False,016090:2025-02-11,016090,2025-02-12,2025-03-06,2300.0,2300.0,1075.0,2472500.0,2469024.7775000003,-0.15
A_baseline,15,3000000,False,006040:2025-03-05,006040,2025-03-06,2025-03-27,35850.0,37400.0,68.0,2437800.0,2570768.0775,4.173570432357035
A_baseline,15,3000000,False,016920:2025-03-26,016920,2025-03-27,2025-04-17,2330.0,2105.0,1103.0,2569990.0,2318738.0925000003,-9.806652360515017
A_baseline,15,3000000,False,006040:2025-04-16,006040,2025-04-17,2025-05-13,41750.0,41650.0,55.0,2296250.0,2309793.7175000003,-0.38952095808383236
A_baseline,15,3000000,False,000850:2025-05-12,000850,2025-05-13,2025-06-04,29500.0,32000.0,78.0,2301000.0,2501342.2175000003,8.32457627118644
A_baseline,15,3000000,False,001130:2025-06-02,001130,2025-06-04,2025-06-26,14520.0,15000.0,172.0,2497440.0,2580156.0575,3.1557851239669357
A_baseline,15,3000000,False,001460:2025-06-25,001460,2025-06-26,2025-07-17,39000.0,41500.0,66.0,2574000.0,2741295.0575,6.260256410256411
A_baseline,15,3000000,False,000850:2025-07-16,000850,2025-07-17,2025-08-07,34750.0,32200.0,78.0,2710500.0,2538329.3075,-7.488129496402878
A_baseline,15,3000000,False,036620:2025-08-06,036620,2025-08-07,2025-08-29,6150.0,5660.0,412.0,2533800.0,2332648.6075,-8.117479674796755
A_baseline,15,3000000,False,006220:2025-08-28,006220,2025-08-29,2025-09-19,14700.0,14030.0,158.0,2322600.0,2223304.7075,-4.707823129251697
A_baseline,15,3000000,False,011170:2025-09-18,011170,2025-09-19,2025-10-17,67300.0,71500.0,33.0,2220900.0,2358573.3575,6.090713224368495
A_baseline,15,3000000,False,006800:2025-10-16,006800,2025-10-17,2025-11-07,21705.0,23050.0,108.0,2344140.0,2500317.1475,6.046728864316979
A_baseline,15,3000000,False,001740:2025-11-06,001740,2025-11-07,2025-11-28,4720.0,4535.0,529.0,2496880.0,2398706.8275,-4.069491525423722
A_baseline,15,3000000,False,003080:2025-11-27,003080,2025-11-28,2025-12-19,2885.0,2840.0,831.0,2397435.0,2357715.6750000003,-1.70979202772963
A_baseline,15,3000000,False,309960:2025-12-18,309960,2025-12-19,2026-01-14,5940.0,5100.0,396.0,2352240.0,2021547.3150000002,-14.291414141414146
B_improved,15,3000000,False,105560:2023-01-10,105560,2023-01-11,2023-02-03,57700.0,56000.0,51.0,2942700.0,2908885.95,-3.096273830155973
B_improved,15,3000000,False,002700:2023-02-02,002700,2023-02-03,2023-02-24,2100.0,2115.0,1385.0,2908500.0,2925298.2,0.5642857142857143
B_improved,15,3000000,False,000850:2023-02-23,000850,2023-02-24,2023-03-20,33650.0,37600.0,86.0,2893900.0,3260657.35,11.588484398216936
B_improved,15,3000000,False,000850:2023-03-17,000850,2023-03-20,2023-04-10,37600.0,38150.0,86.0,3233600.0,3303106.95,1.3127659574468113
B_improved,15,3000000,False,126640:2023-04-11,126640,2023-04-12,2023-05-04,1765.0,1778.0,1871.0,3302315.0,3322476.4775,0.5865439093484374
B_improved,15,3000000,False,000430:2023-05-10,000430,2023-05-11,2023-06-02,4510.0,4225.0,736.0,3319360.0,3107737.4375,-6.46929046563193
B_improved,15,3000000,False,064850:2023-06-02,064850,2023-06-05,2023-06-27,8920.0,7960.0,348.0,3104160.0,2769001.1975,-10.91233183856503
B_improved,15,3000000,False,026890:2023-06-26,026890,2023-06-27,2023-07-18,6860.0,6500.0,403.0,2764580.0,2619774.3274999997,-5.397813411078721
B_improved,15,3000000,False,001740:2023-07-18,001740,2023-07-19,2023-08-09,5690.0,6230.0,460.0,2617400.0,2864248.2274999996,9.34033391915641
B_improved,15,3000000,False,001740:2023-08-09,001740,2023-08-10,2023-09-01,6500.0,7210.0,440.0,2860000.0,3172358.2274999996,10.773076923076923
B_improved,15,3000000,False,105560:2023-08-31,105560,2023-09-01,2023-09-22,54200.0,57300.0,58.0,3143600.0,3347442.8274999997,5.569557195571958
B_improved,15,3000000,False,105630:2023-10-31,105630,2023-11-01,2023-11-22,23000.0,23250.0,145.0,3335000.0,3378690.3274999997,0.9369565217391305
B_improved,15,3000000,False,279600:2023-12-11,279600,2023-12-12,2024-01-05,16221.0,20918.0,208.0,3373968.0,4350605.3755,28.806291227421255
B_improved,15,3000000,False,089850:2024-01-11,089850,2024-01-12,2024-02-02,8708.0,8009.0,499.0,4345292.0,3995286.4375,-8.177101515847498
B_improved,15,3000000,False,163560:2024-02-05,163560,2024-02-06,2024-02-29,6650.0,9720.0,600.0,3990000.0,5831301.4375,46.01541353383459
B_improved,15,3000000,False,088980:2024-02-29,088980,2024-03-04,2024-03-25,12708.0,12748.0,458.0,5820264.0,5840891.0415,0.16476235442241594
B_improved,15,3000000,False,015360:2024-03-25,015360,2024-03-26,2024-04-17,8280.0,7680.0,705.0,5837400.0,5409134.941500001,-7.396376811594196
B_improved,15,3000000,False,026890:2024-04-16,026890,2024-04-17,2024-05-10,8490.0,9190.0,637.0,5408130.0,5846922.7465,8.094994110718487
B_improved,15,3000000,False,015360:2024-05-09,015360,2024-05-10,2024-06-03,8480.0,8900.0,689.0,5842720.0,6127538.6665,4.802830188679244
B_improved,15,3000000,False,051630:2024-06-07,051630,2024-06-10,2024-07-01,3366.0,3310.0,1820.0,6126120.0,6016429.486500001,-1.8136957813428354
B_improved,15,3000000,False,105560:2024-07-02,105560,2024-07-03,2024-07-24,84300.0,89400.0,71.0,5985300.0,6369551.5365,5.899822064056936
B_improved,15,3000000,False,053350:2024-08-02,053350,2024-08-05,2024-08-27,3975.0,3165.0,1602.0,6367950.0,5062379.611500001,-20.527358490566037
B_improved,15,3000000,False,064850:2024-08-26,064850,2024-08-27,2024-09-20,8680.0,19150.0,583.0,5060440.0,11158798.9515,120.47211981566821
B_improved,15,3000000,False,081580:2024-09-24,081580,2024-09-25,2024-10-21,4345.0,4700.0,2568.0,11157960.0,12053702.011500001,8.020310701956276
B_improved,15,3000000,False,015360:2024-10-18,015360,2024-10-21,2024-11-11,9590.0,10180.0,1256.0,12045040.0,12776674.4515,6.0022419186652725
B_improved,15,3000000,False,127120:2024-11-12,127120,2024-11-13,2024-12-04,3965.0,4100.0,3222.0,12775230.0,13192481.6065,3.2547919293820877
B_improved,15,3000000,False,105560:2024-12-03,105560,2024-12-04,2024-12-26,97300.0,86600.0,135.0,13135500.0,11728278.3565,-11.146916752312436
B_improved,15,3000000,False,015360:2024-12-26,015360,2024-12-27,2025-01-21,10760.0,10020.0,1089.0,11717640.0,10904841.896499999,-7.027323420074357
B_improved,15,3000000,False,136480:2025-01-21,136480,2025-01-22,2025-02-18,2910.0,2950.0,3747.0,10903770.0,11038366.2415,1.2245704467354013
B_improved,15,3000000,False,053350:2025-02-27,053350,2025-02-28,2025-03-24,4615.0,7520.0,2391.0,11034465.0,17967669.544,62.79691224268687
B_improved,15,3000000,False,030210:2025-03-25,030210,2025-03-26,2025-04-16,3340.0,3440.0,5379.0,17965860.0,18478620.754,2.8440119760479092
B_improved,15,3000000,False,006040:2025-04-15,006040,2025-04-16,2025-05-12,39450.0,42950.0,468.0,18462600.0,20088926.854000002,8.721989860583026
B_improved,15,3000000,False,215200:2025-05-09,215200,2025-05-12,2025-06-02,53600.0,51800.0,374.0,20046400.0,19385657.254,-3.508208955223888
B_improved,15,3000000,False,001130:2025-05-30,001130,2025-06-02,2025-06-25,14260.0,14960.0,1359.0,19379340.0,20307888.244,4.758835904628322
B_improved,15,3000000,False,003080:2025-06-24,003080,2025-06-25,2025-07-16,2835.0,2900.0,7163.0,20307105.0,20743022.5865,2.142768959435632
B_improved,15,3000000,False,003080:2025-07-15,003080,2025-07-16,2025-08-06,2900.0,2830.0,7152.0,20740800.0,20211271.3865,-2.563793103448272
B_improved,15,3000000,False,415380:2025-08-11,415380,2025-08-12,2025-09-03,3211.0,4219.0,6294.0,20210034.0,26525308.335500002,31.24208969168484
B_improved,15,3000000,False,170920:2025-09-08,170920,2025-09-09,2025-09-30,12990.0,19730.0,2041.0,26512590.0,40241879.450500004,51.73606620477291
B_improved,15,3000000,False,265520:2025-10-10,265520,2025-10-13,2025-11-03,20350.0,20000.0,1977.0,40231950.0,39489581.52550001,-1.8699017199017125
B_improved,15,3000000,False,326030:2025-11-04,326030,2025-11-05,2025-11-26,123500.0,132000.0,319.0,39396500.0,42141986.77550001,6.732591093117408
B_improved,15,3000000,False,138360:2025-11-25,138360,2025-11-26,2025-12-17,1079.0,1008.0,39056.0,42141424.0,39305798.63950001,-6.730166821130676
B_improved,15,3000000,False,064850:2025-12-16,064850,2025-12-17,2026-01-12,8970.0,8820.0,4381.0,39297570.0,38589702.28450001,-1.822240802675577
A_baseline,15,10000000,False,114090:2023-01-02,114090,2023-01-03,2023-01-26,18750.0,20150.0,533.0,9993750.0,10731209.375,7.316666666666667
A_baseline,15,10000000,False,003830:2023-01-25,003830,2023-01-26,2023-02-16,130100.0,129700.0,82.0,10668200.0,10682407.075,-0.45745580322829293
A_baseline,15,10000000,False,073640:2023-02-15,073640,2023-02-16,2023-03-10,2360.0,2235.0,4526.0,10681360.0,10100635.035,-5.446610169491517
A_baseline,15,10000000,False,000430:2023-03-09,000430,2023-03-10,2023-03-31,3460.0,3500.0,2919.0,10099740.0,10202245.425,1.0060693641618557
A_baseline,15,10000000,False,000430:2023-03-30,000430,2023-03-31,2023-04-21,3500.0,4030.0,2914.0,10199000.0,11731366.925,14.992857142857144
A_baseline,15,10000000,False,053350:2023-04-20,053350,2023-04-21,2023-05-16,4700.0,3850.0,2496.0,11731200.0,9592170.125,-18.23510638297873
A_baseline,15,10000000,False,002700:2023-05-15,002700,2023-05-16,2023-06-08,2235.0,1950.0,4291.0,9590385.0,8354849.5475,-12.901677852348989
A_baseline,15,10000000,False,126640:2023-06-07,126640,2023-06-08,2023-06-29,2090.0,1920.0,3997.0,8353730.0,7662828.952500001,-8.283971291866026
A_baseline,15,10000000,False,000850:2023-06-28,000850,2023-06-29,2023-07-20,39450.0,35350.0,194.0,7653300.0,6855949.0025,-10.542902408111535
A_baseline,15,10000000,False,001740:2023-07-19,001740,2023-07-20,2023-08-10,5810.0,6500.0,1180.0,6855800.0,7659865.3025,11.726075731497415
A_baseline,15,10000000,False,001740:2023-08-09,001740,2023-08-10,2023-09-01,6500.0,7210.0,1178.0,7657000.0,8484759.8025,10.773076923076923
A_baseline,15,10000000,False,105560:2023-08-31,105560,2023-09-01,2023-09-22,54200.0,57300.0,156.0,8455200.0,8955677.0025,5.569557195571947
A_baseline,15,10000000,False,089850:2023-09-21,089850,2023-09-22,2023-10-20,9159.0,7578.0,977.0,8948343.0,7397617.488,-17.411709793645592
A_baseline,15,10000000,False,105630:2023-10-19,105630,2023-10-20,2023-11-10,21100.0,23700.0,350.0,7385000.0,8296539.988,12.172274881516588
A_baseline,15,10000000,False,105630:2023-11-09,105630,2023-11-10,2023-12-01,23700.0,20700.0,350.0,8295000.0,7234097.488,-12.808227848101266
A_baseline,15,10000000,False,016360:2023-11-30,016360,2023-12-01,2023-12-22,38900.0,40850.0,185.0,7196500.0,7584052.738,4.8628534704370185
A_baseline,15,10000000,False,279600:2023-12-21,279600,2023-12-22,2024-01-17,18982.0,20822.0,399.0,7573818.0,8306852.011,9.543393741439258
A_baseline,15,10000000,False,270870:2024-01-16,270870,2024-01-17,2024-02-07,7090.0,6990.0,1171.0,8302390.0,8177298.426,-1.5604372355430178
A_baseline,15,10000000,False,003030:2024-02-07,003030,2024-02-08,2024-03-05,208500.0,217500.0,39.0,8131500.0,8516101.175999999,4.166546762589928
A_baseline,15,10000000,False,015360:2024-03-04,015360,2024-03-05,2024-03-26,7680.0,8280.0,1108.0,8509440.0,9168137.015999999,7.662499999999999
A_baseline,15,10000000,False,009300:2024-03-25,009300,2024-03-26,2024-04-17,16800.0,15720.0,545.0,9156000.0,8565803.015999999,-6.578571428571428
A_baseline,15,10000000,False,001460:2024-04-08,001460,2024-04-17,2024-05-10,46250.0,39450.0,185.0,8556250.0,7294968.640999999,-14.852702702702702
A_baseline,15,10000000,False,015360:2024-05-09,015360,2024-05-10,2024-06-03,8480.0,8900.0,860.0,7292800.0,7645229.440999999,4.802830188679243
A_baseline,15,10000000,False,011780:2024-05-31,011780,2024-06-03,2024-06-25,148400.0,153000.0,51.0,7568400.0,7868476.840999999,2.9497304582210293
A_baseline,15,10000000,False,003570:2024-06-24,003570,2024-06-25,2024-07-16,22000.0,20650.0,357.0,7854000.0,7374745.840999999,-6.286363636363636
A_baseline,15,10000000,False,006360:2024-07-15,006360,2024-07-16,2024-08-06,17260.0,17200.0,427.0,7370020.0,7338070.810999999,-0.49762456546929673
A_baseline,15,10000000,False,064850:2024-08-06,064850,2024-08-07,2024-08-29,7780.0,9340.0,943.0,7336540.0,8798146.000999998,19.901413881748063
A_baseline,15,10000000,False,064850:2024-08-28,064850,2024-08-29,2024-09-24,9340.0,38450.0,941.0,8788940.0,36177472.591000006,311.5202355460386
A_baseline,15,10000000,False,064850:2024-09-23,064850,2024-09-24,2024-10-21,38450.0,11880.0,940.0,36143000.0,11147458.091000006,-69.25273081924578
A_baseline,15,10000000,False,015360:2024-10-18,015360,2024-10-21,2024-11-11,9590.0,10180.0,1162.0,11143580.0,11816322.721000006,6.002241918665284
A_baseline,15,10000000,False,003570:2024-11-08,003570,2024-11-11,2024-12-02,26300.0,19640.0,449.0,11808700.0,8808269.671000006,-25.473193916349818
A_baseline,15,10000000,False,105560:2024-11-29,105560,2024-12-02,2024-12-23,96800.0,86300.0,90.0,8712000.0,7850201.671000006,-10.99710743801653
A_baseline,15,10000000,False,127120:2024-12-20,127120,2024-12-23,2025-01-16,5000.0,5250.0,1570.0,7850000.0,8230926.671000006,4.8500000000000005
A_baseline,15,10000000,False,058860:2025-01-15,058860,2025-01-16,2025-02-12,2765.0,2760.0,2976.0,8228640.0,8203703.711000006,-0.3308318264014462
A_baseline,15,10000000,False,016090:2025-02-11,016090,2025-02-12,2025-03-06,2300.0,2300.0,3566.0,8201800.0,8191401.0110000055,-0.15000000000000227
A_baseline,15,10000000,False,006040:2025-03-05,006040,2025-03-06,2025-03-27,35850.0,37400.0,228.0,8173800.0,8532540.311000006,4.173570432357052
A_baseline,15,10000000,False,016920:2025-03-26,016920,2025-03-27,2025-04-17,2330.0,2105.0,3662.0,8532460.0,7695791.621000006,-9.806652360515027
A_baseline,15,10000000,False,006040:2025-04-16,006040,2025-04-17,2025-05-13,41750.0,41650.0,184.0,7682000.0,7665868.621000006,-0.38952095808383236
A_baseline,15,10000000,False,000850:2025-05-12,000850,2025-05-13,2025-06-04,29500.0,32000.0,259.0,7640500.0,8301907.871000006,8.32457627118644
A_baseline,15,10000000,False,001130:2025-06-02,001130,2025-06-04,2025-06-26,14520.0,15000.0,571.0,8290920.0,8563551.491000004,3.1557851239669326
A_baseline,15,10000000,False,001460:2025-06-25,001460,2025-06-26,2025-07-17,39000.0,41500.0,219.0,8541000.0,9098239.991000004,6.260256410256411
A_baseline,15,10000000,False,000850:2025-07-16,000850,2025-07-17,2025-08-07,34750.0,32200.0,261.0,9069750.0,8419085.366000004,-7.488129496402878
A_baseline,15,10000000,False,036620:2025-08-06,036620,2025-08-07,2025-08-29,6150.0,5660.0,1368.0,8413200.0,7736145.566000004,-8.117479674796746
A_baseline,15,10000000,False,006220:2025-08-28,006220,2025-08-29,2025-09-19,14700.0,14030.0,526.0,7732200.0,7372127.2660000045,-4.7078231292516985
A_baseline,15,10000000,False,011170:2025-09-18,011170,2025-09-19,2025-10-17,67300.0,71500.0,109.0,7335700.0,7818923.716000005,6.090713224368502
A_baseline,15,10000000,False,006800:2025-10-16,006800,2025-10-17,2025-11-07,21705.0,23050.0,360.0,7813800.0,8291403.0160000045,6.046728864316975
A_baseline,15,10000000,False,001740:2025-11-06,001740,2025-11-07,2025-11-28,4720.0,4535.0,1756.0,8288320.0,7954110.536000004,-4.069491525423734
A_baseline,15,10000000,False,003080:2025-11-27,003080,2025-11-28,2025-12-19,2885.0,2840.0,2757.0,7953945.0,7818114.618500004,-1.7097920277296417
A_baseline,15,10000000,False,309960:2025-12-18,309960,2025-12-19,2026-01-14,5940.0,5100.0,1316.0,7817040.0,6700949.058500004,-14.291414141414135
B_improved,15,10000000,False,105560:2023-01-10,105560,2023-01-11,2023-02-03,57700.0,56000.0,173.0,9982100.0,9690926.85,-3.096273830155983
B_improved,15,10000000,False,002700:2023-02-02,002700,2023-02-03,2023-02-24,2100.0,2115.0,4614.0,9689400.0,9745602.75,0.5642857142857182
B_improved,15,10000000,False,000850:2023-02-23,000850,2023-02-24,2023-03-20,33650.0,37600.0,289.0,9724850.0,10872565.475,11.588484398216934
B_improved,15,10000000,False,000850:2023-03-17,000850,2023-03-20,2023-04-10,37600.0,38150.0,289.0,10866400.0,11015215.875,1.3127659574468118
B_improved,15,10000000,False,126640:2023-04-11,126640,2023-04-12,2023-05-04,1765.0,1778.0,6240.0,11013600.0,11079815.475,0.5865439093484385
B_improved,15,10000000,False,000430:2023-05-10,000430,2023-05-11,2023-06-02,4510.0,4225.0,2456.0,11076560.0,10363240.635,-6.469290465631927
B_improved,15,10000000,False,064850:2023-06-02,064850,2023-06-05,2023-06-27,8920.0,7960.0,1161.0,10356120.0,9233146.455,-10.912331838565018
B_improved,15,10000000,False,026890:2023-06-26,026890,2023-06-27,2023-07-18,6860.0,6500.0,1345.0,9226700.0,8735106.405,-5.397813411078725
B_improved,15,10000000,False,001740:2023-07-18,001740,2023-07-19,2023-08-09,5690.0,6230.0,1535.0,8734150.0,9550905.18,9.34033391915642
B_improved,15,10000000,False,001740:2023-08-09,001740,2023-08-10,2023-09-01,6500.0,7210.0,1469.0,9548500.0,10579572.43,10.773076923076923
B_improved,15,10000000,False,105560:2023-08-31,105560,2023-09-01,2023-09-22,54200.0,57300.0,195.0,10569000.0,11168218.93,5.569557195571956
B_improved,15,10000000,False,105630:2023-10-31,105630,2023-11-01,2023-11-22,23000.0,23250.0,485.0,11155000.0,11272736.43,0.9369565217391305
B_improved,15,10000000,False,279600:2023-12-11,279600,2023-12-12,2024-01-05,16221.0,20918.0,694.0,11257374.0,14515568.368999999,28.806291227421237
B_improved,15,10000000,False,089850:2024-01-11,089850,2024-01-12,2024-02-02,8708.0,8009.0,1666.0,14507528.0,13329273.077,-8.177101515847493
B_improved,15,10000000,False,163560:2024-02-05,163560,2024-02-06,2024-02-29,6650.0,9720.0,2004.0,13326600.0,19461563.177,46.0154135338346
B_improved,15,10000000,False,088980:2024-02-29,088980,2024-03-04,2024-03-25,12708.0,12748.0,1531.0,19455948.0,19493619.255000003,0.16476235442241935
B_improved,15,10000000,False,015360:2024-03-25,015360,2024-03-26,2024-04-17,8280.0,7680.0,2354.0,19491120.0,18051982.575000003,-7.396376811594202
B_improved,15,10000000,False,026890:2024-04-16,026890,2024-04-17,2024-05-10,8490.0,9190.0,2126.0,18049740.0,19513107.965000004,8.094994110718496
B_improved,15,10000000,False,015360:2024-05-09,015360,2024-05-10,2024-06-03,8480.0,8900.0,2301.0,19512480.0,20450259.245000005,4.802830188679252
B_improved,15,10000000,False,051630:2024-06-07,051630,2024-06-10,2024-07-01,3366.0,3310.0,6075.0,20448450.0,20079386.570000004,-1.8136957813428438
B_improved,15,10000000,False,105560:2024-07-02,105560,2024-07-03,2024-07-24,84300.0,89400.0,238.0,20063400.0,21263091.470000003,5.8998220640569325
B_improved,15,10000000,False,053350:2024-08-02,053350,2024-08-05,2024-08-27,3975.0,3165.0,5349.0,21262275.0,16898508.0575,-20.527358490566044
B_improved,15,10000000,False,064850:2024-08-26,064850,2024-08-27,2024-09-20,8680.0,19150.0,1946.0,16891280.0,37247791.1375,120.4721198156682
B_improved,15,10000000,False,081580:2024-09-24,081580,2024-09-25,2024-10-21,4345.0,4700.0,8572.0,37245340.0,40234983.127500005,8.020310701956278
B_improved,15,10000000,False,015360:2024-10-18,015360,2024-10-21,2024-11-11,9590.0,10180.0,4195.0,40230050.0,42649688.0525,6.002241918665269
B_improved,15,10000000,False,127120:2024-11-12,127120,2024-11-13,2024-12-04,3965.0,4100.0,10756.0,42647540.0,44037776.7425,3.2547919293820877
B_improved,15,10000000,False,105560:2024-12-03,105560,2024-12-04,2024-12-26,97300.0,86600.0,452.0,43979600.0,39135407.3425,-11.146916752312434
B_improved,15,10000000,False,015360:2024-12-26,015360,2024-12-27,2025-01-21,10760.0,10020.0,3637.0,39134120.0,36385326.1625,-7.027323420074348
B_improved,15,10000000,False,136480:2025-01-21,136480,2025-01-22,2025-02-18,2910.0,2950.0,12503.0,36383730.0,36830870.5675,1.2245704467353984
B_improved,15,10000000,False,053350:2025-02-27,053350,2025-02-28,2025-03-24,4615.0,7520.0,7980.0,36827700.0,59957529.017500006,62.7969122426869
B_improved,15,10000000,False,030210:2025-03-25,030210,2025-03-26,2025-04-16,3340.0,3440.0,17951.0,59956340.0,61662694.50750001,2.8440119760479075
B_improved,15,10000000,False,006040:2025-04-15,006040,2025-04-16,2025-05-12,39450.0,42950.0,1563.0,61660350.0,67040703.98250001,8.721989860583019
B_improved,15,10000000,False,215200:2025-05-09,215200,2025-05-12,2025-06-02,53600.0,51800.0,1250.0,67000000.0,64690203.98250001,-3.5082089552238807
B_improved,15,10000000,False,001130:2025-05-30,001130,2025-06-02,2025-06-25,14260.0,14960.0,4536.0,64683360.0,67768378.9425,4.758835904628321
B_improved,15,10000000,False,003080:2025-06-24,003080,2025-06-25,2025-07-16,2835.0,2900.0,23904.0,67767840.0,69220487.18249999,2.1427689594356183
B_improved,15,10000000,False,003080:2025-07-15,003080,2025-07-16,2025-08-06,2900.0,2830.0,23869.0,69220100.0,67445827.03249998,-2.5637931034482846
B_improved,15,10000000,False,415380:2025-08-11,415380,2025-08-12,2025-09-03,3211.0,4219.0,21004.0,67443844.0,88516693.26649998,31.242089691684825
B_improved,15,10000000,False,170920:2025-09-08,170920,2025-09-09,2025-09-30,12990.0,19730.0,6814.0,88513860.0,134310282.47649997,51.73606620477291
B_improved,15,10000000,False,265520:2025-10-10,265520,2025-10-13,2025-11-03,20350.0,20000.0,6600.0,134310000.0,131798817.47649997,-1.86990171990172
B_improved,15,10000000,False,326030:2025-11-04,326030,2025-11-05,2025-11-26,123500.0,132000.0,1067.0,131774500.0,140670655.72649997,6.732591093117408
B_improved,15,10000000,False,138360:2025-11-25,138360,2025-11-26,2025-12-17,1079.0,1008.0,130371.0,140670309.0,131203309.26299998,-6.7301668211306716
B_improved,15,10000000,False,064850:2025-12-16,064850,2025-12-17,2026-01-12,8970.0,8820.0,14626.0,131195220.0,128812616.43299998,-1.8222408026755839
A_baseline,15,1000000,True,114090:2023-01-02,114090,2023-01-03,2023-01-26,18750.0,20150.0,53.333333333333336,1000000.0,1073166.6666666667,7.316666666666674
A_baseline,15,1000000,True,003830:2023-01-25,003830,2023-01-26,2023-02-16,130100.0,129700.0,8.248782987445555,1073166.6666666667,1068257.4034716885,-0.45745580322828727
A_baseline,15,1000000,True,073640:2023-02-15,073640,2023-02-16,2023-03-10,2360.0,2235.0,452.65144214902057,1068257.4034716885,1010073.5870978534,-5.446610169491524
A_baseline,15,1000000,True,000430:2023-03-09,000430,2023-03-10,2023-03-31,3460.0,3500.0,291.9287823982235,1010073.5870978534,1020235.6280131355,1.006069364161843
A_baseline,15,1000000,True,000430:2023-03-30,000430,2023-03-31,2023-04-21,3500.0,4030.0,291.4958937180387,1020235.6280131354,1173198.098241676,14.992857142857133
A_baseline,15,1000000,True,053350:2023-04-20,053350,2023-04-21,2023-05-16,4700.0,3850.0,249.61661664716513,1173198.098241676,959264.1769442232,-18.235106382978724
A_baseline,15,1000000,True,002700:2023-05-15,002700,2023-05-16,2023-06-08,2235.0,1950.0,429.200974024261,959264.1769442232,835503.0030818926,-12.901677852348984
A_baseline,15,1000000,True,126640:2023-06-07,126640,2023-06-08,2023-06-29,2090.0,1920.0,399.76220243152756,835503.0030818926,766290.17416391,-8.283971291866042
A_baseline,15,1000000,True,000850:2023-06-28,000850,2023-06-29,2023-07-20,39450.0,35350.0,19.424339015561724,766290.17416391,685500.9489388611,-10.542902408111523
A_baseline,15,1000000,True,001740:2023-07-19,001740,2023-07-20,2023-08-10,5810.0,6500.0,117.98639396538057,685500.9489388611,765883.3093515654,11.726075731497417
A_baseline,15,1000000,True,001740:2023-08-09,001740,2023-08-10,2023-09-01,6500.0,7210.0,117.82820143870238,765883.3093515654,848392.5074090167,10.773076923076916
A_baseline,15,1000000,True,105560:2023-08-31,105560,2023-09-01,2023-09-22,54200.0,57300.0,15.652998291679275,848392.5074090167,895644.213352109,5.569557195571957
A_baseline,15,1000000,True,089850:2023-09-21,089850,2023-09-22,2023-10-20,9159.0,7578.0,97.78842814194878,895644.213352109,739697.2421396597,-17.4117097936456
A_baseline,15,1000000,True,105630:2023-10-19,105630,2023-10-20,2023-11-10,21100.0,23700.0,35.05674133363316,739697.2421396597,829735.2237438965,12.172274881516591
A_baseline,15,1000000,True,105630:2023-11-09,105630,2023-11-10,2023-12-01,23700.0,20700.0,35.00992505248508,829735.2237438963,723460.8457508254,-12.80822784810127
A_baseline,15,1000000,True,016360:2023-11-30,016360,2023-12-01,2023-12-22,38900.0,40850.0,18.59796518639654,723460.8457508254,758641.6865956724,4.86285347043702
A_baseline,15,1000000,True,279600:2023-12-21,279600,2023-12-22,2024-01-17,18982.0,20822.0,39.96637270022508,758641.6865956725,831041.849834193,9.543393741439255
A_baseline,15,1000000,True,270870:2024-01-16,270870,2024-01-17,2024-02-07,7090.0,6990.0,117.21323693006954,831041.849834193,818073.9633664348,-1.5604372355430152
A_baseline,15,1000000,True,003030:2024-02-07,003030,2024-02-08,2024-03-05,208500.0,217500.0,3.9236161312538838,818073.9633664348,852159.39760267,4.166546762589918
A_baseline,15,1000000,True,015360:2024-03-04,015360,2024-03-05,2024-03-26,7680.0,8280.0,110.95825489618099,852159.39760267,917456.1114439745,7.6624999999999925
A_baseline,15,1000000,True,009300:2024-03-25,009300,2024-03-26,2024-04-17,16800.0,15720.0,54.6104828240461,917456.1114439745,857100.6058268388,-6.578571428571432
A_baseline,15,1000000,True,001460:2024-04-08,001460,2024-04-17,2024-05-10,46250.0,39450.0,18.531904990850567,857100.6058268388,729798.0009803147,-14.852702702702697
A_baseline,15,1000000,True,015360:2024-05-09,015360,2024-05-10,2024-06-03,8480.0,8900.0,86.06108502126352,729798.0009803147,764848.9596877749,4.802830188679245
A_baseline,15,1000000,True,011780:2024-05-31,011780,2024-06-03,2024-06-25,148400.0,153000.0,5.153968731049696,764848.9596877749,787409.9424110719,2.949730458221028
A_baseline,15,1000000,True,003570:2024-06-24,003570,2024-06-25,2024-07-16,22000.0,20650.0,35.79136101868509,787409.942411072,737910.4901222304,-6.286363636363636
A_baseline,15,1000000,True,006360:2024-07-15,006360,2024-07-16,2024-08-06,17260.0,17200.0,42.75263558066224,737910.4901222304,734238.4662522072,-0.4976245654693094
A_baseline,15,1000000,True,064850:2024-08-06,064850,2024-08-07,2024-08-29,7780.0,9340.0,94.3751241969418,734238.4662522072,880362.3023000581,19.901413881748073
A_baseline,15,1000000,True,064850:2024-08-28,064850,2024-08-29,2024-09-24,9340.0,38450.0,94.25720581371071,880362.3023000581,3622869.0200837264,311.52023554603846
A_baseline,15,1000000,True,064850:2024-09-23,064850,2024-09-24,2024-10-21,38450.0,11880.0,94.22286138059107,3622869.020083727,1113933.2896712958,-69.25273081924578
A_baseline,15,1000000,True,015360:2024-10-18,015360,2024-10-21,2024-11-11,9590.0,10180.0,116.1557132086857,1113933.2896712958,1180794.2605299135,6.002241918665282
A_baseline,15,1000000,True,003570:2024-11-08,003570,2024-11-11,2024-12-02,26300.0,19640.0,44.89712017224006,1180794.2605299135,880008.2487919999,-25.473193916349807
A_baseline,15,1000000,True,105560:2024-11-29,105560,2024-12-02,2024-12-23,96800.0,86300.0,9.090994305702479,880008.2487919999,783232.7962089359,-10.997107438016524
A_baseline,15,1000000,True,127120:2024-12-20,127120,2024-12-23,2025-01-16,5000.0,5250.0,156.64655924178717,783232.7962089359,821219.5868250693,4.849999999999997
A_baseline,15,1000000,True,058860:2025-01-15,058860,2025-01-16,2025-02-12,2765.0,2760.0,297.00527552443737,821219.5868250693,818502.7310672095,-0.33083182640144393
A_baseline,15,1000000,True,016090:2025-02-11,016090,2025-02-12,2025-03-06,2300.0,2300.0,355.8707526379172,818502.7310672095,817274.9769706087,-0.14999999999999938
A_baseline,15,1000000,True,006040:2025-03-05,006040,2025-03-06,2025-03-27,35850.0,37400.0,22.797070487325207,817274.9769706087,851384.5237605068,4.173570432357033
A_baseline,15,1000000,True,016920:2025-03-26,016920,2025-03-27,2025-04-17,2330.0,2105.0,365.4010831590158,851384.5237605068,767892.2032640874,-9.806652360515024
A_baseline,15,1000000,True,006040:2025-04-16,006040,2025-04-17,2025-05-13,41750.0,41650.0,18.392627623091915,767892.2032640874,764901.1021968821,-0.3895209580838306
A_baseline,15,1000000,True,000850:2025-05-12,000850,2025-05-13,2025-06-04,29500.0,32000.0,25.92885092192821,764901.1021968821,828575.8778484074,8.324576271186448
A_baseline,15,1000000,True,001130:2025-06-02,001130,2025-06-04,2025-06-26,14520.0,15000.0,57.06445439727324,828575.8778484074,854723.9521423259,3.155785123966944
A_baseline,15,1000000,True,001460:2025-06-25,001460,2025-06-26,2025-07-17,39000.0,41500.0,21.91599877288015,854723.9521423259,908231.8631463129,6.260256410256418
A_baseline,15,1000000,True,000850:2025-07-16,000850,2025-07-17,2025-08-07,34750.0,32200.0,26.136168723634903,908231.8631463129,840222.2851063244,-7.488129496402883
A_baseline,15,1000000,True,036620:2025-08-06,036620,2025-08-07,2025-08-29,6150.0,5660.0,136.62150977338607,840222.2851063244,772017.4118897057,-8.11747967479675
A_baseline,15,1000000,True,006220:2025-08-28,006220,2025-08-29,2025-09-19,14700.0,14030.0,52.51819128501399,772017.4118897057,735672.1976109117,-4.707823129251711
A_baseline,15,1000000,True,011170:2025-09-18,011170,2025-09-19,2025-10-17,67300.0,71500.0,10.931236220072982,735672.1976109117,780479.8814388019,6.090713224368505
A_baseline,15,1000000,True,006800:2025-10-16,006800,2025-10-17,2025-11-07,21705.0,23050.0,35.95852943740161,780479.8814388019,827673.3837099489,6.0467288643169805
A_baseline,15,1000000,True,001740:2025-11-06,001740,2025-11-07,2025-11-28,4720.0,4535.0,175.35453044702305,827673.3837099489,793991.2855016845,-4.069491525423746
A_baseline,15,1000000,True,003080:2025-11-27,003080,2025-11-28,2025-12-19,2885.0,2840.0,275.2136171582962,793991.2855016845,780415.6858013087,-1.7097920277296303
A_baseline,15,1000000,True,309960:2025-12-18,309960,2025-12-19,2026-01-14,5940.0,5100.0,131.3831120877624,780415.6858013087,668883.2481188864,-14.291414141414135
B_improved,15,1000000,True,105560:2023-01-10,105560,2023-01-11,2023-02-03,57700.0,56000.0,17.33102253032929,1000000.0,969037.2616984402,-3.0962738301559813
B_improved,15,1000000,True,002700:2023-02-02,002700,2023-02-03,2023-02-24,2100.0,2115.0,461.44631509449533,969037.2616984402,974505.4005323099,0.5642857142857086
B_improved,15,1000000,True,000850:2023-02-23,000850,2023-02-24,2023-03-20,33650.0,37600.0,28.960041620573847,974505.4005323099,1087435.8068327783,11.588484398216954
B_improved,15,1000000,True,000850:2023-03-17,000850,2023-03-20,2023-04-10,37600.0,38150.0,28.921165075339847,1087435.8068327783,1101711.293913966,1.3127659574468111
B_improved,15,1000000,True,126640:2023-04-11,126640,2023-04-12,2023-05-04,1765.0,1778.0,624.1990333790176,1101711.293913966,1108173.3144070224,0.5865439093484521
B_improved,15,1000000,True,000430:2023-05-10,000430,2023-05-11,2023-06-02,4510.0,4225.0,245.7147038596502,1108173.3144070224,1036482.3638354116,-6.469290465631927
B_improved,15,1000000,True,064850:2023-06-02,064850,2023-06-05,2023-06-27,8920.0,7960.0,116.19757442101027,1036482.3638354116,923377.9688454886,-10.912331838565024
B_improved,15,1000000,True,026890:2023-06-26,026890,2023-06-27,2023-07-18,6860.0,6500.0,134.60320245561059,923377.9688454886,873535.7490082006,-5.397813411078714
B_improved,15,1000000,True,001740:2023-07-18,001740,2023-07-19,2023-08-09,5690.0,6230.0,153.52122126681908,873535.7490082006,955126.9048687706,9.340333919156416
B_improved,15,1000000,True,001740:2023-08-09,001740,2023-08-10,2023-09-01,6500.0,7210.0,146.94260074904165,955126.9048687707,1058023.461043287,10.773076923076914
B_improved,15,1000000,True,105560:2023-08-31,105560,2023-09-01,2023-09-22,54200.0,57300.0,19.520728063529283,1058023.461043287,1116950.682848663,5.569557195571971
B_improved,15,1000000,True,105630:2023-10-31,105630,2023-11-01,2023-11-22,23000.0,23250.0,48.56307316733318,1116950.682848663,1127416.0251162234,0.9369565217391311
B_improved,15,1000000,True,279600:2023-12-11,279600,2023-12-12,2024-01-05,16221.0,20918.0,69.50348468751763,1127416.0251162234,1452182.7686558194,28.806291227421248
B_improved,15,1000000,True,089850:2024-01-11,089850,2024-01-12,2024-02-02,8708.0,8009.0,166.76421321265724,1452182.7686558194,1333436.309467188,-8.177101515847506
B_improved,15,1000000,True,163560:2024-02-05,163560,2024-02-06,2024-02-29,6650.0,9720.0,200.51673826574256,1333436.309467188,1947022.541478817,46.01541353383458
B_improved,15,1000000,True,088980:2024-02-29,088980,2024-03-04,2024-03-25,12708.0,12748.0,153.21234981734474,1947022.5414788171,1950230.5016592925,0.16476235442241338
B_improved,15,1000000,True,015360:2024-03-25,015360,2024-03-26,2024-04-17,8280.0,7680.0,235.53508474146045,1950230.5016592925,1805984.105061927,-7.3963768115942115
B_improved,15,1000000,True,026890:2024-04-16,026890,2024-04-17,2024-05-10,8490.0,9190.0,212.71897586123995,1805984.105061927,1952178.4120072024,8.094994110718504
B_improved,15,1000000,True,015360:2024-05-09,015360,2024-05-10,2024-06-03,8480.0,8900.0,230.20971839707576,1952178.4120072024,2045938.2261159634,4.802830188679246
B_improved,15,1000000,True,051630:2024-06-07,051630,2024-06-10,2024-07-01,3366.0,3310.0,607.824784942354,2045938.2261159634,2008831.1308200178,-1.8136957813428345
B_improved,15,1000000,True,105560:2024-07-02,105560,2024-07-03,2024-07-24,84300.0,89400.0,23.82955078078313,2008831.1308200178,2127348.593105782,5.899822064056946
B_improved,15,1000000,True,053350:2024-08-02,053350,2024-08-05,2024-08-27,3975.0,3165.0,535.1820360014545,2127348.593105782,1690660.121054945,-20.527358490566034
B_improved,15,1000000,True,064850:2024-08-26,064850,2024-08-27,2024-09-20,8680.0,19150.0,194.77651164227478,1690660.121054945,3727434.2077679797,120.47211981566821
B_improved,15,1000000,True,081580:2024-09-24,081580,2024-09-25,2024-10-21,4345.0,4700.0,857.8674816497077,3727434.2077679797,4026386.012441974,8.020310701956276
B_improved,15,1000000,True,015360:2024-10-18,015360,2024-10-21,2024-11-11,9590.0,10180.0,419.852556041916,4026386.012441974,4268059.4414880425,6.002241918665298
B_improved,15,1000000,True,127120:2024-11-12,127120,2024-11-13,2024-12-04,3965.0,4100.0,1076.4336548519652,4268059.4414880425,4406975.895730825,3.2547919293820797
B_improved,15,1000000,True,105560:2024-12-03,105560,2024-12-04,2024-12-26,97300.0,86600.0,45.292660798877954,4406975.895730825,3915733.961339235,-11.146916752312434
B_improved,15,1000000,True,015360:2024-12-26,015360,2024-12-27,2025-01-21,10760.0,10020.0,363.91579566349765,3915733.961339235,3640562.6716062375,-7.027323420074354
B_improved,15,1000000,True,136480:2025-01-21,136480,2025-01-22,2025-02-18,2910.0,2950.0,1251.0524644694974,3640562.6716062375,3685143.9261776083,1.2245704467354017
B_improved,15,1000000,True,053350:2025-02-27,053350,2025-02-28,2025-03-24,4615.0,7520.0,798.5143935379433,3685143.9261776083,5999300.523516067,62.7969122426869
B_improved,15,1000000,True,030210:2025-03-25,030210,2025-03-26,2025-04-16,3340.0,3440.0,1796.1977615317567,5999300.523516067,6169921.34888397,2.844011976047918
B_improved,15,1000000,True,006040:2025-04-15,006040,2025-04-16,2025-05-12,39450.0,42950.0,156.39851327969504,6169921.34888397,6708061.263339575,8.721989860583
B_improved,15,1000000,True,215200:2025-05-09,215200,2025-05-12,2025-06-02,53600.0,51800.0,125.15039670409655,6708061.263339575,6472728.457377192,-3.508208955223889
B_improved,15,1000000,True,001130:2025-05-30,001130,2025-06-02,2025-06-25,14260.0,14960.0,453.9080264640387,6472728.457377192,6780754.983215953,4.758835904628335
B_improved,15,1000000,True,003080:2025-06-24,003080,2025-06-25,2025-07-16,2835.0,2900.0,2391.8006995470732,6780754.983215952,6926050.896211689,2.1427689594356303
B_improved,15,1000000,True,003080:2025-07-15,003080,2025-07-16,2025-08-06,2900.0,2830.0,2388.2934124867893,6926050.896211689,6748481.280993296,-2.563793103448286
B_improved,15,1000000,True,415380:2025-08-11,415380,2025-08-12,2025-09-03,3211.0,4219.0,2101.6758894404534,6748481.280993296,8856847.855627783,31.242089691684825
B_improved,15,1000000,True,170920:2025-09-08,170920,2025-09-09,2025-09-30,12990.0,19730.0,681.8204661761188,8856847.855627783,13439032.525871381,51.736066204772904
B_improved,15,1000000,True,265520:2025-10-10,265520,2025-10-13,2025-11-03,20350.0,20000.0,660.3947187160384,13439032.525871381,13187735.825531961,-1.8699017199017145
B_improved,15,1000000,True,326030:2025-11-04,326030,2025-11-05,2025-11-26,123500.0,132000.0,106.78328603669604,13187735.825531961,14075612.15310558,6.732591093117406
B_improved,15,1000000,True,138360:2025-11-25,138360,2025-11-26,2025-12-17,1079.0,1008.0,13045.052968587192,14075612.15310558,13128299.974106232,-6.730166821130668
B_improved,15,1000000,True,064850:2025-12-16,064850,2025-12-17,2026-01-12,8970.0,8820.0,1463.578592431018,13128299.974106232,12889070.735280419,-1.8222408026755919
A_baseline,20,300000,False,114090:2023-01-02,114090,2023-01-03,2023-02-02,18750.0,20350.0,16.0,300000.0,325150.0,8.383333333333333
A_baseline,20,300000,False,006800:2023-02-01,006800,2023-02-02,2023-03-03,6969.0,7039.0,46.0,320574.0,327889.139,0.8544482709140556
A_baseline,20,300000,False,000430:2023-03-02,000430,2023-03-03,2023-03-31,3435.0,3500.0,95.0,326325.0,333574.65150000004,1.742285298398839
A_baseline,20,300000,False,000430:2023-03-30,000430,2023-03-31,2023-04-28,3500.0,4020.0,95.0,332500.0,382475.90150000004,14.707142857142857
A_baseline,20,300000,False,011230:2023-04-27,011230,2023-04-28,2023-06-01,7328.0,8720.0,52.0,381056.0,454288.31750000006,18.845633187772933
A_baseline,20,300000,False,004870:2023-05-31,004870,2023-06-01,2023-06-30,3120.0,2996.0,145.0,452400.0,435629.7175000001,-4.1243589743589695
A_baseline,20,300000,False,003030:2023-06-29,003030,2023-06-30,2023-07-28,204000.0,196100.0,2.0,408000.0,419217.7175000001,-4.022549019607843
A_baseline,20,300000,False,220100:2023-08-01,220100,2023-08-02,2023-08-31,8703.0,10090.0,48.0,417744.0,485167.1015000001,15.78703320694014
A_baseline,20,300000,False,016360:2023-08-30,016360,2023-08-31,2023-10-04,37550.0,36400.0,12.0,450600.0,470691.2015000001,-3.212583222370178
A_baseline,20,300000,False,056080:2023-09-27,056080,2023-10-04,2023-11-02,13550.0,10770.0,34.0,460700.0,375480.1515000001,-20.666605166051657
A_baseline,20,300000,False,015360:2023-11-01,015360,2023-11-02,2023-11-30,6660.0,7020.0,56.0,372960.0,395080.7115000001,5.255405405405405
A_baseline,20,300000,False,016360:2023-11-30,016360,2023-12-01,2024-01-03,38900.0,38100.0,10.0,389000.0,386497.2115000001,-2.206555269922879
A_baseline,20,300000,False,002700:2024-01-02,002700,2024-01-03,2024-01-31,1906.0,1857.0,202.0,385012.0,376021.6935000001,-2.720828961175231
A_baseline,20,300000,False,003030:2024-01-31,003030,2024-02-01,2024-03-05,220000.0,217500.0,1.0,220000.0,373191.6935000001,-1.2863636363636364
A_baseline,20,300000,False,015360:2024-03-04,015360,2024-03-05,2024-04-02,7680.0,7700.0,48.0,368640.0,373598.7335000001,0.11041666666666099
A_baseline,20,300000,False,003030:2024-04-01,003030,2024-04-02,2024-05-02,224500.0,229000.0,1.0,224500.0,377761.9835000001,1.8544543429844098
A_baseline,20,300000,False,457190:2024-04-22,457190,2024-05-02,2024-06-03,67000.0,50000.0,5.0,335000.0,292259.4835000001,-25.52313432835821
A_baseline,20,300000,False,011780:2024-05-31,011780,2024-06-03,2024-07-02,148400.0,145600.0,1.0,148400.0,289236.8835000001,-2.0367924528301926
A_baseline,20,300000,False,051630:2024-07-01,051630,2024-07-02,2024-07-30,3311.0,3178.0,87.0,288057.0,277233.7980000001,-4.166913319238896
A_baseline,20,300000,False,003570:2024-07-29,003570,2024-07-30,2024-08-28,22550.0,20850.0,12.0,270600.0,256427.89800000013,-7.688802660753878
A_baseline,20,300000,False,064850:2024-08-27,064850,2024-08-28,2024-10-02,9190.0,15530.0,27.0,248130.0,427235.7030000001,68.8380304678999
A_baseline,20,300000,False,015360:2024-09-30,015360,2024-10-02,2024-11-01,9130.0,10200.0,46.0,419980.0,475825.7330000001,11.569605695509317
A_baseline,20,300000,False,001740:2024-10-31,001740,2024-11-01,2024-11-29,5200.0,4425.0,91.0,473200.0,404590.93300000014,-15.053846153846152
A_baseline,20,300000,False,105560:2024-11-29,105560,2024-12-02,2025-01-02,96800.0,82900.0,4.0,387200.0,348410.13300000015,-14.509504132231402
A_baseline,20,300000,False,115500:2024-12-30,115500,2025-01-02,2025-02-05,14300.0,11600.0,24.0,343200.0,283095.33300000016,-19.03111888111888
A_baseline,20,300000,False,016090:2025-02-04,016090,2025-02-05,2025-03-06,2340.0,2300.0,120.0,280800.0,277874.13300000015,-1.8594017094017135
A_baseline,20,300000,False,006040:2025-03-05,006040,2025-03-06,2025-04-03,35850.0,34900.0,7.0,250950.0,270847.70800000016,-2.7999302649930216
A_baseline,20,300000,False,000850:2025-04-02,000850,2025-04-03,2025-05-02,27550.0,29000.0,9.0,247950.0,283525.78300000017,5.113157894736847
A_baseline,20,300000,False,002700:2025-04-30,002700,2025-05-02,2025-06-04,1546.0,1500.0,183.0,282918.0,274683.4060000002,-3.125420439844753
A_baseline,20,300000,False,001130:2025-06-02,001130,2025-06-04,2025-07-03,14520.0,15700.0,18.0,261360.0,295531.3660000002,7.976721763085408
A_baseline,20,300000,False,000080:2025-07-02,000080,2025-07-03,2025-07-31,21200.0,20350.0,13.0,275600.0,284067.9660000002,-4.159433962264159
A_baseline,20,300000,False,015860:2025-07-31,015860,2025-08-01,2025-09-01,6050.0,5870.0,46.0,278300.0,275370.5160000002,-3.1252066115702517
A_baseline,20,300000,False,015860:2025-08-29,015860,2025-09-01,2025-09-29,5870.0,5320.0,46.0,270020.0,249665.48600000018,-9.519676320272572
A_baseline,20,300000,False,030210:2025-09-26,030210,2025-09-29,2025-11-03,3600.0,3620.0,69.0,248400.0,250672.88600000017,0.40555555555555317
A_baseline,20,300000,False,064850:2025-10-31,064850,2025-11-03,2025-12-01,8970.0,8690.0,27.0,242190.0,242749.60100000017,-3.271516164994427
A_baseline,20,300000,False,056080:2025-11-28,056080,2025-12-01,2025-12-30,12700.0,15100.0,19.0,241300.0,287987.6510000002,18.747637795275583
A_baseline,20,300000,False,048770:2025-12-29,048770,2025-12-30,2026-01-29,3365.0,4070.0,85.0,286025.0,347483.6135000002,20.800965824665685
B_improved,20,300000,False,105560:2023-01-10,105560,2023-01-11,2023-02-10,57700.0,54200.0,5.0,288500.0,282067.25,-6.215857885615252
B_improved,20,300000,False,094280:2023-02-09,094280,2023-02-10,2023-03-13,15010.0,14290.0,18.0,270180.0,268701.98,-4.946802131912055
B_improved,20,300000,False,000850:2023-03-17,000850,2023-03-20,2023-04-17,37600.0,39050.0,7.0,263200.0,278457.18,3.706382978723409
B_improved,20,300000,False,344820:2023-04-14,344820,2023-04-17,2023-05-17,43900.0,40900.0,6.0,263400.0,260062.08,-6.983712984054671
B_improved,20,300000,False,088980:2023-05-30,088980,2023-05-31,2023-06-29,13166.0,12678.0,19.0,250154.0,250414.849,-3.8565167856600335
B_improved,20,300000,False,008260:2023-06-28,008260,2023-06-29,2023-07-27,7750.0,6630.0,32.0,248000.0,214202.849,-14.601612903225805
B_improved,20,300000,False,326030:2023-08-01,326030,2023-08-02,2023-08-31,90000.0,86300.0,2.0,180000.0,206532.849,-4.261111111111111
B_improved,20,300000,False,105560:2023-08-31,105560,2023-09-01,2023-10-05,54200.0,54700.0,3.0,162600.0,207788.949,0.7725092250922545
B_improved,20,300000,False,105630:2023-10-31,105630,2023-11-01,2023-11-29,23000.0,21850.0,9.0,207000.0,197128.449,-5.1499999999999995
B_improved,20,300000,False,279600:2023-12-11,279600,2023-12-12,2024-01-12,16221.0,21657.0,12.0,194652.0,262068.471,33.362113926391714
B_improved,20,300000,False,089850:2024-01-11,089850,2024-01-12,2024-02-13,8708.0,8003.0,30.0,261240.0,240526.611,-8.246003674781804
B_improved,20,300000,False,006800:2024-02-16,006800,2024-02-19,2024-03-19,8911.0,8005.0,26.0,231686.0,216623.082,-10.317209067444736
B_improved,20,300000,False,015860:2024-03-18,015860,2024-03-19,2024-04-17,4520.0,4010.0,47.0,212440.0,192334.422,-11.433185840707965
B_improved,20,300000,False,026890:2024-04-16,026890,2024-04-17,2024-05-20,8490.0,9880.0,22.0,186780.0,222634.25199999998,16.222202591283857
B_improved,20,300000,False,001130:2024-05-17,001130,2024-05-20,2024-06-18,13980.0,14680.0,15.0,209700.0,232819.702,4.85715307582261
B_improved,20,300000,False,003570:2024-06-20,003570,2024-06-21,2024-07-19,20450.0,21100.0,11.0,224950.0,239632.277,3.0284841075794673
B_improved,20,300000,False,053350:2024-08-02,053350,2024-08-05,2024-09-03,3975.0,3200.0,60.0,238500.0,192774.527,-19.646855345911952
B_improved,20,300000,False,081580:2024-09-24,081580,2024-09-25,2024-10-28,4345.0,4570.0,44.0,191180.0,202387.757,5.028365937859614
B_improved,20,300000,False,006800:2024-10-25,006800,2024-10-28,2024-11-25,9120.0,8771.0,22.0,200640.0,194408.79700000002,-3.976754385964908
B_improved,20,300000,False,127120:2024-11-27,127120,2024-11-28,2024-12-27,4100.0,5620.0,47.0,192700.0,265559.74700000003,36.92317073170732
B_improved,20,300000,False,015360:2024-12-26,015360,2024-12-27,2025-02-03,10760.0,10120.0,24.0,258240.0,249812.38700000005,-6.097955390334567
B_improved,20,300000,False,136480:2025-02-04,136480,2025-02-05,2025-03-06,2955.0,2970.0,84.0,248220.0,250700.05700000006,0.3576142131979747
B_improved,20,300000,False,011230:2025-03-19,011230,2025-03-20,2025-04-17,3730.0,3945.0,67.0,249910.0,264730.19200000004,5.614075067024133
B_improved,20,300000,False,128540:2025-04-16,128540,2025-04-17,2025-05-20,1832.0,1665.0,144.0,263808.0,240286.48000000004,-9.265720524017466
B_improved,20,300000,False,006040:2025-05-19,006040,2025-05-20,2025-06-19,46650.0,46700.0,5.0,233250.0,240186.60500000004,-0.04281886387995713
B_improved,20,300000,False,319400:2025-06-18,319400,2025-06-19,2025-07-17,4575.0,5140.0,52.0,237900.0,269209.75500000006,12.199726775956293
B_improved,20,300000,False,000850:2025-07-16,000850,2025-07-17,2025-08-14,34750.0,31350.0,7.0,243250.0,245044.88000000006,-9.934172661870504
B_improved,20,300000,False,265520:2025-08-13,265520,2025-08-14,2025-09-12,19110.0,17760.0,12.0,229320.0,228500.90000000005,-7.2143642072213545
B_improved,20,300000,False,064850:2025-09-12,064850,2025-09-15,2025-10-20,8930.0,8280.0,25.0,223250.0,211916.02500000005,-7.428835386338186
B_improved,20,300000,False,011170:2025-10-17,011170,2025-10-20,2025-11-17,72000.0,86400.0,2.0,144000.0,240500.02500000005,19.85
B_improved,20,300000,False,138360:2025-11-25,138360,2025-11-26,2025-12-24,1079.0,980.0,222.0,239538.0,218162.71800000005,-9.32516218721038
A_baseline,20,500000,False,114090:2023-01-02,114090,2023-01-03,2023-02-02,18750.0,20350.0,26.0,487500.0,540868.75,8.383333333333333
A_baseline,20,500000,False,006800:2023-02-01,006800,2023-02-02,2023-03-03,6969.0,7039.0,77.0,536613.0,545453.8305,0.8544482709140554
A_baseline,20,500000,False,000430:2023-03-02,000430,2023-03-03,2023-03-31,3435.0,3500.0,158.0,542730.0,554909.7355000001,1.7422852983988406
A_baseline,20,500000,False,000430:2023-03-30,000430,2023-03-31,2023-04-28,3500.0,4020.0,158.0,553000.0,636240.2355000001,14.707142857142857
A_baseline,20,500000,False,011230:2023-04-27,011230,2023-04-28,2023-06-01,7328.0,8720.0,86.0,630208.0,755006.9235,18.84563318777292
A_baseline,20,500000,False,004870:2023-05-31,004870,2023-06-01,2023-06-30,3120.0,2996.0,241.0,751920.0,723995.0435,-4.124358974358975
A_baseline,20,500000,False,003030:2023-06-29,003030,2023-06-30,2023-07-28,204000.0,196100.0,3.0,612000.0,699377.0435,-4.022549019607843
A_baseline,20,500000,False,220100:2023-08-01,220100,2023-08-02,2023-08-31,8703.0,10090.0,80.0,696240.0,809292.6835,15.787033206940137
A_baseline,20,500000,False,016360:2023-08-30,016360,2023-08-31,2023-10-04,37550.0,36400.0,21.0,788550.0,783959.8585000001,-3.2125832223701676
A_baseline,20,500000,False,056080:2023-09-27,056080,2023-10-04,2023-11-02,13550.0,10770.0,57.0,772350.0,624341.3335000001,-20.666605166051664
A_baseline,20,500000,False,015360:2023-11-01,015360,2023-11-02,2023-11-30,6660.0,7020.0,93.0,619380.0,656892.2635000001,5.255405405405414
A_baseline,20,500000,False,016360:2023-11-30,016360,2023-12-01,2024-01-03,38900.0,38100.0,16.0,622400.0,643158.6635000001,-2.2065552699228754
A_baseline,20,500000,False,002700:2024-01-02,002700,2024-01-03,2024-01-31,1906.0,1857.0,337.0,642322.0,625682.1805000001,-2.720828961175237
A_baseline,20,500000,False,003030:2024-01-31,003030,2024-02-01,2024-03-05,220000.0,217500.0,2.0,440000.0,620022.1805000001,-1.2863636363636364
A_baseline,20,500000,False,015360:2024-03-04,015360,2024-03-05,2024-04-02,7680.0,7700.0,80.0,614400.0,620700.5805000002,0.11041666666667047
A_baseline,20,500000,False,003030:2024-04-01,003030,2024-04-02,2024-05-02,224500.0,229000.0,2.0,449000.0,629027.0805000002,1.8544543429844098
A_baseline,20,500000,False,457190:2024-04-22,457190,2024-05-02,2024-06-03,67000.0,50000.0,9.0,603000.0,475122.58050000016,-25.52313432835821
A_baseline,20,500000,False,011780:2024-05-31,011780,2024-06-03,2024-07-02,148400.0,145600.0,3.0,445200.0,466054.78050000017,-2.036792452830186
A_baseline,20,500000,False,051630:2024-07-01,051630,2024-07-02,2024-07-30,3311.0,3178.0,140.0,463540.0,446739.47050000017,-4.1669133192389
A_baseline,20,500000,False,003570:2024-07-29,003570,2024-07-30,2024-08-28,22550.0,20850.0,19.0,428450.0,413796.7955000002,-7.688802660753878
A_baseline,20,500000,False,064850:2024-08-27,064850,2024-08-28,2024-10-02,9190.0,15530.0,45.0,413550.0,698476.4705000003,68.8380304678999
A_baseline,20,500000,False,015360:2024-09-30,015360,2024-10-02,2024-11-01,9130.0,10200.0,76.0,693880.0,778755.6505000003,11.569605695509317
A_baseline,20,500000,False,001740:2024-10-31,001740,2024-11-01,2024-11-29,5200.0,4425.0,149.0,774800.0,662118.4505000004,-15.053846153846148
A_baseline,20,500000,False,105560:2024-11-29,105560,2024-12-02,2025-01-02,96800.0,82900.0,6.0,580800.0,577847.2505000003,-14.509504132231408
A_baseline,20,500000,False,115500:2024-12-30,115500,2025-01-02,2025-02-05,14300.0,11600.0,40.0,572000.0,468989.2505000003,-19.03111888111888
A_baseline,20,500000,False,016090:2025-02-04,016090,2025-02-05,2025-03-06,2340.0,2300.0,200.0,468000.0,460287.2505000003,-1.8594017094017095
A_baseline,20,500000,False,006040:2025-03-05,006040,2025-03-06,2025-04-03,35850.0,34900.0,12.0,430200.0,448241.9505000003,-2.7999302649930238
A_baseline,20,500000,False,000850:2025-04-02,000850,2025-04-03,2025-05-02,27550.0,29000.0,16.0,440800.0,470780.7505000003,5.1131578947368395
A_baseline,20,500000,False,002700:2025-04-30,002700,2025-05-02,2025-06-04,1546.0,1500.0,304.0,469984.0,456091.7745000003,-3.1254204398447656
A_baseline,20,500000,False,001130:2025-06-02,001130,2025-06-04,2025-07-03,14520.0,15700.0,31.0,450120.0,491996.5945000003,7.976721763085401
A_baseline,20,500000,False,000080:2025-07-02,000080,2025-07-03,2025-07-31,21200.0,20350.0,23.0,487600.0,471715.1945000003,-4.159433962264155
A_baseline,20,500000,False,015860:2025-07-31,015860,2025-08-01,2025-09-01,6050.0,5870.0,77.0,465850.0,457156.41950000025,-3.1252066115702526
A_baseline,20,500000,False,015860:2025-08-29,015860,2025-09-01,2025-09-29,5870.0,5320.0,77.0,451990.0,414128.43450000026,-9.519676320272568
A_baseline,20,500000,False,030210:2025-09-26,030210,2025-09-29,2025-11-03,3600.0,3620.0,115.0,414000.0,415807.43450000026,0.40555555555555556
A_baseline,20,500000,False,064850:2025-10-31,064850,2025-11-03,2025-12-01,8970.0,8690.0,46.0,412620.0,402308.5045000003,-3.2715161649944244
A_baseline,20,500000,False,056080:2025-11-28,056080,2025-12-01,2025-12-30,12700.0,15100.0,31.0,393700.0,476117.9545000003,18.747637795275594
A_baseline,20,500000,False,048770:2025-12-29,048770,2025-12-30,2026-01-29,3365.0,4070.0,141.0,474465.0,574811.2570000002,20.800965824665674
B_improved,20,500000,False,105560:2023-01-10,105560,2023-01-11,2023-02-10,57700.0,54200.0,8.0,461600.0,471307.6,-6.215857885615256
B_improved,20,500000,False,094280:2023-02-09,094280,2023-02-10,2023-03-13,15010.0,14290.0,31.0,465310.0,448289.63499999995,-4.946802131912064
B_improved,20,500000,False,000850:2023-03-17,000850,2023-03-20,2023-04-17,37600.0,39050.0,11.0,413600.0,463619.2349999999,3.7063829787233984
B_improved,20,500000,False,344820:2023-04-14,344820,2023-04-17,2023-05-17,43900.0,40900.0,10.0,439000.0,432960.7349999999,-6.98371298405467
B_improved,20,500000,False,088980:2023-05-30,088980,2023-05-31,2023-06-29,13166.0,12678.0,32.0,421312.0,416712.76699999993,-3.8565167856600318
B_improved,20,500000,False,008260:2023-06-28,008260,2023-06-29,2023-07-27,7750.0,6630.0,53.0,410750.0,356736.64199999993,-14.601612903225805
B_improved,20,500000,False,326030:2023-08-01,326030,2023-08-02,2023-08-31,90000.0,86300.0,3.0,270000.0,345231.64199999993,-4.261111111111111
B_improved,20,500000,False,105560:2023-08-31,105560,2023-09-01,2023-10-05,54200.0,54700.0,6.0,325200.0,347743.84199999995,0.7725092250922545
B_improved,20,500000,False,105630:2023-10-31,105630,2023-11-01,2023-11-29,23000.0,21850.0,15.0,345000.0,329976.34199999995,-5.1499999999999995
B_improved,20,500000,False,279600:2023-12-11,279600,2023-12-12,2024-01-12,16221.0,21657.0,20.0,324420.0,438209.71199999994,33.362113926391714
B_improved,20,500000,False,089850:2024-01-11,089850,2024-01-12,2024-02-13,8708.0,8003.0,50.0,435400.0,402306.61199999996,-8.246003674781804
B_improved,20,500000,False,006800:2024-02-16,006800,2024-02-19,2024-03-19,8911.0,8005.0,45.0,400995.0,360935.1195,-10.317209067444729
B_improved,20,500000,False,015860:2024-03-18,015860,2024-03-19,2024-04-17,4520.0,4010.0,79.0,357080.0,320109.4995,-11.433185840707964
B_improved,20,500000,False,026890:2024-04-16,026890,2024-04-17,2024-05-20,8490.0,9880.0,37.0,314130.0,371068.30449999997,16.22220259128386
B_improved,20,500000,False,001130:2024-05-17,001130,2024-05-20,2024-06-18,13980.0,14680.0,26.0,363480.0,388723.0845,4.857153075822612
B_improved,20,500000,False,003570:2024-06-20,003570,2024-06-21,2024-07-19,20450.0,21100.0,19.0,388550.0,400490.2595,3.0284841075794593
B_improved,20,500000,False,053350:2024-08-02,053350,2024-08-05,2024-09-03,3975.0,3200.0,100.0,397500.0,322394.0095,-19.646855345911952
B_improved,20,500000,False,081580:2024-09-24,081580,2024-09-25,2024-10-28,4345.0,4570.0,74.0,321530.0,338561.7145,5.028365937859613
B_improved,20,500000,False,006800:2024-10-25,006800,2024-10-28,2024-11-25,9120.0,8771.0,37.0,337440.0,325142.5545,-3.976754385964905
B_improved,20,500000,False,127120:2024-11-27,127120,2024-11-28,2024-12-27,4100.0,5620.0,79.0,323900.0,444736.70450000005,36.92317073170732
B_improved,20,500000,False,015360:2024-12-26,015360,2024-12-27,2025-02-03,10760.0,10120.0,41.0,441160.0,417834.96450000006,-6.097955390334571
B_improved,20,500000,False,136480:2025-02-04,136480,2025-02-05,2025-03-06,2955.0,2970.0,141.0,416655.0,419324.9820000001,0.35761421319797343
B_improved,20,500000,False,011230:2025-03-19,011230,2025-03-20,2025-04-17,3730.0,3945.0,112.0,417760.0,442778.34200000006,5.6140750670241255
B_improved,20,500000,False,128540:2025-04-16,128540,2025-04-17,2025-05-20,1832.0,1665.0,241.0,441512.0,401869.0740000001,-9.265720524017464
B_improved,20,500000,False,006040:2025-05-19,006040,2025-05-20,2025-06-19,46650.0,46700.0,8.0,373200.0,401709.2740000001,-0.04281886387995401
B_improved,20,500000,False,319400:2025-06-18,319400,2025-06-19,2025-07-17,4575.0,5140.0,87.0,398025.0,450267.2365000001,12.199726775956291
B_improved,20,500000,False,000850:2025-07-16,000850,2025-07-17,2025-08-14,34750.0,31350.0,12.0,417000.0,408841.7365000001,-9.934172661870504
B_improved,20,500000,False,265520:2025-08-13,265520,2025-08-14,2025-09-12,19110.0,17760.0,21.0,401310.0,379889.7715000001,-7.214364207221356
B_improved,20,500000,False,064850:2025-09-12,064850,2025-09-15,2025-10-20,8930.0,8280.0,42.0,375060.0,352027.18150000006,-7.428835386338192
B_improved,20,500000,False,011170:2025-10-17,011170,2025-10-20,2025-11-17,72000.0,86400.0,4.0,288000.0,409195.18150000006,19.85
B_improved,20,500000,False,138360:2025-11-25,138360,2025-11-26,2025-12-24,1079.0,980.0,379.0,408941.0,371060.7700000001,-9.325162187210378
A_baseline,20,1000000,False,114090:2023-01-02,114090,2023-01-03,2023-02-02,18750.0,20350.0,53.0,993750.0,1083309.375,8.383333333333333
A_baseline,20,1000000,False,006800:2023-02-01,006800,2023-02-02,2023-03-03,6969.0,7039.0,155.0,1080195.0,1092539.0825,0.8544482709140497
A_baseline,20,1000000,False,000430:2023-03-02,000430,2023-03-03,2023-03-31,3435.0,3500.0,318.0,1092330.0,1111570.5875,1.7422852983988255
A_baseline,20,1000000,False,000430:2023-03-30,000430,2023-03-31,2023-04-28,3500.0,4020.0,317.0,1109500.0,1274746.3375,14.707142857142857
A_baseline,20,1000000,False,011230:2023-04-27,011230,2023-04-28,2023-06-01,7328.0,8720.0,173.0,1267744.0,1513660.7215,18.845633187772933
A_baseline,20,1000000,False,004870:2023-05-31,004870,2023-06-01,2023-06-30,3120.0,2996.0,485.0,1513200.0,1451250.9215,-4.1243589743589775
A_baseline,20,1000000,False,003030:2023-06-29,003030,2023-06-30,2023-07-28,204000.0,196100.0,7.0,1428000.0,1393808.9215,-4.022549019607843
A_baseline,20,1000000,False,220100:2023-08-01,220100,2023-08-02,2023-08-31,8703.0,10090.0,160.0,1392480.0,1613640.2015,15.787033206940137
A_baseline,20,1000000,False,016360:2023-08-30,016360,2023-08-31,2023-10-04,37550.0,36400.0,42.0,1577100.0,1562974.5515,-3.2125832223701676
A_baseline,20,1000000,False,056080:2023-09-27,056080,2023-10-04,2023-11-02,13550.0,10770.0,115.0,1558250.0,1240937.1765,-20.66660516605166
A_baseline,20,1000000,False,015360:2023-11-01,015360,2023-11-02,2023-11-30,6660.0,7020.0,186.0,1238760.0,1306039.0365000002,5.255405405405414
A_baseline,20,1000000,False,016360:2023-11-30,016360,2023-12-01,2024-01-03,38900.0,38100.0,33.0,1283700.0,1277713.4865,-2.206555269922883
A_baseline,20,1000000,False,002700:2024-01-02,002700,2024-01-03,2024-01-31,1906.0,1857.0,670.0,1277020.0,1242967.9565,-2.720828961175238
A_baseline,20,1000000,False,003030:2024-01-31,003030,2024-02-01,2024-03-05,220000.0,217500.0,5.0,1100000.0,1228817.9565,-1.2863636363636364
A_baseline,20,1000000,False,015360:2024-03-04,015360,2024-03-05,2024-04-02,7680.0,7700.0,160.0,1228800.0,1230174.7565000001,0.11041666666667047
A_baseline,20,1000000,False,003030:2024-04-01,003030,2024-04-02,2024-05-02,224500.0,229000.0,5.0,1122500.0,1250991.0065000001,1.8544543429844098
A_baseline,20,1000000,False,457190:2024-04-22,457190,2024-05-02,2024-06-03,67000.0,50000.0,18.0,1206000.0,943182.0065000001,-25.52313432835821
A_baseline,20,1000000,False,011780:2024-05-31,011780,2024-06-03,2024-07-02,148400.0,145600.0,6.0,890400.0,925046.4065000002,-2.036792452830186
A_baseline,20,1000000,False,051630:2024-07-01,051630,2024-07-02,2024-07-30,3311.0,3178.0,279.0,923769.0,886553.7530000001,-4.166913319238903
A_baseline,20,1000000,False,003570:2024-07-29,003570,2024-07-30,2024-08-28,22550.0,20850.0,39.0,879450.0,818934.5780000001,-7.688802660753885
A_baseline,20,1000000,False,064850:2024-08-27,064850,2024-08-28,2024-10-02,9190.0,15530.0,89.0,817910.0,1381967.713,68.8380304678999
A_baseline,20,1000000,False,015360:2024-09-30,015360,2024-10-02,2024-11-01,9130.0,10200.0,151.0,1378630.0,1541469.768,11.569605695509305
A_baseline,20,1000000,False,001740:2024-10-31,001740,2024-11-01,2024-11-29,5200.0,4425.0,296.0,1539200.0,1309760.9679999999,-15.053846153846157
A_baseline,20,1000000,False,010130:2024-11-28,010130,2024-11-29,2024-12-30,1154000.0,1025000.0,1.0,1154000.0,1179029.9679999999,-11.328509532062391
A_baseline,20,1000000,False,016090:2024-12-27,016090,2024-12-30,2025-02-04,2280.0,2300.0,517.0,1178760.0,1187601.828,0.727192982456149
A_baseline,20,1000000,False,051630:2025-02-03,051630,2025-02-04,2025-03-05,4760.0,4095.0,249.0,1185240.0,1020238.968,-14.120588235294115
A_baseline,20,1000000,False,003030:2025-03-04,003030,2025-03-05,2025-04-02,252500.0,233000.0,4.0,1010000.0,940723.968,-7.872772277227723
A_baseline,20,1000000,False,015020:2025-04-01,015020,2025-04-02,2025-04-30,3998.0,2800.0,235.0,939530.0,657784.673,-30.11498249124563
A_baseline,20,1000000,False,006800:2025-04-29,006800,2025-04-30,2025-06-02,10833.0,15701.0,60.0,649980.0,948889.703,44.78676728514724
A_baseline,20,1000000,False,001130:2025-05-30,001130,2025-06-02,2025-07-02,14260.0,15400.0,66.0,941160.0,1022717.963,7.844389901823283
A_baseline,20,1000000,False,000080:2025-07-01,000080,2025-07-02,2025-07-30,20850.0,20200.0,49.0,1021650.0,989335.488,-3.2675059952038343
A_baseline,20,1000000,False,003570:2025-07-29,003570,2025-07-30,2025-08-28,55000.0,60400.0,17.0,935000.0,1079732.988,9.668181818181818
A_baseline,20,1000000,False,014680:2025-08-27,014680,2025-08-28,2025-09-25,173900.0,213000.0,6.0,1043400.0,1312767.8879999998,22.33418631397354
A_baseline,20,1000000,False,014680:2025-09-24,014680,2025-09-25,2025-10-30,213000.0,222500.0,6.0,1278000.0,1367850.8879999998,4.310093896713615
A_baseline,20,1000000,False,010130:2025-10-29,010130,2025-10-30,2025-11-27,1167000.0,1163000.0,1.0,1167000.0,1362100.3879999998,-0.4927592116538132
A_baseline,20,1000000,False,019170:2025-11-26,019170,2025-11-27,2025-12-26,14840.0,14200.0,91.0,1350440.0,1301834.728,-4.462668463611854
A_baseline,20,1000000,False,126640:2025-12-24,126640,2025-12-26,2026-01-27,1334.0,1369.0,975.0,1300650.0,1334008.7529999998,2.473688155922032
B_improved,20,1000000,False,105560:2023-01-10,105560,2023-01-11,2023-02-10,57700.0,54200.0,17.0,980900.0,939028.65,-6.215857885615248
B_improved,20,1000000,False,094280:2023-02-09,094280,2023-02-10,2023-03-13,15010.0,14290.0,62.0,930620.0,892992.72,-4.946802131912064
B_improved,20,1000000,False,000850:2023-03-17,000850,2023-03-20,2023-04-17,37600.0,39050.0,23.0,864800.0,925045.52,3.7063829787234095
B_improved,20,1000000,False,344820:2023-04-14,344820,2023-04-17,2023-05-17,43900.0,40900.0,21.0,921900.0,860662.67,-6.983712984054667
B_improved,20,1000000,False,088980:2023-05-30,088980,2023-05-31,2023-06-29,13166.0,12678.0,65.0,855790.0,827658.985,-3.8565167856600397
B_improved,20,1000000,False,008260:2023-06-28,008260,2023-06-29,2023-07-27,7750.0,6630.0,106.0,821500.0,707706.735,-14.601612903225805
B_improved,20,1000000,False,326030:2023-08-01,326030,2023-08-02,2023-08-31,90000.0,86300.0,7.0,630000.0,680861.735,-4.261111111111111
B_improved,20,1000000,False,105560:2023-08-31,105560,2023-09-01,2023-10-05,54200.0,54700.0,12.0,650400.0,685886.135,0.7725092250922545
B_improved,20,1000000,False,105630:2023-10-31,105630,2023-11-01,2023-11-29,23000.0,21850.0,29.0,667000.0,651535.635,-5.1499999999999995
B_improved,20,1000000,False,279600:2023-12-11,279600,2023-12-12,2024-01-12,16221.0,21657.0,40.0,648840.0,868002.375,33.362113926391714
B_improved,20,1000000,False,089850:2024-01-11,089850,2024-01-12,2024-02-13,8708.0,8003.0,99.0,862092.0,796914.237,-8.246003674781814
B_improved,20,1000000,False,006800:2024-02-16,006800,2024-02-19,2024-03-19,8911.0,8005.0,89.0,793079.0,715090.6185,-10.317209067444729
B_improved,20,1000000,False,015860:2024-03-18,015860,2024-03-19,2024-04-17,4520.0,4010.0,158.0,714160.0,633439.3785,-11.433185840707964
B_improved,20,1000000,False,026890:2024-04-16,026890,2024-04-17,2024-05-20,8490.0,9880.0,74.0,628260.0,735356.9885,16.22220259128386
B_improved,20,1000000,False,001130:2024-05-17,001130,2024-05-20,2024-06-18,13980.0,14680.0,52.0,726960.0,770666.5485,4.857153075822612
B_improved,20,1000000,False,003570:2024-06-20,003570,2024-06-21,2024-07-19,20450.0,21100.0,37.0,756650.0,793581.5735,3.028484107579465
B_improved,20,1000000,False,053350:2024-08-02,053350,2024-08-05,2024-09-03,3975.0,3200.0,199.0,791025.0,638170.0360000001,-19.646855345911945
B_improved,20,1000000,False,081580:2024-09-24,081580,2024-09-25,2024-10-28,4345.0,4570.0,146.0,634370.0,670068.481,5.028365937859601
B_improved,20,1000000,False,006800:2024-10-25,006800,2024-10-28,2024-11-25,9120.0,8771.0,73.0,665760.0,643592.841,-3.976754385964915
B_improved,20,1000000,False,127120:2024-11-27,127120,2024-11-28,2024-12-27,4100.0,5620.0,156.0,639600.0,879753.441,36.92317073170731
B_improved,20,1000000,False,015360:2024-12-26,015360,2024-12-27,2025-02-03,10760.0,10120.0,81.0,871560.0,826606.101,-6.097955390334569
B_improved,20,1000000,False,136480:2025-02-04,136480,2025-02-05,2025-03-06,2955.0,2970.0,279.0,824445.0,829554.4335,0.3576142131979718
B_improved,20,1000000,False,011230:2025-03-19,011230,2025-03-20,2025-04-17,3730.0,3945.0,222.0,828060.0,876042.3435000001,5.614075067024133
B_improved,20,1000000,False,128540:2025-04-16,128540,2025-04-17,2025-05-20,1832.0,1665.0,478.0,875696.0,794902.7995000001,-9.265720524017466
B_improved,20,1000000,False,006040:2025-05-19,006040,2025-05-20,2025-06-19,46650.0,46700.0,17.0,793050.0,794563.2245000001,-0.042818863879951256
B_improved,20,1000000,False,319400:2025-06-18,319400,2025-06-19,2025-07-17,4575.0,5140.0,173.0,791475.0,891121.0120000001,12.19972677595628
B_improved,20,1000000,False,000850:2025-07-16,000850,2025-07-17,2025-08-14,34750.0,31350.0,25.0,868750.0,804817.8870000001,-9.934172661870504
B_improved,20,1000000,False,265520:2025-08-13,265520,2025-08-14,2025-09-12,19110.0,17760.0,42.0,802620.0,746913.957,-7.214364207221356
B_improved,20,1000000,False,064850:2025-09-12,064850,2025-09-15,2025-10-20,8930.0,8280.0,83.0,741190.0,691852.172,-7.428835386338191
B_improved,20,1000000,False,011170:2025-10-17,011170,2025-10-20,2025-11-17,72000.0,86400.0,9.0,648000.0,820480.172,19.85
B_improved,20,1000000,False,138360:2025-11-25,138360,2025-11-26,2025-12-24,1079.0,980.0,760.0,820040.0,744010.112,-9.325162187210386
A_baseline,20,3000000,False,114090:2023-01-02,114090,2023-01-03,2023-02-02,18750.0,20350.0,160.0,3000000.0,3251500.0,8.383333333333333
A_baseline,20,3000000,False,006800:2023-02-01,006800,2023-02-02,2023-03-03,6969.0,7039.0,466.0,3247554.0,3279248.669,0.854448270914055
A_baseline,20,3000000,False,000430:2023-03-02,000430,2023-03-03,2023-03-31,3435.0,3500.0,954.0,3276990.0,3336343.1840000004,1.7422852983988393
A_baseline,20,3000000,False,000430:2023-03-30,000430,2023-03-31,2023-04-28,3500.0,4020.0,953.0,3335500.0,3826899.9340000004,14.707142857142857
A_baseline,20,3000000,False,011230:2023-04-27,011230,2023-04-28,2023-06-01,7328.0,8720.0,522.0,3825216.0,4547786.11,18.845633187772926
A_baseline,20,3000000,False,004870:2023-05-31,004870,2023-06-01,2023-06-30,3120.0,2996.0,1457.0,4545840.0,4360299.350000001,-4.1243589743589695
A_baseline,20,3000000,False,003030:2023-06-29,003030,2023-06-30,2023-07-28,204000.0,196100.0,21.0,4284000.0,4187973.3500000006,-4.022549019607843
A_baseline,20,3000000,False,220100:2023-08-01,220100,2023-08-02,2023-08-31,8703.0,10090.0,481.0,4186143.0,4848841.135500001,15.78703320694014
A_baseline,20,3000000,False,016360:2023-08-30,016360,2023-08-31,2023-10-04,37550.0,36400.0,129.0,4843950.0,4693225.210500001,-3.212583222370169
A_baseline,20,3000000,False,056080:2023-09-27,056080,2023-10-04,2023-11-02,13550.0,10770.0,346.0,4688300.0,3724312.760500001,-20.666605166051667
A_baseline,20,3000000,False,015360:2023-11-01,015360,2023-11-02,2023-11-30,6660.0,7020.0,559.0,3722940.0,3919968.3505000006,5.255405405405401
A_baseline,20,3000000,False,016360:2023-11-30,016360,2023-12-01,2024-01-03,38900.0,38100.0,100.0,3890000.0,3834133.3505000006,-2.206555269922879
A_baseline,20,3000000,False,002700:2024-01-02,002700,2024-01-03,2024-01-31,1906.0,1857.0,2011.0,3832966.0,3729844.9015000006,-2.7208289611752368
A_baseline,20,3000000,False,003030:2024-01-31,003030,2024-02-01,2024-03-05,220000.0,217500.0,16.0,3520000.0,3684564.9015000006,-1.2863636363636364
A_baseline,20,3000000,False,015360:2024-03-04,015360,2024-03-05,2024-04-02,7680.0,7700.0,479.0,3678720.0,3688626.8215000005,0.11041666666666464
A_baseline,20,3000000,False,003030:2024-04-01,003030,2024-04-02,2024-05-02,224500.0,229000.0,16.0,3592000.0,3755238.8215000005,1.8544543429844098
A_baseline,20,3000000,False,457190:2024-04-22,457190,2024-05-02,2024-06-03,67000.0,50000.0,56.0,3752000.0,2797610.8215000005,-25.52313432835821
A_baseline,20,3000000,False,011780:2024-05-31,011780,2024-06-03,2024-07-02,148400.0,145600.0,18.0,2671200.0,2743204.0215000007,-2.036792452830182
A_baseline,20,3000000,False,051630:2024-07-01,051630,2024-07-02,2024-07-30,3311.0,3178.0,828.0,2741508.0,2628967.7595000006,-4.166913319238905
A_baseline,20,3000000,False,003570:2024-07-29,003570,2024-07-30,2024-08-28,22550.0,20850.0,116.0,2615800.0,2427844.0595000004,-7.688802660753888
A_baseline,20,3000000,False,064850:2024-08-27,064850,2024-08-28,2024-10-02,9190.0,15530.0,264.0,2426160.0,4097964.8195,68.83803046789988
A_baseline,20,3000000,False,015360:2024-09-30,015360,2024-10-02,2024-11-01,9130.0,10200.0,448.0,4090240.0,4571189.4595,11.569605695509303
A_baseline,20,3000000,False,001740:2024-10-31,001740,2024-11-01,2024-11-29,5200.0,4425.0,879.0,4570800.0,3883108.2594999997,-15.053846153846157
A_baseline,20,3000000,False,010130:2024-11-28,010130,2024-11-29,2024-12-30,1154000.0,1025000.0,3.0,3462000.0,3490915.2594999997,-11.328509532062391
A_baseline,20,3000000,False,016090:2024-12-27,016090,2024-12-30,2025-02-04,2280.0,2300.0,1531.0,3490680.0,3516299.2394999997,0.7271929824561398
A_baseline,20,3000000,False,051630:2025-02-03,051630,2025-02-04,2025-03-05,4760.0,4095.0,738.0,3512880.0,3020259.9195,-14.120588235294113
A_baseline,20,3000000,False,003030:2025-03-04,003030,2025-03-05,2025-04-02,252500.0,233000.0,11.0,2777500.0,2801593.6695,-7.872772277227723
A_baseline,20,3000000,False,015020:2025-04-01,015020,2025-04-02,2025-04-30,3998.0,2800.0,700.0,2798600.0,1958795.7695,-30.114982491245616
A_baseline,20,3000000,False,006800:2025-04-29,006800,2025-04-30,2025-06-02,10833.0,15701.0,180.0,1949940.0,2832110.8595,44.78676728514723
A_baseline,20,3000000,False,001130:2025-05-30,001130,2025-06-02,2025-07-02,14260.0,15400.0,198.0,2823480.0,3053595.6394999996,7.844389901823274
A_baseline,20,3000000,False,000080:2025-07-01,000080,2025-07-02,2025-07-30,20850.0,20200.0,146.0,3044100.0,2954129.4894999997,-3.2675059952038334
A_baseline,20,3000000,False,003570:2025-07-29,003570,2025-07-30,2025-08-28,55000.0,60400.0,53.0,2915000.0,3235956.9894999997,9.668181818181818
A_baseline,20,3000000,False,014680:2025-08-27,014680,2025-08-28,2025-09-25,173900.0,213000.0,18.0,3130200.0,3935061.6895,22.334186313973554
A_baseline,20,3000000,False,014680:2025-09-24,014680,2025-09-25,2025-10-30,213000.0,222500.0,18.0,3834000.0,4100310.6895,4.310093896713615
A_baseline,20,3000000,False,010130:2025-10-29,010130,2025-10-30,2025-11-27,1167000.0,1163000.0,3.0,3501000.0,4083059.1895,-0.4927592116538132
A_baseline,20,3000000,False,019170:2025-11-26,019170,2025-11-27,2025-12-26,14840.0,14200.0,275.0,4081000.0,3900937.6895,-4.46266846361186
A_baseline,20,3000000,False,126640:2025-12-24,126640,2025-12-26,2026-01-27,1334.0,1369.0,2924.0,3900616.0,3997426.7654999997,2.473688155922036
B_improved,20,3000000,False,105560:2023-01-10,105560,2023-01-11,2023-02-10,57700.0,54200.0,51.0,2942700.0,2817085.95,-6.215857885615245
B_improved,20,3000000,False,094280:2023-02-09,094280,2023-02-10,2023-03-13,15010.0,14290.0,187.0,2806870.0,2678235.645,-4.946802131912065
B_improved,20,3000000,False,000850:2023-03-17,000850,2023-03-20,2023-04-17,37600.0,39050.0,71.0,2669600.0,2777181.245,3.7063829787234077
B_improved,20,3000000,False,344820:2023-04-14,344820,2023-04-17,2023-05-17,43900.0,40900.0,63.0,2765700.0,2584032.6950000003,-6.983712984054663
B_improved,20,3000000,False,088980:2023-05-30,088980,2023-05-31,2023-06-29,13166.0,12678.0,196.0,2580536.0,2484513.8910000003,-3.8565167856600335
B_improved,20,3000000,False,008260:2023-06-28,008260,2023-06-29,2023-07-27,7750.0,6630.0,320.0,2480000.0,2122393.8910000003,-14.601612903225805
B_improved,20,3000000,False,326030:2023-08-01,326030,2023-08-02,2023-08-31,90000.0,86300.0,23.0,2070000.0,2034188.8910000003,-4.261111111111111
B_improved,20,3000000,False,105560:2023-08-31,105560,2023-09-01,2023-10-05,54200.0,54700.0,37.0,2005400.0,2049680.7910000002,0.7725092250922463
B_improved,20,3000000,False,105630:2023-10-31,105630,2023-11-01,2023-11-29,23000.0,21850.0,89.0,2047000.0,1944260.2910000002,-5.1499999999999995
B_improved,20,3000000,False,279600:2023-12-11,279600,2023-12-12,2024-01-12,16221.0,21657.0,119.0,1930299.0,2588248.8425000003,33.362113926391714
B_improved,20,3000000,False,089850:2024-01-11,089850,2024-01-12,2024-02-13,8708.0,8003.0,297.0,2586276.0,2374984.4285000004,-8.246003674781804
B_improved,20,3000000,False,006800:2024-02-16,006800,2024-02-19,2024-03-19,8911.0,8005.0,266.0,2370326.0,2130432.9395000003,-10.317209067444734
B_improved,20,3000000,False,015860:2024-03-18,015860,2024-03-19,2024-04-17,4520.0,4010.0,471.0,2128920.0,1887029.5595000004,-11.433185840707958
B_improved,20,3000000,False,026890:2024-04-16,026890,2024-04-17,2024-05-20,8490.0,9880.0,222.0,1884780.0,2192782.3895000005,16.222202591283867
B_improved,20,3000000,False,001130:2024-05-17,001130,2024-05-20,2024-06-18,13980.0,14680.0,156.0,2180880.0,2298711.0695000007,4.857153075822612
B_improved,20,3000000,False,003570:2024-06-20,003570,2024-06-21,2024-07-19,20450.0,21100.0,112.0,2290400.0,2368075.4695000006,3.028484107579458
B_improved,20,3000000,False,053350:2024-08-02,053350,2024-08-05,2024-09-03,3975.0,3200.0,595.0,2365125.0,1903402.7820000006,-19.646855345911952
B_improved,20,3000000,False,081580:2024-09-24,081580,2024-09-25,2024-10-28,4345.0,4570.0,438.0,1903110.0,1999098.1170000006,5.028365937859607
B_improved,20,3000000,False,006800:2024-10-25,006800,2024-10-28,2024-11-25,9120.0,8771.0,219.0,1997280.0,1919671.1970000006,-3.976754385964908
B_improved,20,3000000,False,127120:2024-11-27,127120,2024-11-28,2024-12-27,4100.0,5620.0,468.0,1918800.0,2628152.9970000004,36.92317073170731
B_improved,20,3000000,False,015360:2024-12-26,015360,2024-12-27,2025-02-03,10760.0,10120.0,244.0,2625440.0,2468054.8370000003,-6.097955390334578
B_improved,20,3000000,False,136480:2025-02-04,136480,2025-02-05,2025-03-06,2955.0,2970.0,835.0,2467425.0,2476878.6995,0.357614213197962
B_improved,20,3000000,False,011230:2025-03-19,011230,2025-03-20,2025-04-17,3730.0,3945.0,664.0,2476720.0,2615923.6195,5.6140750670241255
B_improved,20,3000000,False,128540:2025-04-16,128540,2025-04-17,2025-05-20,1832.0,1665.0,1427.0,2614264.0,2373693.2235,-9.265720524017475
B_improved,20,3000000,False,006040:2025-05-19,006040,2025-05-20,2025-06-19,46650.0,46700.0,50.0,2332500.0,2372694.4735,-0.04281886387995713
B_improved,20,3000000,False,319400:2025-06-18,319400,2025-06-19,2025-07-17,4575.0,5140.0,518.0,2369850.0,2661809.6985,12.199726775956288
B_improved,20,3000000,False,000850:2025-07-16,000850,2025-07-17,2025-08-14,34750.0,31350.0,76.0,2641000.0,2399448.1985,-9.934172661870504
B_improved,20,3000000,False,265520:2025-08-13,265520,2025-08-14,2025-09-12,19110.0,17760.0,125.0,2388750.0,2227115.0735,-7.214364207221351
B_improved,20,3000000,False,010130:2025-09-11,010130,2025-09-12,2025-10-17,925000.0,1243000.0,2.0,1850000.0,2860340.0735,34.22837837837838
B_improved,20,3000000,False,011170:2025-10-16,011170,2025-10-17,2025-11-14,71500.0,85000.0,40.0,2860000.0,3396050.0735,18.73111888111888
B_improved,20,3000000,False,138360:2025-11-25,138360,2025-11-26,2025-12-24,1079.0,980.0,3147.0,3395613.0,3079403.654,-9.325162187210376
A_baseline,20,10000000,False,114090:2023-01-02,114090,2023-01-03,2023-02-02,18750.0,20350.0,533.0,9993750.0,10837809.375,8.383333333333333
A_baseline,20,10000000,False,006800:2023-02-01,006800,2023-02-02,2023-03-03,6969.0,7039.0,1555.0,10836795.0,10930404.1825,0.8544482709140403
A_baseline,20,10000000,False,000430:2023-03-02,000430,2023-03-03,2023-03-31,3435.0,3500.0,3182.0,10930170.0,11120838.927499998,1.742285298398828
A_baseline,20,10000000,False,000430:2023-03-30,000430,2023-03-31,2023-04-28,3500.0,4020.0,3177.0,11119500.0,12756199.677499998,14.707142857142857
A_baseline,20,10000000,False,011230:2023-04-27,011230,2023-04-28,2023-06-01,7328.0,8720.0,1740.0,12750720.0,15159153.597499998,18.845633187772926
A_baseline,20,10000000,False,004870:2023-05-31,004870,2023-06-01,2023-06-30,3120.0,2996.0,4858.0,15156960.0,14534026.157499999,-4.12435897435897
A_baseline,20,10000000,False,003030:2023-06-29,003030,2023-06-30,2023-07-28,204000.0,196100.0,71.0,14484000.0,13951400.157499999,-4.022549019607843
A_baseline,20,10000000,False,220100:2023-08-01,220100,2023-08-02,2023-08-31,8703.0,10090.0,1603.0,13950909.0,16153834.793999998,15.78703320694013
A_baseline,20,10000000,False,016360:2023-08-30,016360,2023-08-31,2023-10-04,37550.0,36400.0,430.0,16146500.0,15635115.043999998,-3.212583222370173
A_baseline,20,10000000,False,056080:2023-09-27,056080,2023-10-04,2023-11-02,13550.0,10770.0,1153.0,15623150.0,12406340.318999998,-20.666605166051657
A_baseline,20,10000000,False,015360:2023-11-01,015360,2023-11-02,2023-11-30,6660.0,7020.0,1862.0,12400920.0,13058058.938999997,5.255405405405399
A_baseline,20,10000000,False,016360:2023-11-30,016360,2023-12-01,2024-01-03,38900.0,38100.0,335.0,13031500.0,12770511.688999997,-2.206555269922879
A_baseline,20,10000000,False,002700:2024-01-02,002700,2024-01-03,2024-01-31,1906.0,1857.0,6700.0,12770200.0,12423056.388999997,-2.720828961175242
A_baseline,20,10000000,False,003030:2024-01-31,003030,2024-02-01,2024-03-05,220000.0,217500.0,56.0,12320000.0,12264576.388999997,-1.2863636363636364
A_baseline,20,10000000,False,015360:2024-03-04,015360,2024-03-05,2024-04-02,7680.0,7700.0,1596.0,12257280.0,12278110.468999997,0.11041666666666727
A_baseline,20,10000000,False,003030:2024-04-01,003030,2024-04-02,2024-05-02,224500.0,229000.0,54.0,12123000.0,12502925.968999997,1.8544543429844098
A_baseline,20,10000000,False,457190:2024-04-22,457190,2024-05-02,2024-06-03,67000.0,50000.0,186.0,12462000.0,9322232.968999997,-25.52313432835821
A_baseline,20,10000000,False,011780:2024-05-31,011780,2024-06-03,2024-07-02,148400.0,145600.0,62.0,9200800.0,9134831.768999998,-2.0367924528301806
A_baseline,20,10000000,False,051630:2024-07-01,051630,2024-07-02,2024-07-30,3311.0,3178.0,2758.0,9131738.0,8754320.161999997,-4.166913319238909
A_baseline,20,10000000,False,003570:2024-07-29,003570,2024-07-30,2024-08-28,22550.0,20850.0,388.0,8749400.0,8081596.061999997,-7.6888026607538755
A_baseline,20,10000000,False,064850:2024-08-27,064850,2024-08-28,2024-10-02,9190.0,15530.0,879.0,8078010.0,13642339.046999997,68.83803046789988
A_baseline,20,10000000,False,015360:2024-09-30,015360,2024-10-02,2024-11-01,9130.0,10200.0,1494.0,13640220.0,15220458.716999996,11.56960569550931
A_baseline,20,10000000,False,001740:2024-10-31,001740,2024-11-01,2024-11-29,5200.0,4425.0,2927.0,15220400.0,12929203.116999997,-15.053846153846152
A_baseline,20,10000000,False,010130:2024-11-28,010130,2024-11-29,2024-12-30,1154000.0,1025000.0,11.0,12694000.0,11491162.116999997,-11.328509532062391
A_baseline,20,10000000,False,016090:2024-12-27,016090,2024-12-30,2025-02-04,2280.0,2300.0,5039.0,11488920.0,11574708.736999996,0.7271929824561332
A_baseline,20,10000000,False,051630:2025-02-03,051630,2025-02-04,2025-03-05,4760.0,4095.0,2431.0,11571560.0,9940736.396999996,-14.120588235294115
A_baseline,20,10000000,False,003030:2025-03-04,003030,2025-03-05,2025-04-02,252500.0,233000.0,39.0,9847500.0,9165465.146999996,-7.872772277227723
A_baseline,20,10000000,False,015020:2025-04-01,015020,2025-04-02,2025-04-30,3998.0,2800.0,2292.0,9163416.0,6405904.022999996,-30.114982491245623
A_baseline,20,10000000,False,006800:2025-04-29,006800,2025-04-30,2025-06-02,10833.0,15701.0,591.0,6402303.0,9273288.568499995,44.78676728514722
A_baseline,20,10000000,False,001130:2025-05-30,001130,2025-06-02,2025-07-02,14260.0,15400.0,650.0,9269000.0,10000385.068499995,7.844389901823281
A_baseline,20,10000000,False,000080:2025-07-01,000080,2025-07-02,2025-07-30,20850.0,20200.0,479.0,9987150.0,9674054.343499996,-3.267505995203833
A_baseline,20,10000000,False,003570:2025-07-29,003570,2025-07-30,2025-08-28,55000.0,60400.0,175.0,9625000.0,10604616.843499996,9.668181818181818
A_baseline,20,10000000,False,014680:2025-08-27,014680,2025-08-28,2025-09-25,173900.0,213000.0,60.0,10434000.0,12934965.843499996,22.334186313973547
A_baseline,20,10000000,False,014680:2025-09-24,014680,2025-09-25,2025-10-30,213000.0,222500.0,60.0,12780000.0,13485795.843499996,4.310093896713615
A_baseline,20,10000000,False,010130:2025-10-29,010130,2025-10-30,2025-11-27,1167000.0,1163000.0,11.0,12837000.0,13422540.343499996,-0.4927592116538132
A_baseline,20,10000000,False,019170:2025-11-26,019170,2025-11-27,2025-12-26,14840.0,14200.0,904.0,13415360.0,12823857.303499997,-4.462668463611854
A_baseline,20,10000000,False,126640:2025-12-24,126640,2025-12-26,2026-01-27,1334.0,1369.0,9613.0,12823742.0,13141076.690499997,2.47368815592204
B_improved,20,10000000,False,105560:2023-01-10,105560,2023-01-11,2023-02-10,57700.0,54200.0,173.0,9982100.0,9379526.85,-6.215857885615255
B_improved,20,10000000,False,094280:2023-02-09,094280,2023-02-10,2023-03-13,15010.0,14290.0,624.0,9366240.0,8916197.49,-4.946802131912052
B_improved,20,10000000,False,000850:2023-03-17,000850,2023-03-20,2023-04-17,37600.0,39050.0,237.0,8911200.0,9246480.69,3.7063829787233957
B_improved,20,10000000,False,344820:2023-04-14,344820,2023-04-17,2023-05-17,43900.0,40900.0,210.0,9219000.0,8602652.19,-6.98371298405467
B_improved,20,10000000,False,088980:2023-05-30,088980,2023-05-31,2023-06-29,13166.0,12678.0,653.0,8597398.0,8271092.092999999,-3.8565167856600344
B_improved,20,10000000,False,008260:2023-06-28,008260,2023-06-29,2023-07-27,7750.0,6630.0,1067.0,8269250.0,7063648.217999999,-14.601612903225805
B_improved,20,10000000,False,326030:2023-08-01,326030,2023-08-02,2023-08-31,90000.0,86300.0,78.0,7020000.0,6764518.217999999,-4.261111111111111
B_improved,20,10000000,False,105560:2023-08-31,105560,2023-09-01,2023-10-05,54200.0,54700.0,124.0,6720800.0,6816437.017999999,0.7725092250922482
B_improved,20,10000000,False,105630:2023-10-31,105630,2023-11-01,2023-11-29,23000.0,21850.0,296.0,6808000.0,6465825.017999999,-5.1499999999999995
B_improved,20,10000000,False,279600:2023-12-11,279600,2023-12-12,2024-01-12,16221.0,21657.0,398.0,6455958.0,8619669.080999998,33.3621139263917
B_improved,20,10000000,False,089850:2024-01-11,089850,2024-01-12,2024-02-13,8708.0,8003.0,989.0,8612212.0,7909505.762999998,-8.24600367478181
B_improved,20,10000000,False,006800:2024-02-16,006800,2024-02-19,2024-03-19,8911.0,8005.0,887.0,7904057.0,7094027.677499998,-10.31720906744473
B_improved,20,10000000,False,015860:2024-03-18,015860,2024-03-19,2024-04-17,4520.0,4010.0,1569.0,7091880.0,6283199.857499998,-11.433185840707969
B_improved,20,10000000,False,026890:2024-04-16,026890,2024-04-17,2024-05-20,8490.0,9880.0,740.0,6282600.0,7302375.957499998,16.222202591283857
B_improved,20,10000000,False,001130:2024-05-17,001130,2024-05-20,2024-06-18,13980.0,14680.0,522.0,7297560.0,7656829.617499998,4.857153075822606
B_improved,20,10000000,False,003570:2024-06-20,003570,2024-06-21,2024-07-19,20450.0,21100.0,374.0,7648300.0,7888457.167499998,3.0284841075794597
B_improved,20,10000000,False,053350:2024-08-02,053350,2024-08-05,2024-09-03,3975.0,3200.0,1984.0,7886400.0,6339027.567499998,-19.646855345911945
B_improved,20,10000000,False,081580:2024-09-24,081580,2024-09-25,2024-10-28,4345.0,4570.0,1458.0,6335010.0,6657575.052499998,5.028365937859614
B_improved,20,10000000,False,006800:2024-10-25,006800,2024-10-28,2024-11-25,9120.0,8771.0,729.0,6648480.0,6393181.332499999,-3.976754385964908
B_improved,20,10000000,False,127120:2024-11-27,127120,2024-11-28,2024-12-27,4100.0,5620.0,1559.0,6391900.0,8753273.482499998,36.92317073170732
B_improved,20,10000000,False,015360:2024-12-26,015360,2024-12-27,2025-02-03,10760.0,10120.0,813.0,8747880.0,8219831.662499998,-6.097955390334576
B_improved,20,10000000,False,136480:2025-02-04,136480,2025-02-05,2025-03-06,2955.0,2970.0,2781.0,8217855.0,8249219.879999998,0.3576142131979727
B_improved,20,10000000,False,011230:2025-03-19,011230,2025-03-20,2025-04-17,3730.0,3945.0,2211.0,8247030.0,8712214.334999997,5.61407506702413
B_improved,20,10000000,False,128540:2025-04-16,128540,2025-04-17,2025-05-20,1832.0,1665.0,4755.0,8711160.0,7905062.594999997,-9.26572052401747
B_improved,20,10000000,False,006040:2025-05-19,006040,2025-05-20,2025-06-19,46650.0,46700.0,169.0,7883850.0,7901686.819999997,-0.04281886387996185
B_improved,20,10000000,False,319400:2025-06-18,319400,2025-06-19,2025-07-17,4575.0,5140.0,1727.0,7901025.0,8865590.282499997,12.19972677595629
B_improved,20,10000000,False,000850:2025-07-16,000850,2025-07-17,2025-08-14,34750.0,31350.0,255.0,8861250.0,7985298.407499997,-9.934172661870504
B_improved,20,10000000,False,265520:2025-08-13,265520,2025-08-14,2025-09-12,19110.0,17760.0,417.0,7968870.0,7410395.102499997,-7.2143642072213465
B_improved,20,10000000,False,010130:2025-09-11,010130,2025-09-12,2025-10-17,925000.0,1243000.0,8.0,7400000.0,9943295.102499997,34.22837837837838
B_improved,20,10000000,False,011170:2025-10-16,011170,2025-10-17,2025-11-14,71500.0,85000.0,139.0,9938500.0,11804887.352499997,18.73111888111888
B_improved,20,10000000,False,138360:2025-11-25,138360,2025-11-26,2025-12-24,1079.0,980.0,10940.0,11804260.0,10704120.962499997,-9.325162187210385
A_baseline,20,1000000,True,114090:2023-01-02,114090,2023-01-03,2023-02-02,18750.0,20350.0,53.333333333333336,1000000.0,1083833.3333333335,8.383333333333349
A_baseline,20,1000000,True,006800:2023-02-01,006800,2023-02-02,2023-03-03,6969.0,7039.0,155.5220739465251,1083833.3333333335,1093094.1285095902,0.8544482709140409
A_baseline,20,1000000,True,000430:2023-03-02,000430,2023-03-03,2023-03-31,3435.0,3500.0,318.2224537145823,1093094.1285095902,1112138.9468082737,1.742285298398839
A_baseline,20,1000000,True,000430:2023-03-30,000430,2023-03-31,2023-04-28,3500.0,4020.0,317.7539848023639,1112138.9468082737,1275702.8104852906,14.707142857142866
A_baseline,20,1000000,True,011230:2023-04-27,011230,2023-04-28,2023-06-01,7328.0,8720.0,174.08608221687916,1275702.8104852906,1516117.0827154585,18.845633187772926
A_baseline,20,1000000,True,004870:2023-05-31,004870,2023-06-01,2023-06-30,3120.0,2996.0,485.9349624088008,1516117.0827154585,1453586.9717526939,-4.124358974358981
A_baseline,20,1000000,True,003030:2023-06-29,003030,2023-06-30,2023-07-28,204000.0,196100.0,7.125426332121048,1453586.9717526939,1395115.7232713085,-4.022549019607849
A_baseline,20,1000000,True,220100:2023-08-01,220100,2023-08-02,2023-08-31,8703.0,10090.0,160.30285226603567,1395115.7232713085,1615363.105779393,15.787033206940146
A_baseline,20,1000000,True,016360:2023-08-30,016360,2023-08-31,2023-10-04,37550.0,36400.0,43.01899083300648,1615363.105779393,1563468.2216627668,-3.2125832223701614
A_baseline,20,1000000,True,056080:2023-09-27,056080,2023-10-04,2023-11-02,13550.0,10770.0,115.38510860979828,1563468.2216627668,1240352.4173950334,-20.666605166051657
A_baseline,20,1000000,True,015360:2023-11-01,015360,2023-11-02,2023-11-30,6660.0,7020.0,186.23910171096597,1240352.4173950334,1305537.9653848887,5.255405405405413
A_baseline,20,1000000,True,016360:2023-11-30,016360,2023-12-01,2024-01-03,38900.0,38100.0,33.56138728495858,1305537.9653848887,1276730.5486088444,-2.206555269922887
A_baseline,20,1000000,True,002700:2024-01-02,002700,2024-01-03,2024-01-31,1906.0,1857.0,669.8481367307683,1276730.5486088444,1241992.8940861232,-2.7208289611752576
A_baseline,20,1000000,True,003030:2024-01-31,003030,2024-02-01,2024-03-05,220000.0,217500.0,5.645422245846015,1241992.8940861232,1226016.349130379,-1.2863636363636326
A_baseline,20,1000000,True,015360:2024-03-04,015360,2024-03-05,2024-04-02,7680.0,7700.0,159.63754545968476,1226016.349130379,1227370.0755158772,0.11041666666667153
A_baseline,20,1000000,True,003030:2024-04-01,003030,2024-04-02,2024-05-02,224500.0,229000.0,5.467127285148673,1227370.0755158772,1250131.0931857722,1.8544543429843894
A_baseline,20,1000000,True,457190:2024-04-22,457190,2024-05-02,2024-06-03,67000.0,50000.0,18.658673032623465,1250131.0931857722,931058.4549913945,-25.523134328358214
A_baseline,20,1000000,True,011780:2024-05-31,011780,2024-06-03,2024-07-02,148400.0,145600.0,6.27397880721964,931058.4549913945,912094.7266486925,-2.036792452830183
A_baseline,20,1000000,True,051630:2024-07-01,051630,2024-07-02,2024-07-30,3311.0,3178.0,275.4740944272705,912094.7266486925,874088.5299998925,-4.166913319238905
A_baseline,20,1000000,True,003570:2024-07-29,003570,2024-07-30,2024-08-28,22550.0,20850.0,38.7622407982214,874088.5299998926,806881.5878479162,-7.688802660753888
A_baseline,20,1000000,True,064850:2024-08-27,064850,2024-08-28,2024-10-02,9190.0,15530.0,87.79995515211274,806881.5878479162,1362322.981130539,68.83803046789987
A_baseline,20,1000000,True,015360:2024-09-30,015360,2024-10-02,2024-11-01,9130.0,10200.0,149.21390811944568,1362322.981130539,1519938.3783466502,11.569605695509319
A_baseline,20,1000000,True,001740:2024-10-31,001740,2024-11-01,2024-11-29,5200.0,4425.0,292.29584198974044,1519938.3783466504,1291129.1932370812,-15.053846153846164
A_baseline,20,1000000,True,010130:2024-11-28,010130,2024-11-29,2024-12-30,1154000.0,1025000.0,1.1188294568778867,1291129.1932370812,1144863.4995099783,-11.328509532062379
A_baseline,20,1000000,True,016090:2024-12-27,016090,2024-12-30,2025-02-04,2280.0,2300.0,502.13311382016593,1144863.4995099783,1153188.8665371167,0.7271929824561412
A_baseline,20,1000000,True,051630:2025-02-03,051630,2025-02-04,2025-03-05,4760.0,4095.0,242.2665686002346,1153188.8665371167,990351.815118155,-14.120588235294122
A_baseline,20,1000000,True,003030:2025-03-04,003030,2025-03-05,2025-04-02,252500.0,233000.0,3.9221854064085346,990351.815118155,912383.6719705113,-7.872772277227723
A_baseline,20,1000000,True,015020:2025-04-01,015020,2025-04-02,2025-04-30,3998.0,2800.0,228.2100230041299,912383.6719705113,637619.488903608,-30.114982491245613
A_baseline,20,1000000,True,006800:2025-04-29,006800,2025-04-30,2025-06-02,10833.0,15701.0,58.858994637091115,637619.488903608,923188.6455636121,44.78676728514722
A_baseline,20,1000000,True,001130:2025-05-30,001130,2025-06-02,2025-07-02,14260.0,15400.0,64.73973671554081,923188.645563612,995607.1624509832,7.844389901823279
A_baseline,20,1000000,True,000080:2025-07-01,000080,2025-07-02,2025-07-30,20850.0,20200.0,47.75094304321262,995607.1624509832,963075.6387292185,-3.267505995203837
A_baseline,20,1000000,True,003570:2025-07-29,003570,2025-07-30,2025-08-28,55000.0,60400.0,17.510466158713065,963075.6387292186,1056187.5425281753,9.668181818181836
A_baseline,20,1000000,True,014680:2025-08-27,014680,2025-08-28,2025-09-25,173900.0,213000.0,6.073533884578351,1056187.5425281753,1292078.4361013966,22.33418631397355
A_baseline,20,1000000,True,014680:2025-09-24,014680,2025-09-25,2025-10-30,213000.0,222500.0,6.066095944138012,1292078.4361013966,1347768.2299165556,4.310093896713614
A_baseline,20,1000000,True,010130:2025-10-29,010130,2025-10-30,2025-11-27,1167000.0,1163000.0,1.1548999399456346,1347768.2299165556,1341126.977811898,-0.4927592116538204
A_baseline,20,1000000,True,019170:2025-11-26,019170,2025-11-27,2025-12-26,14840.0,14200.0,90.37243785794462,1341126.977811898,1281276.9271160958,-4.462668463611854
A_baseline,20,1000000,True,126640:2025-12-24,126640,2025-12-26,2026-01-27,1334.0,1369.0,960.4774566087675,1281276.9271160958,1312971.7227067284,2.473688155922029
B_improved,20,1000000,True,105560:2023-01-10,105560,2023-01-11,2023-02-10,57700.0,54200.0,17.33102253032929,1000000.0,937841.4211438474,-6.21585788561526
B_improved,20,1000000,True,094280:2023-02-09,094280,2023-02-10,2023-03-13,15010.0,14290.0,62.48110733803114,937841.4211438474,891448.2617287491,-4.946802131912065
B_improved,20,1000000,True,000850:2023-03-17,000850,2023-03-20,2023-04-17,37600.0,39050.0,23.708730365126307,891448.2617287491,924488.7483655892,3.7063829787234064
B_improved,20,1000000,True,344820:2023-04-14,344820,2023-04-17,2023-05-17,43900.0,40900.0,21.058969211061257,924488.7483655892,859925.107609857,-6.983712984054674
B_improved,20,1000000,True,088980:2023-05-30,088980,2023-05-31,2023-06-29,13166.0,12678.0,65.3140747083288,859925.107609857,826761.9514907778,-3.8565167856600304
B_improved,20,1000000,True,008260:2023-06-28,008260,2023-06-29,2023-07-27,7750.0,6630.0,106.678961482681,826761.9514907778,706041.3717029389,-14.601612903225803
B_improved,20,1000000,True,326030:2023-08-01,326030,2023-08-02,2023-08-31,90000.0,86300.0,7.8449041300326545,706041.3717029389,675956.1643642638,-4.261111111111101
B_improved,20,1000000,True,105560:2023-08-31,105560,2023-09-01,2023-10-05,54200.0,54700.0,12.471515947680142,675956.1643642638,681177.9880915574,0.7725092250922454
B_improved,20,1000000,True,105630:2023-10-31,105630,2023-11-01,2023-11-29,23000.0,21850.0,29.616434264850323,681177.9880915574,646097.3217048423,-5.14999999999999
B_improved,20,1000000,True,279600:2023-12-11,279600,2023-12-12,2024-01-12,16221.0,21657.0,39.83091805097357,646097.3217048423,861649.0462473774,33.36211392639173
B_improved,20,1000000,True,089850:2024-01-11,089850,2024-01-12,2024-02-13,8708.0,8003.0,98.94913255022708,861649.0462473774,790597.4342300963,-8.246003674781806
B_improved,20,1000000,True,006800:2024-02-16,006800,2024-02-19,2024-03-19,8911.0,8005.0,88.72151657839707,790597.4342300963,709029.8440587234,-10.317209067444729
B_improved,20,1000000,True,015860:2024-03-18,015860,2024-03-19,2024-04-17,4520.0,4010.0,156.86500974750518,709029.8440587234,627965.1443214077,-11.433185840707969
B_improved,20,1000000,True,026890:2024-04-16,026890,2024-04-17,2024-05-20,8490.0,9880.0,73.96527023809277,627965.1443214077,729834.9222358745,16.222202591283857
B_improved,20,1000000,True,001130:2024-05-17,001130,2024-05-20,2024-06-18,13980.0,14680.0,52.205645367372995,729834.9222358745,765284.1216096818,4.8571530758226045
B_improved,20,1000000,True,003570:2024-06-20,003570,2024-06-21,2024-07-19,20450.0,21100.0,37.42220643568126,765284.1216096818,788460.6296104601,3.0284841075794735
B_improved,20,1000000,True,053350:2024-08-02,053350,2024-08-05,2024-09-03,3975.0,3200.0,198.35487537370065,788460.6296104601,633552.9102514264,-19.646855345911955
B_improved,20,1000000,True,081580:2024-09-24,081580,2024-09-25,2024-10-28,4345.0,4570.0,145.8119471234583,633552.9102514264,665410.2689888274,5.028365937859606
B_improved,20,1000000,True,006800:2024-10-25,006800,2024-10-28,2024-11-25,9120.0,8771.0,72.9616523014065,665410.2689888272,638948.5369321533,-3.976754385964908
B_improved,20,1000000,True,127120:2024-11-27,127120,2024-11-28,2024-12-27,4100.0,5620.0,155.84110656881788,638948.5369321533,874868.5961113583,36.92317073170732
B_improved,20,1000000,True,015360:2024-12-26,015360,2024-12-27,2025-02-03,10760.0,10120.0,81.30749034492177,874868.5961113583,821519.4993964414,-6.097955390334561
B_improved,20,1000000,True,136480:2025-02-04,136480,2025-02-05,2025-03-06,2955.0,2970.0,278.00998287527625,821519.4993964413,824457.3698904759,0.35761421319797065
B_improved,20,1000000,True,011230:2025-03-19,011230,2025-03-20,2025-04-17,3730.0,3945.0,221.03414742372007,824457.3698904759,870743.02553174,5.614075067024136
B_improved,20,1000000,True,128540:2025-04-16,128540,2025-04-17,2025-05-20,1832.0,1665.0,475.296411316452,870743.02553174,790062.410303595,-9.26572052401746
B_improved,20,1000000,True,006040:2025-05-19,006040,2025-05-20,2025-06-19,46650.0,46700.0,16.935957348415755,790062.410303595,789724.1145555603,-0.04281886387997235
B_improved,20,1000000,True,319400:2025-06-18,319400,2025-06-19,2025-07-17,4575.0,5140.0,172.61729279902957,789724.1145555603,886068.2988151787,12.199726775956288
B_improved,20,1000000,True,000850:2025-07-16,000850,2025-07-17,2025-08-14,34750.0,31350.0,25.498368311228162,886068.2988151787,798044.74410878,-9.934172661870516
B_improved,20,1000000,True,265520:2025-08-13,265520,2025-08-14,2025-09-12,19110.0,17760.0,41.76058315587546,798044.74410878,740470.8897321849,-7.214364207221359
B_improved,20,1000000,True,010130:2025-09-11,010130,2025-09-12,2025-10-17,925000.0,1243000.0,0.8005090699807405,740470.8897321849,993922.0676514622,34.22837837837838
B_improved,20,1000000,True,011170:2025-10-16,011170,2025-10-17,2025-11-14,71500.0,85000.0,13.901007939181289,993922.0676514622,1180094.7917289322,18.731118881118864
B_improved,20,1000000,True,138360:2025-11-25,138360,2025-11-26,2025-12-24,1079.0,980.0,1093.6930414540614,1180094.7917289322,1070049.0384373867,-9.325162187210378
