year,scenario,date,equity,cash,ticker
2023,open,2023-01-02,300000.0,300000.0,
2023,open,2023-01-03,301828.125,18328.125,114090
2023,open,2023-01-04,298078.125,18328.125,114090
2023,open,2023-01-05,307078.125,18328.125,114090
2023,open,2023-01-06,304398.375,304398.375,
2023,open,2023-01-09,297042.975,342.9749999999767,073640
2023,open,2023-01-10,323952.975,342.9749999999767,073640
2023,open,2023-01-11,305322.975,342.9749999999767,073640
2023,open,2023-01-12,301420.68,301420.68,
2023,open,2023-01-13,301420.68,301420.68,
2023,open,2023-01-16,301699.54,209.53999999997905,036620
2023,open,2023-01-17,308999.54,209.53999999997905,036620
2023,open,2023-01-18,305349.54,209.53999999997905,036620
2023,open,2023-01-19,301976.21,301976.21,
2023,open,2023-01-20,308440.941,678.9409999999916,004870
2023,open,2023-01-25,301069.941,678.9409999999916,004870
2023,open,2023-01-26,297156.941,678.9409999999916,004870
2023,open,2023-01-27,296712.224,296712.224,
2023,open,2023-01-30,279296.724,19296.723999999987,003830
2023,open,2023-01-31,282296.724,19296.723999999987,003830
2023,open,2023-02-01,286096.724,19296.723999999987,003830
2023,open,2023-02-02,286495.324,286495.324,
2023,open,2023-02-03,276574.574,5574.574000000022,008260
2023,open,2023-02-06,281574.574,5574.574000000022,008260
2023,open,2023-02-07,283074.574,5574.574000000022,008260
2023,open,2023-02-08,282658.324,282658.324,
2023,open,2023-02-09,284972.657,14478.657000000007,279600
2023,open,2023-02-10,289886.657,14478.657000000007,279600
2023,open,2023-02-13,277174.657,14478.657000000007,279600
2023,open,2023-02-14,279143.064,279143.064,
2023,open,2023-02-15,262725.464,325.4639999999781,036620
2023,open,2023-02-16,266565.464,325.4639999999781,036620
2023,open,2023-02-17,267845.464,325.4639999999781,036620
2023,open,2023-02-20,267444.184,267444.184,
2023,open,2023-02-21,273611.684,112211.68400000001,011780
2023,open,2023-02-22,271311.684,112211.68400000001,011780
2023,open,2023-02-23,273311.684,112211.68400000001,011780
2023,open,2023-02-24,271771.98400000005,271771.98400000005,
2023,open,2023-02-27,266266.98400000005,1366.984000000055,123700
2023,open,2023-02-28,266866.98400000005,1366.984000000055,123700
2023,open,2023-03-02,275566.98400000005,1366.984000000055,123700
2023,open,2023-03-03,275155.68400000007,275155.68400000007,
2023,open,2023-03-06,292227.5640000001,2667.5640000000712,056080
2023,open,2023-03-07,298307.5640000001,2667.5640000000712,056080
2023,open,2023-03-08,282347.5640000001,2667.5640000000712,056080
2023,open,2023-03-09,287998.9240000001,287998.9240000001,
2023,open,2023-03-10,347603.0590000001,3663.059000000125,115500
2023,open,2023-03-13,311353.0590000001,3663.059000000125,115500
2023,open,2023-03-14,322663.0590000001,3663.059000000125,115500
2023,open,2023-03-15,316393.25900000014,316393.25900000014,
2023,open,2023-03-16,314736.0590000001,11136.059000000125,001460
2023,open,2023-03-17,315336.0590000001,11136.059000000125,001460
2023,open,2023-03-20,315936.0590000001,11136.059000000125,001460
2023,open,2023-03-21,322668.0590000001,322668.0590000001,
2023,open,2023-03-22,319996.0465000001,7521.046500000113,088980
2023,open,2023-03-23,319496.0465000001,7521.046500000113,088980
2023,open,2023-03-24,321971.0465000001,7521.046500000113,088980
2023,open,2023-03-27,321474.4090000001,321474.4090000001,
2023,open,2023-03-28,316107.1590000001,9507.159000000102,006220
2023,open,2023-03-29,319607.1590000001,9507.159000000102,006220
2023,open,2023-03-30,341307.1590000001,9507.159000000102,006220
2023,open,2023-03-31,335217.8590000001,335217.8590000001,
2023,open,2023-04-03,335784.8590000001,12734.859000000113,004360
2023,open,2023-04-04,339284.8590000001,12734.859000000113,004360
2023,open,2023-04-05,332284.8590000001,12734.859000000113,004360
2023,open,2023-04-06,331456.0590000001,331456.0590000001,
2023,open,2023-04-07,322963.3090000001,2463.309000000125,008260
2023,open,2023-04-10,312963.3090000001,2463.309000000125,008260
2023,open,2023-04-11,321963.3090000001,2463.309000000125,008260
2023,open,2023-04-12,323481.0590000001,323481.0590000001,
2023,open,2023-04-13,318523.4590000001,4603.45900000009,085310
2023,open,2023-04-14,314363.4590000001,4603.45900000009,085310
2023,open,2023-04-17,314043.4590000001,4603.45900000009,085310
2023,open,2023-04-18,311662.1790000001,311662.1790000001,
2023,open,2023-04-19,315019.4790000001,5403.4790000001085,101360
2023,open,2023-04-20,289955.4790000001,5403.4790000001085,101360
2023,open,2023-04-21,275675.4790000001,5403.4790000001085,101360
2023,open,2023-04-24,277482.74700000015,277482.74700000015,
2023,open,2023-04-25,238333.75500000012,1741.755000000121,119650
2023,open,2023-04-26,245965.75500000012,1741.755000000121,119650
2023,open,2023-04-27,231781.75500000012,1741.755000000121,119650
2023,open,2023-04-28,229351.82700000014,229351.82700000014,
2023,open,2023-05-02,278015.19700000016,4595.197000000131,011230
2023,open,2023-05-03,278015.19700000016,4595.197000000131,011230
2023,open,2023-05-04,359859.19700000016,4595.197000000131,011230
2023,open,2023-05-08,342663.3330000001,342663.3330000001,
2023,open,2023-05-09,345497.6810000001,2385.6810000000987,067570
2023,open,2023-05-10,352449.6810000001,2385.6810000000987,067570
2023,open,2023-05-11,350777.6810000001,2385.6810000000987,067570
2023,open,2023-05-12,352276.05700000015,352276.05700000015,
2023,open,2023-05-15,357956.0045000001,1716.0045000000973,000430
2023,open,2023-05-16,325471.0045000001,1716.0045000000973,000430
2023,open,2023-05-17,334961.0045000001,1716.0045000000973,000430
2023,open,2023-05-18,344301.35450000013,344301.35450000013,
2023,open,2023-05-19,340733.5305000001,10585.53050000011,088980
2023,open,2023-05-22,342553.5305000001,10585.53050000011,088980
2023,open,2023-05-23,343333.5305000001,10585.53050000011,088980
2023,open,2023-05-24,342834.40850000014,342834.40850000014,
2023,open,2023-05-25,334547.9455000001,679.9455000000889,006800
2023,open,2023-05-26,332247.9455000001,679.9455000000889,006800
2023,open,2023-05-30,334087.9455000001,679.9455000000889,006800
2023,open,2023-05-31,332209.90350000013,332209.90350000013,
2023,open,2023-06-01,328745.8235000001,993.823500000115,004870
2023,open,2023-06-02,326731.8235000001,993.823500000115,004870
2023,open,2023-06-05,324717.8235000001,993.823500000115,004870
2023,open,2023-06-07,322644.6225000001,322644.6225000001,
2023,open,2023-06-08,312151.8325000001,301.83250000007683,126640
2023,open,2023-06-09,320621.8325000001,301.83250000007683,126640
2023,open,2023-06-12,312921.8325000001,301.83250000007683,126640
2023,open,2023-06-13,309377.5225000001,309377.5225000001,
2023,open,2023-06-14,294604.37250000006,26854.372500000056,000850
2023,open,2023-06-15,291104.37250000006,26854.372500000056,000850
2023,open,2023-06-16,296004.37250000006,26854.372500000056,000850
2023,open,2023-06-19,294552.2225000001,294552.2225000001,
2023,open,2023-06-20,290997.56750000006,4347.567500000063,008260
2023,open,2023-06-21,285147.56750000006,4347.567500000063,008260
2023,open,2023-06-22,284757.56750000006,4347.567500000063,008260
2023,open,2023-06-23,284726.36750000005,284726.36750000005,
2023,open,2023-06-26,272646.79250000004,1251.7925000000396,168360
2023,open,2023-06-27,265986.79250000004,1251.7925000000396,168360
2023,open,2023-06-28,254886.79250000004,1251.7925000000396,168360
2023,open,2023-06-29,253028.56000000006,253028.56000000006,
2023,open,2023-06-30,256222.56000000006,48722.560000000056,003030
2023,open,2023-07-03,255222.56000000006,48722.560000000056,003030
2023,open,2023-07-04,252722.56000000006,48722.560000000056,003030
2023,open,2023-07-05,252416.56000000006,252416.56000000006,
2023,open,2023-07-06,252041.71000000005,2141.71000000005,000430
2023,open,2023-07-07,268421.7100000001,2141.71000000005,000430
2023,open,2023-07-10,280181.7100000001,2141.71000000005,000430
2023,open,2023-07-11,285216.4600000001,285216.4600000001,
2023,open,2023-07-12,299105.2150000001,3965.215000000084,011230
2023,open,2023-07-13,291425.2150000001,3965.215000000084,011230
2023,open,2023-07-14,267785.2150000001,3965.215000000084,011230
2023,open,2023-07-17,264364.0300000001,264364.0300000001,
2023,open,2023-07-18,251914.84500000006,11194.84500000006,043910
2023,open,2023-07-19,241544.84500000006,11194.84500000006,043910
2023,open,2023-07-20,235084.84500000006,11194.84500000006,043910
2023,open,2023-07-21,228977.68000000008,228977.68000000008,
2023,open,2023-07-24,228977.68000000008,228977.68000000008,
2023,open,2023-07-25,230742.73000000007,5342.730000000069,073640
2023,open,2023-07-26,199942.73000000007,5342.730000000069,073640
2023,open,2023-07-27,171592.73000000007,5342.730000000069,073640
2023,open,2023-07-28,144783.25500000006,144783.25500000006,
2023,open,2023-07-31,144783.25500000006,144783.25500000006,
2023,open,2023-08-01,144783.25500000006,144783.25500000006,
2023,open,2023-08-02,145648.25500000006,54648.25500000006,326030
2023,open,2023-08-03,149148.25500000006,54648.25500000006,326030
2023,open,2023-08-04,150948.25500000006,54648.25500000006,326030
2023,open,2023-08-07,150204.70500000007,150204.70500000007,
2023,open,2023-08-08,146567.85500000007,12097.855000000069,105630
2023,open,2023-08-09,146497.85500000007,12097.855000000069,105630
2023,open,2023-08-10,152447.85500000007,12097.855000000069,105630
2023,open,2023-08-11,152586.80500000008,152586.80500000008,
2023,open,2023-08-14,156620.56500000006,8210.56500000006,025980
2023,open,2023-08-16,150330.56500000006,8210.56500000006,025980
2023,open,2023-08-17,147440.56500000006,8210.56500000006,025980
2023,open,2023-08-18,145194.78000000006,145194.78000000006,
2023,open,2023-08-21,145194.78000000006,145194.78000000006,
2023,open,2023-08-22,135150.70400000006,5601.704000000056,149980
2023,open,2023-08-23,131293.70400000006,5601.704000000056,149980
2023,open,2023-08-24,133526.70400000006,5601.704000000056,149980
2023,open,2023-08-25,131216.99800000008,131216.99800000008,
2023,open,2023-08-28,130870.99800000008,7030.99800000008,026890
2023,open,2023-08-29,132470.99800000008,7030.99800000008,026890
2023,open,2023-08-30,131190.99800000008,7030.99800000008,026890
2023,open,2023-08-31,131164.5180000001,131164.5180000001,
2023,open,2023-09-01,129801.91800000009,22601.918000000092,105560
2023,open,2023-09-04,130601.91800000009,22601.918000000092,105560
2023,open,2023-09-05,130401.91800000009,22601.918000000092,105560
2023,open,2023-09-06,130839.3180000001,130839.3180000001,
2023,open,2023-09-07,126911.2180000001,5251.218000000095,003570
2023,open,2023-09-08,125371.2180000001,5251.218000000095,003570
2023,open,2023-09-11,140661.2180000001,5251.218000000095,003570
2023,open,2023-09-12,144302.3280000001,144302.3280000001,
2023,open,2023-09-13,147402.6780000001,11002.678000000102,168360
2023,open,2023-09-14,146852.6780000001,11002.678000000102,168360
2023,open,2023-09-15,136952.6780000001,11002.678000000102,168360
2023,open,2023-09-18,133468.7030000001,133468.7030000001,
2023,open,2023-09-19,133468.7030000001,133468.7030000001,
2023,open,2023-09-20,133468.7030000001,133468.7030000001,
2023,open,2023-09-21,135052.99900000007,4138.9990000000835,089850
2023,open,2023-09-22,131090.99900000007,4138.9990000000835,089850
2023,open,2023-09-25,125406.99900000008,4138.9990000000835,089850
2023,open,2023-09-26,125588.5510000001,125588.5510000001,
2023,open,2023-09-27,116086.73350000009,20886.73350000009,004270
2023,open,2023-10-04,109926.73350000009,20886.73350000009,004270
2023,open,2023-10-05,110521.73350000009,20886.73350000009,004270
2023,open,2023-10-06,110786.6810000001,110786.6810000001,
2023,open,2023-10-10,103470.1160000001,912.1160000000964,004270
2023,open,2023-10-11,111336.1160000001,912.1160000000964,004270
2023,open,2023-10-12,113244.1160000001,912.1160000000964,004270
2023,open,2023-10-13,113075.6180000001,113075.6180000001,
2023,open,2023-10-16,113075.6180000001,113075.6180000001,
2023,open,2023-10-17,116966.83800000009,386.8380000000907,004100
2023,open,2023-10-18,115951.83800000009,386.8380000000907,004100
2023,open,2023-10-19,110876.83800000009,386.8380000000907,004100
2023,open,2023-10-20,106801.9755000001,106801.9755000001,
2023,open,2023-10-23,109974.9705000001,1974.9705000000977,003570
2023,open,2023-10-24,108174.9705000001,1974.9705000000977,003570
2023,open,2023-10-25,108444.9705000001,1974.9705000000977,003570
2023,open,2023-10-26,106757.56050000011,106757.56050000011,
2023,open,2023-10-27,107326.2405000001,5726.240500000102,003570
2023,open,2023-10-30,117726.2405000001,5726.240500000102,003570
2023,open,2023-10-31,110686.2405000001,5726.240500000102,003570
2023,open,2023-11-01,110608.6805000001,110608.6805000001,
2023,open,2023-11-02,110128.8405000001,3888.840500000093,015360
2023,open,2023-11-03,110608.8405000001,3888.840500000093,015360
2023,open,2023-11-06,112048.8405000001,3888.840500000093,015360
2023,open,2023-11-07,112046.3605000001,112046.3605000001,
2023,open,2023-11-08,112046.3605000001,112046.3605000001,
2023,open,2023-11-09,112046.3605000001,112046.3605000001,
2023,open,2023-11-10,109304.16050000009,17104.160500000085,105630
2023,open,2023-11-13,109904.16050000009,17104.160500000085,105630
2023,open,2023-11-14,106104.16050000009,17104.160500000085,105630
2023,open,2023-11-15,107368.5605000001,107368.5605000001,
2023,open,2023-11-16,107368.5605000001,107368.5605000001,
2023,open,2023-11-17,106026.66050000009,12626.660500000085,105630
2023,open,2023-11-20,104826.66050000009,12626.660500000085,105630
2023,open,2023-11-21,106826.66050000009,12626.660500000085,105630
2023,open,2023-11-22,105487.16050000009,105487.16050000009,
2023,open,2023-11-23,105487.16050000009,105487.16050000009,
2023,open,2023-11-24,105487.16050000009,105487.16050000009,
2023,open,2023-11-27,105095.06050000008,43995.06050000008,215200
2023,open,2023-11-28,103795.06050000008,43995.06050000008,215200
2023,open,2023-11-29,102895.06050000008,43995.06050000008,215200
2023,open,2023-11-30,102207.61050000008,102207.61050000008,
2023,open,2023-12-01,101290.91050000007,24290.91050000007,016360
2023,open,2023-12-04,102090.91050000007,24290.91050000007,016360
2023,open,2023-12-05,102590.91050000007,24290.91050000007,016360
2023,open,2023-12-06,102673.16050000007,102673.16050000007,
2023,open,2023-12-07,104679.86800000006,324.8680000000604,131370
2023,open,2023-12-08,103329.86800000006,324.8680000000604,131370
2023,open,2023-12-11,101169.86800000006,324.8680000000604,131370
2023,open,2023-12-12,100749.00550000007,100749.00550000007,
2023,open,2023-12-13,99250.30550000007,34850.305500000075,215200
2023,open,2023-12-14,99550.30550000007,34850.305500000075,215200
2023,open,2023-12-15,98850.30550000007,34850.305500000075,215200
2023,open,2023-12-18,98654.45550000007,98654.45550000007,
2023,open,2023-12-19,99248.76900000006,12734.769000000058,025900
2023,open,2023-12-20,96725.76900000006,12734.769000000058,025900
2023,open,2023-12-21,94082.76900000006,12734.769000000058,025900
2023,open,2023-12-22,94077.57150000006,94077.57150000006,
2023,open,2023-12-26,94239.26350000006,7075.263500000059,279600
2023,open,2023-12-27,96803.26350000006,7075.263500000059,279600
2023,open,2023-12-28,92687.26350000006,7075.263500000059,279600
2023,close,2023-01-02,300000.0,300000.0,
2023,close,2023-01-03,301828.125,18328.125,114090
2023,close,2023-01-04,298078.125,18328.125,114090
2023,close,2023-01-05,307078.125,18328.125,114090
2023,close,2023-01-06,304398.375,304398.375,
2023,close,2023-01-09,297042.975,342.9749999999767,073640
2023,close,2023-01-10,323952.975,342.9749999999767,073640
2023,close,2023-01-11,305322.975,342.9749999999767,073640
2023,close,2023-01-12,301420.68,301420.68,
2023,close,2023-01-13,301420.68,301420.68,
2023,close,2023-01-16,301699.54,209.53999999997905,036620
2023,close,2023-01-17,308999.54,209.53999999997905,036620
2023,close,2023-01-18,305349.54,209.53999999997905,036620
2023,close,2023-01-19,301976.21,301976.21,
2023,close,2023-01-20,308440.941,678.9409999999916,004870
2023,close,2023-01-25,301069.941,678.9409999999916,004870
2023,close,2023-01-26,297156.941,678.9409999999916,004870
2023,close,2023-01-27,296712.224,296712.224,
2023,close,2023-01-30,279296.724,19296.723999999987,003830
2023,close,2023-01-31,282296.724,19296.723999999987,003830
2023,close,2023-02-01,286096.724,19296.723999999987,003830
2023,close,2023-02-02,286495.324,286495.324,
2023,close,2023-02-03,276574.574,5574.574000000022,008260
2023,close,2023-02-06,281574.574,5574.574000000022,008260
2023,close,2023-02-07,283074.574,5574.574000000022,008260
2023,close,2023-02-08,282658.324,282658.324,
2023,close,2023-02-09,284972.657,14478.657000000007,279600
2023,close,2023-02-10,289886.657,14478.657000000007,279600
2023,close,2023-02-13,277174.657,14478.657000000007,279600
2023,close,2023-02-14,279143.064,279143.064,
2023,close,2023-02-15,262725.464,325.4639999999781,036620
2023,close,2023-02-16,266565.464,325.4639999999781,036620
2023,close,2023-02-17,267845.464,325.4639999999781,036620
2023,close,2023-02-20,267444.184,267444.184,
2023,close,2023-02-21,273611.684,112211.68400000001,011780
2023,close,2023-02-22,271311.684,112211.68400000001,011780
2023,close,2023-02-23,273311.684,112211.68400000001,011780
2023,close,2023-02-24,271771.98400000005,271771.98400000005,
2023,close,2023-02-27,266266.98400000005,1366.984000000055,123700
2023,close,2023-02-28,266866.98400000005,1366.984000000055,123700
2023,close,2023-03-02,275566.98400000005,1366.984000000055,123700
2023,close,2023-03-03,275155.68400000007,275155.68400000007,
2023,close,2023-03-06,292227.5640000001,2667.5640000000712,056080
2023,close,2023-03-07,298307.5640000001,2667.5640000000712,056080
2023,close,2023-03-08,282347.5640000001,2667.5640000000712,056080
2023,close,2023-03-09,287998.9240000001,287998.9240000001,
2023,close,2023-03-10,347603.0590000001,3663.059000000125,115500
2023,close,2023-03-13,311353.0590000001,3663.059000000125,115500
2023,close,2023-03-14,322663.0590000001,3663.059000000125,115500
2023,close,2023-03-15,316393.25900000014,316393.25900000014,
2023,close,2023-03-16,314736.0590000001,11136.059000000125,001460
2023,close,2023-03-17,315336.0590000001,11136.059000000125,001460
2023,close,2023-03-20,315936.0590000001,11136.059000000125,001460
2023,close,2023-03-21,322668.0590000001,322668.0590000001,
2023,close,2023-03-22,319996.0465000001,7521.046500000113,088980
2023,close,2023-03-23,319496.0465000001,7521.046500000113,088980
2023,close,2023-03-24,321971.0465000001,7521.046500000113,088980
2023,close,2023-03-27,321474.4090000001,321474.4090000001,
2023,close,2023-03-28,316107.1590000001,9507.159000000102,006220
2023,close,2023-03-29,319607.1590000001,9507.159000000102,006220
2023,close,2023-03-30,341307.1590000001,9507.159000000102,006220
2023,close,2023-03-31,335217.8590000001,335217.8590000001,
2023,close,2023-04-03,335784.8590000001,12734.859000000113,004360
2023,close,2023-04-04,339284.8590000001,12734.859000000113,004360
2023,close,2023-04-05,332284.8590000001,12734.859000000113,004360
2023,close,2023-04-06,331456.0590000001,331456.0590000001,
2023,close,2023-04-07,322963.3090000001,2463.309000000125,008260
2023,close,2023-04-10,312963.3090000001,2463.309000000125,008260
2023,close,2023-04-11,321963.3090000001,2463.309000000125,008260
2023,close,2023-04-12,323481.0590000001,323481.0590000001,
2023,close,2023-04-13,318523.4590000001,4603.45900000009,085310
2023,close,2023-04-14,314363.4590000001,4603.45900000009,085310
2023,close,2023-04-17,314043.4590000001,4603.45900000009,085310
2023,close,2023-04-18,311662.1790000001,311662.1790000001,
2023,close,2023-04-19,315019.4790000001,5403.4790000001085,101360
2023,close,2023-04-20,289955.4790000001,5403.4790000001085,101360
2023,close,2023-04-21,275675.4790000001,5403.4790000001085,101360
2023,close,2023-04-24,277482.74700000015,277482.74700000015,
2023,close,2023-04-25,238333.75500000012,1741.755000000121,119650
2023,close,2023-04-26,245965.75500000012,1741.755000000121,119650
2023,close,2023-04-27,231781.75500000012,1741.755000000121,119650
2023,close,2023-04-28,229351.82700000014,229351.82700000014,
2023,close,2023-05-02,278015.19700000016,4595.197000000131,011230
2023,close,2023-05-03,278015.19700000016,4595.197000000131,011230
2023,close,2023-05-04,359859.19700000016,4595.197000000131,011230
2023,close,2023-05-08,342663.3330000001,342663.3330000001,
2023,close,2023-05-09,345497.6810000001,2385.6810000000987,067570
2023,close,2023-05-10,352449.6810000001,2385.6810000000987,067570
2023,close,2023-05-11,350777.6810000001,2385.6810000000987,067570
2023,close,2023-05-12,352276.05700000015,352276.05700000015,
2023,close,2023-05-15,357956.0045000001,1716.0045000000973,000430
2023,close,2023-05-16,325471.0045000001,1716.0045000000973,000430
2023,close,2023-05-17,334961.0045000001,1716.0045000000973,000430
2023,close,2023-05-18,344301.35450000013,344301.35450000013,
2023,close,2023-05-19,340733.5305000001,10585.53050000011,088980
2023,close,2023-05-22,342553.5305000001,10585.53050000011,088980
2023,close,2023-05-23,343333.5305000001,10585.53050000011,088980
2023,close,2023-05-24,342834.40850000014,342834.40850000014,
2023,close,2023-05-25,334547.9455000001,679.9455000000889,006800
2023,close,2023-05-26,332247.9455000001,679.9455000000889,006800
2023,close,2023-05-30,334087.9455000001,679.9455000000889,006800
2023,close,2023-05-31,332209.90350000013,332209.90350000013,
2023,close,2023-06-01,328745.8235000001,993.823500000115,004870
2023,close,2023-06-02,326731.8235000001,993.823500000115,004870
2023,close,2023-06-05,324717.8235000001,993.823500000115,004870
2023,close,2023-06-07,322644.6225000001,322644.6225000001,
2023,close,2023-06-08,312151.8325000001,301.83250000007683,126640
2023,close,2023-06-09,320621.8325000001,301.83250000007683,126640
2023,close,2023-06-12,312921.8325000001,301.83250000007683,126640
2023,close,2023-06-13,309377.5225000001,309377.5225000001,
2023,close,2023-06-14,294604.37250000006,26854.372500000056,000850
2023,close,2023-06-15,291104.37250000006,26854.372500000056,000850
2023,close,2023-06-16,296004.37250000006,26854.372500000056,000850
2023,close,2023-06-19,294552.2225000001,294552.2225000001,
2023,close,2023-06-20,290997.56750000006,4347.567500000063,008260
2023,close,2023-06-21,285147.56750000006,4347.567500000063,008260
2023,close,2023-06-22,284757.56750000006,4347.567500000063,008260
2023,close,2023-06-23,284726.36750000005,284726.36750000005,
2023,close,2023-06-26,272646.79250000004,1251.7925000000396,168360
2023,close,2023-06-27,265986.79250000004,1251.7925000000396,168360
2023,close,2023-06-28,254886.79250000004,1251.7925000000396,168360
2023,close,2023-06-29,253028.56000000006,253028.56000000006,
2023,close,2023-06-30,256222.56000000006,48722.560000000056,003030
2023,close,2023-07-03,255222.56000000006,48722.560000000056,003030
2023,close,2023-07-04,252722.56000000006,48722.560000000056,003030
2023,close,2023-07-05,252416.56000000006,252416.56000000006,
2023,close,2023-07-06,252041.71000000005,2141.71000000005,000430
2023,close,2023-07-07,268421.7100000001,2141.71000000005,000430
2023,close,2023-07-10,280181.7100000001,2141.71000000005,000430
2023,close,2023-07-11,285216.4600000001,285216.4600000001,
2023,close,2023-07-12,299105.2150000001,3965.215000000084,011230
2023,close,2023-07-13,291425.2150000001,3965.215000000084,011230
2023,close,2023-07-14,267785.2150000001,3965.215000000084,011230
2023,close,2023-07-17,264364.0300000001,264364.0300000001,
2023,close,2023-07-18,251914.84500000006,11194.84500000006,043910
2023,close,2023-07-19,241544.84500000006,11194.84500000006,043910
2023,close,2023-07-20,235084.84500000006,11194.84500000006,043910
2023,close,2023-07-21,228977.68000000008,228977.68000000008,
2023,close,2023-07-24,228977.68000000008,228977.68000000008,
2023,close,2023-07-25,230742.73000000007,5342.730000000069,073640
2023,close,2023-07-26,199942.73000000007,5342.730000000069,073640
2023,close,2023-07-27,171592.73000000007,5342.730000000069,073640
2023,close,2023-07-28,144783.25500000006,144783.25500000006,
2023,close,2023-07-31,144783.25500000006,144783.25500000006,
2023,close,2023-08-01,144783.25500000006,144783.25500000006,
2023,close,2023-08-02,145648.25500000006,54648.25500000006,326030
2023,close,2023-08-03,149148.25500000006,54648.25500000006,326030
2023,close,2023-08-04,150948.25500000006,54648.25500000006,326030
2023,close,2023-08-07,150204.70500000007,150204.70500000007,
2023,close,2023-08-08,146567.85500000007,12097.855000000069,105630
2023,close,2023-08-09,146497.85500000007,12097.855000000069,105630
2023,close,2023-08-10,152447.85500000007,12097.855000000069,105630
2023,close,2023-08-11,152586.80500000008,152586.80500000008,
2023,close,2023-08-14,156620.56500000006,8210.56500000006,025980
2023,close,2023-08-16,150330.56500000006,8210.56500000006,025980
2023,close,2023-08-17,147440.56500000006,8210.56500000006,025980
2023,close,2023-08-18,145194.78000000006,145194.78000000006,
2023,close,2023-08-21,145194.78000000006,145194.78000000006,
2023,close,2023-08-22,135150.70400000006,5601.704000000056,149980
2023,close,2023-08-23,131293.70400000006,5601.704000000056,149980
2023,close,2023-08-24,133526.70400000006,5601.704000000056,149980
2023,close,2023-08-25,131216.99800000008,131216.99800000008,
2023,close,2023-08-28,130870.99800000008,7030.99800000008,026890
2023,close,2023-08-29,132470.99800000008,7030.99800000008,026890
2023,close,2023-08-30,131190.99800000008,7030.99800000008,026890
2023,close,2023-08-31,131164.5180000001,131164.5180000001,
2023,close,2023-09-01,129801.91800000009,22601.918000000092,105560
2023,close,2023-09-04,130601.91800000009,22601.918000000092,105560
2023,close,2023-09-05,130401.91800000009,22601.918000000092,105560
2023,close,2023-09-06,130839.3180000001,130839.3180000001,
2023,close,2023-09-07,126911.2180000001,5251.218000000095,003570
2023,close,2023-09-08,125371.2180000001,5251.218000000095,003570
2023,close,2023-09-11,140661.2180000001,5251.218000000095,003570
2023,close,2023-09-12,144302.3280000001,144302.3280000001,
2023,close,2023-09-13,147402.6780000001,11002.678000000102,168360
2023,close,2023-09-14,146852.6780000001,11002.678000000102,168360
2023,close,2023-09-15,136952.6780000001,11002.678000000102,168360
2023,close,2023-09-18,133468.7030000001,133468.7030000001,
2023,close,2023-09-19,133468.7030000001,133468.7030000001,
2023,close,2023-09-20,133468.7030000001,133468.7030000001,
2023,close,2023-09-21,135052.99900000007,4138.9990000000835,089850
2023,close,2023-09-22,131090.99900000007,4138.9990000000835,089850
2023,close,2023-09-25,125406.99900000008,4138.9990000000835,089850
2023,close,2023-09-26,125588.5510000001,125588.5510000001,
2023,close,2023-09-27,116086.73350000009,20886.73350000009,004270
2023,close,2023-10-04,109926.73350000009,20886.73350000009,004270
2023,close,2023-10-05,110521.73350000009,20886.73350000009,004270
2023,close,2023-10-06,110786.6810000001,110786.6810000001,
2023,close,2023-10-10,103470.1160000001,912.1160000000964,004270
2023,close,2023-10-11,111336.1160000001,912.1160000000964,004270
2023,close,2023-10-12,113244.1160000001,912.1160000000964,004270
2023,close,2023-10-13,113075.6180000001,113075.6180000001,
2023,close,2023-10-16,113075.6180000001,113075.6180000001,
2023,close,2023-10-17,116966.83800000009,386.8380000000907,004100
2023,close,2023-10-18,115951.83800000009,386.8380000000907,004100
2023,close,2023-10-19,110876.83800000009,386.8380000000907,004100
2023,close,2023-10-20,106801.9755000001,106801.9755000001,
2023,close,2023-10-23,109974.9705000001,1974.9705000000977,003570
2023,close,2023-10-24,108174.9705000001,1974.9705000000977,003570
2023,close,2023-10-25,108444.9705000001,1974.9705000000977,003570
2023,close,2023-10-26,106757.56050000011,106757.56050000011,
2023,close,2023-10-27,107326.2405000001,5726.240500000102,003570
2023,close,2023-10-30,117726.2405000001,5726.240500000102,003570
2023,close,2023-10-31,110686.2405000001,5726.240500000102,003570
2023,close,2023-11-01,110608.6805000001,110608.6805000001,
2023,close,2023-11-02,110128.8405000001,3888.840500000093,015360
2023,close,2023-11-03,110608.8405000001,3888.840500000093,015360
2023,close,2023-11-06,112048.8405000001,3888.840500000093,015360
2023,close,2023-11-07,112046.3605000001,112046.3605000001,
2023,close,2023-11-08,112046.3605000001,112046.3605000001,
2023,close,2023-11-09,112046.3605000001,112046.3605000001,
2023,close,2023-11-10,109304.16050000009,17104.160500000085,105630
2023,close,2023-11-13,109904.16050000009,17104.160500000085,105630
2023,close,2023-11-14,106104.16050000009,17104.160500000085,105630
2023,close,2023-11-15,107368.5605000001,107368.5605000001,
2023,close,2023-11-16,107368.5605000001,107368.5605000001,
2023,close,2023-11-17,106026.66050000009,12626.660500000085,105630
2023,close,2023-11-20,104826.66050000009,12626.660500000085,105630
2023,close,2023-11-21,106826.66050000009,12626.660500000085,105630
2023,close,2023-11-22,105487.16050000009,105487.16050000009,
2023,close,2023-11-23,105487.16050000009,105487.16050000009,
2023,close,2023-11-24,105487.16050000009,105487.16050000009,
2023,close,2023-11-27,105095.06050000008,43995.06050000008,215200
2023,close,2023-11-28,103795.06050000008,43995.06050000008,215200
2023,close,2023-11-29,102895.06050000008,43995.06050000008,215200
2023,close,2023-11-30,102207.61050000008,102207.61050000008,
2023,close,2023-12-01,101290.91050000007,24290.91050000007,016360
2023,close,2023-12-04,102090.91050000007,24290.91050000007,016360
2023,close,2023-12-05,102590.91050000007,24290.91050000007,016360
2023,close,2023-12-06,102673.16050000007,102673.16050000007,
2023,close,2023-12-07,104679.86800000006,324.8680000000604,131370
2023,close,2023-12-08,103329.86800000006,324.8680000000604,131370
2023,close,2023-12-11,101169.86800000006,324.8680000000604,131370
2023,close,2023-12-12,100749.00550000007,100749.00550000007,
2023,close,2023-12-13,99250.30550000007,34850.305500000075,215200
2023,close,2023-12-14,99550.30550000007,34850.305500000075,215200
2023,close,2023-12-15,98850.30550000007,34850.305500000075,215200
2023,close,2023-12-18,98654.45550000007,98654.45550000007,
2023,close,2023-12-19,99248.76900000006,12734.769000000058,025900
2023,close,2023-12-20,96725.76900000006,12734.769000000058,025900
2023,close,2023-12-21,94082.76900000006,12734.769000000058,025900
2023,close,2023-12-22,94077.57150000006,94077.57150000006,
2023,close,2023-12-26,94239.26350000006,7075.263500000059,279600
2023,close,2023-12-27,96803.26350000006,7075.263500000059,279600
2023,close,2023-12-28,92687.26350000006,7075.263500000059,279600
2023,low,2023-01-02,300000.0,300000.0,
2023,low,2023-01-03,301828.125,18328.125,114090
2023,low,2023-01-04,298078.125,18328.125,114090
2023,low,2023-01-05,307078.125,18328.125,114090
2023,low,2023-01-06,304398.375,304398.375,
2023,low,2023-01-09,297042.975,342.9749999999767,073640
2023,low,2023-01-10,323952.975,342.9749999999767,073640
2023,low,2023-01-11,305322.975,342.9749999999767,073640
2023,low,2023-01-12,301420.68,301420.68,
2023,low,2023-01-13,301420.68,301420.68,
2023,low,2023-01-16,301699.54,209.53999999997905,036620
2023,low,2023-01-17,308999.54,209.53999999997905,036620
2023,low,2023-01-18,305349.54,209.53999999997905,036620
2023,low,2023-01-19,301976.21,301976.21,
2023,low,2023-01-20,308440.941,678.9409999999916,004870
2023,low,2023-01-25,301069.941,678.9409999999916,004870
2023,low,2023-01-26,297156.941,678.9409999999916,004870
2023,low,2023-01-27,296712.224,296712.224,
2023,low,2023-01-30,279296.724,19296.723999999987,003830
2023,low,2023-01-31,282296.724,19296.723999999987,003830
2023,low,2023-02-01,286096.724,19296.723999999987,003830
2023,low,2023-02-02,286495.324,286495.324,
2023,low,2023-02-03,276574.574,5574.574000000022,008260
2023,low,2023-02-06,281574.574,5574.574000000022,008260
2023,low,2023-02-07,283074.574,5574.574000000022,008260
2023,low,2023-02-08,282658.324,282658.324,
2023,low,2023-02-09,284972.657,14478.657000000007,279600
2023,low,2023-02-10,289886.657,14478.657000000007,279600
2023,low,2023-02-13,277174.657,14478.657000000007,279600
2023,low,2023-02-14,279143.064,279143.064,
2023,low,2023-02-15,262725.464,325.4639999999781,036620
2023,low,2023-02-16,266565.464,325.4639999999781,036620
2023,low,2023-02-17,267845.464,325.4639999999781,036620
2023,low,2023-02-20,267444.184,267444.184,
2023,low,2023-02-21,273611.684,112211.68400000001,011780
2023,low,2023-02-22,271311.684,112211.68400000001,011780
2023,low,2023-02-23,273311.684,112211.68400000001,011780
2023,low,2023-02-24,271771.98400000005,271771.98400000005,
2023,low,2023-02-27,266266.98400000005,1366.984000000055,123700
2023,low,2023-02-28,266866.98400000005,1366.984000000055,123700
2023,low,2023-03-02,275566.98400000005,1366.984000000055,123700
2023,low,2023-03-03,275155.68400000007,275155.68400000007,
2023,low,2023-03-06,292227.5640000001,2667.5640000000712,056080
2023,low,2023-03-07,298307.5640000001,2667.5640000000712,056080
2023,low,2023-03-08,282347.5640000001,2667.5640000000712,056080
2023,low,2023-03-09,287998.9240000001,287998.9240000001,
2023,low,2023-03-10,347603.0590000001,3663.059000000125,115500
2023,low,2023-03-13,311353.0590000001,3663.059000000125,115500
2023,low,2023-03-14,322663.0590000001,3663.059000000125,115500
2023,low,2023-03-15,316393.25900000014,316393.25900000014,
2023,low,2023-03-16,314736.0590000001,11136.059000000125,001460
2023,low,2023-03-17,315336.0590000001,11136.059000000125,001460
2023,low,2023-03-20,315936.0590000001,11136.059000000125,001460
2023,low,2023-03-21,322668.0590000001,322668.0590000001,
2023,low,2023-03-22,319996.0465000001,7521.046500000113,088980
2023,low,2023-03-23,319496.0465000001,7521.046500000113,088980
2023,low,2023-03-24,321971.0465000001,7521.046500000113,088980
2023,low,2023-03-27,321474.4090000001,321474.4090000001,
2023,low,2023-03-28,316107.1590000001,9507.159000000102,006220
2023,low,2023-03-29,319607.1590000001,9507.159000000102,006220
2023,low,2023-03-30,341307.1590000001,9507.159000000102,006220
2023,low,2023-03-31,335217.8590000001,335217.8590000001,
2023,low,2023-04-03,335784.8590000001,12734.859000000113,004360
2023,low,2023-04-04,339284.8590000001,12734.859000000113,004360
2023,low,2023-04-05,332284.8590000001,12734.859000000113,004360
2023,low,2023-04-06,331456.0590000001,331456.0590000001,
2023,low,2023-04-07,322963.3090000001,2463.309000000125,008260
2023,low,2023-04-10,312963.3090000001,2463.309000000125,008260
2023,low,2023-04-11,321963.3090000001,2463.309000000125,008260
2023,low,2023-04-12,323481.0590000001,323481.0590000001,
2023,low,2023-04-13,318523.4590000001,4603.45900000009,085310
2023,low,2023-04-14,314363.4590000001,4603.45900000009,085310
2023,low,2023-04-17,314043.4590000001,4603.45900000009,085310
2023,low,2023-04-18,311662.1790000001,311662.1790000001,
2023,low,2023-04-19,315019.4790000001,5403.4790000001085,101360
2023,low,2023-04-20,289955.4790000001,5403.4790000001085,101360
2023,low,2023-04-21,275675.4790000001,5403.4790000001085,101360
2023,low,2023-04-24,277482.74700000015,277482.74700000015,
2023,low,2023-04-25,238333.75500000012,1741.755000000121,119650
2023,low,2023-04-26,245965.75500000012,1741.755000000121,119650
2023,low,2023-04-27,231781.75500000012,1741.755000000121,119650
2023,low,2023-04-28,229351.82700000014,229351.82700000014,
2023,low,2023-05-02,278015.19700000016,4595.197000000131,011230
2023,low,2023-05-03,278015.19700000016,4595.197000000131,011230
2023,low,2023-05-04,359859.19700000016,4595.197000000131,011230
2023,low,2023-05-08,342663.3330000001,342663.3330000001,
2023,low,2023-05-09,345497.6810000001,2385.6810000000987,067570
2023,low,2023-05-10,352449.6810000001,2385.6810000000987,067570
2023,low,2023-05-11,350777.6810000001,2385.6810000000987,067570
2023,low,2023-05-12,352276.05700000015,352276.05700000015,
2023,low,2023-05-15,357956.0045000001,1716.0045000000973,000430
2023,low,2023-05-16,325471.0045000001,1716.0045000000973,000430
2023,low,2023-05-17,334961.0045000001,1716.0045000000973,000430
2023,low,2023-05-18,344301.35450000013,344301.35450000013,
2023,low,2023-05-19,340733.5305000001,10585.53050000011,088980
2023,low,2023-05-22,342553.5305000001,10585.53050000011,088980
2023,low,2023-05-23,343333.5305000001,10585.53050000011,088980
2023,low,2023-05-24,342834.40850000014,342834.40850000014,
2023,low,2023-05-25,334547.9455000001,679.9455000000889,006800
2023,low,2023-05-26,332247.9455000001,679.9455000000889,006800
2023,low,2023-05-30,334087.9455000001,679.9455000000889,006800
2023,low,2023-05-31,332209.90350000013,332209.90350000013,
2023,low,2023-06-01,328745.8235000001,993.823500000115,004870
2023,low,2023-06-02,326731.8235000001,993.823500000115,004870
2023,low,2023-06-05,324717.8235000001,993.823500000115,004870
2023,low,2023-06-07,322644.6225000001,322644.6225000001,
2023,low,2023-06-08,312151.8325000001,301.83250000007683,126640
2023,low,2023-06-09,320621.8325000001,301.83250000007683,126640
2023,low,2023-06-12,312921.8325000001,301.83250000007683,126640
2023,low,2023-06-13,309377.5225000001,309377.5225000001,
2023,low,2023-06-14,294604.37250000006,26854.372500000056,000850
2023,low,2023-06-15,291104.37250000006,26854.372500000056,000850
2023,low,2023-06-16,296004.37250000006,26854.372500000056,000850
2023,low,2023-06-19,294552.2225000001,294552.2225000001,
2023,low,2023-06-20,290997.56750000006,4347.567500000063,008260
2023,low,2023-06-21,285147.56750000006,4347.567500000063,008260
2023,low,2023-06-22,284757.56750000006,4347.567500000063,008260
2023,low,2023-06-23,284726.36750000005,284726.36750000005,
2023,low,2023-06-26,272646.79250000004,1251.7925000000396,168360
2023,low,2023-06-27,265986.79250000004,1251.7925000000396,168360
2023,low,2023-06-28,254886.79250000004,1251.7925000000396,168360
2023,low,2023-06-29,253028.56000000006,253028.56000000006,
2023,low,2023-06-30,256222.56000000006,48722.560000000056,003030
2023,low,2023-07-03,255222.56000000006,48722.560000000056,003030
2023,low,2023-07-04,252722.56000000006,48722.560000000056,003030
2023,low,2023-07-05,252416.56000000006,252416.56000000006,
2023,low,2023-07-06,252041.71000000005,2141.71000000005,000430
2023,low,2023-07-07,268421.7100000001,2141.71000000005,000430
2023,low,2023-07-10,280181.7100000001,2141.71000000005,000430
2023,low,2023-07-11,285216.4600000001,285216.4600000001,
2023,low,2023-07-12,299105.2150000001,3965.215000000084,011230
2023,low,2023-07-13,291425.2150000001,3965.215000000084,011230
2023,low,2023-07-14,267785.2150000001,3965.215000000084,011230
2023,low,2023-07-17,264364.0300000001,264364.0300000001,
2023,low,2023-07-18,251914.84500000006,11194.84500000006,043910
2023,low,2023-07-19,241544.84500000006,11194.84500000006,043910
2023,low,2023-07-20,235084.84500000006,11194.84500000006,043910
2023,low,2023-07-21,228977.68000000008,228977.68000000008,
2023,low,2023-07-24,228977.68000000008,228977.68000000008,
2023,low,2023-07-25,230742.73000000007,5342.730000000069,073640
2023,low,2023-07-26,199942.73000000007,5342.730000000069,073640
2023,low,2023-07-27,171592.73000000007,5342.730000000069,073640
2023,low,2023-07-28,144783.25500000006,144783.25500000006,
2023,low,2023-07-31,144783.25500000006,144783.25500000006,
2023,low,2023-08-01,144783.25500000006,144783.25500000006,
2023,low,2023-08-02,145648.25500000006,54648.25500000006,326030
2023,low,2023-08-03,149148.25500000006,54648.25500000006,326030
2023,low,2023-08-04,150948.25500000006,54648.25500000006,326030
2023,low,2023-08-07,150204.70500000007,150204.70500000007,
2023,low,2023-08-08,146567.85500000007,12097.855000000069,105630
2023,low,2023-08-09,146497.85500000007,12097.855000000069,105630
2023,low,2023-08-10,152447.85500000007,12097.855000000069,105630
2023,low,2023-08-11,152586.80500000008,152586.80500000008,
2023,low,2023-08-14,156620.56500000006,8210.56500000006,025980
2023,low,2023-08-16,150330.56500000006,8210.56500000006,025980
2023,low,2023-08-17,147440.56500000006,8210.56500000006,025980
2023,low,2023-08-18,145194.78000000006,145194.78000000006,
2023,low,2023-08-21,145194.78000000006,145194.78000000006,
2023,low,2023-08-22,135150.70400000006,5601.704000000056,149980
2023,low,2023-08-23,131293.70400000006,5601.704000000056,149980
2023,low,2023-08-24,133526.70400000006,5601.704000000056,149980
2023,low,2023-08-25,131216.99800000008,131216.99800000008,
2023,low,2023-08-28,130870.99800000008,7030.99800000008,026890
2023,low,2023-08-29,132470.99800000008,7030.99800000008,026890
2023,low,2023-08-30,131190.99800000008,7030.99800000008,026890
2023,low,2023-08-31,131164.5180000001,131164.5180000001,
2023,low,2023-09-01,129801.91800000009,22601.918000000092,105560
2023,low,2023-09-04,130601.91800000009,22601.918000000092,105560
2023,low,2023-09-05,130401.91800000009,22601.918000000092,105560
2023,low,2023-09-06,130839.3180000001,130839.3180000001,
2023,low,2023-09-07,126911.2180000001,5251.218000000095,003570
2023,low,2023-09-08,125371.2180000001,5251.218000000095,003570
2023,low,2023-09-11,140661.2180000001,5251.218000000095,003570
2023,low,2023-09-12,144302.3280000001,144302.3280000001,
2023,low,2023-09-13,147402.6780000001,11002.678000000102,168360
2023,low,2023-09-14,146852.6780000001,11002.678000000102,168360
2023,low,2023-09-15,136952.6780000001,11002.678000000102,168360
2023,low,2023-09-18,133468.7030000001,133468.7030000001,
2023,low,2023-09-19,133468.7030000001,133468.7030000001,
2023,low,2023-09-20,133468.7030000001,133468.7030000001,
2023,low,2023-09-21,135052.99900000007,4138.9990000000835,089850
2023,low,2023-09-22,131090.99900000007,4138.9990000000835,089850
2023,low,2023-09-25,125406.99900000008,4138.9990000000835,089850
2023,low,2023-09-26,125588.5510000001,125588.5510000001,
2023,low,2023-09-27,116086.73350000009,20886.73350000009,004270
2023,low,2023-10-04,109926.73350000009,20886.73350000009,004270
2023,low,2023-10-05,110521.73350000009,20886.73350000009,004270
2023,low,2023-10-06,110786.6810000001,110786.6810000001,
2023,low,2023-10-10,103470.1160000001,912.1160000000964,004270
2023,low,2023-10-11,111336.1160000001,912.1160000000964,004270
2023,low,2023-10-12,113244.1160000001,912.1160000000964,004270
2023,low,2023-10-13,113075.6180000001,113075.6180000001,
2023,low,2023-10-16,113075.6180000001,113075.6180000001,
2023,low,2023-10-17,116966.83800000009,386.8380000000907,004100
2023,low,2023-10-18,115951.83800000009,386.8380000000907,004100
2023,low,2023-10-19,110876.83800000009,386.8380000000907,004100
2023,low,2023-10-20,106801.9755000001,106801.9755000001,
2023,low,2023-10-23,109974.9705000001,1974.9705000000977,003570
2023,low,2023-10-24,108174.9705000001,1974.9705000000977,003570
2023,low,2023-10-25,108444.9705000001,1974.9705000000977,003570
2023,low,2023-10-26,106757.56050000011,106757.56050000011,
2023,low,2023-10-27,107326.2405000001,5726.240500000102,003570
2023,low,2023-10-30,117726.2405000001,5726.240500000102,003570
2023,low,2023-10-31,110686.2405000001,5726.240500000102,003570
2023,low,2023-11-01,110608.6805000001,110608.6805000001,
2023,low,2023-11-02,110128.8405000001,3888.840500000093,015360
2023,low,2023-11-03,110608.8405000001,3888.840500000093,015360
2023,low,2023-11-06,112048.8405000001,3888.840500000093,015360
2023,low,2023-11-07,112046.3605000001,112046.3605000001,
2023,low,2023-11-08,112046.3605000001,112046.3605000001,
2023,low,2023-11-09,112046.3605000001,112046.3605000001,
2023,low,2023-11-10,109304.16050000009,17104.160500000085,105630
2023,low,2023-11-13,109904.16050000009,17104.160500000085,105630
2023,low,2023-11-14,106104.16050000009,17104.160500000085,105630
2023,low,2023-11-15,107368.5605000001,107368.5605000001,
2023,low,2023-11-16,107368.5605000001,107368.5605000001,
2023,low,2023-11-17,106026.66050000009,12626.660500000085,105630
2023,low,2023-11-20,104826.66050000009,12626.660500000085,105630
2023,low,2023-11-21,106826.66050000009,12626.660500000085,105630
2023,low,2023-11-22,105487.16050000009,105487.16050000009,
2023,low,2023-11-23,105487.16050000009,105487.16050000009,
2023,low,2023-11-24,105487.16050000009,105487.16050000009,
2023,low,2023-11-27,105095.06050000008,43995.06050000008,215200
2023,low,2023-11-28,103795.06050000008,43995.06050000008,215200
2023,low,2023-11-29,102895.06050000008,43995.06050000008,215200
2023,low,2023-11-30,102207.61050000008,102207.61050000008,
2023,low,2023-12-01,101290.91050000007,24290.91050000007,016360
2023,low,2023-12-04,102090.91050000007,24290.91050000007,016360
2023,low,2023-12-05,102590.91050000007,24290.91050000007,016360
2023,low,2023-12-06,102673.16050000007,102673.16050000007,
2023,low,2023-12-07,104679.86800000006,324.8680000000604,131370
2023,low,2023-12-08,103329.86800000006,324.8680000000604,131370
2023,low,2023-12-11,101169.86800000006,324.8680000000604,131370
2023,low,2023-12-12,100749.00550000007,100749.00550000007,
2023,low,2023-12-13,99250.30550000007,34850.305500000075,215200
2023,low,2023-12-14,99550.30550000007,34850.305500000075,215200
2023,low,2023-12-15,98850.30550000007,34850.305500000075,215200
2023,low,2023-12-18,98654.45550000007,98654.45550000007,
2023,low,2023-12-19,99248.76900000006,12734.769000000058,025900
2023,low,2023-12-20,96725.76900000006,12734.769000000058,025900
2023,low,2023-12-21,94082.76900000006,12734.769000000058,025900
2023,low,2023-12-22,94077.57150000006,94077.57150000006,
2023,low,2023-12-26,94239.26350000006,7075.263500000059,279600
2023,low,2023-12-27,96803.26350000006,7075.263500000059,279600
2023,low,2023-12-28,92687.26350000006,7075.263500000059,279600
2024,open,2024-01-02,300000.0,300000.0,
2024,open,2024-01-03,300890.1,93090.09999999998,326030
2024,open,2024-01-04,285490.1,93090.09999999998,326030
2024,open,2024-01-05,287490.1,93090.09999999998,326030
2024,open,2024-01-08,287797.6,287797.6,
2024,open,2024-01-09,287797.6,287797.6,
2024,open,2024-01-10,287797.6,287797.6,
2024,open,2024-01-11,283182.24249999993,462.2424999999348,004540
2024,open,2024-01-12,268767.24249999993,462.2424999999348,004540
2024,open,2024-01-15,268302.24249999993,462.2424999999348,004540
2024,open,2024-01-16,265114.6674999999,265114.6674999999,
2024,open,2024-01-17,258061.17249999993,2391.172499999928,270870
2024,open,2024-01-18,257691.17249999993,2391.172499999928,270870
2024,open,2024-01-19,259911.17249999993,2391.172499999928,270870
2024,open,2024-01-22,259155.44749999995,259155.44749999995,
2024,open,2024-01-23,256608.26749999993,648.267499999929,270870
2024,open,2024-01-24,257688.26749999993,648.267499999929,270870
2024,open,2024-01-25,257328.26749999993,648.267499999929,270870
2024,open,2024-01-26,255145.94749999995,255145.94749999995,
2024,open,2024-01-29,270623.44749999995,39823.44749999995,003830
2024,open,2024-01-30,273823.44749999995,39823.44749999995,003830
2024,open,2024-01-31,279023.44749999995,39823.44749999995,003830
2024,open,2024-02-01,279663.14749999996,279663.14749999996,
2024,open,2024-02-02,278391.63749999995,4911.637499999953,163560
2024,open,2024-02-05,291291.63749999995,4911.637499999953,163560
2024,open,2024-02-06,273661.63749999995,4911.637499999953,163560
2024,open,2024-02-07,277552.06249999994,277552.06249999994,
2024,open,2024-02-08,268972.5174999999,4112.5174999999,004360
2024,open,2024-02-13,264982.5174999999,4112.5174999999,004360
2024,open,2024-02-14,258142.5174999999,4112.5174999999,004360
2024,open,2024-02-15,258140.9024999999,258140.9024999999,
2024,open,2024-02-16,254905.2974999999,685.2974999998987,003530
2024,open,2024-02-19,260320.2974999999,685.2974999998987,003530
2024,open,2024-02-20,254335.2974999999,685.2974999998987,003530
2024,open,2024-02-21,254523.9674999999,254523.9674999999,
2024,open,2024-02-22,257462.1674999999,12962.167499999894,014830
2024,open,2024-02-23,248462.1674999999,12962.167499999894,014830
2024,open,2024-02-26,248462.1674999999,12962.167499999894,014830
2024,open,2024-02-27,249606.6674999999,249606.6674999999,
2024,open,2024-02-28,262243.1874999999,6923.187499999884,163560
2024,open,2024-02-29,240663.18749999988,6923.187499999884,163560
2024,open,2024-03-04,224283.18749999988,6923.187499999884,163560
2024,open,2024-03-05,233043.4974999999,233043.4974999999,
2024,open,2024-03-06,231940.4974999999,30740.49749999991,001460
2024,open,2024-03-07,225140.4974999999,30740.49749999991,001460
2024,open,2024-03-08,226940.4974999999,30740.49749999991,001460
2024,open,2024-03-11,223450.9974999999,223450.9974999999,
2024,open,2024-03-12,222120.14399999988,4554.143999999884,088980
2024,open,2024-03-13,223310.14399999988,4554.143999999884,088980
2024,open,2024-03-14,223140.14399999988,4554.143999999884,088980
2024,open,2024-03-15,222795.2904999999,222795.2904999999,
2024,open,2024-03-18,220503.49049999987,1263.490499999869,015360
2024,open,2024-03-19,221623.49049999987,1263.490499999869,015360
2024,open,2024-03-20,220783.49049999987,1263.490499999869,015360
2024,open,2024-03-21,222690.85049999988,222690.85049999988,
2024,open,2024-03-22,226403.41249999986,65.4124999998603,014160
2024,open,2024-03-25,226403.41249999986,65.4124999998603,014160
2024,open,2024-03-26,221048.41249999986,65.4124999998603,014160
2024,open,2024-03-27,214775.86299999987,214775.86299999987,
2024,open,2024-03-28,212839.96299999984,3859.9629999998433,026890
2024,open,2024-03-29,213109.96299999984,3859.9629999998433,026890
2024,open,2024-04-01,208789.96299999984,3859.9629999998433,026890
2024,open,2024-04-02,210369.73299999986,210369.73299999986,
2024,open,2024-04-03,210369.73299999986,210369.73299999986,
2024,open,2024-04-04,202652.41299999985,5182.412999999855,006360
2024,open,2024-04-05,201742.41299999985,5182.412999999855,006360
2024,open,2024-04-08,199402.41299999985,5182.412999999855,006360
2024,open,2024-04-09,198072.64299999987,198072.64299999987,
2024,open,2024-04-11,194302.94899999985,9994.948999999848,101360
2024,open,2024-04-12,190494.94899999985,9994.948999999848,101360
2024,open,2024-04-15,172414.94899999985,9994.948999999848,101360
2024,open,2024-04-16,165992.60099999985,165992.60099999985,
2024,open,2024-04-17,162957.10099999985,8757.10099999985,006220
2024,open,2024-04-18,156257.10099999985,8757.10099999985,006220
2024,open,2024-04-19,157857.10099999985,8757.10099999985,006220
2024,open,2024-04-22,163324.90099999987,163324.90099999987,
2024,open,2024-04-23,162513.40099999987,22113.400999999867,105560
2024,open,2024-04-24,159913.40099999987,22113.400999999867,105560
2024,open,2024-04-25,160713.40099999987,22113.400999999867,105560
2024,open,2024-04-26,167894.40099999987,167894.40099999987,
2024,open,2024-04-29,167894.40099999987,167894.40099999987,
2024,open,2024-04-30,168948.50599999985,3718.5059999998484,094280
2024,open,2024-05-02,169078.50599999985,3718.5059999998484,094280
2024,open,2024-05-03,169468.50599999985,3718.5059999998484,094280
2024,open,2024-05-07,168960.27099999986,168960.27099999986,
2024,open,2024-05-08,168803.97099999984,64603.97099999986,014830
2024,open,2024-05-09,167503.97099999984,64603.97099999986,014830
2024,open,2024-05-10,163603.97099999984,64603.97099999986,014830
2024,open,2024-05-13,162456.97099999984,162456.97099999984,
2024,open,2024-05-14,152981.03599999985,4931.035999999847,064850
2024,open,2024-05-16,162431.03599999985,4931.035999999847,064850
2024,open,2024-05-17,161801.03599999985,4931.035999999847,064850
2024,open,2024-05-20,158001.08599999986,158001.08599999986,
2024,open,2024-05-21,162271.58599999986,4771.585999999865,026890
2024,open,2024-05-22,166321.58599999986,4771.585999999865,026890
2024,open,2024-05-23,167671.58599999986,4771.585999999865,026890
2024,open,2024-05-24,166378.81099999987,166378.81099999987,
2024,open,2024-05-27,171736.89599999986,1521.8959999998624,081580
2024,open,2024-05-28,170556.89599999986,1521.8959999998624,081580
2024,open,2024-05-29,169081.89599999986,1521.8959999998624,081580
2024,open,2024-05-30,167946.88349999988,167946.88349999988,
2024,open,2024-05-31,174631.18349999987,3901.183499999868,064850
2024,open,2024-06-03,166231.18349999987,3901.183499999868,064850
2024,open,2024-06-04,171271.18349999987,3901.183499999868,064850
2024,open,2024-06-05,173746.03349999987,173746.03349999987,
2024,open,2024-06-07,169175.53349999987,26525.533499999874,204320
2024,open,2024-06-10,166775.53349999987,26525.533499999874,204320
2024,open,2024-06-11,167825.53349999987,26525.533499999874,204320
2024,open,2024-06-12,168212.68349999987,168212.68349999987,
2024,open,2024-06-13,165678.00899999985,14199.008999999845,149980
2024,open,2024-06-14,157236.00899999985,14199.008999999845,149980
2024,open,2024-06-17,159999.00899999985,14199.008999999845,149980
2024,open,2024-06-18,159627.53849999985,159627.53849999985,
2024,open,2024-06-19,156531.91849999985,2311.9184999998542,081580
2024,open,2024-06-20,154771.91849999985,2311.9184999998542,081580
2024,open,2024-06-21,150151.91849999985,2311.9184999998542,081580
2024,open,2024-06-24,151687.51849999986,151687.51849999986,
2024,open,2024-06-25,137173.93549999985,5746.935499999847,101360
2024,open,2024-06-26,140935.93549999985,5746.935499999847,101360
2024,open,2024-06-27,143947.93549999985,5746.935499999847,101360
2024,open,2024-06-28,142734.14599999986,142734.14599999986,
2024,open,2024-07-01,147232.09599999984,7832.095999999845,094280
2024,open,2024-07-02,148332.09599999984,7832.095999999845,094280
2024,open,2024-07-03,145432.09599999984,7832.095999999845,094280
2024,open,2024-07-04,144726.44599999985,144726.44599999985,
2024,open,2024-07-05,143463.29599999986,2413.2959999998566,003570
2024,open,2024-07-08,147663.29599999986,2413.2959999998566,003570
2024,open,2024-07-09,144513.29599999986,2413.2959999998566,003570
2024,open,2024-07-10,144300.14599999986,144300.14599999986,
2024,open,2024-07-11,136599.89599999986,10599.895999999862,009300
2024,open,2024-07-12,137349.89599999986,10599.895999999862,009300
2024,open,2024-07-15,159599.89599999986,10599.895999999862,009300
2024,open,2024-07-16,161123.77099999986,161123.77099999986,
2024,open,2024-07-17,165925.36099999986,1945.360999999859,006360
2024,open,2024-07-18,163855.36099999986,1945.360999999859,006360
2024,open,2024-07-19,163045.36099999986,1945.360999999859,006360
2024,open,2024-07-22,162534.11599999986,162534.11599999986,
2024,open,2024-07-23,163503.31599999988,75203.31599999986,105560
2024,open,2024-07-24,159803.31599999988,75203.31599999986,105560
2024,open,2024-07-25,159203.31599999988,75203.31599999986,105560
2024,open,2024-07-26,160175.66599999985,160175.66599999985,
2024,open,2024-07-29,163625.02599999984,6185.025999999838,006360
2024,open,2024-07-30,164745.02599999984,6185.025999999838,006360
2024,open,2024-07-31,164985.02599999984,6185.025999999838,006360
2024,open,2024-08-01,164347.42599999983,164347.42599999983,
2024,open,2024-08-02,171124.82599999983,15724.825999999826,003570
2024,open,2024-08-05,154814.82599999983,15724.825999999826,003570
2024,open,2024-08-06,159574.82599999983,15724.825999999826,003570
2024,open,2024-08-07,160058.00099999984,160058.00099999984,
2024,open,2024-08-08,152845.85099999982,1720.8509999998205,314130
2024,open,2024-08-09,170980.85099999982,1720.8509999998205,314130
2024,open,2024-08-12,162610.85099999982,1720.8509999998205,314130
2024,open,2024-08-13,165464.86599999983,165464.86599999983,
2024,open,2024-08-14,162038.26599999983,818.2659999998286,004870
2024,open,2024-08-16,160358.26599999983,818.2659999998286,004870
2024,open,2024-08-19,159218.26599999983,818.2659999998286,004870
2024,open,2024-08-20,157243.27599999984,157243.27599999984,
2024,open,2024-08-21,159012.27599999984,3012.275999999838,081580
2024,open,2024-08-22,154812.27599999984,3012.275999999838,081580
2024,open,2024-08-23,151412.27599999984,3012.275999999838,081580
2024,open,2024-08-26,156381.87599999984,156381.87599999984,
2024,open,2024-08-27,160410.53599999985,8600.535999999847,064850
2024,open,2024-08-28,167380.53599999985,8600.535999999847,064850
2024,open,2024-08-29,173330.53599999985,8600.535999999847,064850
2024,open,2024-08-30,173083.44099999985,173083.44099999985,
2024,open,2024-09-02,167998.29099999982,2728.290999999823,081580
2024,open,2024-09-03,161698.29099999982,2728.290999999823,081580
2024,open,2024-09-04,154138.29099999982,2728.290999999823,081580
2024,open,2024-09-05,153911.17599999983,153911.17599999983,
2024,open,2024-09-06,164909.7459999998,6069.74599999981,064850
2024,open,2024-09-09,166669.7459999998,6069.74599999981,064850
2024,open,2024-09-10,171069.7459999998,6069.74599999981,064850
2024,open,2024-09-11,171591.0909999998,171591.0909999998,
2024,open,2024-09-12,172974.6359999998,364.6359999997949,246250
2024,open,2024-09-13,178304.6359999998,364.6359999997949,246250
2024,open,2024-09-19,178509.6359999998,364.6359999997949,246250
2024,open,2024-09-20,177423.6484999998,177423.6484999998,
2024,open,2024-09-23,223382.1484999998,16182.148499999807,064850
2024,open,2024-09-24,285332.1484999998,16182.148499999807,064850
2024,open,2024-09-25,285332.1484999998,16182.148499999807,064850
2024,open,2024-09-26,209092.34849999982,209092.34849999982,
2024,open,2024-09-27,208060.5164999998,892.5164999997942,006800
2024,open,2024-09-30,202084.5164999998,892.5164999997942,006800
2024,open,2024-10-02,203524.5164999998,892.5164999997942,006800
2024,open,2024-10-04,202501.6484999998,202501.6484999998,
2024,open,2024-10-07,209170.9134999998,1710.9134999997914,081580
2024,open,2024-10-08,203635.9134999998,1710.9134999997914,081580
2024,open,2024-10-10,194410.9134999998,1710.9134999997914,081580
2024,open,2024-10-11,199648.5609999998,199648.5609999998,
2024,open,2024-10-14,198668.5609999998,79468.56099999981,326030
2024,open,2024-10-15,205368.5609999998,79468.56099999981,326030
2024,open,2024-10-16,205168.5609999998,79468.56099999981,326030
2024,open,2024-10-17,206977.01099999982,206977.01099999982,
2024,open,2024-10-18,206977.01099999982,206977.01099999982,
2024,open,2024-10-21,208774.9259999998,5284.925999999803,015360
2024,open,2024-10-22,215074.9259999998,5284.925999999803,015360
2024,open,2024-10-23,221164.9259999998,5284.925999999803,015360
2024,open,2024-10-24,220841.10599999983,220841.10599999983,
2024,open,2024-10-25,220841.10599999983,220841.10599999983,
2024,open,2024-10-28,201249.35099999982,3345.3509999998205,004870
2024,open,2024-10-29,193383.35099999982,3345.3509999998205,004870
2024,open,2024-10-30,235962.35099999982,3345.3509999998205,004870
2024,open,2024-10-31,234247.47749999983,234247.47749999983,
2024,open,2024-11-01,211695.20899999983,3723.208999999828,004870
2024,open,2024-11-04,215246.20899999983,3723.208999999828,004870
2024,open,2024-11-05,210953.20899999983,3723.208999999828,004870
2024,open,2024-11-06,210377.76149999985,210377.76149999985,
2024,open,2024-11-07,208493.06149999984,20293.061499999836,105560
2024,open,2024-11-08,206693.06149999984,20293.061499999836,105560
2024,open,2024-11-11,205693.06149999984,20293.061499999836,105560
2024,open,2024-11-12,206014.06149999984,206014.06149999984,
2024,open,2024-11-13,193215.73899999983,3495.738999999827,127120
2024,open,2024-11-14,199845.73899999983,3495.738999999827,127120
2024,open,2024-11-15,199080.73899999983,3495.738999999827,127120
2024,open,2024-11-18,198532.74399999983,198532.74399999983,
2024,open,2024-11-19,201996.64399999983,836.6439999998256,016090
2024,open,2024-11-20,207166.64399999983,836.6439999998256,016090
2024,open,2024-11-21,206226.64399999983,836.6439999998256,016090
2024,open,2024-11-22,206387.85399999985,206387.85399999985,
2024,open,2024-11-25,206387.85399999985,206387.85399999985,
2024,open,2024-11-26,213781.77899999983,2031.778999999835,127120
2024,open,2024-11-27,227531.77899999983,2031.778999999835,127120
2024,open,2024-11-28,225881.77899999983,2031.778999999835,127120
2024,open,2024-11-29,235431.15399999983,235431.15399999983,
2024,open,2024-12-02,234340.7539999998,41540.75399999981,105560
2024,open,2024-12-03,243940.7539999998,41540.75399999981,105560
2024,open,2024-12-04,232340.7539999998,41540.75399999981,105560
2024,open,2024-12-05,226662.65399999983,226662.65399999983,
2024,open,2024-12-06,219452.70399999982,3027.7039999998233,003530
2024,open,2024-12-09,200202.70399999982,3027.7039999998233,003530
2024,open,2024-12-10,206802.70399999982,3027.7039999998233,003530
2024,open,2024-12-11,203476.57899999982,203476.57899999982,
2024,open,2024-12-12,233214.57399999982,8514.573999999819,115500
2024,open,2024-12-13,221244.57399999982,8514.573999999819,115500
2024,open,2024-12-16,244764.57399999982,8514.573999999819,115500
2024,open,2024-12-17,254475.07899999982,254475.07899999982,
2024,open,2024-12-18,267447.99899999984,9387.998999999807,015360
2024,open,2024-12-19,262387.99899999984,9387.998999999807,015360
2024,open,2024-12-20,263307.99899999984,9387.998999999807,015360
2024,open,2024-12-23,262008.4989999998,262008.4989999998,
2024,open,2024-12-24,260358.5289999998,1638.5289999998058,171120
2024,open,2024-12-26,256158.5289999998,1638.5289999998058,171120
2024,open,2024-12-27,214998.5289999998,1638.5289999998058,171120
2024,open,2024-12-30,214678.48899999983,214678.48899999983,
2024,close,2024-01-02,300000.0,300000.0,
2024,close,2024-01-03,300890.1,93090.09999999998,326030
2024,close,2024-01-04,285490.1,93090.09999999998,326030
2024,close,2024-01-05,287490.1,93090.09999999998,326030
2024,close,2024-01-08,287797.6,287797.6,
2024,close,2024-01-09,287797.6,287797.6,
2024,close,2024-01-10,287797.6,287797.6,
2024,close,2024-01-11,283182.24249999993,462.2424999999348,004540
2024,close,2024-01-12,268767.24249999993,462.2424999999348,004540
2024,close,2024-01-15,268302.24249999993,462.2424999999348,004540
2024,close,2024-01-16,265114.6674999999,265114.6674999999,
2024,close,2024-01-17,258061.17249999993,2391.172499999928,270870
2024,close,2024-01-18,257691.17249999993,2391.172499999928,270870
2024,close,2024-01-19,259911.17249999993,2391.172499999928,270870
2024,close,2024-01-22,259155.44749999995,259155.44749999995,
2024,close,2024-01-23,256608.26749999993,648.267499999929,270870
2024,close,2024-01-24,257688.26749999993,648.267499999929,270870
2024,close,2024-01-25,257328.26749999993,648.267499999929,270870
2024,close,2024-01-26,255145.94749999995,255145.94749999995,
2024,close,2024-01-29,270623.44749999995,39823.44749999995,003830
2024,close,2024-01-30,273823.44749999995,39823.44749999995,003830
2024,close,2024-01-31,279023.44749999995,39823.44749999995,003830
2024,close,2024-02-01,279663.14749999996,279663.14749999996,
2024,close,2024-02-02,278391.63749999995,4911.637499999953,163560
2024,close,2024-02-05,291291.63749999995,4911.637499999953,163560
2024,close,2024-02-06,273661.63749999995,4911.637499999953,163560
2024,close,2024-02-07,277552.06249999994,277552.06249999994,
2024,close,2024-02-08,268972.5174999999,4112.5174999999,004360
2024,close,2024-02-13,264982.5174999999,4112.5174999999,004360
2024,close,2024-02-14,258142.5174999999,4112.5174999999,004360
2024,close,2024-02-15,258140.9024999999,258140.9024999999,
2024,close,2024-02-16,254905.2974999999,685.2974999998987,003530
2024,close,2024-02-19,260320.2974999999,685.2974999998987,003530
2024,close,2024-02-20,254335.2974999999,685.2974999998987,003530
2024,close,2024-02-21,254523.9674999999,254523.9674999999,
2024,close,2024-02-22,257462.1674999999,12962.167499999894,014830
2024,close,2024-02-23,248462.1674999999,12962.167499999894,014830
2024,close,2024-02-26,248462.1674999999,12962.167499999894,014830
2024,close,2024-02-27,249606.6674999999,249606.6674999999,
2024,close,2024-02-28,262243.1874999999,6923.187499999884,163560
2024,close,2024-02-29,240663.18749999988,6923.187499999884,163560
2024,close,2024-03-04,224283.18749999988,6923.187499999884,163560
2024,close,2024-03-05,233043.4974999999,233043.4974999999,
2024,close,2024-03-06,231940.4974999999,30740.49749999991,001460
2024,close,2024-03-07,225140.4974999999,30740.49749999991,001460
2024,close,2024-03-08,226940.4974999999,30740.49749999991,001460
2024,close,2024-03-11,223450.9974999999,223450.9974999999,
2024,close,2024-03-12,222120.14399999988,4554.143999999884,088980
2024,close,2024-03-13,223310.14399999988,4554.143999999884,088980
2024,close,2024-03-14,223140.14399999988,4554.143999999884,088980
2024,close,2024-03-15,222795.2904999999,222795.2904999999,
2024,close,2024-03-18,220503.49049999987,1263.490499999869,015360
2024,close,2024-03-19,221623.49049999987,1263.490499999869,015360
2024,close,2024-03-20,220783.49049999987,1263.490499999869,015360
2024,close,2024-03-21,222690.85049999988,222690.85049999988,
2024,close,2024-03-22,226403.41249999986,65.4124999998603,014160
2024,close,2024-03-25,226403.41249999986,65.4124999998603,014160
2024,close,2024-03-26,221048.41249999986,65.4124999998603,014160
2024,close,2024-03-27,214775.86299999987,214775.86299999987,
2024,close,2024-03-28,212839.96299999984,3859.9629999998433,026890
2024,close,2024-03-29,213109.96299999984,3859.9629999998433,026890
2024,close,2024-04-01,208789.96299999984,3859.9629999998433,026890
2024,close,2024-04-02,210369.73299999986,210369.73299999986,
2024,close,2024-04-03,210369.73299999986,210369.73299999986,
2024,close,2024-04-04,202652.41299999985,5182.412999999855,006360
2024,close,2024-04-05,201742.41299999985,5182.412999999855,006360
2024,close,2024-04-08,199402.41299999985,5182.412999999855,006360
2024,close,2024-04-09,198072.64299999987,198072.64299999987,
2024,close,2024-04-11,194302.94899999985,9994.948999999848,101360
2024,close,2024-04-12,190494.94899999985,9994.948999999848,101360
2024,close,2024-04-15,172414.94899999985,9994.948999999848,101360
2024,close,2024-04-16,165992.60099999985,165992.60099999985,
2024,close,2024-04-17,162957.10099999985,8757.10099999985,006220
2024,close,2024-04-18,156257.10099999985,8757.10099999985,006220
2024,close,2024-04-19,157857.10099999985,8757.10099999985,006220
2024,close,2024-04-22,163324.90099999987,163324.90099999987,
2024,close,2024-04-23,162513.40099999987,22113.400999999867,105560
2024,close,2024-04-24,159913.40099999987,22113.400999999867,105560
2024,close,2024-04-25,160713.40099999987,22113.400999999867,105560
2024,close,2024-04-26,167894.40099999987,167894.40099999987,
2024,close,2024-04-29,167894.40099999987,167894.40099999987,
2024,close,2024-04-30,168948.50599999985,3718.5059999998484,094280
2024,close,2024-05-02,169078.50599999985,3718.5059999998484,094280
2024,close,2024-05-03,169468.50599999985,3718.5059999998484,094280
2024,close,2024-05-07,168960.27099999986,168960.27099999986,
2024,close,2024-05-08,168803.97099999984,64603.97099999986,014830
2024,close,2024-05-09,167503.97099999984,64603.97099999986,014830
2024,close,2024-05-10,163603.97099999984,64603.97099999986,014830
2024,close,2024-05-13,162456.97099999984,162456.97099999984,
2024,close,2024-05-14,152981.03599999985,4931.035999999847,064850
2024,close,2024-05-16,162431.03599999985,4931.035999999847,064850
2024,close,2024-05-17,161801.03599999985,4931.035999999847,064850
2024,close,2024-05-20,158001.08599999986,158001.08599999986,
2024,close,2024-05-21,162271.58599999986,4771.585999999865,026890
2024,close,2024-05-22,166321.58599999986,4771.585999999865,026890
2024,close,2024-05-23,167671.58599999986,4771.585999999865,026890
2024,close,2024-05-24,166378.81099999987,166378.81099999987,
2024,close,2024-05-27,171736.89599999986,1521.8959999998624,081580
2024,close,2024-05-28,170556.89599999986,1521.8959999998624,081580
2024,close,2024-05-29,169081.89599999986,1521.8959999998624,081580
2024,close,2024-05-30,167946.88349999988,167946.88349999988,
2024,close,2024-05-31,174631.18349999987,3901.183499999868,064850
2024,close,2024-06-03,166231.18349999987,3901.183499999868,064850
2024,close,2024-06-04,171271.18349999987,3901.183499999868,064850
2024,close,2024-06-05,173746.03349999987,173746.03349999987,
2024,close,2024-06-07,169175.53349999987,26525.533499999874,204320
2024,close,2024-06-10,166775.53349999987,26525.533499999874,204320
2024,close,2024-06-11,167825.53349999987,26525.533499999874,204320
2024,close,2024-06-12,168212.68349999987,168212.68349999987,
2024,close,2024-06-13,165678.00899999985,14199.008999999845,149980
2024,close,2024-06-14,157236.00899999985,14199.008999999845,149980
2024,close,2024-06-17,159999.00899999985,14199.008999999845,149980
2024,close,2024-06-18,159627.53849999985,159627.53849999985,
2024,close,2024-06-19,156531.91849999985,2311.9184999998542,081580
2024,close,2024-06-20,154771.91849999985,2311.9184999998542,081580
2024,close,2024-06-21,150151.91849999985,2311.9184999998542,081580
2024,close,2024-06-24,151687.51849999986,151687.51849999986,
2024,close,2024-06-25,137173.93549999985,5746.935499999847,101360
2024,close,2024-06-26,140935.93549999985,5746.935499999847,101360
2024,close,2024-06-27,143947.93549999985,5746.935499999847,101360
2024,close,2024-06-28,142734.14599999986,142734.14599999986,
2024,close,2024-07-01,147232.09599999984,7832.095999999845,094280
2024,close,2024-07-02,148332.09599999984,7832.095999999845,094280
2024,close,2024-07-03,145432.09599999984,7832.095999999845,094280
2024,close,2024-07-04,144726.44599999985,144726.44599999985,
2024,close,2024-07-05,143463.29599999986,2413.2959999998566,003570
2024,close,2024-07-08,147663.29599999986,2413.2959999998566,003570
2024,close,2024-07-09,144513.29599999986,2413.2959999998566,003570
2024,close,2024-07-10,144300.14599999986,144300.14599999986,
2024,close,2024-07-11,136599.89599999986,10599.895999999862,009300
2024,close,2024-07-12,137349.89599999986,10599.895999999862,009300
2024,close,2024-07-15,159599.89599999986,10599.895999999862,009300
2024,close,2024-07-16,161123.77099999986,161123.77099999986,
2024,close,2024-07-17,165925.36099999986,1945.360999999859,006360
2024,close,2024-07-18,163855.36099999986,1945.360999999859,006360
2024,close,2024-07-19,163045.36099999986,1945.360999999859,006360
2024,close,2024-07-22,162534.11599999986,162534.11599999986,
2024,close,2024-07-23,163503.31599999988,75203.31599999986,105560
2024,close,2024-07-24,159803.31599999988,75203.31599999986,105560
2024,close,2024-07-25,159203.31599999988,75203.31599999986,105560
2024,close,2024-07-26,160175.66599999985,160175.66599999985,
2024,close,2024-07-29,163625.02599999984,6185.025999999838,006360
2024,close,2024-07-30,164745.02599999984,6185.025999999838,006360
2024,close,2024-07-31,164985.02599999984,6185.025999999838,006360
2024,close,2024-08-01,164347.42599999983,164347.42599999983,
2024,close,2024-08-02,171124.82599999983,15724.825999999826,003570
2024,close,2024-08-05,154814.82599999983,15724.825999999826,003570
2024,close,2024-08-06,159574.82599999983,15724.825999999826,003570
2024,close,2024-08-07,160058.00099999984,160058.00099999984,
2024,close,2024-08-08,152845.85099999982,1720.8509999998205,314130
2024,close,2024-08-09,170980.85099999982,1720.8509999998205,314130
2024,close,2024-08-12,162610.85099999982,1720.8509999998205,314130
2024,close,2024-08-13,165464.86599999983,165464.86599999983,
2024,close,2024-08-14,162038.26599999983,818.2659999998286,004870
2024,close,2024-08-16,160358.26599999983,818.2659999998286,004870
2024,close,2024-08-19,159218.26599999983,818.2659999998286,004870
2024,close,2024-08-20,157243.27599999984,157243.27599999984,
2024,close,2024-08-21,159012.27599999984,3012.275999999838,081580
2024,close,2024-08-22,154812.27599999984,3012.275999999838,081580
2024,close,2024-08-23,151412.27599999984,3012.275999999838,081580
2024,close,2024-08-26,156381.87599999984,156381.87599999984,
2024,close,2024-08-27,160410.53599999985,8600.535999999847,064850
2024,close,2024-08-28,167380.53599999985,8600.535999999847,064850
2024,close,2024-08-29,173330.53599999985,8600.535999999847,064850
2024,close,2024-08-30,173083.44099999985,173083.44099999985,
2024,close,2024-09-02,167998.29099999982,2728.290999999823,081580
2024,close,2024-09-03,161698.29099999982,2728.290999999823,081580
2024,close,2024-09-04,154138.29099999982,2728.290999999823,081580
2024,close,2024-09-05,153911.17599999983,153911.17599999983,
2024,close,2024-09-06,164909.7459999998,6069.74599999981,064850
2024,close,2024-09-09,166669.7459999998,6069.74599999981,064850
2024,close,2024-09-10,171069.7459999998,6069.74599999981,064850
2024,close,2024-09-11,171591.0909999998,171591.0909999998,
2024,close,2024-09-12,172974.6359999998,364.6359999997949,246250
2024,close,2024-09-13,178304.6359999998,364.6359999997949,246250
2024,close,2024-09-19,178509.6359999998,364.6359999997949,246250
2024,close,2024-09-20,177423.6484999998,177423.6484999998,
2024,close,2024-09-23,223382.1484999998,16182.148499999807,064850
2024,close,2024-09-24,285332.1484999998,16182.148499999807,064850
2024,close,2024-09-25,285332.1484999998,16182.148499999807,064850
2024,close,2024-09-26,209092.34849999982,209092.34849999982,
2024,close,2024-09-27,208060.5164999998,892.5164999997942,006800
2024,close,2024-09-30,202084.5164999998,892.5164999997942,006800
2024,close,2024-10-02,203524.5164999998,892.5164999997942,006800
2024,close,2024-10-04,202501.6484999998,202501.6484999998,
2024,close,2024-10-07,209170.9134999998,1710.9134999997914,081580
2024,close,2024-10-08,203635.9134999998,1710.9134999997914,081580
2024,close,2024-10-10,194410.9134999998,1710.9134999997914,081580
2024,close,2024-10-11,199648.5609999998,199648.5609999998,
2024,close,2024-10-14,198668.5609999998,79468.56099999981,326030
2024,close,2024-10-15,205368.5609999998,79468.56099999981,326030
2024,close,2024-10-16,205168.5609999998,79468.56099999981,326030
2024,close,2024-10-17,206977.01099999982,206977.01099999982,
2024,close,2024-10-18,206977.01099999982,206977.01099999982,
2024,close,2024-10-21,208774.9259999998,5284.925999999803,015360
2024,close,2024-10-22,215074.9259999998,5284.925999999803,015360
2024,close,2024-10-23,221164.9259999998,5284.925999999803,015360
2024,close,2024-10-24,220841.10599999983,220841.10599999983,
2024,close,2024-10-25,220841.10599999983,220841.10599999983,
2024,close,2024-10-28,201249.35099999982,3345.3509999998205,004870
2024,close,2024-10-29,193383.35099999982,3345.3509999998205,004870
2024,close,2024-10-30,235962.35099999982,3345.3509999998205,004870
2024,close,2024-10-31,234247.47749999983,234247.47749999983,
2024,close,2024-11-01,211695.20899999983,3723.208999999828,004870
2024,close,2024-11-04,215246.20899999983,3723.208999999828,004870
2024,close,2024-11-05,210953.20899999983,3723.208999999828,004870
2024,close,2024-11-06,210377.76149999985,210377.76149999985,
2024,close,2024-11-07,208493.06149999984,20293.061499999836,105560
2024,close,2024-11-08,206693.06149999984,20293.061499999836,105560
2024,close,2024-11-11,205693.06149999984,20293.061499999836,105560
2024,close,2024-11-12,206014.06149999984,206014.06149999984,
2024,close,2024-11-13,193215.73899999983,3495.738999999827,127120
2024,close,2024-11-14,199845.73899999983,3495.738999999827,127120
2024,close,2024-11-15,199080.73899999983,3495.738999999827,127120
2024,close,2024-11-18,198532.74399999983,198532.74399999983,
2024,close,2024-11-19,201996.64399999983,836.6439999998256,016090
2024,close,2024-11-20,207166.64399999983,836.6439999998256,016090
2024,close,2024-11-21,206226.64399999983,836.6439999998256,016090
2024,close,2024-11-22,206387.85399999985,206387.85399999985,
2024,close,2024-11-25,206387.85399999985,206387.85399999985,
2024,close,2024-11-26,213781.77899999983,2031.778999999835,127120
2024,close,2024-11-27,227531.77899999983,2031.778999999835,127120
2024,close,2024-11-28,225881.77899999983,2031.778999999835,127120
2024,close,2024-11-29,235431.15399999983,235431.15399999983,
2024,close,2024-12-02,234340.7539999998,41540.75399999981,105560
2024,close,2024-12-03,243940.7539999998,41540.75399999981,105560
2024,close,2024-12-04,232340.7539999998,41540.75399999981,105560
2024,close,2024-12-05,226662.65399999983,226662.65399999983,
2024,close,2024-12-06,219452.70399999982,3027.7039999998233,003530
2024,close,2024-12-09,200202.70399999982,3027.7039999998233,003530
2024,close,2024-12-10,206802.70399999982,3027.7039999998233,003530
2024,close,2024-12-11,203476.57899999982,203476.57899999982,
2024,close,2024-12-12,233214.57399999982,8514.573999999819,115500
2024,close,2024-12-13,221244.57399999982,8514.573999999819,115500
2024,close,2024-12-16,244764.57399999982,8514.573999999819,115500
2024,close,2024-12-17,254475.07899999982,254475.07899999982,
2024,close,2024-12-18,267447.99899999984,9387.998999999807,015360
2024,close,2024-12-19,262387.99899999984,9387.998999999807,015360
2024,close,2024-12-20,263307.99899999984,9387.998999999807,015360
2024,close,2024-12-23,262008.4989999998,262008.4989999998,
2024,close,2024-12-24,260358.5289999998,1638.5289999998058,171120
2024,close,2024-12-26,256158.5289999998,1638.5289999998058,171120
2024,close,2024-12-27,214998.5289999998,1638.5289999998058,171120
2024,close,2024-12-30,214678.48899999983,214678.48899999983,
2024,low,2024-01-02,300000.0,300000.0,
2024,low,2024-01-03,300890.1,93090.09999999998,326030
2024,low,2024-01-04,285490.1,93090.09999999998,326030
2024,low,2024-01-05,287490.1,93090.09999999998,326030
2024,low,2024-01-08,287797.6,287797.6,
2024,low,2024-01-09,287797.6,287797.6,
2024,low,2024-01-10,287797.6,287797.6,
2024,low,2024-01-11,283182.24249999993,462.2424999999348,004540
2024,low,2024-01-12,268767.24249999993,462.2424999999348,004540
2024,low,2024-01-15,268302.24249999993,462.2424999999348,004540
2024,low,2024-01-16,265114.6674999999,265114.6674999999,
2024,low,2024-01-17,258061.17249999993,2391.172499999928,270870
2024,low,2024-01-18,257691.17249999993,2391.172499999928,270870
2024,low,2024-01-19,259911.17249999993,2391.172499999928,270870
2024,low,2024-01-22,259155.44749999995,259155.44749999995,
2024,low,2024-01-23,256608.26749999993,648.267499999929,270870
2024,low,2024-01-24,257688.26749999993,648.267499999929,270870
2024,low,2024-01-25,257328.26749999993,648.267499999929,270870
2024,low,2024-01-26,255145.94749999995,255145.94749999995,
2024,low,2024-01-29,270623.44749999995,39823.44749999995,003830
2024,low,2024-01-30,273823.44749999995,39823.44749999995,003830
2024,low,2024-01-31,279023.44749999995,39823.44749999995,003830
2024,low,2024-02-01,279663.14749999996,279663.14749999996,
2024,low,2024-02-02,278391.63749999995,4911.637499999953,163560
2024,low,2024-02-05,291291.63749999995,4911.637499999953,163560
2024,low,2024-02-06,273661.63749999995,4911.637499999953,163560
2024,low,2024-02-07,277552.06249999994,277552.06249999994,
2024,low,2024-02-08,268972.5174999999,4112.5174999999,004360
2024,low,2024-02-13,264982.5174999999,4112.5174999999,004360
2024,low,2024-02-14,258142.5174999999,4112.5174999999,004360
2024,low,2024-02-15,258140.9024999999,258140.9024999999,
2024,low,2024-02-16,254905.2974999999,685.2974999998987,003530
2024,low,2024-02-19,260320.2974999999,685.2974999998987,003530
2024,low,2024-02-20,254335.2974999999,685.2974999998987,003530
2024,low,2024-02-21,254523.9674999999,254523.9674999999,
2024,low,2024-02-22,257462.1674999999,12962.167499999894,014830
2024,low,2024-02-23,248462.1674999999,12962.167499999894,014830
2024,low,2024-02-26,248462.1674999999,12962.167499999894,014830
2024,low,2024-02-27,249606.6674999999,249606.6674999999,
2024,low,2024-02-28,262243.1874999999,6923.187499999884,163560
2024,low,2024-02-29,240663.18749999988,6923.187499999884,163560
2024,low,2024-03-04,224283.18749999988,6923.187499999884,163560
2024,low,2024-03-05,233043.4974999999,233043.4974999999,
2024,low,2024-03-06,231940.4974999999,30740.49749999991,001460
2024,low,2024-03-07,225140.4974999999,30740.49749999991,001460
2024,low,2024-03-08,226940.4974999999,30740.49749999991,001460
2024,low,2024-03-11,223450.9974999999,223450.9974999999,
2024,low,2024-03-12,222120.14399999988,4554.143999999884,088980
2024,low,2024-03-13,223310.14399999988,4554.143999999884,088980
2024,low,2024-03-14,223140.14399999988,4554.143999999884,088980
2024,low,2024-03-15,222795.2904999999,222795.2904999999,
2024,low,2024-03-18,220503.49049999987,1263.490499999869,015360
2024,low,2024-03-19,221623.49049999987,1263.490499999869,015360
2024,low,2024-03-20,220783.49049999987,1263.490499999869,015360
2024,low,2024-03-21,222690.85049999988,222690.85049999988,
2024,low,2024-03-22,226403.41249999986,65.4124999998603,014160
2024,low,2024-03-25,226403.41249999986,65.4124999998603,014160
2024,low,2024-03-26,221048.41249999986,65.4124999998603,014160
2024,low,2024-03-27,214775.86299999987,214775.86299999987,
2024,low,2024-03-28,212839.96299999984,3859.9629999998433,026890
2024,low,2024-03-29,213109.96299999984,3859.9629999998433,026890
2024,low,2024-04-01,208789.96299999984,3859.9629999998433,026890
2024,low,2024-04-02,210369.73299999986,210369.73299999986,
2024,low,2024-04-03,210369.73299999986,210369.73299999986,
2024,low,2024-04-04,202652.41299999985,5182.412999999855,006360
2024,low,2024-04-05,201742.41299999985,5182.412999999855,006360
2024,low,2024-04-08,199402.41299999985,5182.412999999855,006360
2024,low,2024-04-09,198072.64299999987,198072.64299999987,
2024,low,2024-04-11,194302.94899999985,9994.948999999848,101360
2024,low,2024-04-12,190494.94899999985,9994.948999999848,101360
2024,low,2024-04-15,172414.94899999985,9994.948999999848,101360
2024,low,2024-04-16,165992.60099999985,165992.60099999985,
2024,low,2024-04-17,162957.10099999985,8757.10099999985,006220
2024,low,2024-04-18,156257.10099999985,8757.10099999985,006220
2024,low,2024-04-19,157857.10099999985,8757.10099999985,006220
2024,low,2024-04-22,163324.90099999987,163324.90099999987,
2024,low,2024-04-23,162513.40099999987,22113.400999999867,105560
2024,low,2024-04-24,159913.40099999987,22113.400999999867,105560
2024,low,2024-04-25,160713.40099999987,22113.400999999867,105560
2024,low,2024-04-26,167894.40099999987,167894.40099999987,
2024,low,2024-04-29,167894.40099999987,167894.40099999987,
2024,low,2024-04-30,168948.50599999985,3718.5059999998484,094280
2024,low,2024-05-02,169078.50599999985,3718.5059999998484,094280
2024,low,2024-05-03,169468.50599999985,3718.5059999998484,094280
2024,low,2024-05-07,168960.27099999986,168960.27099999986,
2024,low,2024-05-08,168803.97099999984,64603.97099999986,014830
2024,low,2024-05-09,167503.97099999984,64603.97099999986,014830
2024,low,2024-05-10,163603.97099999984,64603.97099999986,014830
2024,low,2024-05-13,162456.97099999984,162456.97099999984,
2024,low,2024-05-14,152981.03599999985,4931.035999999847,064850
2024,low,2024-05-16,162431.03599999985,4931.035999999847,064850
2024,low,2024-05-17,161801.03599999985,4931.035999999847,064850
2024,low,2024-05-20,158001.08599999986,158001.08599999986,
2024,low,2024-05-21,162271.58599999986,4771.585999999865,026890
2024,low,2024-05-22,166321.58599999986,4771.585999999865,026890
2024,low,2024-05-23,167671.58599999986,4771.585999999865,026890
2024,low,2024-05-24,166378.81099999987,166378.81099999987,
2024,low,2024-05-27,171736.89599999986,1521.8959999998624,081580
2024,low,2024-05-28,170556.89599999986,1521.8959999998624,081580
2024,low,2024-05-29,169081.89599999986,1521.8959999998624,081580
2024,low,2024-05-30,167946.88349999988,167946.88349999988,
2024,low,2024-05-31,174631.18349999987,3901.183499999868,064850
2024,low,2024-06-03,166231.18349999987,3901.183499999868,064850
2024,low,2024-06-04,171271.18349999987,3901.183499999868,064850
2024,low,2024-06-05,173746.03349999987,173746.03349999987,
2024,low,2024-06-07,169175.53349999987,26525.533499999874,204320
2024,low,2024-06-10,166775.53349999987,26525.533499999874,204320
2024,low,2024-06-11,167825.53349999987,26525.533499999874,204320
2024,low,2024-06-12,168212.68349999987,168212.68349999987,
2024,low,2024-06-13,165678.00899999985,14199.008999999845,149980
2024,low,2024-06-14,157236.00899999985,14199.008999999845,149980
2024,low,2024-06-17,159999.00899999985,14199.008999999845,149980
2024,low,2024-06-18,159627.53849999985,159627.53849999985,
2024,low,2024-06-19,156531.91849999985,2311.9184999998542,081580
2024,low,2024-06-20,154771.91849999985,2311.9184999998542,081580
2024,low,2024-06-21,150151.91849999985,2311.9184999998542,081580
2024,low,2024-06-24,151687.51849999986,151687.51849999986,
2024,low,2024-06-25,137173.93549999985,5746.935499999847,101360
2024,low,2024-06-26,140935.93549999985,5746.935499999847,101360
2024,low,2024-06-27,143947.93549999985,5746.935499999847,101360
2024,low,2024-06-28,142734.14599999986,142734.14599999986,
2024,low,2024-07-01,147232.09599999984,7832.095999999845,094280
2024,low,2024-07-02,148332.09599999984,7832.095999999845,094280
2024,low,2024-07-03,145432.09599999984,7832.095999999845,094280
2024,low,2024-07-04,144726.44599999985,144726.44599999985,
2024,low,2024-07-05,143463.29599999986,2413.2959999998566,003570
2024,low,2024-07-08,147663.29599999986,2413.2959999998566,003570
2024,low,2024-07-09,144513.29599999986,2413.2959999998566,003570
2024,low,2024-07-10,144300.14599999986,144300.14599999986,
2024,low,2024-07-11,136599.89599999986,10599.895999999862,009300
2024,low,2024-07-12,137349.89599999986,10599.895999999862,009300
2024,low,2024-07-15,159599.89599999986,10599.895999999862,009300
2024,low,2024-07-16,161123.77099999986,161123.77099999986,
2024,low,2024-07-17,165925.36099999986,1945.360999999859,006360
2024,low,2024-07-18,163855.36099999986,1945.360999999859,006360
2024,low,2024-07-19,163045.36099999986,1945.360999999859,006360
2024,low,2024-07-22,162534.11599999986,162534.11599999986,
2024,low,2024-07-23,163503.31599999988,75203.31599999986,105560
2024,low,2024-07-24,159803.31599999988,75203.31599999986,105560
2024,low,2024-07-25,159203.31599999988,75203.31599999986,105560
2024,low,2024-07-26,160175.66599999985,160175.66599999985,
2024,low,2024-07-29,163625.02599999984,6185.025999999838,006360
2024,low,2024-07-30,164745.02599999984,6185.025999999838,006360
2024,low,2024-07-31,164985.02599999984,6185.025999999838,006360
2024,low,2024-08-01,164347.42599999983,164347.42599999983,
2024,low,2024-08-02,171124.82599999983,15724.825999999826,003570
2024,low,2024-08-05,154814.82599999983,15724.825999999826,003570
2024,low,2024-08-06,159574.82599999983,15724.825999999826,003570
2024,low,2024-08-07,160058.00099999984,160058.00099999984,
2024,low,2024-08-08,152845.85099999982,1720.8509999998205,314130
2024,low,2024-08-09,170980.85099999982,1720.8509999998205,314130
2024,low,2024-08-12,162610.85099999982,1720.8509999998205,314130
2024,low,2024-08-13,165464.86599999983,165464.86599999983,
2024,low,2024-08-14,162038.26599999983,818.2659999998286,004870
2024,low,2024-08-16,160358.26599999983,818.2659999998286,004870
2024,low,2024-08-19,159218.26599999983,818.2659999998286,004870
2024,low,2024-08-20,157243.27599999984,157243.27599999984,
2024,low,2024-08-21,159012.27599999984,3012.275999999838,081580
2024,low,2024-08-22,154812.27599999984,3012.275999999838,081580
2024,low,2024-08-23,151412.27599999984,3012.275999999838,081580
2024,low,2024-08-26,156381.87599999984,156381.87599999984,
2024,low,2024-08-27,160410.53599999985,8600.535999999847,064850
2024,low,2024-08-28,167380.53599999985,8600.535999999847,064850
2024,low,2024-08-29,173330.53599999985,8600.535999999847,064850
2024,low,2024-08-30,173083.44099999985,173083.44099999985,
2024,low,2024-09-02,167998.29099999982,2728.290999999823,081580
2024,low,2024-09-03,161698.29099999982,2728.290999999823,081580
2024,low,2024-09-04,154138.29099999982,2728.290999999823,081580
2024,low,2024-09-05,153911.17599999983,153911.17599999983,
2024,low,2024-09-06,164909.7459999998,6069.74599999981,064850
2024,low,2024-09-09,166669.7459999998,6069.74599999981,064850
2024,low,2024-09-10,171069.7459999998,6069.74599999981,064850
2024,low,2024-09-11,171591.0909999998,171591.0909999998,
2024,low,2024-09-12,172974.6359999998,364.6359999997949,246250
2024,low,2024-09-13,178304.6359999998,364.6359999997949,246250
2024,low,2024-09-19,178509.6359999998,364.6359999997949,246250
2024,low,2024-09-20,177423.6484999998,177423.6484999998,
2024,low,2024-09-23,223382.1484999998,16182.148499999807,064850
2024,low,2024-09-24,285332.1484999998,16182.148499999807,064850
2024,low,2024-09-25,285332.1484999998,16182.148499999807,064850
2024,low,2024-09-26,209092.34849999982,209092.34849999982,
2024,low,2024-09-27,208060.5164999998,892.5164999997942,006800
2024,low,2024-09-30,202084.5164999998,892.5164999997942,006800
2024,low,2024-10-02,203524.5164999998,892.5164999997942,006800
2024,low,2024-10-04,202501.6484999998,202501.6484999998,
2024,low,2024-10-07,209170.9134999998,1710.9134999997914,081580
2024,low,2024-10-08,203635.9134999998,1710.9134999997914,081580
2024,low,2024-10-10,194410.9134999998,1710.9134999997914,081580
2024,low,2024-10-11,199648.5609999998,199648.5609999998,
2024,low,2024-10-14,198668.5609999998,79468.56099999981,326030
2024,low,2024-10-15,205368.5609999998,79468.56099999981,326030
2024,low,2024-10-16,205168.5609999998,79468.56099999981,326030
2024,low,2024-10-17,206977.01099999982,206977.01099999982,
2024,low,2024-10-18,206977.01099999982,206977.01099999982,
2024,low,2024-10-21,208774.9259999998,5284.925999999803,015360
2024,low,2024-10-22,215074.9259999998,5284.925999999803,015360
2024,low,2024-10-23,221164.9259999998,5284.925999999803,015360
2024,low,2024-10-24,220841.10599999983,220841.10599999983,
2024,low,2024-10-25,220841.10599999983,220841.10599999983,
2024,low,2024-10-28,201249.35099999982,3345.3509999998205,004870
2024,low,2024-10-29,193383.35099999982,3345.3509999998205,004870
2024,low,2024-10-30,235962.35099999982,3345.3509999998205,004870
2024,low,2024-10-31,234247.47749999983,234247.47749999983,
2024,low,2024-11-01,211695.20899999983,3723.208999999828,004870
2024,low,2024-11-04,215246.20899999983,3723.208999999828,004870
2024,low,2024-11-05,210953.20899999983,3723.208999999828,004870
2024,low,2024-11-06,210377.76149999985,210377.76149999985,
2024,low,2024-11-07,208493.06149999984,20293.061499999836,105560
2024,low,2024-11-08,206693.06149999984,20293.061499999836,105560
2024,low,2024-11-11,205693.06149999984,20293.061499999836,105560
2024,low,2024-11-12,206014.06149999984,206014.06149999984,
2024,low,2024-11-13,193215.73899999983,3495.738999999827,127120
2024,low,2024-11-14,199845.73899999983,3495.738999999827,127120
2024,low,2024-11-15,199080.73899999983,3495.738999999827,127120
2024,low,2024-11-18,198532.74399999983,198532.74399999983,
2024,low,2024-11-19,201996.64399999983,836.6439999998256,016090
2024,low,2024-11-20,207166.64399999983,836.6439999998256,016090
2024,low,2024-11-21,206226.64399999983,836.6439999998256,016090
2024,low,2024-11-22,206387.85399999985,206387.85399999985,
2024,low,2024-11-25,206387.85399999985,206387.85399999985,
2024,low,2024-11-26,213781.77899999983,2031.778999999835,127120
2024,low,2024-11-27,227531.77899999983,2031.778999999835,127120
2024,low,2024-11-28,225881.77899999983,2031.778999999835,127120
2024,low,2024-11-29,235431.15399999983,235431.15399999983,
2024,low,2024-12-02,234340.7539999998,41540.75399999981,105560
2024,low,2024-12-03,243940.7539999998,41540.75399999981,105560
2024,low,2024-12-04,232340.7539999998,41540.75399999981,105560
2024,low,2024-12-05,226662.65399999983,226662.65399999983,
2024,low,2024-12-06,219452.70399999982,3027.7039999998233,003530
2024,low,2024-12-09,200202.70399999982,3027.7039999998233,003530
2024,low,2024-12-10,206802.70399999982,3027.7039999998233,003530
2024,low,2024-12-11,203476.57899999982,203476.57899999982,
2024,low,2024-12-12,233214.57399999982,8514.573999999819,115500
2024,low,2024-12-13,221244.57399999982,8514.573999999819,115500
2024,low,2024-12-16,244764.57399999982,8514.573999999819,115500
2024,low,2024-12-17,254475.07899999982,254475.07899999982,
2024,low,2024-12-18,267447.99899999984,9387.998999999807,015360
2024,low,2024-12-19,262387.99899999984,9387.998999999807,015360
2024,low,2024-12-20,263307.99899999984,9387.998999999807,015360
2024,low,2024-12-23,262008.4989999998,262008.4989999998,
2024,low,2024-12-24,260358.5289999998,1638.5289999998058,171120
2024,low,2024-12-26,256158.5289999998,1638.5289999998058,171120
2024,low,2024-12-27,214998.5289999998,1638.5289999998058,171120
2024,low,2024-12-30,214678.48899999983,214678.48899999983,
2025,open,2025-01-02,300000.0,300000.0,
2025,open,2025-01-03,288359.0,5559.0,204320
2025,open,2025-01-06,303059.0,5559.0,204320
2025,open,2025-01-07,303759.0,5559.0,204320
2025,open,2025-01-08,299118.0,299118.0,
2025,open,2025-01-09,298292.82999999996,1892.829999999958,319400
2025,open,2025-01-10,296012.82999999996,1892.829999999958,319400
2025,open,2025-01-13,306272.82999999996,1892.829999999958,319400
2025,open,2025-01-14,304298.54,304298.54,
2025,open,2025-01-15,302993.54,33893.53999999998,204320
2025,open,2025-01-16,301493.54,33893.53999999998,204320
2025,open,2025-01-17,304793.54,33893.53999999998,204320
2025,open,2025-01-20,306484.04,306484.04,
2025,open,2025-01-21,310656.29,87656.28999999998,003030
2025,open,2025-01-22,299656.29,87656.28999999998,003030
2025,open,2025-01-23,296656.29,87656.28999999998,003030
2025,open,2025-01-24,295843.54,295843.54,
2025,open,2025-01-31,288688.66,5488.659999999974,025980
2025,open,2025-02-03,267088.66,5488.659999999974,025980
2025,open,2025-02-04,274288.66,5488.659999999974,025980
2025,open,2025-02-05,276761.14,276761.14,
2025,open,2025-02-06,262848.64,1348.640000000014,051630
2025,open,2025-02-07,227098.64,1348.640000000014,051630
2025,open,2025-02-10,222848.64,1348.640000000014,051630
2025,open,2025-02-11,218772.015,218772.015,
2025,open,2025-02-12,222107.415,42107.41500000001,204320
2025,open,2025-02-13,228707.415,42107.41500000001,204320
2025,open,2025-02-14,225707.415,42107.41500000001,204320
2025,open,2025-02-17,225032.61500000002,225032.61500000002,
2025,open,2025-02-18,223704.86500000002,6204.86500000002,003030
2025,open,2025-02-19,225204.86500000002,6204.86500000002,003030
2025,open,2025-02-20,236204.86500000002,6204.86500000002,003030
2025,open,2025-02-21,235859.86500000002,235859.86500000002,
2025,open,2025-02-24,231740.92500000002,9560.925000000017,015360
2025,open,2025-02-25,232580.92500000002,9560.925000000017,015360
2025,open,2025-02-26,228800.92500000002,9560.925000000017,015360
2025,open,2025-02-27,217149.07500000004,217149.07500000004,
2025,open,2025-02-28,204640.64000000004,4540.640000000043,053350
2025,open,2025-03-04,220740.64000000004,4540.640000000043,053350
2025,open,2025-03-05,225800.64000000004,4540.640000000043,053350
2025,open,2025-03-06,225009.44000000006,225009.44000000006,
2025,open,2025-03-07,225414.22000000006,1194.2200000000594,136480
2025,open,2025-03-10,225784.22000000006,1194.2200000000594,136480
2025,open,2025-03-11,228374.22000000006,1194.2200000000594,136480
2025,open,2025-03-12,228033.45000000007,228033.45000000007,
2025,open,2025-03-13,228033.45000000007,228033.45000000007,
2025,open,2025-03-14,224140.36500000005,12320.365000000049,115500
2025,open,2025-03-17,225330.36500000005,12320.365000000049,115500
2025,open,2025-03-18,234170.36500000005,12320.365000000049,115500
2025,open,2025-03-19,226708.30000000005,226708.30000000005,
2025,open,2025-03-20,263572.60000000003,2572.600000000035,011230
2025,open,2025-03-21,253672.60000000003,2572.600000000035,011230
2025,open,2025-03-24,262672.60000000003,2572.600000000035,011230
2025,open,2025-03-25,263780.20000000007,263780.20000000007,
2025,open,2025-03-26,260269.42000000004,2869.420000000042,030210
2025,open,2025-03-27,271579.42000000004,2869.420000000042,030210
2025,open,2025-03-28,273529.42000000004,2869.420000000042,030210
2025,open,2025-03-31,271565.7700000001,271565.7700000001,
2025,open,2025-04-01,271565.7700000001,271565.7700000001,
2025,open,2025-04-02,265442.51000000007,2322.5100000000675,052220
2025,open,2025-04-03,294562.51000000007,2322.5100000000675,052220
2025,open,2025-04-04,240222.51000000007,2322.5100000000675,052220
2025,open,2025-04-07,238567.61000000007,238567.61000000007,
2025,open,2025-04-08,238965.48500000007,3465.4850000000733,052220
2025,open,2025-04-09,223215.48500000007,3465.4850000000733,052220
2025,open,2025-04-10,230715.48500000007,3465.4850000000733,052220
2025,open,2025-04-11,231373.11000000007,231373.11000000007,
2025,open,2025-04-14,225165.00750000007,2295.007500000065,310200
2025,open,2025-04-15,224475.00750000007,2295.007500000065,310200
2025,open,2025-04-16,223095.00750000007,2295.007500000065,310200
2025,open,2025-04-17,226553.11500000008,226553.11500000008,
2025,open,2025-04-18,232014.14000000007,3569.140000000072,030210
2025,open,2025-04-21,243604.14000000007,3569.140000000072,030210
2025,open,2025-04-22,208529.14000000007,3569.140000000072,030210
2025,open,2025-04-23,211267.1250000001,211267.1250000001,
2025,open,2025-04-24,209598.02500000008,31598.02500000008,014830
2025,open,2025-04-25,207598.02500000008,31598.02500000008,014830
2025,open,2025-04-28,210398.02500000008,31598.02500000008,014830
2025,open,2025-04-29,208332.52500000008,208332.52500000008,
2025,open,2025-04-30,226358.78450000007,2196.784500000067,006800
2025,open,2025-05-02,228638.78450000007,2196.784500000067,006800
2025,open,2025-05-07,228828.78450000007,2196.784500000067,006800
2025,open,2025-05-08,227540.26150000008,227540.26150000008,
2025,open,2025-05-09,227513.11150000006,9113.111500000057,003570
2025,open,2025-05-12,210713.11150000006,9113.111500000057,003570
2025,open,2025-05-13,208313.11150000006,9113.111500000057,003570
2025,open,2025-05-14,208014.31150000007,208014.31150000007,
2025,open,2025-05-15,204105.31150000007,1705.311500000069,344860
2025,open,2025-05-16,200505.31150000007,1705.311500000069,344860
2025,open,2025-05-19,176505.31150000007,1705.311500000069,344860
2025,open,2025-05-20,176243.1115000001,176243.1115000001,
2025,open,2025-05-21,183209.1115000001,20009.111500000086,003570
2025,open,2025-05-22,176809.1115000001,20009.111500000086,003570
2025,open,2025-05-23,177809.1115000001,20009.111500000086,003570
2025,open,2025-05-26,178570.9115000001,178570.9115000001,
2025,open,2025-05-27,177338.0365000001,23088.036500000104,000850
2025,open,2025-05-28,177338.0365000001,23088.036500000104,000850
2025,open,2025-05-29,180338.0365000001,23088.036500000104,000850
2025,open,2025-05-30,178854.0365000001,178854.0365000001,
2025,open,2025-06-02,179056.3365000001,46856.33650000009,014680
2025,open,2025-06-04,177856.3365000001,46856.33650000009,014680
2025,open,2025-06-05,186156.3365000001,46856.33650000009,014680
2025,open,2025-06-09,187345.2865000001,187345.2865000001,
2025,open,2025-06-10,189227.1865000001,1667.186500000098,015860
2025,open,2025-06-11,191387.1865000001,1667.186500000098,015860
2025,open,2025-06-12,187067.1865000001,1667.186500000098,015860
2025,open,2025-06-13,186789.08650000012,186789.08650000012,
2025,open,2025-06-16,187951.52650000012,1471.5265000001236,025980
2025,open,2025-06-17,192091.52650000012,1471.5265000001236,025980
2025,open,2025-06-18,189391.52650000012,1471.5265000001236,025980
2025,open,2025-06-19,186413.69650000014,186413.69650000014,
2025,open,2025-06-20,192180.82150000014,885.8215000001364,319400
2025,open,2025-06-23,194325.82150000014,885.8215000001364,319400
2025,open,2025-06-24,200565.82150000014,885.8215000001364,319400
2025,open,2025-06-25,200655.71650000016,200655.71650000016,
2025,open,2025-06-26,190217.36650000015,1457.3665000001492,009070
2025,open,2025-06-27,217907.36650000015,1457.3665000001492,009070
2025,open,2025-06-30,208157.36650000015,1457.3665000001492,009070
2025,open,2025-07-01,208626.14650000015,208626.14650000015,
2025,open,2025-07-02,202816.88650000014,15496.886500000139,004360
2025,open,2025-07-03,201496.88650000014,15496.886500000139,004360
2025,open,2025-07-04,196696.88650000014,15496.886500000139,004360
2025,open,2025-07-07,196425.08650000015,196425.08650000015,
2025,open,2025-07-08,193763.48650000014,21763.486500000145,000080
2025,open,2025-07-09,194963.48650000014,21763.486500000145,000080
2025,open,2025-07-10,193763.48650000014,21763.486500000145,000080
2025,open,2025-07-11,193904.88650000017,193904.88650000017,
2025,open,2025-07-14,192467.84650000016,2257.8465000001597,030210
2025,open,2025-07-15,188787.84650000016,2257.8465000001597,030210
2025,open,2025-07-16,183037.84650000016,2257.8465000001597,030210
2025,open,2025-07-17,182996.33150000017,182996.33150000017,
2025,open,2025-07-18,180940.77650000015,12370.776500000153,009300
2025,open,2025-07-21,181210.77650000015,12370.776500000153,009300
2025,open,2025-07-22,180130.77650000015,12370.776500000153,009300
2025,open,2025-07-23,179879.13650000017,179879.13650000017,
2025,open,2025-07-24,176072.81150000016,42122.811500000156,036460
2025,open,2025-07-25,177872.81150000016,42122.811500000156,036460
2025,open,2025-07-28,175922.81150000016,42122.811500000156,036460
2025,open,2025-07-29,175123.01150000017,175123.01150000017,
2025,open,2025-07-30,177275.51150000017,9875.511500000168,003570
2025,open,2025-07-31,185675.51150000017,9875.511500000168,003570
2025,open,2025-08-01,181175.51150000017,9875.511500000168,003570
2025,open,2025-08-04,177923.06150000019,177923.06150000019,
2025,open,2025-08-05,172924.61350000018,24.613500000181375,128540
2025,open,2025-08-06,172742.61350000018,24.613500000181375,128540
2025,open,2025-08-07,170194.61350000018,24.613500000181375,128540
2025,open,2025-08-08,169939.35850000018,169939.35850000018,
2025,open,2025-08-11,140867.02500000017,797.0250000001688,138360
2025,open,2025-08-12,149722.02500000017,797.0250000001688,138360
2025,open,2025-08-13,133783.02500000017,797.0250000001688,138360
2025,open,2025-08-14,134226.58000000016,134226.58000000016,
2025,open,2025-08-18,125447.26000000015,1147.2600000001548,036620
2025,open,2025-08-19,124127.26000000015,1147.2600000001548,036620
2025,open,2025-08-20,124567.26000000015,1147.2600000001548,036620
2025,open,2025-08-21,124382.13000000016,124382.13000000016,
2025,open,2025-08-22,121239.85000000015,2679.8500000001513,006220
2025,open,2025-08-25,118999.85000000015,2679.8500000001513,006220
2025,open,2025-08-26,119319.85000000015,2679.8500000001513,006220
2025,open,2025-08-27,118985.13000000016,118985.13000000016,
2025,open,2025-08-28,123216.93000000015,6.930000000153086,085310
2025,open,2025-08-29,123216.93000000015,6.930000000153086,085310
2025,open,2025-09-01,118716.93000000015,6.930000000153086,085310
2025,open,2025-09-02,117460.48500000016,117460.48500000016,
2025,open,2025-09-03,113036.32000000015,1176.3200000001525,124560
2025,open,2025-09-04,107426.32000000015,1176.3200000001525,124560
2025,open,2025-09-05,110996.32000000015,1176.3200000001525,124560
2025,open,2025-09-08,110492.10000000015,110492.10000000015,
2025,open,2025-09-09,110976.22000000015,6416.220000000147,170920
2025,open,2025-09-10,113216.22000000015,6416.220000000147,170920
2025,open,2025-09-11,123536.22000000015,6416.220000000147,170920
2025,open,2025-09-12,123600.18000000015,123600.18000000015,
2025,open,2025-09-15,123683.12000000014,5383.120000000141,319400
2025,open,2025-09-16,123813.12000000014,5383.120000000141,319400
2025,open,2025-09-17,123683.12000000014,5383.120000000141,319400
2025,open,2025-09-18,125452.74500000014,125452.74500000014,
2025,open,2025-09-19,125758.14500000014,8878.145000000135,170920
2025,open,2025-09-22,129778.14500000014,8878.145000000135,170920
2025,open,2025-09-23,127678.14500000014,8878.145000000135,170920
2025,open,2025-09-24,126960.75500000014,126960.75500000014,
2025,open,2025-09-25,126960.75500000014,126960.75500000014,
2025,open,2025-09-26,126779.94500000012,6239.945000000123,064850
2025,open,2025-09-29,127059.94500000012,6239.945000000123,064850
2025,open,2025-09-30,125799.94500000012,6239.945000000123,064850
2025,open,2025-10-01,125760.39500000014,125760.39500000014,
2025,open,2025-10-02,126582.34500000013,6882.345000000132,102460
2025,open,2025-10-10,121682.34500000013,6882.345000000132,102460
2025,open,2025-10-13,119782.34500000013,6882.345000000132,102460
2025,open,2025-10-14,118814.19500000014,118814.19500000014,
2025,open,2025-10-15,140856.32500000013,56.32500000012806,319400
2025,open,2025-10-16,123476.32500000013,56.32500000012806,319400
2025,open,2025-10-17,117096.32500000013,56.32500000012806,319400
2025,open,2025-10-20,117579.77500000014,117579.77500000014,
2025,open,2025-10-21,111651.73500000013,16067.735000000132,006800
2025,open,2025-10-22,110655.73500000013,16067.735000000132,006800
2025,open,2025-10-23,107467.73500000013,16067.735000000132,006800
2025,open,2025-10-24,110513.85300000013,110513.85300000013,
2025,open,2025-10-27,105555.69300000013,4915.69300000013,015860
2025,open,2025-10-28,107955.69300000013,4915.69300000013,015860
2025,open,2025-10-29,109875.69300000013,4915.69300000013,015860
2025,open,2025-10-30,109878.01300000014,109878.01300000014,
2025,open,2025-10-31,113876.25300000013,1876.253000000128,015860
2025,open,2025-11-03,117076.25300000013,1876.253000000128,015860
2025,open,2025-11-04,117876.25300000013,1876.253000000128,015860
2025,open,2025-11-05,116903.45300000014,116903.45300000014,
2025,open,2025-11-06,118491.52300000013,2111.523000000132,309960
2025,open,2025-11-07,119371.52300000013,2111.523000000132,309960
2025,open,2025-11-10,127071.52300000013,2111.523000000132,309960
2025,open,2025-11-11,126884.08300000014,126884.08300000014,
2025,open,2025-11-12,126102.05800000014,5352.0580000001355,015860
2025,open,2025-11-13,124002.05800000014,5352.0580000001355,015860
2025,open,2025-11-14,116952.05800000014,5352.0580000001355,015860
2025,open,2025-11-17,117233.98300000014,117233.98300000014,
2025,open,2025-11-18,117565.04300000014,15121.043000000136,220100
2025,open,2025-11-19,113853.04300000014,15121.043000000136,220100
2025,open,2025-11-20,119341.04300000014,15121.043000000136,220100
2025,open,2025-11-21,114192.21300000013,114192.21300000013,
2025,open,2025-11-24,112462.56300000013,922.5630000001256,064850
2025,open,2025-11-25,112462.56300000013,922.5630000001256,064850
2025,open,2025-11-26,114802.56300000013,922.5630000001256,064850
2025,open,2025-11-27,114631.74300000013,114631.74300000013,
2025,open,2025-11-28,118511.19300000013,761.1930000001303,314130
2025,open,2025-12-01,113411.19300000013,761.1930000001303,314130
2025,open,2025-12-02,113561.19300000013,761.1930000001303,314130
2025,open,2025-12-03,115039.51800000014,115039.51800000014,
2025,open,2025-12-04,115373.39300000014,4123.393000000142,314130
2025,open,2025-12-05,135623.39300000016,4123.393000000142,314130
2025,open,2025-12-08,120998.39300000014,4123.393000000142,314130
2025,open,2025-12-09,123194.51800000014,123194.51800000014,
2025,open,2025-12-10,122493.26800000014,55593.26800000014,457190
2025,open,2025-12-11,119493.26800000014,55593.26800000014,457190
2025,open,2025-12-12,118493.26800000014,55593.26800000014,457190
2025,open,2025-12-15,118798.31800000014,118798.31800000014,
2025,open,2025-12-16,117513.19800000013,8553.198000000135,105630
2025,open,2025-12-17,128793.19800000013,8553.198000000135,105630
2025,open,2025-12-18,128553.19800000013,8553.198000000135,105630
2025,open,2025-12-19,128932.35800000014,128932.35800000014,
2025,open,2025-12-22,126407.94800000013,5807.948000000135,309960
2025,open,2025-12-23,116507.94800000013,5807.948000000135,309960
2025,open,2025-12-24,114527.94800000013,5807.948000000135,309960
2025,open,2025-12-26,114185.13800000014,114185.13800000014,
2025,open,2025-12-29,111865.76100000013,1097.7610000001296,126640
2025,open,2025-12-30,111865.76100000013,1097.7610000001296,126640
2025,close,2025-01-02,300000.0,300000.0,
2025,close,2025-01-03,288359.0,5559.0,204320
2025,close,2025-01-06,303059.0,5559.0,204320
2025,close,2025-01-07,303759.0,5559.0,204320
2025,close,2025-01-08,299118.0,299118.0,
2025,close,2025-01-09,298292.82999999996,1892.829999999958,319400
2025,close,2025-01-10,296012.82999999996,1892.829999999958,319400
2025,close,2025-01-13,306272.82999999996,1892.829999999958,319400
2025,close,2025-01-14,304298.54,304298.54,
2025,close,2025-01-15,302993.54,33893.53999999998,204320
2025,close,2025-01-16,301493.54,33893.53999999998,204320
2025,close,2025-01-17,304793.54,33893.53999999998,204320
2025,close,2025-01-20,306484.04,306484.04,
2025,close,2025-01-21,310656.29,87656.28999999998,003030
2025,close,2025-01-22,299656.29,87656.28999999998,003030
2025,close,2025-01-23,296656.29,87656.28999999998,003030
2025,close,2025-01-24,295843.54,295843.54,
2025,close,2025-01-31,288688.66,5488.659999999974,025980
2025,close,2025-02-03,267088.66,5488.659999999974,025980
2025,close,2025-02-04,274288.66,5488.659999999974,025980
2025,close,2025-02-05,276761.14,276761.14,
2025,close,2025-02-06,262848.64,1348.640000000014,051630
2025,close,2025-02-07,227098.64,1348.640000000014,051630
2025,close,2025-02-10,222848.64,1348.640000000014,051630
2025,close,2025-02-11,218772.015,218772.015,
2025,close,2025-02-12,222107.415,42107.41500000001,204320
2025,close,2025-02-13,228707.415,42107.41500000001,204320
2025,close,2025-02-14,225707.415,42107.41500000001,204320
2025,close,2025-02-17,225032.61500000002,225032.61500000002,
2025,close,2025-02-18,223704.86500000002,6204.86500000002,003030
2025,close,2025-02-19,225204.86500000002,6204.86500000002,003030
2025,close,2025-02-20,236204.86500000002,6204.86500000002,003030
2025,close,2025-02-21,235859.86500000002,235859.86500000002,
2025,close,2025-02-24,231740.92500000002,9560.925000000017,015360
2025,close,2025-02-25,232580.92500000002,9560.925000000017,015360
2025,close,2025-02-26,228800.92500000002,9560.925000000017,015360
2025,close,2025-02-27,217149.07500000004,217149.07500000004,
2025,close,2025-02-28,204640.64000000004,4540.640000000043,053350
2025,close,2025-03-04,220740.64000000004,4540.640000000043,053350
2025,close,2025-03-05,225800.64000000004,4540.640000000043,053350
2025,close,2025-03-06,225009.44000000006,225009.44000000006,
2025,close,2025-03-07,225414.22000000006,1194.2200000000594,136480
2025,close,2025-03-10,225784.22000000006,1194.2200000000594,136480
2025,close,2025-03-11,228374.22000000006,1194.2200000000594,136480
2025,close,2025-03-12,228033.45000000007,228033.45000000007,
2025,close,2025-03-13,228033.45000000007,228033.45000000007,
2025,close,2025-03-14,224140.36500000005,12320.365000000049,115500
2025,close,2025-03-17,225330.36500000005,12320.365000000049,115500
2025,close,2025-03-18,234170.36500000005,12320.365000000049,115500
2025,close,2025-03-19,226708.30000000005,226708.30000000005,
2025,close,2025-03-20,263572.60000000003,2572.600000000035,011230
2025,close,2025-03-21,253672.60000000003,2572.600000000035,011230
2025,close,2025-03-24,262672.60000000003,2572.600000000035,011230
2025,close,2025-03-25,263780.20000000007,263780.20000000007,
2025,close,2025-03-26,260269.42000000004,2869.420000000042,030210
2025,close,2025-03-27,271579.42000000004,2869.420000000042,030210
2025,close,2025-03-28,273529.42000000004,2869.420000000042,030210
2025,close,2025-03-31,271565.7700000001,271565.7700000001,
2025,close,2025-04-01,271565.7700000001,271565.7700000001,
2025,close,2025-04-02,265442.51000000007,2322.5100000000675,052220
2025,close,2025-04-03,294562.51000000007,2322.5100000000675,052220
2025,close,2025-04-04,240222.51000000007,2322.5100000000675,052220
2025,close,2025-04-07,238567.61000000007,238567.61000000007,
2025,close,2025-04-08,238965.48500000007,3465.4850000000733,052220
2025,close,2025-04-09,223215.48500000007,3465.4850000000733,052220
2025,close,2025-04-10,230715.48500000007,3465.4850000000733,052220
2025,close,2025-04-11,231373.11000000007,231373.11000000007,
2025,close,2025-04-14,225165.00750000007,2295.007500000065,310200
2025,close,2025-04-15,224475.00750000007,2295.007500000065,310200
2025,close,2025-04-16,223095.00750000007,2295.007500000065,310200
2025,close,2025-04-17,226553.11500000008,226553.11500000008,
2025,close,2025-04-18,232014.14000000007,3569.140000000072,030210
2025,close,2025-04-21,243604.14000000007,3569.140000000072,030210
2025,close,2025-04-22,208529.14000000007,3569.140000000072,030210
2025,close,2025-04-23,211267.1250000001,211267.1250000001,
2025,close,2025-04-24,209598.02500000008,31598.02500000008,014830
2025,close,2025-04-25,207598.02500000008,31598.02500000008,014830
2025,close,2025-04-28,210398.02500000008,31598.02500000008,014830
2025,close,2025-04-29,208332.52500000008,208332.52500000008,
2025,close,2025-04-30,226358.78450000007,2196.784500000067,006800
2025,close,2025-05-02,228638.78450000007,2196.784500000067,006800
2025,close,2025-05-07,228828.78450000007,2196.784500000067,006800
2025,close,2025-05-08,227540.26150000008,227540.26150000008,
2025,close,2025-05-09,227513.11150000006,9113.111500000057,003570
2025,close,2025-05-12,210713.11150000006,9113.111500000057,003570
2025,close,2025-05-13,208313.11150000006,9113.111500000057,003570
2025,close,2025-05-14,208014.31150000007,208014.31150000007,
2025,close,2025-05-15,204105.31150000007,1705.311500000069,344860
2025,close,2025-05-16,200505.31150000007,1705.311500000069,344860
2025,close,2025-05-19,176505.31150000007,1705.311500000069,344860
2025,close,2025-05-20,176243.1115000001,176243.1115000001,
2025,close,2025-05-21,183209.1115000001,20009.111500000086,003570
2025,close,2025-05-22,176809.1115000001,20009.111500000086,003570
2025,close,2025-05-23,177809.1115000001,20009.111500000086,003570
2025,close,2025-05-26,178570.9115000001,178570.9115000001,
2025,close,2025-05-27,177338.0365000001,23088.036500000104,000850
2025,close,2025-05-28,177338.0365000001,23088.036500000104,000850
2025,close,2025-05-29,180338.0365000001,23088.036500000104,000850
2025,close,2025-05-30,178854.0365000001,178854.0365000001,
2025,close,2025-06-02,179056.3365000001,46856.33650000009,014680
2025,close,2025-06-04,177856.3365000001,46856.33650000009,014680
2025,close,2025-06-05,186156.3365000001,46856.33650000009,014680
2025,close,2025-06-09,187345.2865000001,187345.2865000001,
2025,close,2025-06-10,189227.1865000001,1667.186500000098,015860
2025,close,2025-06-11,191387.1865000001,1667.186500000098,015860
2025,close,2025-06-12,187067.1865000001,1667.186500000098,015860
2025,close,2025-06-13,186789.08650000012,186789.08650000012,
2025,close,2025-06-16,187951.52650000012,1471.5265000001236,025980
2025,close,2025-06-17,192091.52650000012,1471.5265000001236,025980
2025,close,2025-06-18,189391.52650000012,1471.5265000001236,025980
2025,close,2025-06-19,186413.69650000014,186413.69650000014,
2025,close,2025-06-20,192180.82150000014,885.8215000001364,319400
2025,close,2025-06-23,194325.82150000014,885.8215000001364,319400
2025,close,2025-06-24,200565.82150000014,885.8215000001364,319400
2025,close,2025-06-25,200655.71650000016,200655.71650000016,
2025,close,2025-06-26,190217.36650000015,1457.3665000001492,009070
2025,close,2025-06-27,217907.36650000015,1457.3665000001492,009070
2025,close,2025-06-30,208157.36650000015,1457.3665000001492,009070
2025,close,2025-07-01,208626.14650000015,208626.14650000015,
2025,close,2025-07-02,202816.88650000014,15496.886500000139,004360
2025,close,2025-07-03,201496.88650000014,15496.886500000139,004360
2025,close,2025-07-04,196696.88650000014,15496.886500000139,004360
2025,close,2025-07-07,196425.08650000015,196425.08650000015,
2025,close,2025-07-08,193763.48650000014,21763.486500000145,000080
2025,close,2025-07-09,194963.48650000014,21763.486500000145,000080
2025,close,2025-07-10,193763.48650000014,21763.486500000145,000080
2025,close,2025-07-11,193904.88650000017,193904.88650000017,
2025,close,2025-07-14,192467.84650000016,2257.8465000001597,030210
2025,close,2025-07-15,188787.84650000016,2257.8465000001597,030210
2025,close,2025-07-16,183037.84650000016,2257.8465000001597,030210
2025,close,2025-07-17,182996.33150000017,182996.33150000017,
2025,close,2025-07-18,180940.77650000015,12370.776500000153,009300
2025,close,2025-07-21,181210.77650000015,12370.776500000153,009300
2025,close,2025-07-22,180130.77650000015,12370.776500000153,009300
2025,close,2025-07-23,179879.13650000017,179879.13650000017,
2025,close,2025-07-24,176072.81150000016,42122.811500000156,036460
2025,close,2025-07-25,177872.81150000016,42122.811500000156,036460
2025,close,2025-07-28,175922.81150000016,42122.811500000156,036460
2025,close,2025-07-29,175123.01150000017,175123.01150000017,
2025,close,2025-07-30,177275.51150000017,9875.511500000168,003570
2025,close,2025-07-31,185675.51150000017,9875.511500000168,003570
2025,close,2025-08-01,181175.51150000017,9875.511500000168,003570
2025,close,2025-08-04,177923.06150000019,177923.06150000019,
2025,close,2025-08-05,172924.61350000018,24.613500000181375,128540
2025,close,2025-08-06,172742.61350000018,24.613500000181375,128540
2025,close,2025-08-07,170194.61350000018,24.613500000181375,128540
2025,close,2025-08-08,169939.35850000018,169939.35850000018,
2025,close,2025-08-11,140867.02500000017,797.0250000001688,138360
2025,close,2025-08-12,149722.02500000017,797.0250000001688,138360
2025,close,2025-08-13,133783.02500000017,797.0250000001688,138360
2025,close,2025-08-14,134226.58000000016,134226.58000000016,
2025,close,2025-08-18,125447.26000000015,1147.2600000001548,036620
2025,close,2025-08-19,124127.26000000015,1147.2600000001548,036620
2025,close,2025-08-20,124567.26000000015,1147.2600000001548,036620
2025,close,2025-08-21,124382.13000000016,124382.13000000016,
2025,close,2025-08-22,121239.85000000015,2679.8500000001513,006220
2025,close,2025-08-25,118999.85000000015,2679.8500000001513,006220
2025,close,2025-08-26,119319.85000000015,2679.8500000001513,006220
2025,close,2025-08-27,118985.13000000016,118985.13000000016,
2025,close,2025-08-28,123216.93000000015,6.930000000153086,085310
2025,close,2025-08-29,123216.93000000015,6.930000000153086,085310
2025,close,2025-09-01,118716.93000000015,6.930000000153086,085310
2025,close,2025-09-02,117460.48500000016,117460.48500000016,
2025,close,2025-09-03,113036.32000000015,1176.3200000001525,124560
2025,close,2025-09-04,107426.32000000015,1176.3200000001525,124560
2025,close,2025-09-05,110996.32000000015,1176.3200000001525,124560
2025,close,2025-09-08,110492.10000000015,110492.10000000015,
2025,close,2025-09-09,110976.22000000015,6416.220000000147,170920
2025,close,2025-09-10,113216.22000000015,6416.220000000147,170920
2025,close,2025-09-11,123536.22000000015,6416.220000000147,170920
2025,close,2025-09-12,123600.18000000015,123600.18000000015,
2025,close,2025-09-15,123683.12000000014,5383.120000000141,319400
2025,close,2025-09-16,123813.12000000014,5383.120000000141,319400
2025,close,2025-09-17,123683.12000000014,5383.120000000141,319400
2025,close,2025-09-18,125452.74500000014,125452.74500000014,
2025,close,2025-09-19,125758.14500000014,8878.145000000135,170920
2025,close,2025-09-22,129778.14500000014,8878.145000000135,170920
2025,close,2025-09-23,127678.14500000014,8878.145000000135,170920
2025,close,2025-09-24,126960.75500000014,126960.75500000014,
2025,close,2025-09-25,126960.75500000014,126960.75500000014,
2025,close,2025-09-26,126779.94500000012,6239.945000000123,064850
2025,close,2025-09-29,127059.94500000012,6239.945000000123,064850
2025,close,2025-09-30,125799.94500000012,6239.945000000123,064850
2025,close,2025-10-01,125760.39500000014,125760.39500000014,
2025,close,2025-10-02,126582.34500000013,6882.345000000132,102460
2025,close,2025-10-10,121682.34500000013,6882.345000000132,102460
2025,close,2025-10-13,119782.34500000013,6882.345000000132,102460
2025,close,2025-10-14,118814.19500000014,118814.19500000014,
2025,close,2025-10-15,140856.32500000013,56.32500000012806,319400
2025,close,2025-10-16,123476.32500000013,56.32500000012806,319400
2025,close,2025-10-17,117096.32500000013,56.32500000012806,319400
2025,close,2025-10-20,117579.77500000014,117579.77500000014,
2025,close,2025-10-21,111651.73500000013,16067.735000000132,006800
2025,close,2025-10-22,110655.73500000013,16067.735000000132,006800
2025,close,2025-10-23,107467.73500000013,16067.735000000132,006800
2025,close,2025-10-24,110513.85300000013,110513.85300000013,
2025,close,2025-10-27,105555.69300000013,4915.69300000013,015860
2025,close,2025-10-28,107955.69300000013,4915.69300000013,015860
2025,close,2025-10-29,109875.69300000013,4915.69300000013,015860
2025,close,2025-10-30,109878.01300000014,109878.01300000014,
2025,close,2025-10-31,113876.25300000013,1876.253000000128,015860
2025,close,2025-11-03,117076.25300000013,1876.253000000128,015860
2025,close,2025-11-04,117876.25300000013,1876.253000000128,015860
2025,close,2025-11-05,116903.45300000014,116903.45300000014,
2025,close,2025-11-06,118491.52300000013,2111.523000000132,309960
2025,close,2025-11-07,119371.52300000013,2111.523000000132,309960
2025,close,2025-11-10,127071.52300000013,2111.523000000132,309960
2025,close,2025-11-11,126884.08300000014,126884.08300000014,
2025,close,2025-11-12,126102.05800000014,5352.0580000001355,015860
2025,close,2025-11-13,124002.05800000014,5352.0580000001355,015860
2025,close,2025-11-14,116952.05800000014,5352.0580000001355,015860
2025,close,2025-11-17,117233.98300000014,117233.98300000014,
2025,close,2025-11-18,117565.04300000014,15121.043000000136,220100
2025,close,2025-11-19,113853.04300000014,15121.043000000136,220100
2025,close,2025-11-20,119341.04300000014,15121.043000000136,220100
2025,close,2025-11-21,114192.21300000013,114192.21300000013,
2025,close,2025-11-24,112462.56300000013,922.5630000001256,064850
2025,close,2025-11-25,112462.56300000013,922.5630000001256,064850
2025,close,2025-11-26,114802.56300000013,922.5630000001256,064850
2025,close,2025-11-27,114631.74300000013,114631.74300000013,
2025,close,2025-11-28,118511.19300000013,761.1930000001303,314130
2025,close,2025-12-01,113411.19300000013,761.1930000001303,314130
2025,close,2025-12-02,113561.19300000013,761.1930000001303,314130
2025,close,2025-12-03,115039.51800000014,115039.51800000014,
2025,close,2025-12-04,115373.39300000014,4123.393000000142,314130
2025,close,2025-12-05,135623.39300000016,4123.393000000142,314130
2025,close,2025-12-08,120998.39300000014,4123.393000000142,314130
2025,close,2025-12-09,123194.51800000014,123194.51800000014,
2025,close,2025-12-10,122493.26800000014,55593.26800000014,457190
2025,close,2025-12-11,119493.26800000014,55593.26800000014,457190
2025,close,2025-12-12,118493.26800000014,55593.26800000014,457190
2025,close,2025-12-15,118798.31800000014,118798.31800000014,
2025,close,2025-12-16,117513.19800000013,8553.198000000135,105630
2025,close,2025-12-17,128793.19800000013,8553.198000000135,105630
2025,close,2025-12-18,128553.19800000013,8553.198000000135,105630
2025,close,2025-12-19,128932.35800000014,128932.35800000014,
2025,close,2025-12-22,126407.94800000013,5807.948000000135,309960
2025,close,2025-12-23,116507.94800000013,5807.948000000135,309960
2025,close,2025-12-24,114527.94800000013,5807.948000000135,309960
2025,close,2025-12-26,114185.13800000014,114185.13800000014,
2025,close,2025-12-29,111865.76100000013,1097.7610000001296,126640
2025,close,2025-12-30,111865.76100000013,1097.7610000001296,126640
2025,low,2025-01-02,300000.0,300000.0,
2025,low,2025-01-03,288359.0,5559.0,204320
2025,low,2025-01-06,303059.0,5559.0,204320
2025,low,2025-01-07,303759.0,5559.0,204320
2025,low,2025-01-08,299118.0,299118.0,
2025,low,2025-01-09,298292.82999999996,1892.829999999958,319400
2025,low,2025-01-10,296012.82999999996,1892.829999999958,319400
2025,low,2025-01-13,306272.82999999996,1892.829999999958,319400
2025,low,2025-01-14,304298.54,304298.54,
2025,low,2025-01-15,302993.54,33893.53999999998,204320
2025,low,2025-01-16,301493.54,33893.53999999998,204320
2025,low,2025-01-17,304793.54,33893.53999999998,204320
2025,low,2025-01-20,306484.04,306484.04,
2025,low,2025-01-21,310656.29,87656.28999999998,003030
2025,low,2025-01-22,299656.29,87656.28999999998,003030
2025,low,2025-01-23,296656.29,87656.28999999998,003030
2025,low,2025-01-24,295843.54,295843.54,
2025,low,2025-01-31,288688.66,5488.659999999974,025980
2025,low,2025-02-03,267088.66,5488.659999999974,025980
2025,low,2025-02-04,274288.66,5488.659999999974,025980
2025,low,2025-02-05,276761.14,276761.14,
2025,low,2025-02-06,262848.64,1348.640000000014,051630
2025,low,2025-02-07,227098.64,1348.640000000014,051630
2025,low,2025-02-10,222848.64,1348.640000000014,051630
2025,low,2025-02-11,218772.015,218772.015,
2025,low,2025-02-12,222107.415,42107.41500000001,204320
2025,low,2025-02-13,228707.415,42107.41500000001,204320
2025,low,2025-02-14,225707.415,42107.41500000001,204320
2025,low,2025-02-17,225032.61500000002,225032.61500000002,
2025,low,2025-02-18,223704.86500000002,6204.86500000002,003030
2025,low,2025-02-19,225204.86500000002,6204.86500000002,003030
2025,low,2025-02-20,236204.86500000002,6204.86500000002,003030
2025,low,2025-02-21,235859.86500000002,235859.86500000002,
2025,low,2025-02-24,231740.92500000002,9560.925000000017,015360
2025,low,2025-02-25,232580.92500000002,9560.925000000017,015360
2025,low,2025-02-26,228800.92500000002,9560.925000000017,015360
2025,low,2025-02-27,217149.07500000004,217149.07500000004,
2025,low,2025-02-28,204640.64000000004,4540.640000000043,053350
2025,low,2025-03-04,220740.64000000004,4540.640000000043,053350
2025,low,2025-03-05,225800.64000000004,4540.640000000043,053350
2025,low,2025-03-06,225009.44000000006,225009.44000000006,
2025,low,2025-03-07,225414.22000000006,1194.2200000000594,136480
2025,low,2025-03-10,225784.22000000006,1194.2200000000594,136480
2025,low,2025-03-11,228374.22000000006,1194.2200000000594,136480
2025,low,2025-03-12,228033.45000000007,228033.45000000007,
2025,low,2025-03-13,228033.45000000007,228033.45000000007,
2025,low,2025-03-14,224140.36500000005,12320.365000000049,115500
2025,low,2025-03-17,225330.36500000005,12320.365000000049,115500
2025,low,2025-03-18,234170.36500000005,12320.365000000049,115500
2025,low,2025-03-19,226708.30000000005,226708.30000000005,
2025,low,2025-03-20,263572.60000000003,2572.600000000035,011230
2025,low,2025-03-21,253672.60000000003,2572.600000000035,011230
2025,low,2025-03-24,262672.60000000003,2572.600000000035,011230
2025,low,2025-03-25,263780.20000000007,263780.20000000007,
2025,low,2025-03-26,260269.42000000004,2869.420000000042,030210
2025,low,2025-03-27,271579.42000000004,2869.420000000042,030210
2025,low,2025-03-28,273529.42000000004,2869.420000000042,030210
2025,low,2025-03-31,271565.7700000001,271565.7700000001,
2025,low,2025-04-01,271565.7700000001,271565.7700000001,
2025,low,2025-04-02,265442.51000000007,2322.5100000000675,052220
2025,low,2025-04-03,294562.51000000007,2322.5100000000675,052220
2025,low,2025-04-04,240222.51000000007,2322.5100000000675,052220
2025,low,2025-04-07,238567.61000000007,238567.61000000007,
2025,low,2025-04-08,238965.48500000007,3465.4850000000733,052220
2025,low,2025-04-09,223215.48500000007,3465.4850000000733,052220
2025,low,2025-04-10,230715.48500000007,3465.4850000000733,052220
2025,low,2025-04-11,231373.11000000007,231373.11000000007,
2025,low,2025-04-14,225165.00750000007,2295.007500000065,310200
2025,low,2025-04-15,224475.00750000007,2295.007500000065,310200
2025,low,2025-04-16,223095.00750000007,2295.007500000065,310200
2025,low,2025-04-17,226553.11500000008,226553.11500000008,
2025,low,2025-04-18,232014.14000000007,3569.140000000072,030210
2025,low,2025-04-21,243604.14000000007,3569.140000000072,030210
2025,low,2025-04-22,208529.14000000007,3569.140000000072,030210
2025,low,2025-04-23,211267.1250000001,211267.1250000001,
2025,low,2025-04-24,209598.02500000008,31598.02500000008,014830
2025,low,2025-04-25,207598.02500000008,31598.02500000008,014830
2025,low,2025-04-28,210398.02500000008,31598.02500000008,014830
2025,low,2025-04-29,208332.52500000008,208332.52500000008,
2025,low,2025-04-30,226358.78450000007,2196.784500000067,006800
2025,low,2025-05-02,228638.78450000007,2196.784500000067,006800
2025,low,2025-05-07,228828.78450000007,2196.784500000067,006800
2025,low,2025-05-08,227540.26150000008,227540.26150000008,
2025,low,2025-05-09,227513.11150000006,9113.111500000057,003570
2025,low,2025-05-12,210713.11150000006,9113.111500000057,003570
2025,low,2025-05-13,208313.11150000006,9113.111500000057,003570
2025,low,2025-05-14,208014.31150000007,208014.31150000007,
2025,low,2025-05-15,204105.31150000007,1705.311500000069,344860
2025,low,2025-05-16,200505.31150000007,1705.311500000069,344860
2025,low,2025-05-19,176505.31150000007,1705.311500000069,344860
2025,low,2025-05-20,176243.1115000001,176243.1115000001,
2025,low,2025-05-21,183209.1115000001,20009.111500000086,003570
2025,low,2025-05-22,176809.1115000001,20009.111500000086,003570
2025,low,2025-05-23,177809.1115000001,20009.111500000086,003570
2025,low,2025-05-26,178570.9115000001,178570.9115000001,
2025,low,2025-05-27,177338.0365000001,23088.036500000104,000850
2025,low,2025-05-28,177338.0365000001,23088.036500000104,000850
2025,low,2025-05-29,180338.0365000001,23088.036500000104,000850
2025,low,2025-05-30,178854.0365000001,178854.0365000001,
2025,low,2025-06-02,179056.3365000001,46856.33650000009,014680
2025,low,2025-06-04,177856.3365000001,46856.33650000009,014680
2025,low,2025-06-05,186156.3365000001,46856.33650000009,014680
2025,low,2025-06-09,187345.2865000001,187345.2865000001,
2025,low,2025-06-10,189227.1865000001,1667.186500000098,015860
2025,low,2025-06-11,191387.1865000001,1667.186500000098,015860
2025,low,2025-06-12,187067.1865000001,1667.186500000098,015860
2025,low,2025-06-13,186789.08650000012,186789.08650000012,
2025,low,2025-06-16,187951.52650000012,1471.5265000001236,025980
2025,low,2025-06-17,192091.52650000012,1471.5265000001236,025980
2025,low,2025-06-18,189391.52650000012,1471.5265000001236,025980
2025,low,2025-06-19,186413.69650000014,186413.69650000014,
2025,low,2025-06-20,192180.82150000014,885.8215000001364,319400
2025,low,2025-06-23,194325.82150000014,885.8215000001364,319400
2025,low,2025-06-24,200565.82150000014,885.8215000001364,319400
2025,low,2025-06-25,200655.71650000016,200655.71650000016,
2025,low,2025-06-26,190217.36650000015,1457.3665000001492,009070
2025,low,2025-06-27,217907.36650000015,1457.3665000001492,009070
2025,low,2025-06-30,208157.36650000015,1457.3665000001492,009070
2025,low,2025-07-01,208626.14650000015,208626.14650000015,
2025,low,2025-07-02,202816.88650000014,15496.886500000139,004360
2025,low,2025-07-03,201496.88650000014,15496.886500000139,004360
2025,low,2025-07-04,196696.88650000014,15496.886500000139,004360
2025,low,2025-07-07,196425.08650000015,196425.08650000015,
2025,low,2025-07-08,193763.48650000014,21763.486500000145,000080
2025,low,2025-07-09,194963.48650000014,21763.486500000145,000080
2025,low,2025-07-10,193763.48650000014,21763.486500000145,000080
2025,low,2025-07-11,193904.88650000017,193904.88650000017,
2025,low,2025-07-14,192467.84650000016,2257.8465000001597,030210
2025,low,2025-07-15,188787.84650000016,2257.8465000001597,030210
2025,low,2025-07-16,183037.84650000016,2257.8465000001597,030210
2025,low,2025-07-17,182996.33150000017,182996.33150000017,
2025,low,2025-07-18,180940.77650000015,12370.776500000153,009300
2025,low,2025-07-21,181210.77650000015,12370.776500000153,009300
2025,low,2025-07-22,180130.77650000015,12370.776500000153,009300
2025,low,2025-07-23,179879.13650000017,179879.13650000017,
2025,low,2025-07-24,176072.81150000016,42122.811500000156,036460
2025,low,2025-07-25,177872.81150000016,42122.811500000156,036460
2025,low,2025-07-28,175922.81150000016,42122.811500000156,036460
2025,low,2025-07-29,175123.01150000017,175123.01150000017,
2025,low,2025-07-30,177275.51150000017,9875.511500000168,003570
2025,low,2025-07-31,185675.51150000017,9875.511500000168,003570
2025,low,2025-08-01,181175.51150000017,9875.511500000168,003570
2025,low,2025-08-04,177923.06150000019,177923.06150000019,
2025,low,2025-08-05,172924.61350000018,24.613500000181375,128540
2025,low,2025-08-06,172742.61350000018,24.613500000181375,128540
2025,low,2025-08-07,170194.61350000018,24.613500000181375,128540
2025,low,2025-08-08,169939.35850000018,169939.35850000018,
2025,low,2025-08-11,140867.02500000017,797.0250000001688,138360
2025,low,2025-08-12,149722.02500000017,797.0250000001688,138360
2025,low,2025-08-13,133783.02500000017,797.0250000001688,138360
2025,low,2025-08-14,134226.58000000016,134226.58000000016,
2025,low,2025-08-18,125447.26000000015,1147.2600000001548,036620
2025,low,2025-08-19,124127.26000000015,1147.2600000001548,036620
2025,low,2025-08-20,124567.26000000015,1147.2600000001548,036620
2025,low,2025-08-21,124382.13000000016,124382.13000000016,
2025,low,2025-08-22,121239.85000000015,2679.8500000001513,006220
2025,low,2025-08-25,118999.85000000015,2679.8500000001513,006220
2025,low,2025-08-26,119319.85000000015,2679.8500000001513,006220
2025,low,2025-08-27,118985.13000000016,118985.13000000016,
2025,low,2025-08-28,123216.93000000015,6.930000000153086,085310
2025,low,2025-08-29,123216.93000000015,6.930000000153086,085310
2025,low,2025-09-01,118716.93000000015,6.930000000153086,085310
2025,low,2025-09-02,117460.48500000016,117460.48500000016,
2025,low,2025-09-03,113036.32000000015,1176.3200000001525,124560
2025,low,2025-09-04,107426.32000000015,1176.3200000001525,124560
2025,low,2025-09-05,110996.32000000015,1176.3200000001525,124560
2025,low,2025-09-08,110492.10000000015,110492.10000000015,
2025,low,2025-09-09,110976.22000000015,6416.220000000147,170920
2025,low,2025-09-10,113216.22000000015,6416.220000000147,170920
2025,low,2025-09-11,123536.22000000015,6416.220000000147,170920
2025,low,2025-09-12,123600.18000000015,123600.18000000015,
2025,low,2025-09-15,123683.12000000014,5383.120000000141,319400
2025,low,2025-09-16,123813.12000000014,5383.120000000141,319400
2025,low,2025-09-17,123683.12000000014,5383.120000000141,319400
2025,low,2025-09-18,125452.74500000014,125452.74500000014,
2025,low,2025-09-19,125758.14500000014,8878.145000000135,170920
2025,low,2025-09-22,129778.14500000014,8878.145000000135,170920
2025,low,2025-09-23,127678.14500000014,8878.145000000135,170920
2025,low,2025-09-24,126960.75500000014,126960.75500000014,
2025,low,2025-09-25,126960.75500000014,126960.75500000014,
2025,low,2025-09-26,126779.94500000012,6239.945000000123,064850
2025,low,2025-09-29,127059.94500000012,6239.945000000123,064850
2025,low,2025-09-30,125799.94500000012,6239.945000000123,064850
2025,low,2025-10-01,125760.39500000014,125760.39500000014,
2025,low,2025-10-02,126582.34500000013,6882.345000000132,102460
2025,low,2025-10-10,121682.34500000013,6882.345000000132,102460
2025,low,2025-10-13,119782.34500000013,6882.345000000132,102460
2025,low,2025-10-14,118814.19500000014,118814.19500000014,
2025,low,2025-10-15,140856.32500000013,56.32500000012806,319400
2025,low,2025-10-16,123476.32500000013,56.32500000012806,319400
2025,low,2025-10-17,117096.32500000013,56.32500000012806,319400
2025,low,2025-10-20,117579.77500000014,117579.77500000014,
2025,low,2025-10-21,111651.73500000013,16067.735000000132,006800
2025,low,2025-10-22,110655.73500000013,16067.735000000132,006800
2025,low,2025-10-23,107467.73500000013,16067.735000000132,006800
2025,low,2025-10-24,110513.85300000013,110513.85300000013,
2025,low,2025-10-27,105555.69300000013,4915.69300000013,015860
2025,low,2025-10-28,107955.69300000013,4915.69300000013,015860
2025,low,2025-10-29,109875.69300000013,4915.69300000013,015860
2025,low,2025-10-30,109878.01300000014,109878.01300000014,
2025,low,2025-10-31,113876.25300000013,1876.253000000128,015860
2025,low,2025-11-03,117076.25300000013,1876.253000000128,015860
2025,low,2025-11-04,117876.25300000013,1876.253000000128,015860
2025,low,2025-11-05,116903.45300000014,116903.45300000014,
2025,low,2025-11-06,118491.52300000013,2111.523000000132,309960
2025,low,2025-11-07,119371.52300000013,2111.523000000132,309960
2025,low,2025-11-10,127071.52300000013,2111.523000000132,309960
2025,low,2025-11-11,126884.08300000014,126884.08300000014,
2025,low,2025-11-12,126102.05800000014,5352.0580000001355,015860
2025,low,2025-11-13,124002.05800000014,5352.0580000001355,015860
2025,low,2025-11-14,116952.05800000014,5352.0580000001355,015860
2025,low,2025-11-17,117233.98300000014,117233.98300000014,
2025,low,2025-11-18,117565.04300000014,15121.043000000136,220100
2025,low,2025-11-19,113853.04300000014,15121.043000000136,220100
2025,low,2025-11-20,119341.04300000014,15121.043000000136,220100
2025,low,2025-11-21,114192.21300000013,114192.21300000013,
2025,low,2025-11-24,112462.56300000013,922.5630000001256,064850
2025,low,2025-11-25,112462.56300000013,922.5630000001256,064850
2025,low,2025-11-26,114802.56300000013,922.5630000001256,064850
2025,low,2025-11-27,114631.74300000013,114631.74300000013,
2025,low,2025-11-28,118511.19300000013,761.1930000001303,314130
2025,low,2025-12-01,113411.19300000013,761.1930000001303,314130
2025,low,2025-12-02,113561.19300000013,761.1930000001303,314130
2025,low,2025-12-03,115039.51800000014,115039.51800000014,
2025,low,2025-12-04,115373.39300000014,4123.393000000142,314130
2025,low,2025-12-05,135623.39300000016,4123.393000000142,314130
2025,low,2025-12-08,120998.39300000014,4123.393000000142,314130
2025,low,2025-12-09,123194.51800000014,123194.51800000014,
2025,low,2025-12-10,122493.26800000014,55593.26800000014,457190
2025,low,2025-12-11,119493.26800000014,55593.26800000014,457190
2025,low,2025-12-12,118493.26800000014,55593.26800000014,457190
2025,low,2025-12-15,118798.31800000014,118798.31800000014,
2025,low,2025-12-16,117513.19800000013,8553.198000000135,105630
2025,low,2025-12-17,128793.19800000013,8553.198000000135,105630
2025,low,2025-12-18,128553.19800000013,8553.198000000135,105630
2025,low,2025-12-19,128932.35800000014,128932.35800000014,
2025,low,2025-12-22,126407.94800000013,5807.948000000135,309960
2025,low,2025-12-23,116507.94800000013,5807.948000000135,309960
2025,low,2025-12-24,114527.94800000013,5807.948000000135,309960
2025,low,2025-12-26,114185.13800000014,114185.13800000014,
2025,low,2025-12-29,111865.76100000013,1097.7610000001296,126640
2025,low,2025-12-30,111865.76100000013,1097.7610000001296,126640
